customer_id,country,total_spend,order_count,units_purchased,average_order_value,first_purchase,last_purchase,recency,frequency,monetary_value,r_score,f_score,m_score,rfm_score,rfm_segment,retention_action
17850,United Kingdom,5303.48,34,1733.0,155.98,2010-12-01 08:26,2011-02-10 14:38,301,34,5303.48,1,5,5,155,Loyal customers,Nurture and recommend next purchase
13047,United Kingdom,3079.1,10,1391.0,307.91,2010-12-01 08:34,2011-11-08 12:10,31,10,3079.1,3,5,5,355,Champions,Nurture and recommend next purchase
12583,France,7187.34,15,5060.0,479.16,2010-12-01 08:45,2011-12-07 08:07,2,15,7187.34,5,5,5,555,Champions,Nurture and recommend next purchase
13748,United Kingdom,948.25,5,439.0,189.65,2010-12-01 09:00,2011-09-05 09:45,95,5,948.25,2,5,4,254,Loyal customers,Nurture and recommend next purchase
15100,United Kingdom,635.1,3,80.0,211.7,2010-12-01 09:09,2011-01-13 17:09,329,3,635.1,1,4,3,143,Inactive,Win-back campaign
15291,United Kingdom,4596.51,15,2103.0,306.43,2010-12-01 09:32,2011-11-14 11:02,25,15,4596.51,4,5,5,455,Champions,Nurture and recommend next purchase
14688,United Kingdom,5055.61,21,3584.0,240.74,2010-12-01 09:37,2011-12-02 12:26,7,21,5055.61,5,5,5,555,Champions,Nurture and recommend next purchase
17809,United Kingdom,4627.62,12,2057.0,385.63,2010-12-01 09:41,2011-11-23 13:00,15,12,4627.62,4,5,5,455,Champions,Nurture and recommend next purchase
15311,United Kingdom,59284.19,91,38147.0,651.47,2010-12-01 09:41,2011-12-09 12:00,0,91,59284.19,5,5,5,555,Champions,Nurture and recommend next purchase
14527,United Kingdom,7709.69,55,2088.0,140.18,2010-12-01 09:41,2011-12-07 12:19,2,55,7709.69,5,5,5,555,Champions,Nurture and recommend next purchase
16098,United Kingdom,2005.63,7,613.0,286.52,2010-12-01 09:45,2011-09-13 09:59,87,7,2005.63,2,5,5,255,Loyal customers,Nurture and recommend next purchase
18074,United Kingdom,489.6,1,190.0,489.6,2010-12-01 09:53,2010-12-01 09:53,373,1,489.6,1,2,3,123,Inactive,Win-back campaign
17420,United Kingdom,598.83,3,265.0,199.61,2010-12-01 09:56,2011-10-20 14:52,49,3,598.83,3,4,3,343,Loyal customers,Nurture and recommend next purchase
16029,United Kingdom,53168.69,63,40108.0,843.95,2010-12-01 09:57,2011-11-01 10:27,38,63,53168.69,3,5,5,355,Champions,Nurture and recommend next purchase
16250,United Kingdom,389.44,2,208.0,194.72,2010-12-01 09:59,2011-03-23 15:07,260,2,389.44,1,3,2,132,Inactive,Win-back campaign
12431,Australia,6348.89,15,2908.0,423.26,2010-12-01 10:03,2011-11-04 11:55,35,15,6348.89,3,5,5,355,Champions,Nurture and recommend next purchase
17511,United Kingdom,88125.38,31,64549.0,2842.75,2010-12-01 10:19,2011-12-07 10:12,2,31,88125.38,5,5,5,555,Champions,Nurture and recommend next purchase
17548,United Kingdom,-141.48,1,58.0,-141.48,2010-12-01 10:24,2011-05-06 10:00,217,1,-141.48,1,2,1,121,Inactive,Win-back campaign
13705,United Kingdom,711.86,3,363.0,237.29,2010-12-01 10:29,2011-12-02 12:32,7,3,711.86,5,4,3,543,Loyal customers,Nurture and recommend next purchase
13747,United Kingdom,79.6,1,8.0,79.6,2010-12-01 10:37,2010-12-01 10:37,373,1,79.6,1,2,1,121,Inactive,Win-back campaign
13408,United Kingdom,27487.41,62,16232.0,443.35,2010-12-01 10:39,2011-12-08 09:05,1,62,27487.41,5,5,5,555,Champions,Nurture and recommend next purchase
13767,United Kingdom,16945.71,37,7322.0,457.99,2010-12-01 10:47,2011-12-07 15:00,1,37,16945.71,5,5,5,555,Champions,Nurture and recommend next purchase
17924,United Kingdom,2894.33,7,1160.0,413.48,2010-12-01 10:51,2011-12-08 19:28,0,7,2894.33,5,5,5,555,Champions,Nurture and recommend next purchase
13448,United Kingdom,3460.99,6,1648.0,576.83,2010-12-01 10:52,2011-11-23 12:33,16,6,3460.99,4,5,5,455,Champions,Nurture and recommend next purchase
15862,United Kingdom,832.88,4,585.0,208.22,2010-12-01 11:21,2011-12-01 13:28,7,4,832.88,5,4,3,543,Loyal customers,Nurture and recommend next purchase
15513,United Kingdom,14520.08,19,5709.0,764.21,2010-12-01 11:22,2011-11-08 16:21,30,19,14520.08,4,5,5,455,Champions,Nurture and recommend next purchase
12791,Netherlands,192.6,1,97.0,192.6,2010-12-01 11:27,2010-12-01 11:27,373,1,192.6,1,2,1,121,Inactive,Win-back campaign
16218,United Kingdom,3054.87,7,2088.0,436.41,2010-12-01 11:29,2011-11-10 09:59,29,7,3054.87,4,5,5,455,Champions,Nurture and recommend next purchase
14045,United Kingdom,1659.75,4,535.0,414.94,2010-12-01 11:32,2011-08-22 15:27,108,4,1659.75,2,4,4,244,Loyal customers,Nurture and recommend next purchase
14307,United Kingdom,2995.72,6,2058.0,499.29,2010-12-01 11:41,2011-09-12 09:38,88,6,2995.72,2,5,5,255,Loyal customers,Nurture and recommend next purchase
17908,United Kingdom,232.03,1,169.0,232.03,2010-12-01 11:45,2010-12-01 11:45,373,1,232.03,1,2,1,121,Inactive,Win-back campaign
17920,United Kingdom,4119.5,17,2473.0,242.32,2010-12-01 11:49,2011-12-05 14:29,3,17,4119.5,5,5,5,555,Champions,Nurture and recommend next purchase
12838,United Kingdom,671.95,2,355.0,335.98,2010-12-01 11:57,2011-11-06 12:20,33,2,671.95,3,3,3,333,Growing customers,Nurture and recommend next purchase
13255,United Kingdom,390.66,2,177.0,195.33,2010-12-01 11:58,2011-12-06 10:56,3,2,390.66,5,3,2,532,Loyal customers,Nurture and recommend next purchase
16583,United Kingdom,233.45,1,111.0,233.45,2010-12-01 12:03,2010-12-01 12:03,373,1,233.45,1,2,2,122,Inactive,Win-back campaign
18085,United Kingdom,689.95,2,265.0,344.98,2010-12-01 12:08,2011-01-13 15:17,329,2,689.95,1,3,3,133,Inactive,Win-back campaign
13758,United Kingdom,3190.55,7,1844.0,455.79,2010-12-01 12:08,2011-11-28 11:11,11,7,3190.55,4,5,5,455,Champions,Nurture and recommend next purchase
13694,United Kingdom,62690.54,50,63312.0,1253.81,2010-12-01 12:12,2011-12-06 09:32,3,50,62690.54,5,5,5,555,Champions,Nurture and recommend next purchase
15983,United Kingdom,1465.12,4,886.0,366.28,2010-12-01 12:15,2011-11-17 17:34,21,4,1465.12,4,4,4,444,Loyal customers,Nurture and recommend next purchase
14849,United Kingdom,7904.28,25,5694.0,316.17,2010-12-01 12:22,2011-11-18 10:58,21,25,7904.28,4,5,5,455,Champions,Nurture and recommend next purchase
17968,United Kingdom,265.1,1,151.0,265.1,2010-12-01 12:23,2010-12-01 12:23,373,1,265.1,1,2,2,122,Inactive,Win-back campaign
16210,United Kingdom,21086.3,18,7559.0,1171.46,2010-12-01 12:27,2011-12-08 12:36,1,18,21086.3,5,5,5,555,Champions,Nurture and recommend next purchase
17897,United Kingdom,516.31,3,222.0,172.1,2010-12-01 12:31,2011-06-20 11:23,172,3,516.31,2,4,3,243,Inactive,Win-back campaign
17377,United Kingdom,3883.32,20,2038.0,194.17,2010-12-01 12:35,2011-11-16 11:17,23,20,3883.32,4,5,5,455,Champions,Nurture and recommend next purchase
16552,United Kingdom,379.73,2,219.0,189.87,2010-12-01 12:36,2011-04-11 10:04,242,2,379.73,1,3,2,132,Inactive,Win-back campaign
17181,United Kingdom,239.92,2,241.0,119.96,2010-12-01 12:38,2011-10-13 14:48,56,2,239.92,3,3,2,332,Growing customers,Nurture and recommend next purchase
17951,United Kingdom,990.84,3,616.0,330.28,2010-12-01 12:40,2011-10-31 12:30,39,3,990.84,3,4,4,344,Loyal customers,Nurture and recommend next purchase
14729,United Kingdom,313.49,1,197.0,313.49,2010-12-01 12:43,2010-12-01 12:43,373,1,313.49,1,2,2,122,Inactive,Win-back campaign
12748,United Kingdom,28405.56,210,25288.0,135.26,2010-12-01 12:48,2011-12-09 12:20,0,210,28405.56,5,5,5,555,Champions,Nurture and recommend next purchase
15012,United Kingdom,405.04,2,225.0,202.52,2010-12-01 12:49,2011-10-17 12:22,53,2,405.04,3,3,2,332,Growing customers,Nurture and recommend next purchase
12868,United Kingdom,1607.06,6,928.0,267.84,2010-12-01 12:50,2011-06-07 10:42,185,6,1607.06,1,5,4,154,Loyal customers,Nurture and recommend next purchase
17572,United Kingdom,226.75,4,95.0,56.69,2010-12-01 12:51,2011-09-29 17:53,70,4,226.75,2,4,1,241,Inactive,Win-back campaign
14078,United Kingdom,1049.37,6,310.0,174.9,2010-12-01 12:54,2011-08-30 12:16,101,6,1049.37,2,5,4,254,Loyal customers,Nurture and recommend next purchase
14001,United Kingdom,2030.33,3,962.0,676.78,2010-12-01 12:58,2011-10-25 10:31,45,3,2030.33,3,4,5,345,Loyal customers,Nurture and recommend next purchase
12662,Germany,3817.08,11,2058.0,347.01,2010-12-01 13:04,2011-12-09 11:59,0,11,3817.08,5,5,5,555,Champions,Nurture and recommend next purchase
15525,United Kingdom,719.47,3,387.0,239.82,2010-12-01 13:17,2011-12-07 15:39,1,3,719.47,5,4,3,543,Loyal customers,Nurture and recommend next purchase
14237,United Kingdom,161.0,1,38.0,161.0,2010-12-01 13:20,2010-12-01 13:20,372,1,161.0,1,2,1,121,Inactive,Win-back campaign
17905,United Kingdom,798.99,4,406.0,199.75,2010-12-01 13:21,2011-09-29 17:33,70,4,798.99,2,4,3,243,Inactive,Win-back campaign
15485,United Kingdom,2564.5,3,1281.0,854.83,2010-12-01 13:23,2011-11-09 14:31,29,3,2564.5,4,4,5,445,Champions,Nurture and recommend next purchase
12433,Norway,13375.87,7,11071.0,1910.84,2010-12-01 13:24,2011-12-09 10:02,0,7,13375.87,5,5,5,555,Champions,Nurture and recommend next purchase
16955,United Kingdom,493.67,4,266.0,123.42,2010-12-01 13:31,2011-06-08 10:36,184,4,493.67,1,4,3,143,Inactive,Win-back campaign
15350,United Kingdom,115.65,1,51.0,115.65,2010-12-01 13:33,2010-12-01 13:33,372,1,115.65,1,2,1,121,Inactive,Win-back campaign
15605,United Kingdom,1198.23,5,441.0,239.65,2010-12-01 13:38,2011-11-03 14:17,35,5,1198.23,3,5,4,354,Loyal customers,Nurture and recommend next purchase
18144,United Kingdom,2888.75,12,1343.0,240.73,2010-12-01 13:45,2011-12-02 12:46,7,12,2888.75,5,5,5,555,Champions,Nurture and recommend next purchase
15922,United Kingdom,363.6,1,138.0,363.6,2010-12-01 13:51,2010-12-02 13:05,371,1,363.6,1,2,2,122,Inactive,Win-back campaign
14594,United Kingdom,363.33,2,183.0,181.66,2010-12-01 13:54,2011-12-02 13:28,6,2,363.33,5,3,2,532,Loyal customers,Nurture and recommend next purchase
15165,United Kingdom,487.75,1,160.0,487.75,2010-12-01 14:03,2010-12-01 14:03,372,1,487.75,1,2,3,123,Inactive,Win-back campaign
14911,EIRE,132458.73,201,80490.0,659.0,2010-12-01 14:05,2011-12-08 15:54,0,201,132458.73,5,5,5,555,Champions,Nurture and recommend next purchase
16456,United Kingdom,2158.18,5,1147.0,431.64,2010-12-01 14:11,2011-09-01 13:50,98,5,2158.18,2,5,5,255,Loyal customers,Nurture and recommend next purchase
17841,United Kingdom,39869.05,124,22834.0,321.52,2010-12-01 14:30,2011-12-08 12:07,1,124,39869.05,5,5,5,555,Champions,Nurture and recommend next purchase
12472,Germany,6229.48,7,4148.0,889.93,2010-12-01 14:33,2011-11-09 11:33,30,7,6229.48,4,5,5,455,Champions,Nurture and recommend next purchase
17346,United Kingdom,2557.9,15,1617.0,170.53,2010-12-01 14:34,2011-12-06 12:18,3,15,2557.9,5,5,5,555,Champions,Nurture and recommend next purchase
17643,United Kingdom,101.55,1,71.0,101.55,2010-12-01 14:38,2010-12-01 14:38,372,1,101.55,1,2,1,121,Inactive,Win-back campaign
17873,United Kingdom,1754.16,5,1035.0,350.83,2010-12-01 14:54,2011-09-20 16:41,79,5,1754.16,2,5,4,254,Loyal customers,Nurture and recommend next purchase
13093,United Kingdom,7741.47,8,3961.0,967.68,2010-12-01 15:00,2011-03-17 17:16,266,8,7741.47,1,5,5,155,Loyal customers,Nurture and recommend next purchase
12921,United Kingdom,16389.74,37,9526.0,442.97,2010-12-01 15:06,2011-12-06 09:56,3,37,16389.74,5,5,5,555,Champions,Nurture and recommend next purchase
13468,United Kingdom,5656.75,37,2589.0,152.89,2010-12-01 15:08,2011-12-08 10:39,1,37,5656.75,5,5,5,555,Champions,Nurture and recommend next purchase
17760,United Kingdom,287.59,2,239.0,143.79,2010-12-01 15:08,2011-11-18 10:56,21,2,287.59,4,3,2,432,Growing customers,Nurture and recommend next purchase
16928,United Kingdom,2748.6,17,2092.0,161.68,2010-12-01 15:21,2011-09-20 15:10,79,17,2748.6,2,5,5,255,Loyal customers,Nurture and recommend next purchase
16048,United Kingdom,243.69,2,144.0,121.84,2010-12-01 15:27,2011-09-15 10:12,85,2,243.69,2,3,2,232,Inactive,Win-back campaign
16274,United Kingdom,351.75,1,153.0,351.75,2010-12-01 15:35,2010-12-01 15:35,372,1,351.75,1,2,2,122,Inactive,Win-back campaign
14496,United Kingdom,538.81,2,159.0,269.4,2010-12-01 15:35,2011-02-01 09:01,311,2,538.81,1,3,3,133,Inactive,Win-back campaign
14696,United Kingdom,2070.97,7,1630.0,295.85,2010-12-01 15:37,2011-12-05 13:43,3,7,2070.97,5,5,5,555,Champions,Nurture and recommend next purchase
16539,United Kingdom,1388.81,4,477.0,347.2,2010-12-01 15:40,2011-12-07 08:41,2,4,1388.81,5,4,4,544,Champions,Nurture and recommend next purchase
17025,United Kingdom,357.77,3,235.0,119.26,2010-12-01 15:45,2011-10-10 09:06,60,3,357.77,3,4,2,342,Growing customers,Nurture and recommend next purchase
13777,United Kingdom,25748.35,33,12897.0,780.25,2010-12-01 16:01,2011-12-09 12:25,0,33,25748.35,5,5,5,555,Champions,Nurture and recommend next purchase
17690,United Kingdom,4717.3,15,1769.0,314.49,2010-12-01 16:15,2011-11-09 15:17,29,15,4717.3,4,5,5,455,Champions,Nurture and recommend next purchase
12947,United Kingdom,1407.29,6,1165.0,234.55,2010-12-01 16:21,2011-07-19 10:06,143,6,1407.29,2,5,4,254,Loyal customers,Nurture and recommend next purchase
17460,United Kingdom,452.63,6,236.0,75.44,2010-12-01 16:24,2011-09-22 10:58,78,6,452.63,2,5,2,252,Inactive,Win-back campaign
18229,United Kingdom,7276.9,20,2488.0,363.84,2010-12-01 16:25,2011-11-28 09:48,11,20,7276.9,4,5,5,455,Champions,Nurture and recommend next purchase
14142,United Kingdom,311.81,1,313.0,311.81,2010-12-01 16:33,2010-12-01 16:33,372,1,311.81,1,2,2,122,Inactive,Win-back campaign
17069,United Kingdom,2655.22,9,1506.0,295.02,2010-12-01 16:49,2011-11-11 17:13,27,9,2655.22,4,5,5,455,Champions,Nurture and recommend next purchase
13065,United Kingdom,205.86,1,74.0,205.86,2010-12-01 16:52,2010-12-01 16:52,372,1,205.86,1,2,1,121,Inactive,Win-back campaign
14606,United Kingdom,11633.35,93,6187.0,125.09,2010-12-01 16:57,2011-12-08 19:28,0,93,11633.35,5,5,5,555,Champions,Nurture and recommend next purchase
16835,United Kingdom,180.85,2,61.0,90.42,2010-12-01 17:15,2011-08-03 13:50,127,2,180.85,2,3,1,231,Inactive,Win-back campaign
15235,United Kingdom,2247.51,12,1324.0,187.29,2010-12-01 17:22,2011-05-06 09:44,217,12,2247.51,1,5,5,155,Loyal customers,Nurture and recommend next purchase
13576,United Kingdom,6703.3,18,2646.0,372.41,2010-12-01 17:24,2011-11-29 15:34,9,18,6703.3,5,5,5,555,Champions,Nurture and recommend next purchase
18011,United Kingdom,102.79,1,71.0,102.79,2010-12-01 17:35,2010-12-01 17:35,372,1,102.79,1,2,1,121,Inactive,Win-back campaign
13090,United Kingdom,8689.39,14,2263.0,620.67,2010-12-02 07:48,2011-12-01 12:39,8,14,8689.39,5,5,5,555,Champions,Nurture and recommend next purchase
15694,United Kingdom,6423.6,14,1677.0,458.83,2010-12-02 07:49,2011-12-09 09:44,0,14,6423.6,5,5,5,555,Champions,Nurture and recommend next purchase
14741,United Kingdom,1400.34,6,841.0,233.39,2010-12-02 08:43,2011-11-28 08:48,11,6,1400.34,4,5,4,454,Champions,Nurture and recommend next purchase
13715,United Kingdom,1051.99,5,562.0,210.4,2010-12-02 08:52,2011-03-03 19:21,280,5,1051.99,1,5,4,154,Loyal customers,Nurture and recommend next purchase
14092,United Kingdom,4063.1,14,2066.0,290.22,2010-12-02 09:10,2011-12-02 12:13,7,14,4063.1,5,5,5,555,Champions,Nurture and recommend next purchase
17732,United Kingdom,303.97,1,93.0,303.97,2010-12-02 09:29,2010-12-02 09:29,372,1,303.97,1,2,2,122,Inactive,Win-back campaign
12855,United Kingdom,38.1,1,30.0,38.1,2010-12-02 09:37,2010-12-02 09:37,372,1,38.1,1,2,1,121,Inactive,Win-back campaign
15752,United Kingdom,2618.15,7,1960.0,374.02,2010-12-02 09:43,2011-10-31 11:37,39,7,2618.15,3,5,5,355,Champions,Nurture and recommend next purchase
17855,United Kingdom,208.97,1,197.0,208.97,2010-12-02 09:44,2010-12-02 09:44,372,1,208.97,1,2,1,121,Inactive,Win-back campaign
14047,United Kingdom,1290.01,5,381.0,258.0,2010-12-02 10:09,2011-12-01 11:43,8,5,1290.01,5,5,4,554,Champions,Nurture and recommend next purchase
17925,United Kingdom,244.08,1,72.0,244.08,2010-12-02 10:10,2010-12-02 10:10,372,1,244.08,1,2,2,122,Inactive,Win-back campaign
13941,United Kingdom,4912.41,5,2364.0,982.48,2010-12-02 10:17,2011-11-18 09:43,21,5,4912.41,4,5,5,455,Champions,Nurture and recommend next purchase
17017,United Kingdom,8574.11,20,6673.0,428.71,2010-12-02 10:17,2011-12-07 09:32,2,20,8574.11,5,5,5,555,Champions,Nurture and recommend next purchase
14135,United Kingdom,4690.31,15,3850.0,312.69,2010-12-02 10:27,2011-12-08 11:38,1,15,4690.31,5,5,5,555,Champions,Nurture and recommend next purchase
13108,United Kingdom,350.06,1,298.0,350.06,2010-12-02 10:35,2010-12-02 10:35,372,1,350.06,1,2,2,122,Inactive,Win-back campaign
12471,Germany,18705.52,30,8200.0,623.52,2010-12-02 10:37,2011-12-07 15:43,1,30,18705.52,5,5,5,555,Champions,Nurture and recommend next purchase
15601,United Kingdom,6745.36,14,4983.0,481.81,2010-12-02 10:39,2011-11-28 15:15,10,14,6745.36,4,5,5,455,Champions,Nurture and recommend next purchase
13418,United Kingdom,5845.44,18,3918.0,324.75,2010-12-02 10:45,2011-11-28 10:23,11,18,5845.44,4,5,5,455,Champions,Nurture and recommend next purchase
14766,United Kingdom,2423.07,6,1349.0,403.85,2010-12-02 10:46,2011-12-01 16:05,7,6,2423.07,5,5,5,555,Champions,Nurture and recommend next purchase
15658,United Kingdom,958.9,5,242.0,191.78,2010-12-02 10:53,2011-06-02 15:22,189,5,958.9,1,5,4,154,Loyal customers,Nurture and recommend next purchase
14388,United Kingdom,3172.04,8,1941.0,396.5,2010-12-02 11:02,2011-12-01 11:13,8,8,3172.04,5,5,5,555,Champions,Nurture and recommend next purchase
14901,United Kingdom,1414.99,9,661.0,157.22,2010-12-02 11:20,2011-11-28 17:09,10,9,1414.99,4,5,4,454,Champions,Nurture and recommend next purchase
18041,United Kingdom,4075.12,21,3758.0,194.05,2010-12-02 11:21,2011-11-28 11:39,11,21,4075.12,4,5,5,455,Champions,Nurture and recommend next purchase
15955,United Kingdom,4389.81,14,2135.0,313.56,2010-12-02 11:22,2011-11-15 14:15,23,14,4389.81,4,5,5,455,Champions,Nurture and recommend next purchase
15070,United Kingdom,106.2,1,36.0,106.2,2010-12-02 11:23,2010-12-02 11:23,372,1,106.2,1,2,1,121,Inactive,Win-back campaign
16244,United Kingdom,1522.75,2,855.0,761.38,2010-12-02 11:41,2011-05-12 10:18,211,2,1522.75,1,3,4,134,At-risk high value,Personal outreach + tailored offer
15111,United Kingdom,1567.48,3,710.0,522.49,2010-12-02 11:45,2011-11-10 16:58,28,3,1567.48,4,4,4,444,Loyal customers,Nurture and recommend next purchase
14390,United Kingdom,4582.22,9,2133.0,509.14,2010-12-02 11:56,2011-11-29 13:49,9,9,4582.22,5,5,5,555,Champions,Nurture and recommend next purchase
16546,United Kingdom,-95.93,2,549.0,-47.97,2010-12-02 12:07,2011-02-22 11:20,290,2,-95.93,1,3,1,131,Inactive,Win-back campaign
15260,United Kingdom,1780.77,7,885.0,254.4,2010-12-02 12:09,2011-08-31 13:55,99,7,1780.77,2,5,4,254,Loyal customers,Nurture and recommend next purchase
13305,United Kingdom,2000.86,10,1232.0,200.09,2010-12-02 12:10,2011-12-05 15:15,3,10,2000.86,5,5,5,555,Champions,Nurture and recommend next purchase
14491,United Kingdom,340.93,2,139.0,170.47,2010-12-02 12:10,2011-06-17 15:22,174,2,340.93,2,3,2,232,Inactive,Win-back campaign
14060,United Kingdom,6135.38,19,5386.0,322.91,2010-12-02 12:11,2011-12-05 12:29,4,19,6135.38,5,5,5,555,Champions,Nurture and recommend next purchase
15923,United Kingdom,127.08,1,122.0,127.08,2010-12-02 12:16,2010-12-02 12:16,372,1,127.08,1,2,1,121,Inactive,Win-back campaign
16752,United Kingdom,207.5,1,54.0,207.5,2010-12-02 12:18,2010-12-02 12:18,372,1,207.5,1,2,1,121,Inactive,Win-back campaign
17287,United Kingdom,1049.06,7,556.0,149.87,2010-12-02 12:22,2011-11-13 13:27,25,7,1049.06,4,5,4,454,Champions,Nurture and recommend next purchase
15363,United Kingdom,318.05,1,144.0,318.05,2010-12-02 12:28,2011-04-12 15:48,240,1,318.05,1,2,2,122,Inactive,Win-back campaign
12915,United Kingdom,363.65,2,93.0,181.82,2010-12-02 12:33,2011-07-14 11:34,148,2,363.65,2,3,2,232,Inactive,Win-back campaign
15544,United Kingdom,3542.51,9,3109.0,393.61,2010-12-02 12:47,2011-12-01 09:16,8,9,3542.51,5,5,5,555,Champions,Nurture and recommend next purchase
15738,United Kingdom,4788.77,16,2982.0,299.3,2010-12-02 12:50,2011-11-21 08:26,18,16,4788.77,4,5,5,455,Champions,Nurture and recommend next purchase
16042,United Kingdom,1127.57,5,743.0,225.51,2010-12-02 12:50,2011-11-17 17:50,21,5,1127.57,4,5,4,454,Champions,Nurture and recommend next purchase
17381,United Kingdom,20272.43,29,25649.0,699.05,2010-12-02 12:58,2011-12-01 11:59,8,29,20272.43,5,5,5,555,Champions,Nurture and recommend next purchase
15827,United Kingdom,1641.48,14,882.0,117.25,2010-12-02 13:06,2011-09-27 15:35,72,14,1641.48,2,5,4,254,Loyal customers,Nurture and recommend next purchase
14180,United Kingdom,4640.77,25,719.0,185.63,2010-12-02 13:08,2011-11-29 10:56,10,25,4640.77,4,5,5,455,Champions,Nurture and recommend next purchase
13117,United Kingdom,984.91,8,945.0,123.11,2010-12-02 13:11,2011-11-18 12:02,21,8,984.91,4,5,4,454,Champions,Nurture and recommend next purchase
16916,United Kingdom,562.41,2,431.0,281.2,2010-12-02 13:14,2011-11-16 12:08,23,2,562.41,4,3,3,433,Loyal customers,Nurture and recommend next purchase
17964,United Kingdom,463.21,2,294.0,231.6,2010-12-02 13:32,2011-11-08 10:44,31,2,463.21,3,3,2,332,Growing customers,Nurture and recommend next purchase
14466,United Kingdom,2272.4,7,1006.0,324.63,2010-12-02 13:36,2011-11-10 14:07,28,7,2272.4,4,5,5,455,Champions,Nurture and recommend next purchase
17235,United Kingdom,550.06,2,224.0,275.03,2010-12-02 13:38,2011-11-14 15:51,24,2,550.06,4,3,3,433,Loyal customers,Nurture and recommend next purchase
16510,United Kingdom,248.1,1,92.0,248.1,2010-12-02 13:39,2010-12-02 13:39,371,1,248.1,1,2,2,122,Inactive,Win-back campaign
17802,United Kingdom,1251.84,3,752.0,417.28,2010-12-02 13:44,2011-09-18 14:56,81,3,1251.84,2,4,4,244,Loyal customers,Nurture and recommend next purchase
15107,United Kingdom,247.66,6,170.0,41.28,2010-12-02 13:45,2011-02-01 14:46,310,6,247.66,1,5,2,152,Inactive,Win-back campaign
17976,United Kingdom,321.79,1,93.0,321.79,2010-12-02 13:49,2010-12-02 13:49,371,1,321.79,1,2,2,122,Inactive,Win-back campaign
14449,United Kingdom,885.8,4,741.0,221.45,2010-12-02 14:09,2011-11-21 12:06,18,4,885.8,4,4,3,443,Loyal customers,Nurture and recommend next purchase
15838,United Kingdom,33350.76,19,18368.0,1755.3,2010-12-02 14:23,2011-11-28 14:00,10,19,33350.76,4,5,5,455,Champions,Nurture and recommend next purchase
16781,United Kingdom,294.65,1,113.0,294.65,2010-12-02 14:26,2010-12-09 15:18,364,1,294.65,1,2,2,122,Inactive,Win-back campaign
17547,United Kingdom,-11.8,0,0,0,2010-12-02 14:29,2010-12-02 14:29,371,0,-11.8,1,1,1,111,Inactive,Win-back campaign
13491,United Kingdom,1215.82,10,903.0,121.58,2010-12-02 14:30,2011-10-19 08:32,51,10,1215.82,3,5,4,354,Loyal customers,Nurture and recommend next purchase
16186,United Kingdom,3991.94,12,3020.0,332.66,2010-12-02 14:40,2011-11-17 12:43,22,12,3991.94,4,5,5,455,Champions,Nurture and recommend next purchase
17685,United Kingdom,3155.83,7,1907.0,450.83,2010-12-02 14:42,2011-11-23 11:36,16,7,3155.83,4,5,5,455,Champions,Nurture and recommend next purchase
17581,United Kingdom,10716.31,25,5915.0,428.65,2010-12-02 14:47,2011-12-09 12:21,0,25,10716.31,5,5,5,555,Champions,Nurture and recommend next purchase
15732,United Kingdom,294.12,2,215.0,147.06,2010-12-02 15:00,2011-05-11 14:24,211,2,294.12,1,3,2,132,Inactive,Win-back campaign
13138,United Kingdom,962.39,6,473.0,160.4,2010-12-02 15:03,2011-11-17 16:51,21,6,962.39,4,5,4,454,Champions,Nurture and recommend next purchase
15823,United Kingdom,-840.76,1,1.0,-840.76,2010-12-02 15:08,2011-01-06 12:58,336,1,-840.76,1,2,1,121,Inactive,Win-back campaign
17567,United Kingdom,4012.56,8,2632.0,501.57,2010-12-02 15:18,2011-12-02 15:48,6,8,4012.56,5,5,5,555,Champions,Nurture and recommend next purchase
15061,United Kingdom,54228.74,48,28920.0,1129.77,2010-12-02 15:19,2011-12-06 12:06,3,48,54228.74,5,5,5,555,Champions,Nurture and recommend next purchase
16203,United Kingdom,589.15,4,262.0,147.29,2010-12-02 15:39,2011-10-12 12:31,58,4,589.15,3,4,3,343,Loyal customers,Nurture and recommend next purchase
15640,United Kingdom,12336.74,15,6572.0,822.45,2010-12-02 15:40,2011-12-05 14:35,3,15,12336.74,5,5,5,555,Champions,Nurture and recommend next purchase
15574,United Kingdom,675.64,4,332.0,168.91,2010-12-02 15:46,2011-06-15 12:01,177,4,675.64,2,4,3,243,Inactive,Win-back campaign
16770,United Kingdom,731.9,5,456.0,146.38,2010-12-02 15:49,2011-10-13 12:21,57,5,731.9,3,5,3,353,Loyal customers,Nurture and recommend next purchase
17838,United Kingdom,2267.4,5,1831.0,453.48,2010-12-02 15:55,2011-11-13 11:38,26,5,2267.4,4,5,5,455,Champions,Nurture and recommend next purchase
17228,United Kingdom,1906.09,8,1532.0,238.26,2010-12-02 16:00,2011-11-24 10:24,15,8,1906.09,4,5,4,454,Champions,Nurture and recommend next purchase
14829,United Kingdom,644.65,4,452.0,161.16,2010-12-02 16:12,2011-11-10 16:16,28,4,644.65,4,4,3,443,Loyal customers,Nurture and recommend next purchase
17412,United Kingdom,1258.06,7,738.0,179.72,2010-12-02 16:29,2011-12-07 11:36,2,7,1258.06,5,5,4,554,Champions,Nurture and recommend next purchase
14031,United Kingdom,14634.64,19,5788.0,770.24,2010-12-02 16:34,2011-12-02 17:13,6,19,14634.64,5,5,5,555,Champions,Nurture and recommend next purchase
14775,United Kingdom,1011.9,3,1174.0,337.3,2010-12-02 16:38,2011-10-12 15:27,57,3,1011.9,3,4,4,344,Loyal customers,Nurture and recommend next purchase
12971,United Kingdom,10930.26,86,9289.0,127.1,2010-12-02 16:42,2011-12-06 12:20,3,86,10930.26,5,5,5,555,Champions,Nurture and recommend next purchase
15834,United Kingdom,2076.3,4,961.0,519.08,2010-12-02 16:45,2011-09-30 14:41,69,4,2076.3,3,4,5,345,Loyal customers,Nurture and recommend next purchase
17659,United Kingdom,2954.75,12,1525.0,246.23,2010-12-02 16:46,2011-12-06 09:29,3,12,2954.75,5,5,5,555,Champions,Nurture and recommend next purchase
15299,United Kingdom,3787.09,7,2948.0,541.01,2010-12-02 16:48,2011-10-03 14:19,66,7,3787.09,3,5,5,355,Champions,Nurture and recommend next purchase
15646,United Kingdom,425.14,3,394.0,141.71,2010-12-02 16:59,2011-07-05 09:53,157,3,425.14,2,4,2,242,Inactive,Win-back campaign
13958,United Kingdom,-102.45,0,0,0,2010-12-02 17:03,2010-12-02 17:03,371,0,-102.45,1,1,1,111,Inactive,Win-back campaign
14443,United Kingdom,1400.88,4,938.0,350.22,2010-12-02 17:05,2011-10-17 10:10,53,4,1400.88,3,4,4,344,Loyal customers,Nurture and recommend next purchase
14156,EIRE,113214.59,55,57768.0,2058.45,2010-12-02 17:08,2011-11-30 10:54,9,55,113214.59,5,5,5,555,Champions,Nurture and recommend next purchase
16995,United Kingdom,-1.25,0,0,0,2010-12-02 17:09,2010-12-02 17:09,371,0,-1.25,1,1,1,111,Inactive,Win-back campaign
13402,United Kingdom,621.23,2,479.0,310.62,2010-12-02 17:12,2011-08-04 15:51,126,2,621.23,2,3,3,233,Inactive,Win-back campaign
18168,United Kingdom,1123.74,6,592.0,187.29,2010-12-02 17:14,2011-06-16 19:21,175,6,1123.74,2,5,4,254,Loyal customers,Nurture and recommend next purchase
17757,United Kingdom,5573.59,30,3318.0,185.79,2010-12-02 17:17,2011-12-08 15:31,0,30,5573.59,5,5,5,555,Champions,Nurture and recommend next purchase
14625,United Kingdom,848.48,2,335.0,424.24,2010-12-02 17:19,2011-06-07 15:40,184,2,848.48,1,3,3,133,Inactive,Win-back campaign
13011,United Kingdom,50.55,1,13.0,50.55,2010-12-02 17:22,2010-12-02 17:22,371,1,50.55,1,2,1,121,Inactive,Win-back campaign
13798,United Kingdom,36352.87,57,23948.0,637.77,2010-12-02 17:24,2011-12-08 15:51,0,57,36352.87,5,5,5,555,Champions,Nurture and recommend next purchase
15384,United Kingdom,635.76,2,596.0,317.88,2010-12-02 17:27,2011-06-23 10:57,169,2,635.76,2,3,3,233,Inactive,Win-back campaign
14264,United Kingdom,319.47,2,70.0,159.74,2010-12-02 17:35,2011-07-08 10:20,154,2,319.47,2,3,2,232,Inactive,Win-back campaign
13295,United Kingdom,197.95,1,82.0,197.95,2010-12-02 17:36,2010-12-15 11:21,359,1,197.95,1,2,1,121,Inactive,Win-back campaign
16754,United Kingdom,2002.4,1,4280.0,2002.4,2010-12-02 17:38,2010-12-02 17:38,371,1,2002.4,1,2,5,125,At-risk high value,Personal outreach + tailored offer
16634,United Kingdom,217.9,2,82.0,108.95,2010-12-02 17:41,2011-05-01 12:09,222,2,217.9,1,3,1,131,Inactive,Win-back campaign
18239,United Kingdom,1561.61,5,795.0,312.32,2010-12-02 17:48,2011-05-05 12:38,218,5,1561.61,1,5,4,154,Loyal customers,Nurture and recommend next purchase
14576,United Kingdom,35.4,1,12.0,35.4,2010-12-02 17:51,2010-12-02 17:51,371,1,35.4,1,2,1,121,Inactive,Win-back campaign
13145,United Kingdom,614.77,4,145.0,153.69,2010-12-02 18:06,2011-10-31 12:45,39,4,614.77,3,4,3,343,Loyal customers,Nurture and recommend next purchase
14395,United Kingdom,3444.11,9,1689.0,382.68,2010-12-02 18:15,2011-12-07 14:34,1,9,3444.11,5,5,5,555,Champions,Nurture and recommend next purchase
14865,United Kingdom,52.2,2,108.0,26.1,2010-12-02 18:23,2011-12-02 16:25,6,2,52.2,5,3,1,531,Growing customers,Nurture and recommend next purchase
15093,United Kingdom,4410.14,6,3760.0,735.02,2010-12-02 18:25,2011-11-21 13:09,17,6,4410.14,4,5,5,455,Champions,Nurture and recommend next purchase
12738,Germany,155.35,1,148.0,155.35,2010-12-02 18:27,2010-12-02 18:27,371,1,155.35,1,2,1,121,Inactive,Win-back campaign
16150,United Kingdom,1906.07,5,1047.0,381.21,2010-12-02 18:27,2011-11-01 09:29,38,5,1906.07,3,5,4,354,Loyal customers,Nurture and recommend next purchase
17552,United Kingdom,909.96,4,719.0,227.49,2010-12-02 18:45,2011-10-28 12:14,42,4,909.96,3,4,4,344,Loyal customers,Nurture and recommend next purchase
14236,United Kingdom,490.86,2,310.0,245.43,2010-12-02 18:49,2011-09-20 09:13,80,2,490.86,2,3,3,233,Inactive,Win-back campaign
17961,United Kingdom,1296.44,39,560.0,33.24,2010-12-02 19:18,2011-11-18 16:55,20,39,1296.44,4,5,4,454,Champions,Nurture and recommend next purchase
14573,United Kingdom,1590.12,9,534.0,176.68,2010-12-02 19:59,2011-06-13 11:15,179,9,1590.12,1,5,4,154,Loyal customers,Nurture and recommend next purchase
17135,United Kingdom,1139.73,7,1224.0,162.82,2010-12-03 09:31,2011-11-23 16:48,15,7,1139.73,4,5,4,454,Champions,Nurture and recommend next purchase
17396,United Kingdom,7330.8,8,2005.0,916.35,2010-12-03 09:45,2011-10-31 14:12,38,8,7330.8,3,5,5,355,Champions,Nurture and recommend next purchase
14213,United Kingdom,-1192.2,0,0,0,2010-12-03 09:47,2010-12-03 09:47,371,0,-1192.2,1,1,1,111,Inactive,Win-back campaign
12967,United Kingdom,1194.75,2,438.0,597.38,2010-12-03 09:49,2011-12-06 14:19,2,2,1194.75,5,3,4,534,Loyal customers,Nurture and recommend next purchase
12686,France,89.14,1,107.0,89.14,2010-12-03 09:51,2010-12-03 09:51,371,1,89.14,1,2,1,121,Inactive,Win-back campaign
14679,United Kingdom,-2.55,0,0,0,2010-12-03 10:07,2010-12-03 10:07,371,0,-2.55,1,1,1,111,Inactive,Win-back campaign
15240,United Kingdom,1685.57,5,1369.0,337.11,2010-12-03 10:09,2011-10-26 09:50,44,5,1685.57,3,5,4,354,Loyal customers,Nurture and recommend next purchase
18225,United Kingdom,5356.86,12,3242.0,446.4,2010-12-03 10:11,2011-12-06 13:27,2,12,5356.86,5,5,5,555,Champions,Nurture and recommend next purchase
13370,United Kingdom,721.32,1,343.0,721.32,2010-12-03 10:26,2010-12-08 15:57,365,1,721.32,1,2,3,123,Inactive,Win-back campaign
16883,United Kingdom,272.48,2,103.0,136.24,2010-12-03 10:33,2011-06-05 12:51,186,2,272.48,1,3,2,132,Inactive,Win-back campaign
13520,Switzerland,3487.75,6,1649.0,581.29,2010-12-03 10:36,2011-10-12 10:20,58,6,3487.75,3,5,5,355,Champions,Nurture and recommend next purchase
12841,United Kingdom,3845.63,25,2720.0,153.83,2010-12-03 10:43,2011-12-05 11:13,4,25,3845.63,5,5,5,555,Champions,Nurture and recommend next purchase
16905,United Kingdom,3020.65,7,1381.0,431.52,2010-12-03 10:43,2011-12-04 14:01,4,7,3020.65,5,5,5,555,Champions,Nurture and recommend next purchase
12427,Germany,708.37,3,533.0,236.12,2010-12-03 10:44,2011-11-28 10:48,11,3,708.37,4,4,3,443,Loyal customers,Nurture and recommend next purchase
17967,United Kingdom,112.27,1,73.0,112.27,2010-12-03 11:19,2010-12-03 11:19,371,1,112.27,1,2,1,121,Inactive,Win-back campaign
16891,United Kingdom,742.43,5,265.0,148.49,2010-12-03 11:35,2011-12-08 11:15,1,5,742.43,5,5,3,553,Champions,Nurture and recommend next purchase
14589,United Kingdom,39.75,1,5.0,39.75,2010-12-03 11:42,2010-12-03 11:42,371,1,39.75,1,2,1,121,Inactive,Win-back campaign
14680,United Kingdom,26932.34,16,13476.0,1683.27,2010-12-03 12:05,2011-11-14 16:59,24,16,26932.34,4,5,5,455,Champions,Nurture and recommend next purchase
17884,United Kingdom,695.07,4,817.0,173.77,2010-12-03 12:11,2011-12-06 11:33,3,4,695.07,5,4,3,543,Loyal customers,Nurture and recommend next purchase
12557,Spain,11990.96,5,4384.0,2398.19,2010-12-03 12:20,2011-11-23 16:59,15,5,11990.96,4,5,5,455,Champions,Nurture and recommend next purchase
14083,United Kingdom,1002.9,9,705.0,111.43,2010-12-03 12:24,2011-12-05 13:14,3,9,1002.9,5,5,4,554,Champions,Nurture and recommend next purchase
13013,United Kingdom,4786.99,13,2224.0,368.23,2010-12-03 12:28,2011-12-08 15:01,0,13,4786.99,5,5,5,555,Champions,Nurture and recommend next purchase
14210,United Kingdom,1900.89,6,760.0,316.81,2010-12-03 12:43,2011-09-09 12:55,90,6,1900.89,2,5,4,254,Loyal customers,Nurture and recommend next purchase
16477,United Kingdom,2494.46,7,1415.0,356.35,2010-12-03 12:48,2011-10-07 09:44,63,7,2494.46,3,5,5,355,Champions,Nurture and recommend next purchase
12600,Germany,2581.04,10,774.0,258.1,2010-12-03 12:57,2011-11-11 10:29,28,10,2581.04,4,5,5,455,Champions,Nurture and recommend next purchase
16013,United Kingdom,33366.25,47,15536.0,709.92,2010-12-03 13:09,2011-12-06 10:36,3,47,33366.25,5,5,5,555,Champions,Nurture and recommend next purchase
17949,United Kingdom,52750.84,45,30546.0,1172.24,2010-12-03 13:12,2011-12-08 18:46,0,45,52750.84,5,5,5,555,Champions,Nurture and recommend next purchase
12779,Poland,3868.7,8,2024.0,483.59,2010-12-03 13:40,2011-11-18 17:10,20,8,3868.7,4,5,5,455,Champions,Nurture and recommend next purchase
16926,United Kingdom,230.25,1,35.0,230.25,2010-12-03 13:42,2010-12-03 13:42,370,1,230.25,1,2,1,121,Inactive,Win-back campaign
17787,United Kingdom,1817.54,4,896.0,454.38,2010-12-03 13:43,2011-07-10 11:24,152,4,1817.54,2,4,4,244,Loyal customers,Nurture and recommend next purchase
12682,France,12279.82,31,5555.0,396.12,2010-12-03 13:59,2011-12-06 10:00,3,31,12279.82,5,5,5,555,Champions,Nurture and recommend next purchase
14723,United Kingdom,1122.36,6,673.0,187.06,2010-12-03 14:18,2011-11-29 15:23,9,6,1122.36,5,5,4,554,Champions,Nurture and recommend next purchase
17954,United Kingdom,2276.78,12,2221.0,189.73,2010-12-03 14:18,2011-12-04 14:15,4,12,2276.78,5,5,5,555,Champions,Nurture and recommend next purchase
17819,United Kingdom,3661.07,7,1031.0,523.01,2010-12-03 14:26,2011-09-29 10:52,71,7,3661.07,2,5,5,255,Loyal customers,Nurture and recommend next purchase
12712,Germany,4241.63,13,1062.0,326.28,2010-12-03 14:30,2011-11-17 09:15,22,13,4241.63,4,5,5,455,Champions,Nurture and recommend next purchase
15373,United Kingdom,2213.11,12,500.0,184.43,2010-12-03 14:40,2011-12-01 15:05,7,12,2213.11,5,5,5,555,Champions,Nurture and recommend next purchase
16140,United Kingdom,703.77,2,730.0,351.88,2010-12-03 14:40,2011-10-18 10:59,52,2,703.77,3,3,3,333,Growing customers,Nurture and recommend next purchase
17198,United Kingdom,692.22,3,357.0,230.74,2010-12-03 14:54,2011-11-16 10:39,23,3,692.22,4,4,3,443,Loyal customers,Nurture and recommend next purchase
17238,United Kingdom,3719.1,17,1807.0,218.77,2010-12-03 15:05,2011-12-07 11:35,2,17,3719.1,5,5,5,555,Champions,Nurture and recommend next purchase
12793,Portugal,545.48,2,295.0,272.74,2010-12-03 15:14,2011-01-09 12:12,334,2,545.48,1,3,3,133,Inactive,Win-back campaign
15769,United Kingdom,51823.72,26,29672.0,1993.22,2010-12-03 15:16,2011-12-02 13:52,6,26,51823.72,5,5,5,555,Champions,Nurture and recommend next purchase
14396,United Kingdom,487.99,2,225.0,244.0,2010-12-03 15:19,2011-10-05 16:09,64,2,487.99,3,3,3,333,Growing customers,Nurture and recommend next purchase
14898,United Kingdom,1194.11,6,1001.0,199.02,2010-12-03 15:25,2011-11-16 14:54,22,6,1194.11,4,5,4,454,Champions,Nurture and recommend next purchase
12725,Italy,427.8,1,164.0,427.8,2010-12-03 15:45,2010-12-03 15:45,370,1,427.8,1,2,2,122,Inactive,Win-back campaign
16725,United Kingdom,752.32,7,288.0,107.47,2010-12-03 16:02,2011-02-10 16:52,301,7,752.32,1,5,3,153,Inactive,Win-back campaign
12395,Belgium,2998.28,12,2118.0,249.86,2010-12-03 16:35,2011-11-24 12:20,15,12,2998.28,4,5,5,455,Champions,Nurture and recommend next purchase
16455,United Kingdom,1841.18,7,988.0,263.03,2010-12-03 16:44,2011-10-07 12:17,63,7,1841.18,3,5,4,354,Loyal customers,Nurture and recommend next purchase
13081,United Kingdom,27964.48,11,19160.0,2542.23,2010-12-03 17:20,2011-12-08 13:13,0,11,27964.48,5,5,5,555,Champions,Nurture and recommend next purchase
15545,United Kingdom,288.97,2,162.0,144.49,2010-12-03 17:28,2011-10-16 13:24,53,2,288.97,3,3,2,332,Growing customers,Nurture and recommend next purchase
17243,United Kingdom,8491.75,26,3320.0,326.61,2010-12-05 10:03,2011-12-08 13:26,0,26,8491.75,5,5,5,555,Champions,Nurture and recommend next purchase
15465,United Kingdom,6945.02,18,1257.0,385.83,2010-12-05 10:12,2011-11-20 10:11,19,18,6945.02,4,5,5,455,Champions,Nurture and recommend next purchase
15708,United Kingdom,3200.73,7,1217.0,457.25,2010-12-05 10:25,2011-10-30 10:54,40,7,3200.73,3,5,5,355,Champions,Nurture and recommend next purchase
13089,United Kingdom,57322.13,97,31025.0,590.95,2010-12-05 10:27,2011-12-07 09:02,2,97,57322.13,5,5,5,555,Champions,Nurture and recommend next purchase
16033,United Kingdom,8690.03,20,3529.0,434.5,2010-12-05 10:36,2011-12-04 12:44,5,20,8690.03,5,5,5,555,Champions,Nurture and recommend next purchase
13838,United Kingdom,674.82,4,254.0,168.71,2010-12-05 10:45,2011-12-04 11:00,5,4,674.82,5,4,3,543,Loyal customers,Nurture and recommend next purchase
15351,United Kingdom,1836.69,7,742.0,262.38,2010-12-05 10:48,2011-11-27 12:52,11,7,1836.69,4,5,4,454,Champions,Nurture and recommend next purchase
18055,United Kingdom,6729.29,10,2452.0,672.93,2010-12-05 10:52,2011-12-02 14:25,6,10,6729.29,5,5,5,555,Champions,Nurture and recommend next purchase
15038,United Kingdom,645.84,6,212.0,107.64,2010-12-05 10:54,2011-10-27 14:42,42,6,645.84,3,5,3,353,Loyal customers,Nurture and recommend next purchase
18109,United Kingdom,7877.27,26,4230.0,302.97,2010-12-05 10:58,2011-12-08 11:36,1,26,7877.27,5,5,5,555,Champions,Nurture and recommend next purchase
13069,United Kingdom,3713.14,24,5873.0,154.71,2010-12-05 11:02,2011-12-09 08:39,0,24,3713.14,5,5,5,555,Champions,Nurture and recommend next purchase
16241,United Kingdom,2590.31,13,1443.0,199.25,2010-12-05 11:04,2011-11-30 11:08,9,13,2590.31,5,5,5,555,Champions,Nurture and recommend next purchase
14800,United Kingdom,4228.39,12,3644.0,352.37,2010-12-05 11:10,2011-10-23 12:46,47,12,4228.39,3,5,5,355,Champions,Nurture and recommend next purchase
16839,United Kingdom,15357.78,34,8975.0,451.7,2010-12-05 11:15,2011-12-01 09:03,8,34,15357.78,5,5,5,555,Champions,Nurture and recommend next purchase
16168,United Kingdom,3770.6,27,1892.0,139.65,2010-12-05 11:38,2011-11-29 12:45,10,27,3770.6,4,5,5,455,Champions,Nurture and recommend next purchase
16931,United Kingdom,4554.87,21,3134.0,216.9,2010-12-05 11:40,2011-12-04 13:15,4,21,4554.87,5,5,5,555,Champions,Nurture and recommend next purchase
16814,United Kingdom,6408.2,21,2697.0,305.15,2010-12-05 11:45,2011-11-25 13:27,13,21,6408.2,4,5,5,455,Champions,Nurture and recommend next purchase
13269,United Kingdom,5312.97,15,3513.0,354.2,2010-12-05 11:51,2011-12-08 14:53,0,15,5312.97,5,5,5,555,Champions,Nurture and recommend next purchase
14813,United Kingdom,152.88,2,66.0,76.44,2010-12-05 11:54,2010-12-05 11:57,369,2,152.88,1,3,1,131,Inactive,Win-back campaign
12567,France,9114.94,10,4305.0,911.49,2010-12-05 11:57,2011-11-17 11:02,22,10,9114.94,4,5,5,455,Champions,Nurture and recommend next purchase
17062,United Kingdom,529.43,4,418.0,132.36,2010-12-05 11:59,2011-01-30 11:01,313,4,529.43,1,4,3,143,Inactive,Win-back campaign
15332,Lithuania,1661.06,4,652.0,415.26,2010-12-05 12:00,2010-12-08 14:43,365,4,1661.06,1,4,4,144,At-risk high value,Personal outreach + tailored offer
14810,United Kingdom,2085.33,11,1015.0,189.58,2010-12-05 12:08,2011-10-30 11:19,40,11,2085.33,3,5,5,355,Champions,Nurture and recommend next purchase
16353,United Kingdom,6675.71,23,2006.0,290.25,2010-12-05 12:09,2011-12-06 12:23,3,23,6675.71,5,5,5,555,Champions,Nurture and recommend next purchase
18118,United Kingdom,5567.03,26,2865.0,214.12,2010-12-05 12:13,2011-11-29 11:32,10,26,5567.03,4,5,5,455,Champions,Nurture and recommend next purchase
13831,United Kingdom,2198.45,6,743.0,366.41,2010-12-05 12:13,2011-11-23 15:41,15,6,2198.45,4,5,5,455,Champions,Nurture and recommend next purchase
13506,United Kingdom,452.82,2,324.0,226.41,2010-12-05 12:15,2011-01-31 15:27,311,2,452.82,1,3,2,132,Inactive,Win-back campaign
17796,United Kingdom,690.0,4,176.0,172.5,2010-12-05 12:23,2011-10-30 15:38,39,4,690.0,3,4,3,343,Loyal customers,Nurture and recommend next purchase
15716,United Kingdom,1101.11,4,738.0,275.28,2010-12-05 12:26,2011-07-17 11:59,145,4,1101.11,2,4,4,244,Loyal customers,Nurture and recommend next purchase
18156,United Kingdom,675.64,2,283.0,337.82,2010-12-05 12:29,2011-11-27 12:24,12,2,675.64,4,3,3,433,Loyal customers,Nurture and recommend next purchase
15221,United Kingdom,114.1,1,43.0,114.1,2010-12-05 12:29,2010-12-08 13:08,365,1,114.1,1,2,1,121,Inactive,Win-back campaign
16983,United Kingdom,1894.82,7,1335.0,270.69,2010-12-05 12:34,2011-11-27 12:10,12,7,1894.82,4,5,4,454,Champions,Nurture and recommend next purchase
17059,United Kingdom,3080.39,5,1850.0,616.08,2010-12-05 12:35,2011-11-10 12:27,29,5,3080.39,4,5,5,455,Champions,Nurture and recommend next purchase
16327,United Kingdom,3820.27,6,2560.0,636.71,2010-12-05 12:43,2011-11-25 13:23,13,6,3820.27,4,5,5,455,Champions,Nurture and recommend next purchase
17211,United Kingdom,2299.67,8,1323.0,287.46,2010-12-05 12:44,2011-11-13 12:03,26,8,2299.67,4,5,5,455,Champions,Nurture and recommend next purchase
17026,United Kingdom,154.83,2,97.0,77.42,2010-12-05 12:47,2011-06-07 14:28,184,2,154.83,1,3,1,131,Inactive,Win-back campaign
15570,United Kingdom,4093.27,12,2063.0,341.11,2010-12-05 12:57,2011-12-02 14:47,6,12,4093.27,5,5,5,555,Champions,Nurture and recommend next purchase
15880,United Kingdom,299.03,1,202.0,299.03,2010-12-05 13:00,2010-12-05 13:09,368,1,299.03,1,2,2,122,Inactive,Win-back campaign
16718,United Kingdom,606.05,1,407.0,606.05,2010-12-05 13:03,2010-12-05 13:03,368,1,606.05,1,2,3,123,Inactive,Win-back campaign
15808,United Kingdom,3641.07,4,1305.0,910.27,2010-12-05 13:05,2011-02-06 14:33,305,4,3641.07,1,4,5,145,Loyal customers,Nurture and recommend next purchase
17858,United Kingdom,5140.66,12,2694.0,428.39,2010-12-05 13:08,2011-12-04 11:56,5,12,5140.66,5,5,5,555,Champions,Nurture and recommend next purchase
16393,United Kingdom,2935.8,13,1573.0,225.83,2010-12-05 13:10,2011-12-07 12:51,1,13,2935.8,5,5,5,555,Champions,Nurture and recommend next purchase
14161,United Kingdom,1097.62,3,450.0,365.87,2010-12-05 13:18,2011-05-08 11:41,215,3,1097.62,1,4,4,144,At-risk high value,Personal outreach + tailored offer
17863,United Kingdom,3160.0,6,2638.0,526.67,2010-12-05 13:21,2011-10-11 13:45,58,6,3160.0,3,5,5,355,Champions,Nurture and recommend next purchase
16411,United Kingdom,211.7,2,131.0,105.85,2010-12-05 13:26,2011-11-20 13:23,18,2,211.7,4,3,1,431,Growing customers,Nurture and recommend next purchase
16402,United Kingdom,293.45,2,146.0,146.72,2010-12-05 13:42,2011-03-20 12:25,264,2,293.45,1,3,2,132,Inactive,Win-back campaign
15023,United Kingdom,6680.81,11,2827.0,607.35,2010-12-05 13:49,2011-12-06 17:23,2,11,6680.81,5,5,5,555,Champions,Nurture and recommend next purchase
17402,United Kingdom,2633.85,13,701.0,202.6,2010-12-05 13:53,2011-12-05 10:15,4,13,2633.85,5,5,5,555,Champions,Nurture and recommend next purchase
15426,United Kingdom,1386.58,5,656.0,277.32,2010-12-05 13:55,2011-11-20 15:36,18,5,1386.58,4,5,4,454,Champions,Nurture and recommend next purchase
12647,Germany,3669.92,12,1432.0,305.83,2010-12-05 14:02,2011-11-17 12:56,21,12,3669.92,4,5,5,455,Champions,Nurture and recommend next purchase
15894,United Kingdom,258.25,2,164.0,129.12,2010-12-05 14:06,2011-03-31 13:50,252,2,258.25,1,3,2,132,Inactive,Win-back campaign
15867,United Kingdom,3795.29,15,2052.0,253.02,2010-12-05 14:17,2011-12-04 13:37,4,15,3795.29,5,5,5,555,Champions,Nurture and recommend next purchase
14506,United Kingdom,1960.65,5,704.0,392.13,2010-12-05 14:25,2011-11-22 13:02,16,5,1960.65,4,5,4,454,Champions,Nurture and recommend next purchase
15555,United Kingdom,4747.89,16,4427.0,296.74,2010-12-05 14:45,2011-11-27 16:19,11,16,4747.89,4,5,5,455,Champions,Nurture and recommend next purchase
13034,United Kingdom,642.77,2,369.0,321.38,2010-12-05 14:52,2011-10-16 12:21,54,2,642.77,3,3,3,333,Growing customers,Nurture and recommend next purchase
15889,United Kingdom,420.07,2,206.0,210.03,2010-12-05 15:12,2011-07-06 11:10,156,2,420.07,2,3,2,232,Inactive,Win-back campaign
15953,United Kingdom,1632.43,8,891.0,204.05,2010-12-05 15:15,2011-11-24 15:32,14,8,1632.43,4,5,4,454,Champions,Nurture and recommend next purchase
16143,United Kingdom,2419.84,6,919.0,403.31,2010-12-05 15:18,2011-12-06 14:13,2,6,2419.84,5,5,5,555,Champions,Nurture and recommend next purchase
12720,Germany,5713.28,25,4672.0,228.53,2010-12-05 15:21,2011-12-07 08:03,2,25,5713.28,5,5,5,555,Champions,Nurture and recommend next purchase
16422,United Kingdom,33805.69,51,33704.0,662.86,2010-12-05 15:35,2011-11-22 14:00,16,51,33805.69,4,5,5,455,Champions,Nurture and recommend next purchase
12747,United Kingdom,4196.01,11,1275.0,381.46,2010-12-05 15:38,2011-12-07 14:34,1,11,4196.01,5,5,5,555,Champions,Nurture and recommend next purchase
15502,United Kingdom,5541.46,12,4236.0,461.79,2010-12-05 15:40,2011-11-24 12:48,15,12,5541.46,4,5,5,455,Champions,Nurture and recommend next purchase
12763,Japan,494.08,2,316.0,247.04,2010-12-05 15:46,2011-07-24 14:12,137,2,494.08,2,3,3,233,Inactive,Win-back campaign
14081,United Kingdom,891.77,2,592.0,445.88,2010-12-05 15:47,2011-03-17 14:24,266,2,891.77,1,3,3,133,Inactive,Win-back campaign
17965,United Kingdom,2599.19,14,1532.0,185.66,2010-12-05 15:54,2011-11-02 09:31,37,14,2599.19,3,5,5,355,Champions,Nurture and recommend next purchase
14404,United Kingdom,1409.72,6,827.0,234.95,2010-12-05 16:00,2011-11-06 12:30,33,6,1409.72,3,5,4,354,Loyal customers,Nurture and recommend next purchase
13579,United Kingdom,467.04,2,176.0,233.52,2010-12-05 16:10,2011-11-25 08:41,14,2,467.04,4,3,3,433,Loyal customers,Nurture and recommend next purchase
13174,United Kingdom,2742.82,3,1352.0,914.27,2010-12-05 16:24,2011-11-23 14:35,15,3,2742.82,4,4,5,445,Champions,Nurture and recommend next purchase
15987,United Kingdom,1432.77,7,1533.0,204.68,2010-12-06 08:34,2011-11-27 15:38,11,7,1432.77,4,5,4,454,Champions,Nurture and recommend next purchase
17677,United Kingdom,16201.37,30,9772.0,540.05,2010-12-06 08:42,2011-12-08 09:56,1,30,16201.37,5,5,5,555,Champions,Nurture and recommend next purchase
13652,United Kingdom,1095.08,3,578.0,365.03,2010-12-06 09:21,2011-10-25 08:51,45,3,1095.08,3,4,4,344,Loyal customers,Nurture and recommend next purchase
12586,Italy,179.94,1,79.0,179.94,2010-12-06 09:31,2011-11-22 16:24,16,1,179.94,4,2,1,421,Growing customers,Nurture and recommend next purchase
17428,United Kingdom,17078.45,28,9474.0,609.94,2010-12-06 09:37,2011-12-09 09:45,0,28,17078.45,5,5,5,555,Champions,Nurture and recommend next purchase
16161,United Kingdom,5311.08,19,2583.0,279.53,2010-12-06 09:40,2011-12-08 12:10,1,19,5311.08,5,5,5,555,Champions,Nurture and recommend next purchase
16858,United Kingdom,345.89,1,91.0,345.89,2010-12-06 09:52,2010-12-08 14:52,365,1,345.89,1,2,2,122,Inactive,Win-back campaign
18219,United Kingdom,2019.77,10,885.0,201.98,2010-12-06 10:05,2011-12-07 11:43,2,10,2019.77,5,5,5,555,Champions,Nurture and recommend next purchase
14293,United Kingdom,1046.56,4,709.0,261.64,2010-12-06 10:18,2011-12-06 15:17,2,4,1046.56,5,4,4,544,Champions,Nurture and recommend next purchase
14748,United Kingdom,1311.79,5,1223.0,262.36,2010-12-06 10:19,2011-11-10 18:33,28,5,1311.79,4,5,4,454,Champions,Nurture and recommend next purchase
16638,United Kingdom,1676.47,10,1255.0,167.65,2010-12-06 10:19,2011-11-17 11:09,22,10,1676.47,4,5,4,454,Champions,Nurture and recommend next purchase
17674,United Kingdom,551.04,2,672.0,275.52,2010-12-06 10:20,2011-09-26 13:35,73,2,551.04,2,3,3,233,Inactive,Win-back campaign
12808,Portugal,483.65,3,188.0,161.22,2010-12-06 10:27,2011-11-03 10:05,36,3,483.65,3,4,3,343,Loyal customers,Nurture and recommend next purchase
13094,United Kingdom,1708.86,12,1716.0,142.41,2010-12-06 10:34,2011-11-18 14:07,20,12,1708.86,4,5,4,454,Champions,Nurture and recommend next purchase
15899,United Kingdom,56.25,1,39.0,56.25,2010-12-06 10:36,2010-12-06 10:36,368,1,56.25,1,2,1,121,Inactive,Win-back campaign
12708,Germany,2616.32,10,1307.0,261.63,2010-12-06 10:43,2011-11-10 09:52,29,10,2616.32,4,5,5,455,Champions,Nurture and recommend next purchase
15898,United Kingdom,1379.63,5,567.0,275.93,2010-12-06 11:01,2011-12-08 15:23,0,5,1379.63,5,5,4,554,Champions,Nurture and recommend next purchase
17691,United Kingdom,290.4,2,134.0,145.2,2010-12-06 11:10,2010-12-16 17:20,357,2,290.4,1,3,2,132,Inactive,Win-back campaign
17227,United Kingdom,939.32,6,741.0,156.55,2010-12-06 11:16,2011-11-21 10:51,18,6,939.32,4,5,4,454,Champions,Nurture and recommend next purchase
15039,United Kingdom,19638.59,47,9131.0,417.84,2010-12-06 11:26,2011-11-30 11:31,9,47,19638.59,5,5,5,555,Champions,Nurture and recommend next purchase
15919,United Kingdom,525.69,2,385.0,262.85,2010-12-06 11:26,2011-11-20 11:28,19,2,525.69,4,3,3,433,Loyal customers,Nurture and recommend next purchase
13497,United Kingdom,321.05,2,163.0,160.53,2010-12-06 11:37,2011-03-02 09:04,282,2,321.05,1,3,2,132,Inactive,Win-back campaign
15860,United Kingdom,965.16,8,437.0,120.64,2010-12-06 11:38,2011-10-30 11:25,40,8,965.16,3,5,4,354,Loyal customers,Nurture and recommend next purchase
14189,United Kingdom,4604.31,15,3937.0,306.95,2010-12-06 11:42,2011-12-07 15:55,1,15,4604.31,5,5,5,555,Champions,Nurture and recommend next purchase
15304,United Kingdom,680.3,8,104.0,85.04,2010-12-06 11:42,2011-10-10 10:23,60,8,680.3,3,5,3,353,Loyal customers,Nurture and recommend next purchase
14867,United Kingdom,701.33,3,328.0,233.78,2010-12-06 11:47,2011-06-07 11:39,185,3,701.33,1,4,3,143,Inactive,Win-back campaign
14344,United Kingdom,889.93,8,477.0,111.24,2010-12-06 11:58,2011-08-04 13:51,126,8,889.93,2,5,3,253,Loyal customers,Nurture and recommend next purchase
12474,Germany,7064.77,18,4833.0,392.49,2010-12-06 12:00,2011-11-22 14:39,16,18,7064.77,4,5,5,455,Champions,Nurture and recommend next purchase
16719,United Kingdom,1753.72,7,1175.0,250.53,2010-12-06 12:06,2011-11-25 09:27,14,7,1753.72,4,5,4,454,Champions,Nurture and recommend next purchase
15048,United Kingdom,377.52,4,192.0,94.38,2010-12-06 12:15,2011-10-05 14:55,64,4,377.52,3,4,2,342,Growing customers,Nurture and recommend next purchase
15301,United Kingdom,5007.72,12,2751.0,417.31,2010-12-06 12:21,2011-10-20 09:57,50,12,5007.72,3,5,5,355,Champions,Nurture and recommend next purchase
14708,United Kingdom,1096.67,3,621.0,365.56,2010-12-06 12:23,2011-12-07 08:21,2,3,1096.67,5,4,4,544,Champions,Nurture and recommend next purchase
16898,United Kingdom,436.68,3,412.0,145.56,2010-12-06 12:23,2011-11-13 15:44,25,3,436.68,4,4,2,442,Loyal customers,Nurture and recommend next purchase
14825,United Kingdom,2221.01,12,989.0,185.08,2010-12-06 12:30,2011-12-06 11:38,3,12,2221.01,5,5,5,555,Champions,Nurture and recommend next purchase
18113,United Kingdom,76.32,1,72.0,76.32,2010-12-06 12:31,2010-12-06 12:31,368,1,76.32,1,2,1,121,Inactive,Win-back campaign
17596,United Kingdom,2806.69,7,4376.0,400.96,2010-12-06 12:34,2011-11-16 14:11,22,7,2806.69,4,5,5,455,Champions,Nurture and recommend next purchase
15078,United Kingdom,9623.35,32,5105.0,300.73,2010-12-06 12:38,2011-12-02 15:41,6,32,9623.35,5,5,5,555,Champions,Nurture and recommend next purchase
14085,United Kingdom,4408.54,18,3177.0,244.92,2010-12-06 12:39,2011-12-07 13:46,1,18,4408.54,5,5,5,555,Champions,Nurture and recommend next purchase
17860,United Kingdom,226.45,1,93.0,226.45,2010-12-06 12:41,2010-12-06 12:41,368,1,226.45,1,2,1,121,Inactive,Win-back campaign
13155,United Kingdom,971.76,4,497.0,242.94,2010-12-06 12:44,2011-11-06 15:41,32,4,971.76,3,4,4,344,Loyal customers,Nurture and recommend next purchase
15028,United Kingdom,627.13,4,459.0,156.78,2010-12-06 12:47,2011-12-01 14:06,7,4,627.13,5,4,3,543,Loyal customers,Nurture and recommend next purchase
16919,United Kingdom,2592.25,11,1403.0,235.66,2010-12-06 12:52,2011-07-06 13:35,155,11,2592.25,2,5,5,255,Loyal customers,Nurture and recommend next purchase
17259,United Kingdom,581.23,2,388.0,290.62,2010-12-06 12:55,2011-07-14 15:01,147,2,581.23,2,3,3,233,Inactive,Win-back campaign
17019,United Kingdom,1258.08,4,820.0,314.52,2010-12-06 12:55,2011-11-28 13:06,10,4,1258.08,4,4,4,444,Loyal customers,Nurture and recommend next purchase
14487,United Kingdom,1152.73,6,712.0,192.12,2010-12-06 12:55,2011-11-13 12:17,26,6,1152.73,4,5,4,454,Champions,Nurture and recommend next purchase
16722,United Kingdom,4711.21,13,5001.0,362.4,2010-12-06 12:59,2011-11-22 13:28,16,13,4711.21,4,5,5,455,Champions,Nurture and recommend next purchase
15882,United Kingdom,495.36,4,276.0,123.84,2010-12-06 13:01,2011-05-25 11:35,198,4,495.36,1,4,3,143,Inactive,Win-back campaign
14667,United Kingdom,9165.04,25,5319.0,366.6,2010-12-06 13:13,2011-11-29 11:30,10,25,9165.04,4,5,5,455,Champions,Nurture and recommend next purchase
16710,United Kingdom,2467.99,10,1823.0,246.8,2010-12-06 13:13,2011-11-20 14:50,18,10,2467.99,4,5,5,455,Champions,Nurture and recommend next purchase
16550,United Kingdom,2266.25,5,1540.0,453.25,2010-12-06 13:17,2011-08-23 11:12,108,5,2266.25,2,5,5,255,Loyal customers,Nurture and recommend next purchase
15984,United Kingdom,2759.93,10,1815.0,275.99,2010-12-06 13:21,2011-12-07 12:16,2,10,2759.93,5,5,5,555,Champions,Nurture and recommend next purchase
17682,United Kingdom,2459.33,6,1367.0,409.89,2010-12-06 13:35,2011-11-29 15:59,9,6,2459.33,5,5,5,555,Champions,Nurture and recommend next purchase
16658,United Kingdom,123.24,1,40.0,123.24,2010-12-06 13:47,2010-12-06 13:47,367,1,123.24,1,2,1,121,Inactive,Win-back campaign
17068,United Kingdom,4531.34,21,2164.0,215.78,2010-12-06 13:58,2011-11-27 13:14,11,21,4531.34,4,5,5,455,Champions,Nurture and recommend next purchase
15356,United Kingdom,2718.03,10,1643.0,271.8,2010-12-06 14:05,2011-11-08 13:11,30,10,2718.03,4,5,5,455,Champions,Nurture and recommend next purchase
17223,United Kingdom,416.89,2,110.0,208.44,2010-12-06 14:08,2011-02-02 15:57,309,2,416.89,1,3,2,132,Inactive,Win-back campaign
16817,United Kingdom,1446.95,9,822.0,160.77,2010-12-06 14:19,2011-12-07 11:03,2,9,1446.95,5,5,4,554,Champions,Nurture and recommend next purchase
13030,United Kingdom,752.44,2,348.0,376.22,2010-12-06 14:31,2011-11-28 14:30,10,2,752.44,4,3,3,433,Loyal customers,Nurture and recommend next purchase
17191,United Kingdom,2093.68,7,1166.0,299.1,2010-12-06 14:36,2011-11-11 16:58,27,7,2093.68,4,5,5,455,Champions,Nurture and recommend next purchase
15194,United Kingdom,7521.17,15,5703.0,501.41,2010-12-06 15:00,2011-12-06 15:10,2,15,7521.17,5,5,5,555,Champions,Nurture and recommend next purchase
14409,United Kingdom,1908.25,6,1230.0,318.04,2010-12-06 15:03,2011-09-29 18:18,70,6,1908.25,2,5,4,254,Loyal customers,Nurture and recommend next purchase
16654,United Kingdom,594.97,4,282.0,148.74,2010-12-06 15:09,2011-07-21 15:23,140,4,594.97,2,4,3,243,Inactive,Win-back campaign
16861,United Kingdom,151.65,2,140.0,75.83,2010-12-06 15:09,2011-10-11 09:05,59,2,151.65,3,3,1,331,Growing customers,Nurture and recommend next purchase
16138,United Kingdom,-7.95,0,0,0,2010-12-06 15:10,2010-12-06 15:10,367,0,-7.95,1,1,1,111,Inactive,Win-back campaign
13481,United Kingdom,1776.81,5,1142.0,355.36,2010-12-06 15:12,2011-10-25 09:07,45,5,1776.81,3,5,4,354,Loyal customers,Nurture and recommend next purchase
13495,United Kingdom,1990.12,5,829.0,398.02,2010-12-06 15:14,2011-12-02 11:21,7,5,1990.12,5,5,4,554,Champions,Nurture and recommend next purchase
17519,United Kingdom,1839.07,6,1236.0,306.51,2010-12-06 15:18,2011-11-22 16:43,16,6,1839.07,4,5,4,454,Champions,Nurture and recommend next purchase
17218,United Kingdom,1951.97,10,955.0,195.2,2010-12-06 15:25,2011-12-05 13:52,3,10,1951.97,5,5,4,554,Champions,Nurture and recommend next purchase
17812,United Kingdom,699.81,4,329.0,174.95,2010-12-06 15:27,2011-11-27 11:47,12,4,699.81,4,4,3,443,Loyal customers,Nurture and recommend next purchase
14215,United Kingdom,1777.92,6,1358.0,296.32,2010-12-06 15:34,2011-11-28 12:19,11,6,1777.92,4,5,4,454,Champions,Nurture and recommend next purchase
15602,United Kingdom,1083.63,9,1141.0,120.4,2010-12-06 15:35,2011-12-01 14:14,7,9,1083.63,5,5,4,554,Champions,Nurture and recommend next purchase
17320,United Kingdom,1200.62,3,634.0,400.21,2010-12-06 15:38,2011-08-31 13:31,99,3,1200.62,2,4,4,244,Loyal customers,Nurture and recommend next purchase
16782,United Kingdom,2230.3,13,705.0,171.56,2010-12-06 16:10,2011-11-29 13:20,9,13,2230.3,5,5,5,555,Champions,Nurture and recommend next purchase
12913,United Kingdom,2483.63,5,1419.0,496.73,2010-12-06 16:36,2011-12-05 12:11,4,5,2483.63,5,5,5,555,Champions,Nurture and recommend next purchase
17869,United Kingdom,428.18,5,111.0,85.64,2010-12-06 17:16,2011-08-24 16:16,106,5,428.18,2,5,2,252,Inactive,Win-back campaign
13564,United Kingdom,623.39,3,636.0,207.8,2010-12-06 17:26,2011-07-18 14:35,143,3,623.39,2,4,3,243,Inactive,Win-back campaign
14850,United Kingdom,278.15,1,293.0,278.15,2010-12-07 08:42,2011-02-01 11:21,311,1,278.15,1,2,2,122,Inactive,Win-back campaign
15021,United Kingdom,1829.23,9,819.0,203.25,2010-12-07 08:57,2011-12-01 11:53,8,9,1829.23,5,5,4,554,Champions,Nurture and recommend next purchase
13963,United Kingdom,664.54,4,460.0,166.13,2010-12-07 09:21,2011-02-04 14:43,307,4,664.54,1,4,3,143,Inactive,Win-back campaign
17450,United Kingdom,187322.17,46,69973.0,4072.22,2010-12-07 09:23,2011-12-01 13:29,7,46,187322.17,5,5,5,555,Champions,Nurture and recommend next purchase
17091,United Kingdom,3802.81,9,1746.0,422.53,2010-12-07 09:55,2011-12-07 10:43,2,9,3802.81,5,5,5,555,Champions,Nurture and recommend next purchase
17470,United Kingdom,1125.07,5,1675.0,225.01,2010-12-07 09:57,2011-10-26 12:42,44,5,1125.07,3,5,4,354,Loyal customers,Nurture and recommend next purchase
17616,United Kingdom,571.2,3,224.0,190.4,2010-12-07 10:04,2011-06-19 10:11,173,3,571.2,2,4,3,243,Inactive,Win-back campaign
15649,United Kingdom,816.0,2,192.0,408.0,2010-12-07 10:06,2011-01-07 13:34,335,2,816.0,1,3,3,133,Inactive,Win-back campaign
12681,France,13677.59,22,7536.0,621.71,2010-12-07 10:08,2011-11-25 11:35,14,22,13677.59,4,5,5,455,Champions,Nurture and recommend next purchase
14907,United Kingdom,3478.85,7,1691.0,496.98,2010-12-07 10:14,2011-12-06 14:14,2,7,3478.85,5,5,5,555,Champions,Nurture and recommend next purchase
17735,United Kingdom,13110.02,19,8439.0,690.0,2010-12-07 10:32,2011-12-07 16:47,1,19,13110.02,5,5,5,555,Champions,Nurture and recommend next purchase
16059,United Kingdom,1453.16,6,641.0,242.19,2010-12-07 10:36,2011-10-05 09:56,65,6,1453.16,3,5,4,354,Loyal customers,Nurture and recommend next purchase
17720,United Kingdom,1195.94,4,576.0,298.99,2010-12-07 10:43,2011-11-13 15:04,25,4,1195.94,4,4,4,444,Loyal customers,Nurture and recommend next purchase
15018,United Kingdom,456.26,3,189.0,152.09,2010-12-07 10:47,2011-11-01 12:47,38,3,456.26,3,4,2,342,Growing customers,Nurture and recommend next purchase
14733,United Kingdom,9451.54,12,3764.0,787.63,2010-12-07 11:30,2011-11-30 14:54,8,12,9451.54,5,5,5,555,Champions,Nurture and recommend next purchase
13756,United Kingdom,5145.12,14,3188.0,367.51,2010-12-07 11:41,2011-12-07 16:44,1,14,5145.12,5,5,5,555,Champions,Nurture and recommend next purchase
14176,United Kingdom,574.0,4,209.0,143.5,2010-12-07 11:45,2011-02-15 13:12,296,4,574.0,1,4,3,143,Inactive,Win-back campaign
13319,United Kingdom,10664.34,26,4724.0,410.17,2010-12-07 11:47,2011-12-04 13:34,4,26,10664.34,5,5,5,555,Champions,Nurture and recommend next purchase
15353,United Kingdom,770.12,2,341.0,385.06,2010-12-07 11:49,2011-03-30 12:15,254,2,770.12,1,3,3,133,Inactive,Win-back campaign
18119,United Kingdom,180.7,1,124.0,180.7,2010-12-07 11:59,2010-12-07 11:59,367,1,180.7,1,2,1,121,Inactive,Win-back campaign
17491,United Kingdom,3541.92,10,2013.0,354.19,2010-12-07 12:18,2011-12-08 16:18,0,10,3541.92,5,5,5,555,Champions,Nurture and recommend next purchase
14282,United Kingdom,3701.44,15,2656.0,246.76,2010-12-07 12:21,2011-12-06 17:04,2,15,3701.44,5,5,5,555,Champions,Nurture and recommend next purchase
13569,United Kingdom,338.62,2,156.0,169.31,2010-12-07 12:29,2011-11-22 13:07,16,2,338.62,4,3,2,432,Growing customers,Nurture and recommend next purchase
15498,United Kingdom,12396.46,27,6105.0,459.13,2010-12-07 12:34,2011-12-09 10:28,0,27,12396.46,5,5,5,555,Champions,Nurture and recommend next purchase
14673,United Kingdom,1736.4,5,1004.0,347.28,2010-12-07 12:49,2011-12-06 14:31,2,5,1736.4,5,5,4,554,Champions,Nurture and recommend next purchase
13488,United Kingdom,8910.61,13,4518.0,685.43,2010-12-07 13:01,2011-11-22 14:41,16,13,8910.61,4,5,5,455,Champions,Nurture and recommend next purchase
16221,United Kingdom,860.86,3,714.0,286.95,2010-12-07 13:13,2011-11-03 11:43,36,3,860.86,3,4,3,343,Loyal customers,Nurture and recommend next purchase
15002,United Kingdom,1641.76,4,862.0,410.44,2010-12-07 13:16,2011-08-16 10:44,115,4,1641.76,2,4,4,244,Loyal customers,Nurture and recommend next purchase
15965,United Kingdom,808.87,4,434.0,202.22,2010-12-07 13:18,2011-11-22 16:44,16,4,808.87,4,4,3,443,Loyal customers,Nurture and recommend next purchase
15024,United Kingdom,1636.43,10,902.0,163.64,2010-12-07 13:20,2011-11-30 12:06,9,10,1636.43,5,5,4,554,Champions,Nurture and recommend next purchase
17675,United Kingdom,20098.1,31,8360.0,648.33,2010-12-07 13:22,2011-12-08 18:03,0,31,20098.1,5,5,5,555,Champions,Nurture and recommend next purchase
13769,United Kingdom,2771.87,10,1163.0,277.19,2010-12-07 13:28,2011-12-07 15:08,1,10,2771.87,5,5,5,555,Champions,Nurture and recommend next purchase
16904,United Kingdom,3653.75,16,1984.0,228.36,2010-12-07 13:29,2011-12-05 13:10,3,16,3653.75,5,5,5,555,Champions,Nurture and recommend next purchase
16086,United Kingdom,1119.31,5,511.0,223.86,2010-12-07 13:45,2011-10-11 13:09,58,5,1119.31,3,5,4,354,Loyal customers,Nurture and recommend next purchase
13786,United Kingdom,230.4,1,136.0,230.4,2010-12-07 13:53,2010-12-07 13:53,366,1,230.4,1,2,1,121,Inactive,Win-back campaign
13880,United Kingdom,3219.77,13,1842.0,247.67,2010-12-07 14:00,2011-11-18 13:44,20,13,3219.77,4,5,5,455,Champions,Nurture and recommend next purchase
13173,United Kingdom,353.65,2,277.0,176.82,2010-12-07 14:30,2011-12-05 15:51,3,2,353.65,5,3,2,532,Loyal customers,Nurture and recommend next purchase
15858,United Kingdom,1427.57,5,1163.0,285.51,2010-12-07 14:31,2011-11-24 12:48,15,5,1427.57,4,5,4,454,Champions,Nurture and recommend next purchase
15180,United Kingdom,87.5,1,36.0,87.5,2010-12-07 14:57,2010-12-07 14:57,366,1,87.5,1,2,1,121,Inactive,Win-back campaign
12347,Iceland,4310.0,7,2458.0,615.71,2010-12-07 14:57,2011-12-07 15:52,1,7,4310.0,5,5,5,555,Champions,Nurture and recommend next purchase
14739,United Kingdom,3899.1,7,3820.0,557.01,2010-12-07 14:58,2011-12-07 14:32,1,7,3899.1,5,5,5,555,Champions,Nurture and recommend next purchase
16293,United Kingdom,2236.74,10,982.0,223.67,2010-12-07 15:02,2011-12-01 09:13,8,10,2236.74,5,5,5,555,Champions,Nurture and recommend next purchase
17419,United Kingdom,4200.97,12,1876.0,350.08,2010-12-07 15:03,2011-11-28 13:47,10,12,4200.97,4,5,5,455,Champions,Nurture and recommend next purchase
16775,United Kingdom,1691.51,11,439.0,153.77,2010-12-07 15:15,2011-11-29 15:22,9,11,1691.51,5,5,4,554,Champions,Nurture and recommend next purchase
16306,United Kingdom,602.27,6,487.0,100.38,2010-12-07 15:18,2011-05-10 12:12,213,6,602.27,1,5,3,153,Inactive,Win-back campaign
16950,United Kingdom,1178.56,3,644.0,392.85,2010-12-07 15:20,2011-10-14 09:06,56,3,1178.56,3,4,4,344,Loyal customers,Nurture and recommend next purchase
17591,United Kingdom,2192.72,7,1000.0,313.25,2010-12-07 15:39,2011-09-27 13:42,72,7,2192.72,2,5,5,255,Loyal customers,Nurture and recommend next purchase
12839,United Kingdom,5583.62,14,3807.0,398.83,2010-12-07 15:48,2011-12-07 12:33,2,14,5583.62,5,5,5,555,Champions,Nurture and recommend next purchase
13807,United Kingdom,112.6,1,36.0,112.6,2010-12-07 15:48,2010-12-07 15:48,366,1,112.6,1,2,1,121,Inactive,Win-back campaign
16125,United Kingdom,289.35,1,124.0,289.35,2010-12-07 15:48,2010-12-07 15:48,366,1,289.35,1,2,2,122,Inactive,Win-back campaign
15081,United Kingdom,487.35,5,190.0,97.47,2010-12-07 16:20,2011-11-17 17:08,21,5,487.35,4,5,3,453,Loyal customers,Nurture and recommend next purchase
18102,United Kingdom,256438.49,60,64124.0,4273.97,2010-12-07 16:42,2011-12-09 11:50,0,60,256438.49,5,5,5,555,Champions,Nurture and recommend next purchase
16365,United Kingdom,1540.42,9,504.0,171.16,2010-12-07 17:19,2011-11-22 11:24,17,9,1540.42,4,5,4,454,Champions,Nurture and recommend next purchase
17870,United Kingdom,1860.94,12,1351.0,155.08,2010-12-08 08:12,2011-12-07 15:07,1,12,1860.94,5,5,4,554,Champions,Nurture and recommend next purchase
14821,United Kingdom,48.8,1,20.0,48.8,2010-12-08 08:43,2010-12-08 08:43,366,1,48.8,1,2,1,121,Inactive,Win-back campaign
16863,United Kingdom,481.35,2,409.0,240.68,2010-12-08 08:58,2011-11-10 15:23,28,2,481.35,4,3,3,433,Loyal customers,Nurture and recommend next purchase
13078,United Kingdom,12432.28,26,5630.0,478.16,2010-12-08 09:07,2011-12-08 18:48,0,26,12432.28,5,5,5,555,Champions,Nurture and recommend next purchase
13267,United Kingdom,4404.44,19,1969.0,231.81,2010-12-08 09:20,2011-12-07 11:12,2,19,4404.44,5,5,5,555,Champions,Nurture and recommend next purchase
13050,United Kingdom,5684.61,17,3748.0,334.39,2010-12-08 09:30,2011-11-30 17:28,8,17,5684.61,5,5,5,555,Champions,Nurture and recommend next purchase
12709,Germany,9264.1,15,3912.0,617.61,2010-12-08 09:49,2011-12-06 16:42,2,15,9264.1,5,5,5,555,Champions,Nurture and recommend next purchase
15628,United Kingdom,2865.64,9,1894.0,318.4,2010-12-08 09:51,2011-12-05 10:24,4,9,2865.64,5,5,5,555,Champions,Nurture and recommend next purchase
12386,Australia,401.9,2,354.0,200.95,2010-12-08 09:53,2011-01-06 12:37,337,2,401.9,1,3,2,132,Inactive,Win-back campaign
14796,United Kingdom,7792.51,17,5995.0,458.38,2010-12-08 09:55,2011-12-08 15:31,0,17,7792.51,5,5,5,555,Champions,Nurture and recommend next purchase
16779,United Kingdom,10436.05,22,5301.0,474.37,2010-12-08 09:56,2011-12-07 14:54,1,22,10436.05,5,5,5,555,Champions,Nurture and recommend next purchase
13599,United Kingdom,5026.85,21,3293.0,239.37,2010-12-08 10:11,2011-12-08 19:26,0,21,5026.85,5,5,5,555,Champions,Nurture and recommend next purchase
13329,United Kingdom,740.4,2,463.0,370.2,2010-12-08 10:11,2011-11-08 10:29,31,2,740.4,3,3,3,333,Growing customers,Nurture and recommend next purchase
18077,United Kingdom,2584.41,11,1839.0,234.95,2010-12-08 10:21,2011-12-01 13:32,7,11,2584.41,5,5,5,555,Champions,Nurture and recommend next purchase
14744,United Kingdom,1088.53,7,627.0,155.5,2010-12-08 10:21,2011-11-23 12:51,15,7,1088.53,4,5,4,454,Champions,Nurture and recommend next purchase
17406,United Kingdom,1912.72,3,780.0,637.57,2010-12-08 10:35,2011-01-13 12:52,329,3,1912.72,1,4,4,144,At-risk high value,Personal outreach + tailored offer
15750,United Kingdom,2448.8,8,1783.0,306.1,2010-12-08 10:36,2011-12-07 12:34,2,8,2448.8,5,5,5,555,Champions,Nurture and recommend next purchase
13983,United Kingdom,2590.46,12,1183.0,215.87,2010-12-08 10:38,2011-11-10 11:06,29,12,2590.46,4,5,5,455,Champions,Nurture and recommend next purchase
13842,United Kingdom,3385.62,9,1768.0,376.18,2010-12-08 10:39,2011-10-12 10:51,58,9,3385.62,3,5,5,355,Champions,Nurture and recommend next purchase
12441,France,173.55,1,121.0,173.55,2010-12-08 10:45,2010-12-08 10:45,366,1,173.55,1,2,1,121,Inactive,Win-back campaign
13199,United Kingdom,9803.96,38,6176.0,258.0,2010-12-08 10:51,2011-12-06 12:30,3,38,9803.96,5,5,5,555,Champions,Nurture and recommend next purchase
14032,United Kingdom,2929.84,11,2032.0,266.35,2010-12-08 10:53,2011-12-07 15:23,1,11,2929.84,5,5,5,555,Champions,Nurture and recommend next purchase
17706,United Kingdom,10097.37,17,3899.0,593.96,2010-12-08 11:02,2011-12-05 13:34,3,17,10097.37,5,5,5,555,Champions,Nurture and recommend next purchase
16081,United Kingdom,2799.42,5,1473.0,559.88,2010-12-08 11:16,2011-10-14 13:06,55,5,2799.42,3,5,5,355,Champions,Nurture and recommend next purchase
16525,United Kingdom,11895.57,26,7397.0,457.52,2010-12-08 11:31,2011-12-07 15:07,1,26,11895.57,5,5,5,555,Champions,Nurture and recommend next purchase
14952,United Kingdom,7912.79,11,3355.0,719.34,2010-12-08 11:33,2011-10-24 13:50,45,11,7912.79,3,5,5,355,Champions,Nurture and recommend next purchase
17975,United Kingdom,4388.06,13,1565.0,337.54,2010-12-08 11:38,2011-11-24 13:27,14,13,4388.06,4,5,5,455,Champions,Nurture and recommend next purchase
16122,United Kingdom,684.42,4,1128.0,171.1,2010-12-08 11:41,2011-09-27 15:34,72,4,684.42,2,4,3,243,Inactive,Win-back campaign
13126,United Kingdom,2056.29,8,2143.0,257.04,2010-12-08 11:42,2011-12-05 10:00,4,8,2056.29,5,5,5,555,Champions,Nurture and recommend next purchase
15973,United Kingdom,99.77,1,106.0,99.77,2010-12-08 11:42,2011-04-18 09:39,235,1,99.77,1,2,1,121,Inactive,Win-back campaign
16558,United Kingdom,8257.04,20,5377.0,412.85,2010-12-08 12:01,2011-12-09 10:20,0,20,8257.04,5,5,5,555,Champions,Nurture and recommend next purchase
16713,United Kingdom,6827.88,15,4271.0,455.19,2010-12-08 12:03,2011-11-21 12:36,18,15,6827.88,4,5,5,455,Champions,Nurture and recommend next purchase
16893,United Kingdom,145.93,1,62.0,145.93,2010-12-08 12:06,2010-12-08 12:06,366,1,145.93,1,2,1,121,Inactive,Win-back campaign
15529,United Kingdom,3935.15,11,3455.0,357.74,2010-12-08 12:24,2011-11-17 11:29,22,11,3935.15,4,5,5,455,Champions,Nurture and recommend next purchase
18043,United Kingdom,529.29,3,265.0,176.43,2010-12-08 12:35,2011-11-15 12:48,24,3,529.29,4,4,3,443,Loyal customers,Nurture and recommend next purchase
16016,United Kingdom,1440.06,8,602.0,180.01,2010-12-08 12:36,2011-12-06 14:35,2,8,1440.06,5,5,4,554,Champions,Nurture and recommend next purchase
17722,United Kingdom,2380.64,4,1595.0,595.16,2010-12-08 12:41,2011-09-04 15:22,95,4,2380.64,2,4,5,245,Loyal customers,Nurture and recommend next purchase
17324,United Kingdom,986.48,4,843.0,246.62,2010-12-08 12:45,2011-11-22 10:34,17,4,986.48,4,4,4,444,Loyal customers,Nurture and recommend next purchase
17341,United Kingdom,682.29,3,443.0,227.43,2010-12-08 12:46,2011-07-06 12:33,156,3,682.29,2,4,3,243,Inactive,Win-back campaign
14051,United Kingdom,15477.34,23,3756.0,672.93,2010-12-08 12:49,2011-12-09 10:20,0,23,15477.34,5,5,5,555,Champions,Nurture and recommend next purchase
15916,United Kingdom,1466.01,8,752.0,183.25,2010-12-08 12:49,2011-11-23 13:46,15,8,1466.01,4,5,4,454,Champions,Nurture and recommend next purchase
16233,United Kingdom,422.13,3,174.0,140.71,2010-12-08 12:51,2011-09-29 17:27,70,3,422.13,2,4,2,242,Inactive,Win-back campaign
16385,United Kingdom,554.86,3,258.0,184.95,2010-12-08 12:56,2011-10-10 13:12,59,3,554.86,3,4,3,343,Loyal customers,Nurture and recommend next purchase
15032,United Kingdom,4464.1,3,2968.0,1488.03,2010-12-08 12:57,2011-03-28 15:30,255,3,4464.1,1,4,5,145,Loyal customers,Nurture and recommend next purchase
17213,United Kingdom,2741.08,7,1176.0,391.58,2010-12-08 13:03,2011-10-30 14:53,39,7,2741.08,3,5,5,355,Champions,Nurture and recommend next purchase
18061,United Kingdom,2119.41,10,955.0,211.94,2010-12-08 13:03,2011-11-18 11:20,21,10,2119.41,4,5,5,455,Champions,Nurture and recommend next purchase
13113,United Kingdom,10510.0,24,3050.0,437.92,2010-12-08 13:07,2011-12-09 12:49,0,24,10510.0,5,5,5,555,Champions,Nurture and recommend next purchase
16553,United Kingdom,5664.57,12,4600.0,472.05,2010-12-08 13:07,2011-06-29 15:42,162,12,5664.57,2,5,5,255,Loyal customers,Nurture and recommend next purchase
13455,United Kingdom,1007.35,2,354.0,503.68,2010-12-08 13:11,2011-11-15 11:21,24,2,1007.35,4,3,4,434,Loyal customers,Nurture and recommend next purchase
14217,United Kingdom,1925.36,17,689.0,113.26,2010-12-08 13:28,2011-12-08 11:53,1,17,1925.36,5,5,4,554,Champions,Nurture and recommend next purchase
17262,United Kingdom,1253.36,5,367.0,250.67,2010-12-08 13:30,2011-10-18 12:56,51,5,1253.36,3,5,4,354,Loyal customers,Nurture and recommend next purchase
14299,United Kingdom,2855.35,9,2149.0,317.26,2010-12-08 13:33,2011-12-01 16:05,7,9,2855.35,5,5,5,555,Champions,Nurture and recommend next purchase
18259,United Kingdom,2338.6,3,714.0,779.53,2010-12-08 13:38,2011-11-15 12:34,24,3,2338.6,4,4,5,445,Champions,Nurture and recommend next purchase
17676,United Kingdom,1366.77,6,922.0,227.79,2010-12-08 13:49,2011-12-05 15:16,3,6,1366.77,5,5,4,554,Champions,Nurture and recommend next purchase
16679,United Kingdom,129.75,1,29.0,129.75,2010-12-08 13:51,2010-12-08 13:51,365,1,129.75,1,2,1,121,Inactive,Win-back campaign
18269,United Kingdom,138.9,1,76.0,138.9,2010-12-08 13:53,2010-12-16 15:39,357,1,138.9,1,2,1,121,Inactive,Win-back campaign
12766,Portugal,6989.63,7,3646.0,998.52,2010-12-08 13:53,2011-12-06 08:46,3,7,6989.63,5,5,5,555,Champions,Nurture and recommend next purchase
15298,United Kingdom,3774.1,12,3116.0,314.51,2010-12-08 13:55,2011-12-07 17:17,1,12,3774.1,5,5,5,555,Champions,Nurture and recommend next purchase
18193,United Kingdom,212.96,1,124.0,212.96,2010-12-08 14:20,2011-07-12 10:56,150,1,212.96,2,2,1,221,Inactive,Win-back campaign
13523,United Kingdom,3755.38,5,1752.0,751.08,2010-12-08 14:22,2011-11-06 15:11,32,5,3755.38,3,5,5,355,Champions,Nurture and recommend next purchase
12870,United Kingdom,-14.9,0,0,0,2010-12-08 14:27,2010-12-08 14:27,365,0,-14.9,1,1,1,111,Inactive,Win-back campaign
15005,United Kingdom,6160.54,28,4230.0,220.02,2010-12-08 14:36,2011-11-24 12:25,15,28,6160.54,4,5,5,455,Champions,Nurture and recommend next purchase
15581,United Kingdom,3425.77,13,284.0,263.52,2010-12-08 14:38,2011-08-11 09:38,120,13,3425.77,2,5,5,255,Loyal customers,Nurture and recommend next purchase
15680,United Kingdom,1333.68,3,952.0,444.56,2010-12-08 14:43,2011-11-30 13:46,8,3,1333.68,5,4,4,544,Champions,Nurture and recommend next purchase
13649,United Kingdom,346.6,2,139.0,173.3,2010-12-08 14:46,2011-03-28 11:51,256,2,346.6,1,3,2,132,Inactive,Win-back campaign
17894,United Kingdom,1118.96,8,404.0,139.87,2010-12-08 14:50,2011-09-29 09:23,71,8,1118.96,2,5,4,254,Loyal customers,Nurture and recommend next purchase
13270,United Kingdom,590.0,1,200.0,590.0,2010-12-08 14:53,2010-12-08 14:53,365,1,590.0,1,2,3,123,Inactive,Win-back campaign
14618,United Kingdom,538.59,3,264.0,179.53,2010-12-08 14:57,2011-11-30 13:45,8,3,538.59,5,4,3,543,Loyal customers,Nurture and recommend next purchase
14866,United Kingdom,14197.45,12,6752.0,1183.12,2010-12-08 14:58,2011-11-29 11:45,10,12,14197.45,4,5,5,455,Champions,Nurture and recommend next purchase
13077,United Kingdom,728.02,4,862.0,182.0,2010-12-08 14:59,2011-12-08 19:24,0,4,728.02,5,4,3,543,Loyal customers,Nurture and recommend next purchase
13115,United Kingdom,2205.63,4,1567.0,551.41,2010-12-08 15:01,2011-12-01 09:39,8,4,2205.63,5,4,5,545,Champions,Nurture and recommend next purchase
13531,United Kingdom,483.8,2,174.0,241.9,2010-12-08 15:03,2011-05-18 16:56,204,2,483.8,1,3,3,133,Inactive,Win-back campaign
13848,United Kingdom,1255.0,3,3700.0,418.33,2010-12-08 15:10,2011-09-08 12:58,91,3,1255.0,2,4,4,244,Loyal customers,Nurture and recommend next purchase
13140,United Kingdom,422.47,3,185.0,140.82,2010-12-08 15:12,2011-08-23 15:33,107,3,422.47,2,4,2,242,Inactive,Win-back campaign
15713,United Kingdom,346.75,2,150.0,173.38,2010-12-08 15:16,2011-07-19 13:34,142,2,346.75,2,3,2,232,Inactive,Win-back campaign
17999,United Kingdom,380.39,2,219.0,190.19,2010-12-08 15:17,2011-11-02 15:56,36,2,380.39,3,3,2,332,Growing customers,Nurture and recommend next purchase
15347,United Kingdom,201.6,1,130.0,201.6,2010-12-08 15:25,2010-12-08 15:25,365,1,201.6,1,2,1,121,Inactive,Win-back campaign
17340,United Kingdom,11891.18,11,5967.0,1081.02,2010-12-08 15:56,2011-11-30 17:12,8,11,11891.18,5,5,5,555,Champions,Nurture and recommend next purchase
13984,United Kingdom,488.03,5,679.0,97.61,2010-12-08 15:58,2011-11-13 12:38,26,5,488.03,4,5,3,453,Loyal customers,Nurture and recommend next purchase
15996,United Kingdom,1016.68,6,380.0,169.45,2010-12-08 15:59,2011-09-12 15:14,87,6,1016.68,2,5,4,254,Loyal customers,Nurture and recommend next purchase
14030,United Kingdom,2358.84,8,1478.0,294.86,2010-12-08 16:11,2011-11-21 16:48,17,8,2358.84,4,5,5,455,Champions,Nurture and recommend next purchase
16252,United Kingdom,-295.09,0,0,0,2010-12-08 16:15,2010-12-08 16:15,365,0,-295.09,1,1,1,111,Inactive,Win-back campaign
16596,United Kingdom,250.15,2,97.0,125.08,2010-12-08 16:18,2011-11-24 10:02,15,2,250.15,4,3,2,432,Growing customers,Nurture and recommend next purchase
16700,United Kingdom,5040.0,13,4024.0,387.69,2010-12-08 16:34,2011-12-01 11:00,8,13,5040.0,5,5,5,555,Champions,Nurture and recommend next purchase
16011,United Kingdom,3352.96,16,2035.0,209.56,2010-12-08 16:34,2011-12-01 16:31,7,16,3352.96,5,5,5,555,Champions,Nurture and recommend next purchase
17655,United Kingdom,2571.74,7,1116.0,367.39,2010-12-08 16:45,2011-11-29 11:34,10,7,2571.74,4,5,5,455,Champions,Nurture and recommend next purchase
16717,United Kingdom,3263.06,6,1860.0,543.84,2010-12-08 16:48,2011-11-30 17:42,8,6,3263.06,5,5,5,555,Champions,Nurture and recommend next purchase
14243,United Kingdom,2535.88,10,1221.0,253.59,2010-12-09 08:34,2011-12-01 11:12,8,10,2535.88,5,5,5,555,Champions,Nurture and recommend next purchase
12963,United Kingdom,1841.03,8,881.0,230.13,2010-12-09 09:14,2011-12-01 12:55,7,8,1841.03,5,5,4,554,Champions,Nurture and recommend next purchase
15079,United Kingdom,893.66,4,389.0,223.41,2010-12-09 09:25,2011-05-11 12:45,212,4,893.66,1,4,3,143,Inactive,Win-back campaign
14437,United Kingdom,-43.4,1,60.0,-43.4,2010-12-09 09:27,2011-07-19 14:56,142,1,-43.4,2,2,1,221,Inactive,Win-back campaign
12942,United Kingdom,675.6,3,198.0,225.2,2010-12-09 09:34,2011-07-31 14:39,130,3,675.6,2,4,3,243,Inactive,Win-back campaign
15660,United Kingdom,1552.01,9,1050.0,172.45,2010-12-09 09:49,2011-11-14 16:58,24,9,1552.01,4,5,4,454,Champions,Nurture and recommend next purchase
18092,United Kingdom,9065.76,11,4252.0,824.16,2010-12-09 10:00,2011-12-07 13:14,1,11,9065.76,5,5,5,555,Champions,Nurture and recommend next purchase
15358,United Kingdom,8235.65,22,7050.0,374.35,2010-12-09 10:04,2011-12-05 09:04,4,22,8235.65,5,5,5,555,Champions,Nurture and recommend next purchase
12481,Germany,5574.36,10,3294.0,557.44,2010-12-09 10:13,2011-11-17 08:29,22,10,5574.36,4,5,5,455,Champions,Nurture and recommend next purchase
12721,France,2628.98,6,1959.0,438.16,2010-12-09 10:14,2011-11-08 12:13,31,6,2628.98,3,5,5,355,Champions,Nurture and recommend next purchase
12621,Germany,13612.07,20,7440.0,680.6,2010-12-09 10:16,2011-12-08 11:25,1,20,13612.07,5,5,5,555,Champions,Nurture and recommend next purchase
18071,United Kingdom,453.0,2,260.0,226.5,2010-12-09 10:33,2011-03-27 11:59,257,2,453.0,1,3,2,132,Inactive,Win-back campaign
12683,France,8221.09,15,4987.0,548.07,2010-12-09 10:37,2011-12-05 16:31,3,15,8221.09,5,5,5,555,Champions,Nurture and recommend next purchase
12755,Japan,2203.2,2,1491.0,1101.6,2010-12-09 10:44,2011-04-04 10:12,249,2,2203.2,1,3,5,135,At-risk high value,Personal outreach + tailored offer
13854,United Kingdom,8025.02,25,2296.0,321.0,2010-12-09 10:48,2011-12-01 09:06,8,25,8025.02,5,5,5,555,Champions,Nurture and recommend next purchase
12797,Portugal,194.18,1,118.0,194.18,2010-12-09 10:55,2010-12-14 16:24,359,1,194.18,1,2,1,121,Inactive,Win-back campaign
13369,United Kingdom,263.75,1,149.0,263.75,2010-12-09 11:30,2010-12-20 14:02,353,1,263.75,1,2,2,122,Inactive,Win-back campaign
12494,France,1139.35,7,707.0,162.76,2010-12-09 11:31,2011-11-30 09:21,9,7,1139.35,5,5,4,554,Champions,Nurture and recommend next purchase
17857,United Kingdom,26763.34,23,19256.0,1163.62,2010-12-09 11:35,2011-12-06 13:41,2,23,26763.34,5,5,5,555,Champions,Nurture and recommend next purchase
17411,United Kingdom,748.94,3,306.0,249.65,2010-12-09 11:42,2011-11-27 14:25,11,3,748.94,4,4,3,443,Loyal customers,Nurture and recommend next purchase
14932,Channel Islands,363.53,1,80.0,363.53,2010-12-09 11:48,2010-12-09 11:48,365,1,363.53,1,2,2,122,Inactive,Win-back campaign
12429,Denmark,3750.4,4,1557.0,937.6,2010-12-09 12:05,2011-11-30 17:22,8,4,3750.4,5,4,5,545,Champions,Nurture and recommend next purchase
14987,United Kingdom,326.4,2,128.0,163.2,2010-12-09 12:13,2011-11-24 09:59,15,2,326.4,4,3,2,432,Growing customers,Nurture and recommend next purchase
14355,United Kingdom,174.4,1,92.0,174.4,2010-12-09 12:16,2010-12-09 12:16,365,1,174.4,1,2,1,121,Inactive,Win-back campaign
17526,United Kingdom,706.7,4,310.0,176.68,2010-12-09 12:20,2011-12-08 18:56,0,4,706.7,5,4,3,543,Loyal customers,Nurture and recommend next purchase
14896,United Kingdom,468.77,2,279.0,234.38,2010-12-09 12:24,2011-05-19 10:20,204,2,468.77,1,3,3,133,Inactive,Win-back campaign
14440,United Kingdom,2357.68,5,588.0,471.54,2010-12-09 12:49,2011-12-01 15:42,7,5,2357.68,5,5,5,555,Champions,Nurture and recommend next purchase
13240,United Kingdom,663.65,4,298.0,165.91,2010-12-09 12:49,2011-09-04 14:08,95,4,663.65,2,4,3,243,Inactive,Win-back campaign
14479,United Kingdom,316.25,2,117.0,158.12,2010-12-09 12:59,2011-03-31 09:07,253,2,316.25,1,3,2,132,Inactive,Win-back campaign
16065,United Kingdom,367.14,1,228.0,367.14,2010-12-09 13:03,2010-12-09 13:03,364,1,367.14,1,2,2,122,Inactive,Win-back campaign
17430,United Kingdom,265.76,2,190.0,132.88,2010-12-09 13:05,2011-11-07 09:24,32,2,265.76,3,3,2,332,Growing customers,Nurture and recommend next purchase
16520,United Kingdom,1036.62,3,558.0,345.54,2010-12-09 13:08,2011-06-06 13:24,185,3,1036.62,1,4,4,144,At-risk high value,Personal outreach + tailored offer
15945,United Kingdom,181.0,1,52.0,181.0,2010-12-09 13:14,2010-12-09 13:14,364,1,181.0,1,2,1,121,Inactive,Win-back campaign
15181,United Kingdom,680.28,3,544.0,226.76,2010-12-09 13:28,2011-10-04 13:58,65,3,680.28,3,4,3,343,Loyal customers,Nurture and recommend next purchase
15856,United Kingdom,15929.74,27,10866.0,589.99,2010-12-09 13:34,2011-12-05 17:09,3,27,15929.74,5,5,5,555,Champions,Nurture and recommend next purchase
13102,United Kingdom,6336.29,24,4204.0,264.01,2010-12-09 13:38,2011-12-08 12:52,0,24,6336.29,5,5,5,555,Champions,Nurture and recommend next purchase
14205,United Kingdom,218.78,2,204.0,109.39,2010-12-09 13:38,2011-11-29 11:56,10,2,218.78,4,3,1,431,Growing customers,Nurture and recommend next purchase
17702,United Kingdom,1719.72,4,1353.0,429.93,2010-12-09 13:40,2011-11-09 16:03,29,4,1719.72,4,4,4,444,Loyal customers,Nurture and recommend next purchase
15271,United Kingdom,2472.09,15,1251.0,164.81,2010-12-09 13:47,2011-12-02 14:11,6,15,2472.09,5,5,5,555,Champions,Nurture and recommend next purchase
13982,United Kingdom,1861.11,4,1136.0,465.28,2010-12-09 13:57,2011-10-31 16:24,38,4,1861.11,3,4,4,344,Loyal customers,Nurture and recommend next purchase
15288,United Kingdom,2306.52,5,775.0,461.3,2010-12-09 13:59,2011-10-27 16:58,42,5,2306.52,3,5,5,355,Champions,Nurture and recommend next purchase
17978,United Kingdom,300.92,1,499.0,300.92,2010-12-09 14:05,2010-12-09 14:05,364,1,300.92,1,2,2,122,Inactive,Win-back campaign
16795,United Kingdom,414.88,1,239.0,414.88,2010-12-09 14:08,2010-12-09 14:08,364,1,414.88,1,2,2,122,Inactive,Win-back campaign
16519,United Kingdom,215.08,2,54.0,107.54,2010-12-09 14:08,2011-11-14 15:41,24,2,215.08,4,3,1,431,Growing customers,Nurture and recommend next purchase
17816,United Kingdom,36.56,4,30.0,9.14,2010-12-09 14:10,2011-11-03 11:34,36,4,36.56,3,4,1,341,Growing customers,Nurture and recommend next purchase
13021,United Kingdom,2584.4,9,1352.0,287.16,2010-12-09 14:12,2011-12-05 16:37,3,9,2584.4,5,5,5,555,Champions,Nurture and recommend next purchase
16255,United Kingdom,2609.3,8,1767.0,326.16,2010-12-09 14:25,2011-11-23 12:40,16,8,2609.3,4,5,5,455,Champions,Nurture and recommend next purchase
17671,United Kingdom,1284.08,4,772.0,321.02,2010-12-09 14:27,2011-11-24 12:21,15,4,1284.08,4,4,4,444,Loyal customers,Nurture and recommend next purchase
17646,United Kingdom,995.66,3,323.0,331.89,2010-12-09 14:28,2011-05-04 13:17,218,3,995.66,1,4,4,144,At-risk high value,Personal outreach + tailored offer
12649,Germany,603.71,3,586.0,201.24,2010-12-09 14:42,2011-08-24 14:41,106,3,603.71,2,4,3,243,Inactive,Win-back campaign
16350,United Kingdom,1100.47,4,545.0,275.12,2010-12-09 14:43,2011-11-18 15:53,20,4,1100.47,4,4,4,444,Loyal customers,Nurture and recommend next purchase
12872,United Kingdom,599.97,2,319.0,299.99,2010-12-09 14:44,2011-01-17 10:52,326,2,599.97,1,3,3,133,Inactive,Win-back campaign
17339,United Kingdom,243.36,2,152.0,121.68,2010-12-09 14:44,2011-09-06 13:29,93,2,243.36,2,3,2,232,Inactive,Win-back campaign
18230,United Kingdom,2716.6,7,1316.0,388.09,2010-12-09 14:47,2011-11-30 13:22,8,7,2716.6,5,5,5,555,Champions,Nurture and recommend next purchase
16499,United Kingdom,319.1,2,127.0,159.55,2010-12-09 14:48,2010-12-14 15:20,359,2,319.1,1,3,2,132,Inactive,Win-back campaign
17097,Spain,937.92,8,459.0,117.24,2010-12-09 14:55,2011-12-07 17:05,1,8,937.92,5,5,4,554,Champions,Nurture and recommend next purchase
15192,United Kingdom,1044.32,3,918.0,348.11,2010-12-09 14:56,2011-08-12 11:41,119,3,1044.32,2,4,4,244,Loyal customers,Nurture and recommend next purchase
14441,United Kingdom,1545.14,4,446.0,386.29,2010-12-09 14:57,2011-12-09 09:07,0,4,1545.14,5,4,4,544,Champions,Nurture and recommend next purchase
15279,United Kingdom,277.41,1,189.0,277.41,2010-12-09 14:58,2010-12-20 10:48,354,1,277.41,1,2,2,122,Inactive,Win-back campaign
16579,United Kingdom,-30.6,0,0,0,2010-12-09 15:00,2010-12-09 15:00,364,0,-30.6,1,1,1,111,Inactive,Win-back campaign
15380,United Kingdom,1682.36,5,376.0,336.47,2010-12-09 15:01,2011-12-01 12:13,8,5,1682.36,5,5,4,554,Champions,Nurture and recommend next purchase
17442,United Kingdom,2210.26,6,1496.0,368.38,2010-12-09 15:13,2011-11-10 14:54,28,6,2210.26,4,5,5,455,Champions,Nurture and recommend next purchase
17950,United Kingdom,472.12,3,366.0,157.37,2010-12-09 15:16,2011-09-28 15:18,71,3,472.12,2,4,3,243,Inactive,Win-back campaign
12826,United Kingdom,1468.12,7,1058.0,209.73,2010-12-09 15:21,2011-12-07 10:25,2,7,1468.12,5,5,4,554,Champions,Nurture and recommend next purchase
17456,United Kingdom,249.86,1,222.0,249.86,2010-12-09 15:23,2010-12-09 15:23,364,1,249.86,1,2,2,122,Inactive,Win-back campaign
17307,United Kingdom,-152.64,0,0,0,2010-12-09 15:24,2010-12-09 15:24,364,0,-152.64,1,1,1,111,Inactive,Win-back campaign
15811,United Kingdom,2171.32,6,1071.0,361.89,2010-12-09 15:29,2011-11-22 15:29,16,6,2171.32,4,5,5,455,Champions,Nurture and recommend next purchase
13327,United Kingdom,3617.57,8,1600.0,452.2,2010-12-09 15:32,2011-11-01 10:21,38,8,3617.57,3,5,5,355,Champions,Nurture and recommend next purchase
17700,United Kingdom,2508.89,4,1266.0,627.22,2010-12-09 15:33,2011-11-23 11:51,16,4,2508.89,4,4,5,445,Champions,Nurture and recommend next purchase
13136,United Kingdom,2545.38,5,1328.0,509.08,2010-12-09 15:34,2011-10-20 19:13,49,5,2545.38,3,5,5,355,Champions,Nurture and recommend next purchase
15535,United Kingdom,426.4,4,135.0,106.6,2010-12-09 15:36,2011-06-19 16:02,172,4,426.4,2,4,2,242,Inactive,Win-back campaign
12605,Germany,-7.5,0,0,0,2010-12-09 15:41,2010-12-09 15:41,364,0,-7.5,1,1,1,111,Inactive,Win-back campaign
15329,United Kingdom,1005.5,3,486.0,335.17,2010-12-09 15:43,2011-11-04 12:56,34,3,1005.5,3,4,4,344,Loyal customers,Nurture and recommend next purchase
15211,United Kingdom,894.41,2,240.0,447.2,2010-12-09 16:08,2011-10-10 13:31,59,2,894.41,3,3,3,333,Growing customers,Nurture and recommend next purchase
15596,United Kingdom,1343.34,5,561.0,268.67,2010-12-09 16:10,2011-08-31 10:55,100,5,1343.34,2,5,4,254,Loyal customers,Nurture and recommend next purchase
16163,United Kingdom,441.6,2,192.0,220.8,2010-12-09 16:28,2011-04-28 19:43,224,2,441.6,1,3,2,132,Inactive,Win-back campaign
16907,United Kingdom,928.76,5,286.0,185.75,2010-12-09 16:52,2011-11-10 18:04,28,5,928.76,4,5,4,454,Champions,Nurture and recommend next purchase
17576,United Kingdom,3399.93,19,1967.0,178.94,2010-12-09 16:57,2011-12-01 18:12,7,19,3399.93,5,5,5,555,Champions,Nurture and recommend next purchase
14713,United Kingdom,2660.1,11,1613.0,241.83,2010-12-09 18:58,2011-11-30 16:26,8,11,2660.1,5,5,5,555,Champions,Nurture and recommend next purchase
14702,United Kingdom,3210.29,17,1439.0,188.84,2010-12-09 19:23,2011-12-08 19:29,0,17,3210.29,5,5,5,555,Champions,Nurture and recommend next purchase
13230,United Kingdom,2712.07,14,1638.0,193.72,2010-12-09 19:28,2011-12-05 16:03,3,14,2712.07,5,5,5,555,Champions,Nurture and recommend next purchase
13969,United Kingdom,8956.92,18,4528.0,497.61,2010-12-09 19:32,2011-12-02 15:11,6,18,8956.92,5,5,5,555,Champions,Nurture and recommend next purchase
17530,United Kingdom,2367.12,10,1514.0,236.71,2010-12-09 20:01,2011-12-08 18:42,0,10,2367.12,5,5,5,555,Champions,Nurture and recommend next purchase
15805,United Kingdom,5411.87,17,3367.0,318.35,2010-12-10 09:33,2011-11-16 16:32,22,17,5411.87,4,5,5,455,Champions,Nurture and recommend next purchase
17696,United Kingdom,2201.05,8,1756.0,275.13,2010-12-10 09:51,2011-11-01 13:43,37,8,2201.05,3,5,5,355,Champions,Nurture and recommend next purchase
17076,United Kingdom,841.08,3,295.0,280.36,2010-12-10 10:08,2011-11-03 17:53,35,3,841.08,3,4,3,343,Loyal customers,Nurture and recommend next purchase
17827,United Kingdom,1987.33,5,1240.0,397.47,2010-12-10 10:18,2011-12-04 15:00,4,5,1987.33,5,5,4,554,Champions,Nurture and recommend next purchase
16265,United Kingdom,5423.15,9,2646.0,602.57,2010-12-10 10:21,2011-11-30 16:41,8,9,5423.15,5,5,5,555,Champions,Nurture and recommend next purchase
17880,United Kingdom,458.92,1,314.0,458.92,2010-12-10 10:21,2010-12-10 10:21,364,1,458.92,1,2,2,122,Inactive,Win-back campaign
13000,United Kingdom,534.85,3,379.0,178.28,2010-12-10 10:26,2011-08-25 10:43,106,3,534.85,2,4,3,243,Inactive,Win-back campaign
17790,United Kingdom,1964.3,14,835.0,140.31,2010-12-10 10:47,2011-11-13 11:30,26,14,1964.3,4,5,4,454,Champions,Nurture and recommend next purchase
12731,France,18793.41,12,8437.0,1566.12,2010-12-10 10:56,2011-11-16 11:59,23,12,18793.41,4,5,5,455,Champions,Nurture and recommend next purchase
14419,United Kingdom,1051.79,6,483.0,175.3,2010-12-10 10:56,2011-11-29 11:22,10,6,1051.79,4,5,4,454,Champions,Nurture and recommend next purchase
14082,United Kingdom,182.25,1,110.0,182.25,2010-12-10 11:02,2010-12-10 11:02,364,1,182.25,1,2,1,121,Inactive,Win-back campaign
17912,United Kingdom,294.66,5,184.0,58.93,2010-12-10 11:11,2011-02-02 14:25,309,5,294.66,1,5,2,152,Inactive,Win-back campaign
15723,United Kingdom,190.7,1,73.0,190.7,2010-12-10 11:12,2010-12-10 11:12,364,1,190.7,1,2,1,121,Inactive,Win-back campaign
16656,United Kingdom,8568.24,15,8894.0,571.22,2010-12-10 11:23,2011-11-17 14:43,21,15,8568.24,4,5,5,455,Champions,Nurture and recommend next purchase
14037,United Kingdom,147.2,2,46.0,73.6,2010-12-10 11:39,2011-06-16 13:57,175,2,147.2,2,3,1,231,Inactive,Win-back campaign
14256,United Kingdom,935.06,2,414.0,467.53,2010-12-10 11:44,2011-03-30 16:39,253,2,935.06,1,3,4,134,At-risk high value,Personal outreach + tailored offer
14543,United Kingdom,2916.17,16,675.0,182.26,2010-12-10 11:51,2011-12-06 10:32,3,16,2916.17,5,5,5,555,Champions,Nurture and recommend next purchase
16062,United Kingdom,1153.62,4,800.0,288.4,2010-12-10 12:00,2011-11-30 12:15,9,4,1153.62,5,4,4,544,Champions,Nurture and recommend next purchase
18116,United Kingdom,1403.11,8,837.0,175.39,2010-12-10 12:14,2011-10-03 11:00,67,8,1403.11,3,5,4,354,Loyal customers,Nurture and recommend next purchase
16019,United Kingdom,3450.24,9,1733.0,383.36,2010-12-10 12:29,2011-12-08 10:06,1,9,3450.24,5,5,5,555,Champions,Nurture and recommend next purchase
18178,United Kingdom,1573.41,4,983.0,393.35,2010-12-10 12:42,2011-08-18 06:34,113,4,1573.41,2,4,4,244,Loyal customers,Nurture and recommend next purchase
18065,United Kingdom,2380.08,14,1027.0,170.01,2010-12-10 12:44,2011-12-04 10:30,5,14,2380.08,5,5,5,555,Champions,Nurture and recommend next purchase
13148,United Kingdom,3324.62,12,1965.0,277.05,2010-12-10 13:06,2011-11-10 15:23,28,12,3324.62,4,5,5,455,Champions,Nurture and recommend next purchase
12989,United Kingdom,6854.51,15,2943.0,456.97,2010-12-10 13:24,2011-12-06 15:28,2,15,6854.51,5,5,5,555,Champions,Nurture and recommend next purchase
14107,United Kingdom,2688.48,7,1793.0,384.07,2010-12-10 13:29,2011-10-19 12:12,51,7,2688.48,3,5,5,355,Champions,Nurture and recommend next purchase
15881,United Kingdom,438.24,5,260.0,87.65,2010-12-10 13:32,2011-01-31 16:59,311,5,438.24,1,5,2,152,Inactive,Win-back campaign
12785,Portugal,305.71,1,131.0,305.71,2010-12-10 13:48,2011-12-07 12:46,2,1,305.71,5,2,2,522,Growing customers,Nurture and recommend next purchase
16727,United Kingdom,256.32,1,167.0,256.32,2010-12-10 13:48,2010-12-10 13:48,363,1,256.32,1,2,2,122,Inactive,Win-back campaign
15514,United Kingdom,2907.45,11,2098.0,264.31,2010-12-10 13:50,2011-11-27 14:40,11,11,2907.45,4,5,5,455,Champions,Nurture and recommend next purchase
13787,United Kingdom,309.04,2,337.0,154.52,2010-12-10 14:45,2011-09-25 12:06,75,2,309.04,2,3,2,232,Inactive,Win-back campaign
17865,United Kingdom,10158.54,20,5757.0,507.93,2010-12-10 14:53,2011-11-09 12:08,30,20,10158.54,4,5,5,455,Champions,Nurture and recommend next purchase
17220,United Kingdom,3187.55,14,1897.0,227.68,2010-12-10 14:54,2011-11-15 13:47,23,14,3187.55,4,5,5,455,Champions,Nurture and recommend next purchase
16565,United Kingdom,173.7,1,46.0,173.7,2010-12-10 15:21,2010-12-10 15:21,363,1,173.7,1,2,1,121,Inactive,Win-back campaign
16873,United Kingdom,7066.31,6,3840.0,1177.72,2010-12-10 15:45,2011-12-05 12:05,4,6,7066.31,5,5,5,555,Champions,Nurture and recommend next purchase
14062,United Kingdom,10464.85,12,5593.0,872.07,2010-12-10 15:56,2011-11-30 10:04,9,12,10464.85,5,5,5,555,Champions,Nurture and recommend next purchase
15179,United Kingdom,2186.2,5,1938.0,437.24,2010-12-10 17:05,2011-11-21 12:53,17,5,2186.2,4,5,5,455,Champions,Nurture and recommend next purchase
18016,United Kingdom,1477.66,5,1027.0,295.53,2010-12-10 17:14,2011-11-07 13:25,31,5,1477.66,3,5,4,354,Loyal customers,Nurture and recommend next purchase
14448,United Kingdom,375.35,2,104.0,187.67,2010-12-10 17:26,2011-11-30 13:50,8,2,375.35,5,3,2,532,Loyal customers,Nurture and recommend next purchase
15503,United Kingdom,141.04,1,70.0,141.04,2010-12-12 10:57,2010-12-12 10:57,362,1,141.04,1,2,1,121,Inactive,Win-back campaign
17251,United Kingdom,269.83,1,108.0,269.83,2010-12-12 11:06,2010-12-12 11:06,362,1,269.83,1,2,2,122,Inactive,Win-back campaign
16923,United Kingdom,6488.3,19,3344.0,341.49,2010-12-12 11:06,2011-11-27 13:00,11,19,6488.3,4,5,5,455,Champions,Nurture and recommend next purchase
14159,United Kingdom,4615.64,11,4348.0,419.6,2010-12-12 11:17,2011-11-20 12:36,19,11,4615.64,4,5,5,455,Champions,Nurture and recommend next purchase
17126,United Kingdom,976.55,5,780.0,195.31,2010-12-12 11:19,2011-07-10 13:52,151,5,976.55,2,5,4,254,Loyal customers,Nurture and recommend next purchase
15224,United Kingdom,310.48,2,152.0,155.24,2010-12-12 11:23,2010-12-16 15:02,357,2,310.48,1,3,2,132,Inactive,Win-back campaign
14577,United Kingdom,859.71,4,353.0,214.93,2010-12-12 11:26,2011-11-27 12:47,12,4,859.71,4,4,3,443,Loyal customers,Nurture and recommend next purchase
12753,Japan,21024.01,6,11421.0,3504.0,2010-12-12 11:44,2011-12-06 11:40,3,6,21024.01,5,5,5,555,Champions,Nurture and recommend next purchase
17236,United Kingdom,916.13,6,474.0,152.69,2010-12-12 11:49,2011-11-27 12:00,12,6,916.13,4,5,4,454,Champions,Nurture and recommend next purchase
17372,United Kingdom,1337.18,8,747.0,167.15,2010-12-12 12:00,2011-10-30 11:37,40,8,1337.18,3,5,4,354,Loyal customers,Nurture and recommend next purchase
16367,United Kingdom,800.67,2,643.0,400.33,2010-12-12 12:01,2011-11-02 13:13,36,2,800.67,3,3,3,333,Growing customers,Nurture and recommend next purchase
12875,United Kingdom,343.23,2,2019.0,171.62,2010-12-12 12:03,2011-07-19 15:30,142,2,343.23,2,3,2,232,Inactive,Win-back campaign
17917,United Kingdom,335.03,3,184.0,111.68,2010-12-12 12:08,2011-10-25 13:20,44,3,335.03,3,4,2,342,Growing customers,Nurture and recommend next purchase
16010,United Kingdom,392.4,3,202.0,130.8,2010-12-12 12:18,2011-04-08 10:14,245,3,392.4,1,4,2,142,Inactive,Win-back campaign
17085,United Kingdom,1550.8,5,785.0,310.16,2010-12-12 12:24,2011-08-08 14:15,122,5,1550.8,2,5,4,254,Loyal customers,Nurture and recommend next purchase
13668,United Kingdom,6162.31,21,3722.0,293.44,2010-12-12 12:35,2011-12-07 12:14,2,21,6162.31,5,5,5,555,Champions,Nurture and recommend next purchase
14684,United Kingdom,1201.51,5,821.0,240.3,2010-12-12 12:44,2011-11-14 11:33,25,5,1201.51,4,5,4,454,Champions,Nurture and recommend next purchase
17188,United Kingdom,2275.58,7,1328.0,325.08,2010-12-12 12:56,2011-11-28 13:53,10,7,2275.58,4,5,5,455,Champions,Nurture and recommend next purchase
15547,United Kingdom,4910.6,14,3999.0,350.76,2010-12-12 13:26,2011-12-02 12:52,6,14,4910.6,5,5,5,555,Champions,Nurture and recommend next purchase
15998,United Kingdom,3074.42,5,2032.0,614.88,2010-12-12 13:32,2011-11-03 12:45,36,5,3074.42,3,5,5,355,Champions,Nurture and recommend next purchase
14413,United Kingdom,121.05,1,67.0,121.05,2010-12-12 13:37,2010-12-12 13:37,361,1,121.05,1,2,1,121,Inactive,Win-back campaign
18004,United Kingdom,157.92,1,75.0,157.92,2010-12-12 13:47,2010-12-12 13:47,361,1,157.92,1,2,1,121,Inactive,Win-back campaign
13959,United Kingdom,594.04,3,355.0,198.01,2010-12-12 13:56,2011-09-21 15:06,78,3,594.04,2,4,3,243,Inactive,Win-back campaign
16665,United Kingdom,135.4,1,59.0,135.4,2010-12-12 14:03,2010-12-12 14:03,361,1,135.4,1,2,1,121,Inactive,Win-back campaign
15454,United Kingdom,179.1,1,86.0,179.1,2010-12-12 14:21,2010-12-12 14:21,361,1,179.1,1,2,1,121,Inactive,Win-back campaign
15044,United Kingdom,7563.88,17,2785.0,444.93,2010-12-12 14:27,2011-11-20 13:20,18,17,7563.88,4,5,5,455,Champions,Nurture and recommend next purchase
17937,United Kingdom,4301.22,7,1754.0,614.46,2010-12-12 14:43,2011-12-01 11:45,8,7,4301.22,5,5,5,555,Champions,Nurture and recommend next purchase
14608,United Kingdom,1785.15,4,437.0,446.29,2010-12-12 14:49,2011-12-05 16:52,3,4,1785.15,5,4,4,544,Champions,Nurture and recommend next purchase
17618,United Kingdom,930.28,3,319.0,310.09,2010-12-12 16:05,2011-12-04 11:50,5,3,930.28,5,4,4,544,Champions,Nurture and recommend next purchase
14505,United Kingdom,5772.49,8,2739.0,721.56,2010-12-12 16:14,2011-11-22 15:45,16,8,5772.49,4,5,5,455,Champions,Nurture and recommend next purchase
18037,United Kingdom,70.02,6,20.0,11.67,2010-12-12 16:20,2011-07-08 13:39,153,6,70.02,2,5,1,251,Inactive,Win-back campaign
13198,United Kingdom,3384.09,6,2648.0,564.01,2010-12-13 09:29,2011-11-29 15:17,9,6,3384.09,5,5,5,555,Champions,Nurture and recommend next purchase
12540,Spain,13309.04,17,6685.0,782.88,2010-12-13 09:39,2011-11-20 11:31,19,17,13309.04,4,5,5,455,Champions,Nurture and recommend next purchase
13225,United Kingdom,6083.04,7,3416.0,869.01,2010-12-13 09:49,2011-12-06 13:29,2,7,6083.04,5,5,5,555,Champions,Nurture and recommend next purchase
15361,United Kingdom,418.92,1,336.0,418.92,2010-12-13 09:52,2010-12-13 09:52,361,1,418.92,1,2,2,122,Inactive,Win-back campaign
15689,United Kingdom,254.1,2,84.0,127.05,2010-12-13 09:57,2011-08-12 09:37,119,2,254.1,2,3,2,232,Inactive,Win-back campaign
14290,United Kingdom,2307.45,5,915.0,461.49,2010-12-13 10:24,2011-11-28 14:02,10,5,2307.45,4,5,5,455,Champions,Nurture and recommend next purchase
13209,United Kingdom,5820.16,8,4253.0,727.52,2010-12-13 10:31,2011-11-09 13:54,29,8,5820.16,4,5,5,455,Champions,Nurture and recommend next purchase
13999,United Kingdom,3865.26,12,2243.0,322.11,2010-12-13 11:23,2011-11-29 13:40,9,12,3865.26,5,5,5,555,Champions,Nurture and recommend next purchase
14498,United Kingdom,1957.32,5,1098.0,391.46,2010-12-13 11:29,2011-10-28 12:09,42,5,1957.32,3,5,4,354,Loyal customers,Nurture and recommend next purchase
15854,United Kingdom,2969.12,12,926.0,247.43,2010-12-13 11:47,2011-12-05 13:39,3,12,2969.12,5,5,5,555,Champions,Nurture and recommend next purchase
16701,United Kingdom,5150.27,13,6393.0,396.17,2010-12-13 11:51,2011-12-01 11:10,8,13,5150.27,5,5,5,555,Champions,Nurture and recommend next purchase
16927,United Kingdom,543.05,3,993.0,181.02,2010-12-13 11:57,2011-08-16 11:10,115,3,543.05,2,4,3,243,Inactive,Win-back campaign
17990,United Kingdom,630.84,3,414.0,210.28,2010-12-13 12:10,2011-04-17 11:44,236,3,630.84,1,4,3,143,Inactive,Win-back campaign
14544,United Kingdom,2004.3,2,1536.0,1002.15,2010-12-13 12:50,2011-11-15 15:06,23,2,2004.3,4,3,5,435,Loyal customers,Nurture and recommend next purchase
17338,United Kingdom,6461.79,8,3059.0,807.72,2010-12-13 12:57,2011-11-22 14:23,16,8,6461.79,4,5,5,455,Champions,Nurture and recommend next purchase
17231,United Kingdom,3078.22,10,1724.0,307.82,2010-12-13 13:09,2011-11-27 15:18,11,10,3078.22,4,5,5,455,Champions,Nurture and recommend next purchase
17799,United Kingdom,3009.32,10,1753.0,300.93,2010-12-13 13:10,2011-11-17 15:16,21,10,3009.32,4,5,5,455,Champions,Nurture and recommend next purchase
14565,United Kingdom,3073.77,4,1540.0,768.44,2010-12-13 13:25,2011-09-05 12:37,95,4,3073.77,2,4,5,245,Loyal customers,Nurture and recommend next purchase
16726,United Kingdom,1358.74,5,945.0,271.75,2010-12-13 13:28,2011-11-13 14:53,25,5,1358.74,4,5,4,454,Champions,Nurture and recommend next purchase
17303,United Kingdom,250.04,1,144.0,250.04,2010-12-13 13:32,2010-12-13 13:32,360,1,250.04,1,2,2,122,Inactive,Win-back campaign
14639,United Kingdom,2952.34,6,1431.0,492.06,2010-12-13 13:50,2011-10-18 15:06,51,6,2952.34,3,5,5,355,Champions,Nurture and recommend next purchase
17611,United Kingdom,3924.77,15,2550.0,261.65,2010-12-13 13:52,2011-12-06 09:46,3,15,3924.77,5,5,5,555,Champions,Nurture and recommend next purchase
17179,United Kingdom,711.79,3,290.0,237.26,2010-12-13 14:24,2011-06-14 16:48,177,3,711.79,2,4,3,243,Inactive,Win-back campaign
17524,United Kingdom,145.0,1,90.0,145.0,2010-12-13 14:32,2010-12-13 14:32,360,1,145.0,1,2,1,121,Inactive,Win-back campaign
12476,Germany,6546.58,11,2408.0,595.14,2010-12-13 14:37,2011-12-08 14:08,0,11,6546.58,5,5,5,555,Champions,Nurture and recommend next purchase
17293,United Kingdom,1854.06,9,1135.0,206.01,2010-12-13 14:55,2011-12-01 14:37,7,9,1854.06,5,5,4,554,Champions,Nurture and recommend next purchase
17890,United Kingdom,586.89,2,402.0,293.44,2010-12-13 15:12,2011-01-21 11:19,322,2,586.89,1,3,3,133,Inactive,Win-back campaign
17375,United Kingdom,372.5,3,367.0,124.17,2010-12-13 15:16,2011-06-02 17:30,189,3,372.5,1,4,2,142,Inactive,Win-back campaign
17371,United Kingdom,418.4,3,151.0,139.47,2010-12-13 15:20,2011-11-22 13:30,16,3,418.4,4,4,2,442,Loyal customers,Nurture and recommend next purchase
17969,United Kingdom,228.2,2,152.0,114.1,2010-12-13 15:34,2011-06-26 13:00,165,2,228.2,2,3,1,231,Inactive,Win-back campaign
15159,United Kingdom,18573.68,30,11441.0,619.12,2010-12-13 15:44,2011-12-08 12:05,1,30,18573.68,5,5,5,555,Champions,Nurture and recommend next purchase
13211,United Kingdom,1095.42,3,834.0,365.14,2010-12-13 16:17,2011-11-29 14:43,9,3,1095.42,5,4,4,544,Champions,Nurture and recommend next purchase
15777,United Kingdom,1021.61,4,378.0,255.4,2010-12-13 16:38,2011-04-12 16:43,240,4,1021.61,1,4,4,144,At-risk high value,Personal outreach + tailored offer
14525,United Kingdom,4105.07,9,2637.0,456.12,2010-12-13 17:40,2011-12-01 08:53,8,9,4105.07,5,5,5,555,Champions,Nurture and recommend next purchase
13324,United Kingdom,7072.8,10,5205.0,707.28,2010-12-14 09:50,2011-11-07 15:51,31,10,7072.8,3,5,5,355,Champions,Nurture and recommend next purchase
13802,United Kingdom,3906.27,3,2572.0,1302.09,2010-12-14 09:54,2011-07-24 13:26,137,3,3906.27,2,4,5,245,Loyal customers,Nurture and recommend next purchase
13948,United Kingdom,102.0,1,40.0,102.0,2010-12-14 10:18,2010-12-14 10:18,360,1,102.0,1,2,1,121,Inactive,Win-back campaign
13008,United Kingdom,178.47,1,175.0,178.47,2010-12-14 10:28,2011-01-20 14:24,322,1,178.47,1,2,1,121,Inactive,Win-back campaign
14206,United Kingdom,308.26,1,276.0,308.26,2010-12-14 10:31,2011-04-14 16:38,238,1,308.26,1,2,2,122,Inactive,Win-back campaign
16202,United Kingdom,365.27,1,191.0,365.27,2010-12-14 10:43,2010-12-14 10:43,360,1,365.27,1,2,2,122,Inactive,Win-back campaign
16442,United Kingdom,609.3,3,443.0,203.1,2010-12-14 10:46,2011-12-08 11:43,1,3,609.3,5,4,3,543,Loyal customers,Nurture and recommend next purchase
18075,United Kingdom,2538.72,10,1464.0,253.87,2010-12-14 10:48,2011-11-16 15:21,22,10,2538.72,4,5,5,455,Champions,Nurture and recommend next purchase
15468,United Kingdom,438.46,2,155.0,219.23,2010-12-14 10:50,2011-11-04 13:11,34,2,438.46,3,3,2,332,Growing customers,Nurture and recommend next purchase
16570,United Kingdom,3622.95,10,2112.0,362.29,2010-12-14 10:53,2011-12-01 08:56,8,10,3622.95,5,5,5,555,Champions,Nurture and recommend next purchase
14524,United Kingdom,1843.83,9,669.0,204.87,2010-12-14 11:01,2011-11-08 12:29,31,9,1843.83,3,5,4,354,Loyal customers,Nurture and recommend next purchase
18141,United Kingdom,-35.4,0,0,0,2010-12-14 11:09,2010-12-14 11:09,360,0,-35.4,1,1,1,111,Inactive,Win-back campaign
12434,Australia,765.19,2,394.0,382.6,2010-12-14 11:12,2011-09-16 12:38,84,2,765.19,2,3,3,233,Inactive,Win-back campaign
16810,United Kingdom,275.64,1,114.0,275.64,2010-12-14 11:24,2011-05-31 15:32,191,1,275.64,1,2,2,122,Inactive,Win-back campaign
14961,United Kingdom,7006.58,9,3708.0,778.51,2010-12-14 11:38,2011-11-29 09:42,10,9,7006.58,4,5,5,455,Champions,Nurture and recommend next purchase
17041,United Kingdom,1055.69,3,927.0,351.9,2010-12-14 11:43,2011-11-13 11:21,26,3,1055.69,4,4,4,444,Loyal customers,Nurture and recommend next purchase
16458,United Kingdom,3482.74,18,2154.0,193.49,2010-12-14 11:51,2011-12-07 09:34,2,18,3482.74,5,5,5,555,Champions,Nurture and recommend next purchase
16083,United Kingdom,1317.62,2,908.0,658.81,2010-12-14 11:51,2011-08-31 10:47,100,2,1317.62,2,3,4,234,At-risk high value,Personal outreach + tailored offer
16262,United Kingdom,-31.65,0,0,0,2010-12-14 11:55,2010-12-14 11:55,360,0,-31.65,1,1,1,111,Inactive,Win-back campaign
17194,United Kingdom,262.62,2,119.0,131.31,2010-12-14 12:06,2011-03-11 12:05,273,2,262.62,1,3,2,132,Inactive,Win-back campaign
14057,United Kingdom,6141.1,17,4873.0,361.24,2010-12-14 12:11,2011-11-16 10:32,23,17,6141.1,4,5,5,455,Champions,Nurture and recommend next purchase
14871,United Kingdom,501.28,4,179.0,125.32,2010-12-14 12:18,2011-12-06 13:42,2,4,501.28,5,4,3,543,Loyal customers,Nurture and recommend next purchase
13178,United Kingdom,5725.47,11,3570.0,520.5,2010-12-14 12:22,2011-11-13 16:14,25,11,5725.47,4,5,5,455,Champions,Nurture and recommend next purchase
18044,United Kingdom,2085.65,10,1033.0,208.56,2010-12-14 12:25,2011-12-05 14:26,3,10,2085.65,5,5,5,555,Champions,Nurture and recommend next purchase
16812,United Kingdom,479.35,1,81.0,479.35,2010-12-14 12:35,2010-12-14 12:35,360,1,479.35,1,2,3,123,Inactive,Win-back campaign
16191,United Kingdom,4913.32,13,3351.0,377.95,2010-12-14 12:38,2011-12-07 11:26,2,13,4913.32,5,5,5,555,Champions,Nurture and recommend next purchase
12370,Cyprus,3541.94,4,2352.0,885.49,2010-12-14 12:58,2011-10-19 14:51,50,4,3541.94,3,4,5,345,Loyal customers,Nurture and recommend next purchase
14298,United Kingdom,50862.44,44,58343.0,1155.96,2010-12-14 12:59,2011-12-06 15:04,2,44,50862.44,5,5,5,555,Champions,Nurture and recommend next purchase
17158,United Kingdom,1266.97,3,778.0,422.32,2010-12-14 13:03,2011-11-07 15:15,31,3,1266.97,3,4,4,344,Loyal customers,Nurture and recommend next purchase
14415,United Kingdom,5766.85,13,2996.0,443.6,2010-12-14 13:06,2011-12-08 14:38,0,13,5766.85,5,5,5,555,Champions,Nurture and recommend next purchase
16899,United Kingdom,1271.06,6,520.0,211.84,2010-12-14 13:11,2011-12-02 12:03,7,6,1271.06,5,5,4,554,Champions,Nurture and recommend next purchase
16531,United Kingdom,1244.59,7,915.0,177.8,2010-12-14 13:19,2011-11-17 16:29,21,7,1244.59,4,5,4,454,Champions,Nurture and recommend next purchase
17404,Sweden,30300.82,15,32748.0,2020.05,2010-12-14 13:27,2011-12-05 16:26,3,15,30300.82,5,5,5,555,Champions,Nurture and recommend next purchase
16556,United Kingdom,3313.79,7,1890.0,473.4,2010-12-14 13:32,2011-10-04 11:36,66,7,3313.79,3,5,5,355,Champions,Nurture and recommend next purchase
16805,United Kingdom,460.59,2,539.0,230.29,2010-12-14 13:35,2011-06-19 11:23,173,2,460.59,2,3,2,232,Inactive,Win-back campaign
16503,United Kingdom,1421.43,4,569.0,355.36,2010-12-14 13:50,2011-08-25 11:46,106,4,1421.43,2,4,4,244,Loyal customers,Nurture and recommend next purchase
17739,United Kingdom,2786.05,7,861.0,398.01,2010-12-14 14:26,2011-11-28 09:12,11,7,2786.05,4,5,5,455,Champions,Nurture and recommend next purchase
13238,United Kingdom,680.83,4,298.0,170.21,2010-12-14 14:37,2011-11-28 15:30,10,4,680.83,4,4,3,443,Loyal customers,Nurture and recommend next purchase
12829,United Kingdom,253.05,2,376.0,126.53,2010-12-14 14:54,2011-01-21 12:56,321,2,253.05,1,3,2,132,Inactive,Win-back campaign
13097,United Kingdom,5886.12,10,2360.0,588.61,2010-12-14 15:13,2011-11-07 10:43,32,10,5886.12,3,5,5,355,Champions,Nurture and recommend next purchase
12867,United Kingdom,3958.74,7,4284.0,565.53,2010-12-14 15:16,2011-11-13 15:30,25,7,3958.74,4,5,5,455,Champions,Nurture and recommend next purchase
15392,United Kingdom,1515.73,4,1277.0,378.93,2010-12-14 15:50,2011-12-05 11:01,4,4,1515.73,5,4,4,544,Champions,Nurture and recommend next purchase
13846,United Kingdom,847.61,3,388.0,282.54,2010-12-14 16:07,2011-11-15 12:07,24,3,847.61,4,4,3,443,Loyal customers,Nurture and recommend next purchase
14401,United Kingdom,4039.98,13,4507.0,310.77,2010-12-15 09:07,2011-12-05 13:30,3,13,4039.98,5,5,5,555,Champions,Nurture and recommend next purchase
16145,United Kingdom,3741.98,11,3123.0,340.18,2010-12-15 09:09,2011-12-01 10:33,8,11,3741.98,5,5,5,555,Champions,Nurture and recommend next purchase
17629,United Kingdom,1784.12,8,1629.0,223.01,2010-12-15 09:58,2011-12-04 10:56,5,8,1784.12,5,5,4,554,Champions,Nurture and recommend next purchase
14150,United Kingdom,658.64,2,496.0,329.32,2010-12-15 10:04,2011-11-04 10:05,35,2,658.64,3,3,3,333,Growing customers,Nurture and recommend next purchase
13496,United Kingdom,617.93,2,341.0,308.96,2010-12-15 10:17,2011-11-29 10:58,10,2,617.93,4,3,3,433,Loyal customers,Nurture and recommend next purchase
13611,United Kingdom,1140.8,3,754.0,380.27,2010-12-15 10:31,2011-09-11 14:51,88,3,1140.8,2,4,4,244,Loyal customers,Nurture and recommend next purchase
16954,United Kingdom,2085.08,9,1054.0,231.68,2010-12-15 10:41,2011-12-09 09:46,0,9,2085.08,5,5,5,555,Champions,Nurture and recommend next purchase
17454,United Kingdom,517.53,4,243.0,129.38,2010-12-15 10:54,2011-05-31 13:58,191,4,517.53,1,4,3,143,Inactive,Win-back campaign
17449,United Kingdom,2503.21,7,1121.0,357.6,2010-12-15 10:57,2011-12-07 16:56,1,7,2503.21,5,5,5,555,Champions,Nurture and recommend next purchase
17230,United Kingdom,3466.67,8,1651.0,433.33,2010-12-15 11:22,2011-03-20 16:12,263,8,3466.67,1,5,5,155,Loyal customers,Nurture and recommend next purchase
12865,Austria,1548.07,2,925.0,774.03,2010-12-15 11:39,2011-11-13 14:31,25,2,1548.07,4,3,4,434,Loyal customers,Nurture and recommend next purchase
15950,United Kingdom,1684.46,4,719.0,421.12,2010-12-15 11:56,2011-12-08 10:34,1,4,1684.46,5,4,4,544,Champions,Nurture and recommend next purchase
15512,United Kingdom,121.0,2,68.0,60.5,2010-12-15 12:01,2011-07-07 10:20,155,2,121.0,2,3,1,231,Inactive,Win-back campaign
17525,United Kingdom,422.7,1,82.0,422.7,2010-12-15 12:05,2010-12-15 12:05,359,1,422.7,1,2,2,122,Inactive,Win-back campaign
13458,United Kingdom,9537.92,14,5508.0,681.28,2010-12-15 12:05,2011-12-02 15:29,6,14,9537.92,5,5,5,555,Champions,Nurture and recommend next purchase
14426,United Kingdom,3918.9,10,2699.0,391.89,2010-12-15 12:06,2011-11-21 11:47,18,10,3918.9,4,5,5,455,Champions,Nurture and recommend next purchase
16003,United Kingdom,2735.37,5,1185.0,547.07,2010-12-15 12:09,2011-11-10 09:57,29,5,2735.37,4,5,5,455,Champions,Nurture and recommend next purchase
13092,United Kingdom,459.83,5,279.0,91.97,2010-12-15 12:27,2011-09-30 11:18,70,5,459.83,2,5,2,252,Inactive,Win-back campaign
13426,United Kingdom,3550.7,10,2245.0,355.07,2010-12-15 12:43,2011-12-09 08:59,0,10,3550.7,5,5,5,555,Champions,Nurture and recommend next purchase
15101,United Kingdom,310.03,2,241.0,155.02,2010-12-15 12:54,2011-12-01 10:18,8,2,310.03,5,3,2,532,Loyal customers,Nurture and recommend next purchase
17033,United Kingdom,1030.14,3,750.0,343.38,2010-12-15 13:21,2011-09-14 14:34,85,3,1030.14,2,4,4,244,Loyal customers,Nurture and recommend next purchase
13221,United Kingdom,847.41,2,244.0,423.7,2010-12-15 13:24,2011-04-13 16:58,239,2,847.41,1,3,3,133,Inactive,Win-back campaign
14201,United Kingdom,688.04,7,590.0,98.29,2010-12-15 13:25,2011-10-10 13:27,59,7,688.04,3,5,3,353,Loyal customers,Nurture and recommend next purchase
17692,United Kingdom,733.44,4,672.0,183.36,2010-12-15 13:37,2011-08-04 14:01,126,4,733.44,2,4,3,243,Inactive,Win-back campaign
15822,United Kingdom,885.47,2,375.0,442.74,2010-12-15 13:38,2011-12-06 14:50,2,2,885.47,5,3,3,533,Loyal customers,Nurture and recommend next purchase
16134,United Kingdom,603.69,2,371.0,301.85,2010-12-15 14:00,2011-11-18 10:05,21,2,603.69,4,3,3,433,Loyal customers,Nurture and recommend next purchase
17551,United Kingdom,290.34,1,142.0,290.34,2010-12-15 14:12,2010-12-15 14:12,358,1,290.34,1,2,2,122,Inactive,Win-back campaign
18050,United Kingdom,74.4,1,40.0,74.4,2010-12-15 14:25,2010-12-15 14:25,358,1,74.4,1,2,1,121,Inactive,Win-back campaign
14913,United Kingdom,1227.43,4,1743.0,306.86,2010-12-15 14:35,2011-11-04 08:29,35,4,1227.43,3,4,4,344,Loyal customers,Nurture and recommend next purchase
12666,Israel,-227.44,0,0,0,2010-12-15 14:42,2010-12-15 14:42,358,0,-227.44,1,1,1,111,Inactive,Win-back campaign
15641,United Kingdom,1887.2,4,1562.0,471.8,2010-12-15 14:45,2011-08-26 14:04,104,4,1887.2,2,4,4,244,Loyal customers,Nurture and recommend next purchase
13124,United Kingdom,3756.33,3,2119.0,1252.11,2010-12-15 15:00,2011-09-11 12:45,89,3,3756.33,2,4,5,245,Loyal customers,Nurture and recommend next purchase
17214,United Kingdom,974.12,6,272.0,162.35,2010-12-15 15:14,2011-10-10 13:17,59,6,974.12,3,5,4,354,Loyal customers,Nurture and recommend next purchase
15456,United Kingdom,434.59,3,633.0,144.86,2010-12-15 15:34,2011-03-01 13:51,282,3,434.59,1,4,2,142,Inactive,Win-back campaign
15062,United Kingdom,987.86,4,763.0,246.97,2010-12-15 15:37,2011-09-29 16:51,70,4,987.86,2,4,4,244,Loyal customers,Nurture and recommend next purchase
12928,United Kingdom,2062.7,5,1472.0,412.54,2010-12-15 15:45,2011-11-04 14:24,34,5,2062.7,3,5,5,355,Champions,Nurture and recommend next purchase
15727,United Kingdom,5159.06,7,3063.0,737.01,2010-12-15 15:47,2011-11-23 12:36,16,7,5159.06,4,5,5,455,Champions,Nurture and recommend next purchase
17980,United Kingdom,811.45,3,682.0,270.48,2010-12-15 15:50,2011-06-27 12:01,165,3,811.45,2,4,3,243,Inactive,Win-back campaign
15290,United Kingdom,7803.77,18,4501.0,433.54,2010-12-15 16:03,2011-12-05 11:39,4,18,7803.77,5,5,5,555,Champions,Nurture and recommend next purchase
17752,United Kingdom,80.64,1,192.0,80.64,2010-12-15 16:19,2010-12-15 16:19,358,1,80.64,1,2,1,121,Inactive,Win-back campaign
15615,United Kingdom,10360.04,23,5508.0,450.44,2010-12-15 16:21,2011-11-29 14:42,9,23,10360.04,5,5,5,555,Champions,Nurture and recommend next purchase
12577,France,564.2,3,469.0,188.07,2010-12-15 16:21,2011-11-04 13:28,34,3,564.2,3,4,3,343,Loyal customers,Nurture and recommend next purchase
17044,United Kingdom,897.43,1,504.0,897.43,2010-12-15 16:34,2011-12-01 08:54,8,1,897.43,5,2,3,523,Loyal customers,Nurture and recommend next purchase
13829,United Kingdom,-102.0,0,0,0,2010-12-15 16:36,2010-12-15 16:36,358,0,-102.0,1,1,1,111,Inactive,Win-back campaign
17633,United Kingdom,1242.34,4,644.0,310.58,2010-12-15 16:42,2011-11-08 13:25,30,4,1242.34,4,4,4,444,Loyal customers,Nurture and recommend next purchase
13266,United Kingdom,3717.67,12,4428.0,309.81,2010-12-15 16:56,2011-11-28 14:39,10,12,3717.67,4,5,5,455,Champions,Nurture and recommend next purchase
17820,United Kingdom,-24.05,0,0,0,2010-12-15 17:04,2011-06-01 15:14,190,0,-24.05,1,1,1,111,Inactive,Win-back campaign
15664,United Kingdom,358.63,1,157.0,358.63,2010-12-15 17:05,2011-10-20 10:57,50,1,358.63,3,2,2,322,Growing customers,Nurture and recommend next purchase
17189,United Kingdom,383.75,2,226.0,191.88,2010-12-15 17:28,2011-08-25 19:39,105,2,383.75,2,3,2,232,Inactive,Win-back campaign
17496,United Kingdom,271.05,1,79.0,271.05,2010-12-16 08:39,2010-12-16 08:39,358,1,271.05,1,2,2,122,Inactive,Win-back campaign
16607,United Kingdom,3038.67,14,2859.0,217.05,2010-12-16 08:41,2011-11-22 10:24,17,14,3038.67,4,5,5,455,Champions,Nurture and recommend next purchase
13317,United Kingdom,2140.07,6,1035.0,356.68,2010-12-16 09:22,2011-10-06 19:21,63,6,2140.07,3,5,5,355,Champions,Nurture and recommend next purchase
13890,United Kingdom,1860.86,10,831.0,186.09,2010-12-16 09:31,2011-12-08 15:36,0,10,1860.86,5,5,4,554,Champions,Nurture and recommend next purchase
17001,United Kingdom,3989.57,11,2164.0,362.69,2010-12-16 09:35,2011-12-09 09:38,0,11,3989.57,5,5,5,555,Champions,Nurture and recommend next purchase
15246,United Kingdom,514.15,2,247.0,257.07,2010-12-16 09:46,2011-04-15 14:45,237,2,514.15,1,3,3,133,Inactive,Win-back campaign
16996,United Kingdom,1427.46,6,544.0,237.91,2010-12-16 09:48,2011-11-09 16:43,29,6,1427.46,4,5,4,454,Champions,Nurture and recommend next purchase
15482,United Kingdom,6393.52,12,5004.0,532.79,2010-12-16 10:08,2011-11-24 10:46,15,12,6393.52,4,5,5,455,Champions,Nurture and recommend next purchase
16037,United Kingdom,855.02,3,428.0,285.01,2010-12-16 10:18,2011-03-15 09:13,269,3,855.02,1,4,3,143,Inactive,Win-back campaign
14841,United Kingdom,3295.76,6,1778.0,549.29,2010-12-16 10:28,2011-10-17 15:03,52,6,3295.76,3,5,5,355,Champions,Nurture and recommend next purchase
16670,United Kingdom,4022.46,11,2556.0,365.68,2010-12-16 10:30,2011-11-23 09:34,16,11,4022.46,4,5,5,455,Champions,Nurture and recommend next purchase
16985,United Kingdom,5461.62,10,1832.0,546.16,2010-12-16 10:38,2011-11-22 13:33,16,10,5461.62,4,5,5,455,Champions,Nurture and recommend next purchase
16705,United Kingdom,13946.13,20,5476.0,697.31,2010-12-16 10:51,2011-12-09 12:08,0,20,13946.13,5,5,5,555,Champions,Nurture and recommend next purchase
16470,United Kingdom,747.82,4,522.0,186.96,2010-12-16 11:10,2011-10-19 12:11,51,4,747.82,3,4,3,343,Loyal customers,Nurture and recommend next purchase
14414,United Kingdom,1485.13,7,2512.0,212.16,2010-12-16 11:11,2011-09-09 12:09,91,7,1485.13,2,5,4,254,Loyal customers,Nurture and recommend next purchase
15563,United Kingdom,1319.69,4,1501.0,329.92,2010-12-16 11:27,2011-12-01 09:36,8,4,1319.69,5,4,4,544,Champions,Nurture and recommend next purchase
12980,United Kingdom,7092.06,9,886.0,788.01,2010-12-16 11:36,2011-07-07 11:42,155,9,7092.06,2,5,5,255,Loyal customers,Nurture and recommend next purchase
16746,United Kingdom,6676.76,18,4660.0,370.93,2010-12-16 11:43,2011-12-05 12:33,4,18,6676.76,5,5,5,555,Champions,Nurture and recommend next purchase
14878,United Kingdom,1476.09,9,799.0,164.01,2010-12-16 12:11,2011-11-27 11:15,12,9,1476.09,4,5,4,454,Champions,Nurture and recommend next purchase
16743,United Kingdom,2166.88,7,2035.0,309.55,2010-12-16 12:15,2011-11-10 13:13,28,7,2166.88,4,5,5,455,Champions,Nurture and recommend next purchase
17146,United Kingdom,749.78,3,212.0,249.93,2010-12-16 12:20,2011-08-26 12:44,105,3,749.78,2,4,3,243,Inactive,Win-back campaign
12877,United Kingdom,1535.77,12,1178.0,127.98,2010-12-16 12:23,2011-12-06 10:30,3,12,1535.77,5,5,4,554,Champions,Nurture and recommend next purchase
15394,United Kingdom,2183.54,4,910.0,545.88,2010-12-16 12:46,2011-11-30 11:49,9,4,2183.54,5,4,5,545,Champions,Nurture and recommend next purchase
14621,United Kingdom,1765.76,5,993.0,353.15,2010-12-16 13:00,2011-12-08 16:22,0,5,1765.76,5,5,4,554,Champions,Nurture and recommend next purchase
15379,United Kingdom,3631.89,7,2305.0,518.84,2010-12-16 13:02,2011-06-23 13:13,168,7,3631.89,2,5,5,255,Loyal customers,Nurture and recommend next purchase
14309,United Kingdom,2319.68,9,1633.0,257.74,2010-12-16 13:05,2011-12-01 13:33,7,9,2319.68,5,5,5,555,Champions,Nurture and recommend next purchase
17288,United Kingdom,1417.63,7,1201.0,202.52,2010-12-16 13:33,2011-11-30 16:09,8,7,1417.63,5,5,4,554,Champions,Nurture and recommend next purchase
14709,United Kingdom,4911.14,13,2484.0,377.78,2010-12-16 13:43,2011-11-24 15:41,14,13,4911.14,4,5,5,455,Champions,Nurture and recommend next purchase
15157,United Kingdom,1869.5,3,2392.0,623.17,2010-12-16 13:44,2011-12-06 11:28,3,3,1869.5,5,4,4,544,Champions,Nurture and recommend next purchase
17744,United Kingdom,2291.08,6,3412.0,381.85,2010-12-16 14:17,2011-12-06 12:11,3,6,2291.08,5,5,5,555,Champions,Nurture and recommend next purchase
16316,United Kingdom,2755.56,8,1484.0,344.44,2010-12-16 14:26,2011-10-06 13:48,63,8,2755.56,3,5,5,355,Champions,Nurture and recommend next purchase
15620,United Kingdom,1524.4,3,915.0,508.13,2010-12-16 14:34,2011-10-20 19:17,49,3,1524.4,3,4,4,344,Loyal customers,Nurture and recommend next purchase
15789,United Kingdom,351.3,1,438.0,351.3,2010-12-16 14:35,2010-12-16 14:35,357,1,351.3,1,2,2,122,Inactive,Win-back campaign
16560,United Kingdom,816.51,2,504.0,408.25,2010-12-16 14:36,2011-11-18 17:05,20,2,816.51,4,3,3,433,Loyal customers,Nurture and recommend next purchase
13534,United Kingdom,5613.08,25,2961.0,224.52,2010-12-16 15:23,2011-12-07 14:52,1,25,5613.08,5,5,5,555,Champions,Nurture and recommend next purchase
17580,United Kingdom,215.72,3,88.0,71.91,2010-12-16 15:27,2011-04-01 12:41,252,3,215.72,1,4,1,141,Inactive,Win-back campaign
14777,United Kingdom,-17.45,0,0,0,2010-12-16 15:27,2011-12-05 13:20,3,0,-17.45,5,1,1,511,Growing customers,Nurture and recommend next purchase
15759,United Kingdom,253.04,3,60.0,84.35,2010-12-16 15:29,2011-05-05 15:13,217,3,253.04,1,4,2,142,Inactive,Win-back campaign
14373,United Kingdom,76.55,1,17.0,76.55,2010-12-16 15:40,2010-12-16 15:40,357,1,76.55,1,2,1,121,Inactive,Win-back campaign
18176,United Kingdom,448.65,1,283.0,448.65,2010-12-16 15:45,2010-12-21 12:33,353,1,448.65,1,2,2,122,Inactive,Win-back campaign
15366,United Kingdom,602.51,2,621.0,301.25,2010-12-16 15:59,2011-09-25 15:01,74,2,602.51,2,3,3,233,Inactive,Win-back campaign
14735,United Kingdom,5807.69,32,2264.0,181.49,2010-12-16 16:05,2011-12-06 12:09,3,32,5807.69,5,5,5,555,Champions,Nurture and recommend next purchase
16271,United Kingdom,1398.69,5,1024.0,279.74,2010-12-16 16:36,2011-12-07 12:45,2,5,1398.69,5,5,4,554,Champions,Nurture and recommend next purchase
18223,United Kingdom,6315.23,14,2948.0,451.09,2010-12-16 16:42,2011-12-08 11:51,1,14,6315.23,5,5,5,555,Champions,Nurture and recommend next purchase
15532,United Kingdom,1500.88,4,515.0,375.22,2010-12-16 16:45,2011-11-14 14:51,24,4,1500.88,4,4,4,444,Loyal customers,Nurture and recommend next purchase
16816,United Kingdom,417.06,4,274.0,104.27,2010-12-16 17:01,2011-08-28 14:16,102,4,417.06,2,4,2,242,Inactive,Win-back campaign
16684,United Kingdom,65892.08,28,50255.0,2353.29,2010-12-16 17:34,2011-12-05 14:06,3,28,65892.08,5,5,5,555,Champions,Nurture and recommend next purchase
14334,United Kingdom,2539.46,8,1731.0,317.43,2010-12-16 17:37,2011-11-23 10:01,16,8,2539.46,4,5,5,455,Champions,Nurture and recommend next purchase
16945,United Kingdom,4345.5,19,2725.0,228.71,2010-12-16 17:49,2011-11-18 11:39,21,19,4345.5,4,5,5,455,Champions,Nurture and recommend next purchase
14643,United Kingdom,668.61,2,815.0,334.31,2010-12-16 17:53,2011-06-22 14:41,169,2,668.61,2,3,3,233,Inactive,Win-back campaign
15197,United Kingdom,656.44,3,469.0,218.81,2010-12-16 18:01,2011-12-01 08:14,8,3,656.44,5,4,3,543,Loyal customers,Nurture and recommend next purchase
14220,United Kingdom,632.4,2,272.0,316.2,2010-12-16 18:18,2011-04-06 13:23,246,2,632.4,1,3,3,133,Inactive,Win-back campaign
13874,United Kingdom,540.45,1,180.0,540.45,2010-12-16 18:20,2010-12-16 18:20,357,1,540.45,1,2,3,123,Inactive,Win-back campaign
18260,United Kingdom,2580.15,6,1475.0,430.03,2010-12-16 18:23,2011-06-20 12:37,172,6,2580.15,2,5,5,255,Loyal customers,Nurture and recommend next purchase
17848,United Kingdom,901.2,9,398.0,100.13,2010-12-16 18:38,2011-09-19 16:49,80,9,901.2,2,5,3,253,Loyal customers,Nurture and recommend next purchase
17392,United Kingdom,417.27,2,277.0,208.63,2010-12-16 19:04,2011-02-06 12:48,306,2,417.27,1,3,2,132,Inactive,Win-back campaign
12348,Finland,1797.24,4,2341.0,449.31,2010-12-16 19:09,2011-09-25 13:13,74,4,1797.24,2,4,4,244,Loyal customers,Nurture and recommend next purchase
14985,United Kingdom,292.01,2,256.0,146.0,2010-12-16 19:51,2011-05-25 14:29,197,2,292.01,1,3,2,132,Inactive,Win-back campaign
13004,United Kingdom,5613.43,18,4822.0,311.86,2010-12-17 08:20,2011-11-28 11:27,11,18,5613.43,4,5,5,455,Champions,Nurture and recommend next purchase
14560,United Kingdom,2174.18,22,1260.0,98.83,2010-12-17 09:22,2011-12-02 15:22,6,22,2174.18,5,5,5,555,Champions,Nurture and recommend next purchase
12931,United Kingdom,33462.81,15,28004.0,2230.85,2010-12-17 09:45,2011-11-18 12:39,21,15,33462.81,4,5,5,455,Champions,Nurture and recommend next purchase
13627,United Kingdom,1624.02,5,1269.0,324.8,2010-12-17 09:52,2011-10-11 14:20,58,5,1624.02,3,5,4,354,Loyal customers,Nurture and recommend next purchase
12551,Spain,168.0,1,100.0,168.0,2010-12-17 11:23,2010-12-17 11:23,357,1,168.0,1,2,1,121,Inactive,Win-back campaign
12782,Portugal,2273.32,5,1086.0,454.66,2010-12-17 11:30,2011-12-05 09:16,4,5,2273.32,5,5,5,555,Champions,Nurture and recommend next purchase
14769,United Kingdom,10383.83,8,7239.0,1297.98,2010-12-17 11:40,2011-12-07 10:24,2,8,10383.83,5,5,5,555,Champions,Nurture and recommend next purchase
15780,United Kingdom,475.28,3,220.0,158.43,2010-12-17 11:43,2011-06-09 12:01,183,3,475.28,1,4,3,143,Inactive,Win-back campaign
12417,Belgium,3578.8,9,1552.0,397.64,2010-12-17 11:51,2011-12-06 14:52,2,9,3578.8,5,5,5,555,Champions,Nurture and recommend next purchase
17315,United Kingdom,6193.43,38,3863.0,162.99,2010-12-17 12:19,2011-12-09 11:58,0,38,6193.43,5,5,5,555,Champions,Nurture and recommend next purchase
16711,United Kingdom,1651.03,5,833.0,330.21,2010-12-17 12:43,2011-12-06 16:32,2,5,1651.03,5,5,4,554,Champions,Nurture and recommend next purchase
12726,France,2609.1,7,3143.0,372.73,2010-12-17 12:56,2011-11-11 13:35,27,7,2609.1,4,5,5,455,Champions,Nurture and recommend next purchase
15204,United Kingdom,316.58,1,258.0,316.58,2010-12-17 13:49,2010-12-17 13:49,356,1,316.58,1,2,2,122,Inactive,Win-back campaign
17888,United Kingdom,515.73,8,973.0,64.47,2010-12-17 13:56,2011-11-21 10:18,18,8,515.73,4,5,3,453,Loyal customers,Nurture and recommend next purchase
17007,United Kingdom,877.43,6,597.0,146.24,2010-12-17 13:57,2011-10-20 10:47,50,6,877.43,3,5,3,353,Loyal customers,Nurture and recommend next purchase
15160,United Kingdom,158.16,1,84.0,158.16,2010-12-17 14:15,2010-12-17 14:15,356,1,158.16,1,2,1,121,Inactive,Win-back campaign
14016,EIRE,4328.46,4,2125.0,1082.12,2010-12-17 14:21,2011-07-08 14:27,153,4,4328.46,2,4,5,245,Loyal customers,Nurture and recommend next purchase
13033,United Kingdom,190.55,1,83.0,190.55,2010-12-17 14:23,2010-12-17 14:23,356,1,190.55,1,2,1,121,Inactive,Win-back campaign
12691,France,1035.8,6,394.0,172.63,2010-12-17 14:46,2011-11-11 16:49,27,6,1035.8,4,5,4,454,Champions,Nurture and recommend next purchase
13869,United Kingdom,3083.65,4,1709.0,770.91,2010-12-17 15:14,2011-08-08 13:53,122,4,3083.65,2,4,5,245,Loyal customers,Nurture and recommend next purchase
14146,United Kingdom,2949.57,5,2437.0,589.91,2010-12-17 15:52,2011-12-01 10:18,8,5,2949.57,5,5,5,555,Champions,Nurture and recommend next purchase
12705,Germany,6814.24,9,3997.0,757.14,2010-12-17 15:58,2011-11-24 13:17,14,9,6814.24,4,5,5,455,Champions,Nurture and recommend next purchase
16885,United Kingdom,450.41,3,178.0,150.14,2010-12-17 17:23,2011-11-24 13:40,14,3,450.41,4,4,2,442,Loyal customers,Nurture and recommend next purchase
17913,United Kingdom,408.65,2,288.0,204.32,2010-12-19 11:35,2011-10-12 10:45,58,2,408.65,3,3,2,332,Growing customers,Nurture and recommend next purchase
12668,Germany,3743.18,4,1634.0,935.79,2010-12-19 12:46,2011-12-02 15:10,6,4,3743.18,5,4,5,545,Champions,Nurture and recommend next purchase
14472,United Kingdom,1852.67,8,1135.0,231.58,2010-12-19 14:03,2011-08-28 11:01,103,8,1852.67,2,5,4,254,Loyal customers,Nurture and recommend next purchase
17358,United Kingdom,360.81,2,190.0,180.41,2010-12-19 14:16,2011-02-09 16:57,302,2,360.81,1,3,2,132,Inactive,Win-back campaign
16686,United Kingdom,2940.53,7,1977.0,420.08,2010-12-19 14:41,2011-10-23 13:49,46,7,2940.53,3,5,5,355,Champions,Nurture and recommend next purchase
18245,United Kingdom,2507.56,7,1788.0,358.22,2010-12-19 14:58,2011-12-02 14:48,6,7,2507.56,5,5,5,555,Champions,Nurture and recommend next purchase
17343,United Kingdom,193.64,1,56.0,193.64,2010-12-19 15:07,2010-12-19 15:07,354,1,193.64,1,2,1,121,Inactive,Win-back campaign
18256,United Kingdom,-50.1,0,0,0,2010-12-20 08:27,2010-12-20 08:27,354,0,-50.1,1,1,1,111,Inactive,Win-back campaign
16153,United Kingdom,1824.23,5,1073.0,364.85,2010-12-20 09:22,2011-10-21 10:50,49,5,1824.23,3,5,4,354,Loyal customers,Nurture and recommend next purchase
12377,Switzerland,1628.12,2,944.0,814.06,2010-12-20 09:37,2011-01-28 15:45,314,2,1628.12,1,3,4,134,At-risk high value,Personal outreach + tailored offer
14646,Netherlands,279489.02,74,197491.0,3776.88,2010-12-20 10:09,2011-12-08 12:12,1,74,279489.02,5,5,5,555,Champions,Nurture and recommend next purchase
12944,United Kingdom,604.51,2,289.0,302.25,2010-12-20 10:41,2011-11-04 11:04,35,2,604.51,3,3,3,333,Growing customers,Nurture and recommend next purchase
15312,United Kingdom,921.1,4,516.0,230.28,2010-12-20 11:01,2011-09-25 13:10,74,4,921.1,2,4,4,244,Loyal customers,Nurture and recommend next purchase
14099,United Kingdom,3092.97,11,2179.0,281.18,2010-12-20 11:14,2011-11-23 13:53,15,11,3092.97,4,5,5,455,Champions,Nurture and recommend next purchase
14113,United Kingdom,1377.92,4,745.0,344.48,2010-12-20 11:56,2011-12-06 12:18,3,4,1377.92,5,4,4,544,Champions,Nurture and recommend next purchase
13104,United Kingdom,1098.48,6,504.0,183.08,2010-12-20 11:58,2011-12-06 13:10,2,6,1098.48,5,5,4,554,Champions,Nurture and recommend next purchase
17204,United Kingdom,1352.91,4,646.0,338.23,2010-12-20 12:01,2011-06-23 13:54,168,4,1352.91,2,4,4,244,Loyal customers,Nurture and recommend next purchase
13027,United Kingdom,6912.0,6,17280.0,1152.0,2010-12-20 12:45,2011-08-18 09:39,113,6,6912.0,2,5,5,255,Loyal customers,Nurture and recommend next purchase
17621,United Kingdom,1336.1,3,514.0,445.37,2010-12-20 13:31,2011-11-18 17:11,20,3,1336.1,4,4,4,444,Loyal customers,Nurture and recommend next purchase
17090,United Kingdom,1972.55,7,903.0,281.79,2010-12-20 13:52,2011-12-05 13:44,3,7,1972.55,5,5,4,554,Champions,Nurture and recommend next purchase
14119,United Kingdom,-19.9,0,0,0,2010-12-20 13:58,2010-12-20 13:58,353,0,-19.9,1,1,1,111,Inactive,Win-back campaign
15527,United Kingdom,2347.57,8,991.0,293.45,2010-12-20 14:15,2011-11-21 12:17,18,8,2347.57,4,5,5,455,Champions,Nurture and recommend next purchase
18097,United Kingdom,2657.45,6,1662.0,442.91,2010-12-20 14:49,2011-12-02 11:16,7,6,2657.45,5,5,5,555,Champions,Nurture and recommend next purchase
15460,United Kingdom,214.26,1,107.0,214.26,2010-12-20 16:08,2010-12-20 16:08,353,1,214.26,1,2,1,121,Inactive,Win-back campaign
15034,United Kingdom,4243.21,8,2413.0,530.4,2010-12-21 09:47,2011-11-24 12:11,15,8,4243.21,4,5,5,455,Champions,Nurture and recommend next purchase
12423,Belgium,1849.11,8,1339.0,231.14,2010-12-21 10:54,2011-12-09 10:10,0,8,1849.11,5,5,4,554,Champions,Nurture and recommend next purchase
12678,France,17588.26,12,10923.0,1465.69,2010-12-21 11:00,2011-10-28 13:04,41,12,17588.26,3,5,5,355,Champions,Nurture and recommend next purchase
15208,United Kingdom,867.62,5,316.0,173.52,2010-12-21 13:03,2011-12-08 17:24,0,5,867.62,5,5,3,553,Champions,Nurture and recommend next purchase
17306,United Kingdom,8600.73,19,11491.0,452.67,2010-12-21 13:34,2011-11-29 12:14,10,19,8600.73,4,5,5,455,Champions,Nurture and recommend next purchase
14737,United Kingdom,1164.55,3,345.0,388.18,2010-12-21 13:49,2011-12-06 10:16,3,3,1164.55,5,4,4,544,Champions,Nurture and recommend next purchase
13029,United Kingdom,1247.5,3,134.0,415.83,2010-12-21 13:53,2011-11-09 09:13,30,3,1247.5,4,4,4,444,Loyal customers,Nurture and recommend next purchase
16270,United Kingdom,1141.24,1,688.0,1141.24,2010-12-21 14:26,2010-12-21 14:26,352,1,1141.24,1,2,4,124,At-risk high value,Personal outreach + tailored offer
13487,United Kingdom,575.4,3,265.0,191.8,2010-12-21 14:54,2011-10-13 12:07,57,3,575.4,3,4,3,343,Loyal customers,Nurture and recommend next purchase
12515,Italy,383.7,1,131.0,383.7,2010-12-21 15:43,2010-12-21 15:43,352,1,383.7,1,2,2,122,Inactive,Win-back campaign
17400,United Kingdom,2097.84,5,1088.0,419.57,2010-12-21 17:16,2011-08-05 15:38,125,5,2097.84,2,5,5,255,Loyal customers,Nurture and recommend next purchase
17593,United Kingdom,3908.08,5,3089.0,781.62,2010-12-22 10:29,2011-12-06 10:30,3,5,3908.08,5,5,5,555,Champions,Nurture and recommend next purchase
13953,United Kingdom,3515.68,7,2724.0,502.24,2010-12-22 10:29,2011-12-02 16:04,6,7,3515.68,5,5,5,555,Champions,Nurture and recommend next purchase
14533,United Kingdom,1812.62,7,4019.0,258.95,2010-12-22 11:07,2011-11-15 12:05,24,7,1812.62,4,5,4,454,Champions,Nurture and recommend next purchase
12734,France,110.4,1,88.0,110.4,2010-12-22 12:47,2010-12-22 12:47,352,1,110.4,1,2,1,121,Inactive,Win-back campaign
14944,United Kingdom,5842.95,12,2815.0,486.91,2010-12-22 13:13,2011-11-10 09:10,29,12,5842.95,4,5,5,455,Champions,Nurture and recommend next purchase
17239,United Kingdom,379.95,1,150.0,379.95,2010-12-22 13:20,2011-01-31 09:41,312,1,379.95,1,2,2,122,Inactive,Win-back campaign
14532,United Kingdom,932.85,4,284.0,233.21,2010-12-22 13:48,2011-04-17 13:05,235,4,932.85,1,4,4,144,At-risk high value,Personal outreach + tailored offer
12383,Belgium,1839.31,5,1532.0,367.86,2010-12-22 14:28,2011-06-08 08:02,184,5,1839.31,1,5,4,154,Loyal customers,Nurture and recommend next purchase
15562,United Kingdom,134.55,1,39.0,134.55,2010-12-23 09:55,2010-12-23 09:55,351,1,134.55,1,2,1,121,Inactive,Win-back campaign
15587,United Kingdom,913.68,4,312.0,228.42,2010-12-23 09:59,2011-10-20 13:37,49,4,913.68,3,4,4,344,Loyal customers,Nurture and recommend next purchase
13922,United Kingdom,172.25,1,93.0,172.25,2010-12-23 10:38,2010-12-23 10:38,351,1,172.25,1,2,1,121,Inactive,Win-back campaign
13817,Germany,382.98,2,211.0,191.49,2010-12-23 11:46,2011-11-10 17:49,28,2,382.98,4,3,2,432,Growing customers,Nurture and recommend next purchase
12585,Germany,1982.81,2,1279.0,991.4,2010-12-23 12:58,2011-04-19 13:39,233,2,1982.81,1,3,4,134,At-risk high value,Personal outreach + tailored offer
13165,United Kingdom,1021.48,2,1376.0,510.74,2010-12-23 14:06,2011-10-24 15:05,45,2,1021.48,3,3,4,334,Loyal customers,Nurture and recommend next purchase
13304,United Kingdom,300.42,1,238.0,300.42,2010-12-23 14:35,2010-12-23 14:35,350,1,300.42,1,2,2,122,Inactive,Win-back campaign
13313,United Kingdom,1555.32,5,851.0,311.06,2011-01-04 10:00,2011-11-17 16:48,21,5,1555.32,4,5,4,454,Champions,Nurture and recommend next purchase
16875,United Kingdom,2023.47,5,1069.0,404.69,2011-01-04 10:37,2011-10-06 19:20,63,5,2023.47,3,5,5,355,Champions,Nurture and recommend next purchase
16282,United Kingdom,168.3,1,114.0,168.3,2011-01-04 11:42,2011-01-04 11:42,339,1,168.3,1,2,1,121,Inactive,Win-back campaign
12957,United Kingdom,3979.04,8,2549.0,497.38,2011-01-04 12:18,2011-12-05 16:32,3,8,3979.04,5,5,5,555,Champions,Nurture and recommend next purchase
14462,United Kingdom,1942.45,11,956.0,176.59,2011-01-04 12:45,2011-10-07 09:22,63,11,1942.45,3,5,4,354,Loyal customers,Nurture and recommend next purchase
13397,United Kingdom,1539.18,5,430.0,307.84,2011-01-04 13:50,2011-09-28 10:56,72,5,1539.18,2,5,4,254,Loyal customers,Nurture and recommend next purchase
13680,United Kingdom,2199.01,4,1934.0,549.75,2011-01-04 14:12,2011-12-08 13:47,0,4,2199.01,5,4,5,545,Champions,Nurture and recommend next purchase
12483,Sweden,2327.13,8,1110.0,290.89,2011-01-04 14:20,2011-11-22 17:03,16,8,2327.13,4,5,5,455,Champions,Nurture and recommend next purchase
15164,United Kingdom,824.58,3,351.0,274.86,2011-01-04 14:21,2011-10-02 12:05,68,3,824.58,3,4,3,343,Loyal customers,Nurture and recommend next purchase
17457,United Kingdom,1737.7,5,826.0,347.54,2011-01-04 14:33,2011-08-05 12:48,126,5,1737.7,2,5,4,254,Loyal customers,Nurture and recommend next purchase
14732,United Kingdom,2686.34,8,1405.0,335.79,2011-01-04 14:40,2011-12-01 14:34,7,8,2686.34,5,5,5,555,Champions,Nurture and recommend next purchase
14221,United Kingdom,3427.85,9,2191.0,380.87,2011-01-04 15:33,2011-10-28 13:42,41,9,3427.85,3,5,5,355,Champions,Nurture and recommend next purchase
14553,United Kingdom,859.27,5,493.0,171.85,2011-01-04 15:40,2011-11-20 13:20,18,5,859.27,4,5,3,453,Loyal customers,Nurture and recommend next purchase
13253,United Kingdom,1030.4,2,1572.0,515.2,2011-01-04 15:43,2011-07-06 10:09,156,2,1030.4,2,3,4,234,At-risk high value,Personal outreach + tailored offer
17389,United Kingdom,31300.08,34,7612.0,920.59,2011-01-04 17:12,2011-12-09 09:38,0,34,31300.08,5,5,5,555,Champions,Nurture and recommend next purchase
12578,Italy,2753.36,2,1196.0,1376.68,2011-01-05 10:46,2011-11-18 13:30,20,2,2753.36,4,3,5,435,Loyal customers,Nurture and recommend next purchase
15841,United Kingdom,1209.1,4,942.0,302.27,2011-01-05 11:25,2011-10-06 18:31,63,4,1209.1,3,4,4,344,Loyal customers,Nurture and recommend next purchase
16112,United Kingdom,195.74,4,574.0,48.94,2011-01-05 11:47,2011-07-19 14:28,142,4,195.74,2,4,1,241,Inactive,Win-back campaign
13629,United Kingdom,7792.36,11,4372.0,708.4,2011-01-05 12:09,2011-11-16 13:21,22,11,7792.36,4,5,5,455,Champions,Nurture and recommend next purchase
16600,United Kingdom,813.52,6,1145.0,135.59,2011-01-05 12:13,2011-12-05 16:00,3,6,813.52,5,5,3,553,Champions,Nurture and recommend next purchase
15661,United Kingdom,309.8,2,236.0,154.9,2011-01-05 12:32,2011-01-26 13:56,316,2,309.8,1,3,2,132,Inactive,Win-back campaign
16532,United Kingdom,6748.8,3,2016.0,2249.6,2011-01-05 12:37,2011-11-22 11:08,17,3,6748.8,4,4,5,445,Champions,Nurture and recommend next purchase
15266,United Kingdom,119.3,1,18.0,119.3,2011-01-05 13:40,2011-01-05 13:40,337,1,119.3,1,2,1,121,Inactive,Win-back campaign
14653,United Kingdom,1926.65,7,945.0,275.24,2011-01-05 13:40,2011-12-08 13:45,0,7,1926.65,5,5,4,554,Champions,Nurture and recommend next purchase
16771,United Kingdom,2242.61,5,1487.0,448.52,2011-01-05 13:57,2011-11-06 13:28,32,5,2242.61,3,5,5,355,Champions,Nurture and recommend next purchase
17585,United Kingdom,1116.68,4,1650.0,279.17,2011-01-05 15:09,2011-08-22 13:30,108,4,1116.68,2,4,4,244,Loyal customers,Nurture and recommend next purchase
15046,United Kingdom,4940.66,15,3372.0,329.38,2011-01-05 15:30,2011-11-30 15:50,8,15,4940.66,5,5,5,555,Champions,Nurture and recommend next purchase
13082,United Kingdom,3595.48,9,4324.0,399.5,2011-01-05 15:42,2011-08-05 16:16,125,9,3595.48,2,5,5,255,Loyal customers,Nurture and recommend next purchase
15464,United Kingdom,1044.65,1,348.0,1044.65,2011-01-05 15:56,2011-01-05 15:56,337,1,1044.65,1,2,4,124,At-risk high value,Personal outreach + tailored offer
18226,United Kingdom,5192.1,11,3466.0,472.01,2011-01-06 09:00,2011-11-01 09:57,38,11,5192.1,3,5,5,355,Champions,Nurture and recommend next purchase
18062,United Kingdom,720.52,3,396.0,240.17,2011-01-06 10:03,2011-06-19 14:47,172,3,720.52,2,4,3,243,Inactive,Win-back campaign
12415,Australia,123725.45,21,77670.0,5891.69,2011-01-06 11:12,2011-11-15 14:22,23,21,123725.45,4,5,5,455,Champions,Nurture and recommend next purchase
12503,Spain,-1126.0,0,0,0,2011-01-06 11:51,2011-01-06 11:51,337,0,-1126.0,1,1,1,111,Inactive,Win-back campaign
17368,United Kingdom,1315.72,8,1377.0,164.47,2011-01-06 11:57,2011-11-16 15:26,22,8,1315.72,4,5,4,454,Champions,Nurture and recommend next purchase
14258,United Kingdom,12650.08,9,7100.0,1405.56,2011-01-06 12:18,2011-11-30 15:27,8,9,12650.08,5,5,5,555,Champions,Nurture and recommend next purchase
15719,United Kingdom,5028.42,13,2718.0,386.8,2011-01-06 12:31,2011-11-07 12:29,32,13,5028.42,3,5,5,355,Champions,Nurture and recommend next purchase
13368,United Kingdom,623.4,2,327.0,311.7,2011-01-06 12:32,2011-03-28 09:59,256,2,623.4,1,3,3,133,Inactive,Win-back campaign
17634,United Kingdom,2358.59,9,838.0,262.07,2011-01-06 12:45,2011-11-03 13:09,35,9,2358.59,3,5,5,355,Champions,Nurture and recommend next purchase
16676,United Kingdom,1558.72,4,636.0,389.68,2011-01-06 13:00,2011-11-06 12:01,33,4,1558.72,3,4,4,344,Loyal customers,Nurture and recommend next purchase
16424,United Kingdom,82.56,1,88.0,82.56,2011-01-06 13:56,2011-06-01 13:40,190,1,82.56,1,2,1,121,Inactive,Win-back campaign
18283,United Kingdom,2045.53,16,1357.0,127.85,2011-01-06 14:14,2011-12-06 12:02,3,16,2045.53,5,5,5,555,Champions,Nurture and recommend next purchase
12735,France,779.57,2,368.0,389.78,2011-01-06 14:26,2011-01-28 13:37,314,2,779.57,1,3,3,133,Inactive,Win-back campaign
13764,United Kingdom,1519.42,3,926.0,506.47,2011-01-06 14:53,2011-09-30 12:03,70,3,1519.42,2,4,4,244,Loyal customers,Nurture and recommend next purchase
13656,United Kingdom,379.65,2,490.0,189.82,2011-01-06 15:42,2011-06-28 10:31,164,2,379.65,2,3,2,232,Inactive,Win-back campaign
12413,France,694.15,3,286.0,231.38,2011-01-06 16:12,2011-10-04 09:00,66,3,694.15,3,4,3,343,Loyal customers,Nurture and recommend next purchase
14312,United Kingdom,1611.59,6,1012.0,268.6,2011-01-06 16:35,2011-10-24 09:46,46,6,1611.59,3,5,4,354,Loyal customers,Nurture and recommend next purchase
13280,United Kingdom,798.46,3,518.0,266.15,2011-01-06 17:10,2011-08-09 13:14,121,3,798.46,2,4,3,243,Inactive,Win-back campaign
15845,United Kingdom,3650.87,8,1926.0,456.36,2011-01-06 17:19,2011-11-22 09:42,17,8,3650.87,4,5,5,455,Champions,Nurture and recommend next purchase
16094,United Kingdom,1041.83,4,647.0,260.46,2011-01-06 17:36,2011-11-28 12:45,11,4,1041.83,4,4,4,444,Loyal customers,Nurture and recommend next purchase
13187,United Kingdom,236.02,1,95.0,236.02,2011-01-06 18:57,2011-01-06 18:57,336,1,236.02,1,2,2,122,Inactive,Win-back campaign
16567,United Kingdom,865.6,2,996.0,432.8,2011-01-07 09:31,2011-05-29 13:57,193,2,865.6,1,3,3,133,Inactive,Win-back campaign
14828,United Kingdom,2139.76,3,2172.0,713.25,2011-01-07 09:50,2011-05-27 10:16,196,3,2139.76,1,4,5,145,Loyal customers,Nurture and recommend next purchase
12530,Germany,1623.63,4,913.0,405.91,2011-01-07 10:04,2011-10-11 12:34,59,4,1623.63,3,4,4,344,Loyal customers,Nurture and recommend next purchase
16551,United Kingdom,922.12,3,970.0,307.37,2011-01-07 10:24,2011-09-05 09:38,95,3,922.12,2,4,4,244,Loyal customers,Nurture and recommend next purchase
16889,United Kingdom,1578.67,3,925.0,526.22,2011-01-07 10:47,2011-05-29 11:05,194,3,1578.67,1,4,4,144,At-risk high value,Personal outreach + tailored offer
16473,United Kingdom,314.86,3,196.0,104.95,2011-01-07 10:55,2011-06-28 09:10,164,3,314.86,2,4,2,242,Inactive,Win-back campaign
13750,United Kingdom,1647.26,5,516.0,329.45,2011-01-07 11:49,2011-10-17 12:16,53,5,1647.26,3,5,4,354,Loyal customers,Nurture and recommend next purchase
12501,Germany,2089.68,1,1783.0,2089.68,2011-01-07 12:28,2011-01-28 13:54,314,1,2089.68,1,2,5,125,At-risk high value,Personal outreach + tailored offer
15607,United Kingdom,104.76,1,202.0,104.76,2011-01-07 12:44,2011-01-07 12:44,336,1,104.76,1,2,1,121,Inactive,Win-back campaign
15139,United Kingdom,178.96,2,208.0,89.48,2011-01-07 12:44,2011-04-14 11:39,239,2,178.96,1,3,1,131,Inactive,Win-back campaign
12489,France,334.93,1,105.0,334.93,2011-01-07 13:13,2011-01-07 13:13,335,1,334.93,1,2,2,122,Inactive,Win-back campaign
17707,United Kingdom,152.4,2,144.0,76.2,2011-01-07 13:30,2011-06-07 15:03,184,2,152.4,1,3,1,131,Inactive,Win-back campaign
18198,United Kingdom,5083.06,17,4074.0,299.0,2011-01-07 13:39,2011-12-05 14:49,3,17,5083.06,5,5,5,555,Champions,Nurture and recommend next purchase
12484,Spain,4480.87,6,2187.0,746.81,2011-01-07 14:04,2011-11-07 11:37,32,6,4480.87,3,5,5,355,Champions,Nurture and recommend next purchase
18179,United Kingdom,1793.17,6,1360.0,298.86,2011-01-07 14:22,2011-11-30 16:23,8,6,1793.17,5,5,4,554,Champions,Nurture and recommend next purchase
17284,United Kingdom,1636.58,6,1362.0,272.76,2011-01-07 14:31,2011-10-10 14:38,59,6,1636.58,3,5,4,354,Loyal customers,Nurture and recommend next purchase
13233,United Kingdom,605.12,2,1004.0,302.56,2011-01-07 14:49,2011-09-26 13:25,73,2,605.12,2,3,3,233,Inactive,Win-back campaign
14889,United Kingdom,135.9,1,90.0,135.9,2011-01-07 15:19,2011-01-07 15:19,335,1,135.9,1,2,1,121,Inactive,Win-back campaign
12480,Germany,3281.63,4,1707.0,820.41,2011-01-07 15:27,2011-11-11 14:52,27,4,3281.63,4,4,5,445,Champions,Nurture and recommend next purchase
14672,United Kingdom,765.55,2,454.0,382.77,2011-01-07 15:48,2011-04-19 10:19,234,2,765.55,1,3,3,133,Inactive,Win-back campaign
13593,United Kingdom,1965.08,5,719.0,393.02,2011-01-07 16:32,2011-08-23 13:35,107,5,1965.08,2,5,4,254,Loyal customers,Nurture and recommend next purchase
13162,United Kingdom,1644.99,4,1713.0,411.25,2011-01-09 10:43,2011-08-09 15:59,121,4,1644.99,2,4,4,244,Loyal customers,Nurture and recommend next purchase
13183,United Kingdom,3957.78,9,2208.0,439.75,2011-01-09 10:50,2011-12-02 10:30,7,9,3957.78,5,5,5,555,Champions,Nurture and recommend next purchase
17095,United Kingdom,1088.2,3,618.0,362.73,2011-01-09 11:05,2011-11-17 16:40,21,3,1088.2,4,4,4,444,Loyal customers,Nurture and recommend next purchase
12939,United Kingdom,11581.8,8,4876.0,1447.72,2011-01-09 11:20,2011-10-06 14:33,63,8,11581.8,3,5,5,355,Champions,Nurture and recommend next purchase
15611,United Kingdom,1568.39,13,504.0,120.65,2011-01-09 11:32,2011-11-30 12:36,9,13,1568.39,5,5,4,554,Champions,Nurture and recommend next purchase
17114,United Kingdom,739.72,8,215.0,92.47,2011-01-09 11:39,2011-12-04 12:17,5,8,739.72,5,5,3,553,Champions,Nurture and recommend next purchase
15059,United Kingdom,1325.82,9,604.0,147.31,2011-01-09 11:54,2011-10-30 11:35,40,9,1325.82,3,5,4,354,Loyal customers,Nurture and recommend next purchase
16326,United Kingdom,3014.22,14,682.0,215.3,2011-01-09 12:01,2011-12-04 10:11,5,14,3014.22,5,5,5,555,Champions,Nurture and recommend next purchase
17128,United Kingdom,157.09,1,76.0,157.09,2011-01-09 12:02,2011-01-09 12:02,334,1,157.09,1,2,1,121,Inactive,Win-back campaign
14761,United Kingdom,255.9,2,118.0,127.95,2011-01-09 12:03,2011-10-12 12:10,58,2,255.9,3,3,2,332,Growing customers,Nurture and recommend next purchase
17555,United Kingdom,480.31,2,348.0,240.16,2011-01-09 12:31,2011-11-20 12:22,19,2,480.31,4,3,3,433,Loyal customers,Nurture and recommend next purchase
12651,France,114.0,1,78.0,114.0,2011-01-09 12:46,2011-01-09 12:46,334,1,114.0,1,2,1,121,Inactive,Win-back campaign
16735,United Kingdom,2216.06,5,1532.0,443.21,2011-01-09 12:53,2011-09-22 11:49,78,5,2216.06,2,5,5,255,Loyal customers,Nurture and recommend next purchase
16833,United Kingdom,1106.53,4,440.0,276.63,2011-01-09 13:02,2011-12-08 14:39,0,4,1106.53,5,4,4,544,Champions,Nurture and recommend next purchase
17800,United Kingdom,1187.21,9,732.0,131.91,2011-01-09 13:50,2011-11-02 12:57,36,9,1187.21,3,5,4,354,Loyal customers,Nurture and recommend next purchase
16748,United Kingdom,1515.9,5,880.0,303.18,2011-01-09 13:50,2011-11-22 10:17,17,5,1515.9,4,5,4,454,Champions,Nurture and recommend next purchase
14755,United Kingdom,4965.38,11,2219.0,451.4,2011-01-09 14:02,2011-11-30 11:24,9,11,4965.38,5,5,5,555,Champions,Nurture and recommend next purchase
16549,United Kingdom,4034.9,10,2294.0,403.49,2011-01-09 14:03,2011-11-29 15:06,9,10,4034.9,5,5,5,555,Champions,Nurture and recommend next purchase
13565,United Kingdom,240.22,2,172.0,120.11,2011-01-09 14:28,2011-11-20 14:33,18,2,240.22,4,3,2,432,Growing customers,Nurture and recommend next purchase
15799,United Kingdom,884.14,3,955.0,294.71,2011-01-09 15:13,2011-09-25 12:46,75,3,884.14,2,4,3,243,Inactive,Win-back campaign
18032,United Kingdom,73.5,1,42.0,73.5,2011-01-09 15:32,2011-01-09 15:32,333,1,73.5,1,2,1,121,Inactive,Win-back campaign
13451,United Kingdom,2838.56,5,2128.0,567.71,2011-01-09 15:35,2011-11-13 15:58,25,5,2838.56,4,5,5,455,Champions,Nurture and recommend next purchase
14794,United Kingdom,1272.11,7,673.0,181.73,2011-01-09 16:11,2011-12-07 10:11,2,7,1272.11,5,5,4,554,Champions,Nurture and recommend next purchase
12539,Spain,3852.5,4,2067.0,963.12,2011-01-10 09:11,2011-11-17 13:30,21,4,3852.5,4,4,5,445,Champions,Nurture and recommend next purchase
12500,Germany,4206.27,11,2678.0,382.39,2011-01-10 09:48,2011-11-16 16:20,22,11,4206.27,4,5,5,455,Champions,Nurture and recommend next purchase
18171,United Kingdom,1208.51,5,481.0,241.7,2011-01-10 09:55,2011-10-12 09:13,58,5,1208.51,3,5,4,354,Loyal customers,Nurture and recommend next purchase
16279,United Kingdom,1489.88,3,1046.0,496.63,2011-01-10 09:56,2011-11-18 15:00,20,3,1489.88,4,4,4,444,Loyal customers,Nurture and recommend next purchase
12524,Germany,4485.72,8,3699.0,560.72,2011-01-10 10:35,2011-11-30 15:31,8,8,4485.72,5,5,5,555,Champions,Nurture and recommend next purchase
17811,United Kingdom,7601.8,39,4146.0,194.92,2011-01-10 10:58,2011-12-05 13:46,3,39,7601.8,5,5,5,555,Champions,Nurture and recommend next purchase
16850,United Kingdom,332.41,1,249.0,332.41,2011-01-10 11:09,2011-01-10 11:09,333,1,332.41,1,2,2,122,Inactive,Win-back campaign
14321,United Kingdom,1530.75,5,2406.0,306.15,2011-01-10 11:35,2011-11-29 09:47,10,5,1530.75,4,5,4,454,Champions,Nurture and recommend next purchase
15326,United Kingdom,311.71,1,386.0,311.71,2011-01-10 11:38,2011-01-10 11:38,333,1,311.71,1,2,2,122,Inactive,Win-back campaign
17849,United Kingdom,605.8,4,114.0,151.45,2011-01-10 11:59,2011-05-05 13:46,217,4,605.8,1,4,3,143,Inactive,Win-back campaign
13672,United Kingdom,-71.46,2,57.0,-35.73,2011-01-10 12:02,2011-02-11 13:55,300,2,-71.46,1,3,1,131,Inactive,Win-back campaign
14229,United Kingdom,1450.6,3,610.0,483.53,2011-01-10 12:03,2011-10-19 10:04,51,3,1450.6,3,4,4,344,Loyal customers,Nurture and recommend next purchase
13107,United Kingdom,1524.07,4,1293.0,381.02,2011-01-10 12:28,2011-10-26 14:52,43,4,1524.07,3,4,4,344,Loyal customers,Nurture and recommend next purchase
16497,United Kingdom,2965.69,6,1396.0,494.28,2011-01-10 13:20,2011-10-21 10:55,49,6,2965.69,3,5,5,355,Champions,Nurture and recommend next purchase
16303,United Kingdom,5305.83,3,2659.0,1768.61,2011-01-10 14:16,2011-11-14 10:49,25,3,5305.83,4,4,5,445,Champions,Nurture and recommend next purchase
15281,United Kingdom,2239.95,9,1211.0,248.88,2011-01-10 15:51,2011-10-12 09:10,58,9,2239.95,3,5,5,355,Champions,Nurture and recommend next purchase
12736,France,234.0,1,173.0,234.0,2011-01-11 07:57,2011-01-11 07:57,332,1,234.0,1,2,2,122,Inactive,Win-back campaign
13473,United Kingdom,417.54,2,266.0,208.77,2011-01-11 08:45,2011-10-10 11:20,60,2,417.54,3,3,2,332,Growing customers,Nurture and recommend next purchase
14320,United Kingdom,343.11,2,325.0,171.56,2011-01-11 09:12,2011-05-17 09:24,206,2,343.11,1,3,2,132,Inactive,Win-back campaign
12393,Australia,1582.6,4,816.0,395.65,2011-01-11 09:47,2011-09-28 15:41,71,4,1582.6,2,4,4,244,Loyal customers,Nurture and recommend next purchase
17742,United Kingdom,355.11,2,89.0,177.56,2011-01-11 10:04,2011-08-18 15:28,112,2,355.11,2,3,2,232,Inactive,Win-back campaign
16351,United Kingdom,153.9,1,90.0,153.9,2011-01-11 10:26,2011-01-11 10:26,332,1,153.9,1,2,1,121,Inactive,Win-back campaign
12601,Germany,569.56,5,245.0,113.91,2011-01-11 10:38,2011-06-03 10:17,189,5,569.56,1,5,3,153,Inactive,Win-back campaign
13144,United Kingdom,110.95,1,21.0,110.95,2011-01-11 11:15,2011-01-11 11:15,332,1,110.95,1,2,1,121,Inactive,Win-back campaign
15346,United Kingdom,252.42,1,144.0,252.42,2011-01-11 11:18,2011-01-11 11:18,332,1,252.42,1,2,2,122,Inactive,Win-back campaign
15370,United Kingdom,2360.55,7,830.0,337.22,2011-01-11 11:32,2011-10-30 10:58,40,7,2360.55,3,5,5,355,Champions,Nurture and recommend next purchase
12643,France,3344.64,6,1808.0,557.44,2011-01-11 11:48,2011-08-03 12:56,127,6,3344.64,2,5,5,255,Loyal customers,Nurture and recommend next purchase
14295,United Kingdom,154.7,1,84.0,154.7,2011-01-11 11:53,2011-10-30 15:50,39,1,154.7,3,2,1,321,Growing customers,Nurture and recommend next purchase
16034,United Kingdom,437.7,3,242.0,145.9,2011-01-11 11:54,2011-05-27 16:17,195,3,437.7,1,4,2,142,Inactive,Win-back campaign
17365,United Kingdom,4767.36,8,4749.0,595.92,2011-01-11 12:11,2011-11-27 12:13,12,8,4767.36,4,5,5,455,Champions,Nurture and recommend next purchase
15189,United Kingdom,15802.14,41,6149.0,385.42,2011-01-11 12:29,2011-12-08 13:22,0,41,15802.14,5,5,5,555,Champions,Nurture and recommend next purchase
14669,United Kingdom,1259.24,3,770.0,419.75,2011-01-11 12:30,2011-04-12 11:43,241,3,1259.24,1,4,4,144,At-risk high value,Personal outreach + tailored offer
18095,United Kingdom,580.05,2,419.0,290.02,2011-01-11 12:37,2011-01-31 12:50,312,2,580.05,1,3,3,133,Inactive,Win-back campaign
15518,United Kingdom,1890.99,8,1263.0,236.37,2011-01-11 12:50,2011-10-06 13:05,63,8,1890.99,3,5,4,354,Loyal customers,Nurture and recommend next purchase
15749,United Kingdom,21535.9,3,18028.0,7178.63,2011-01-11 12:55,2011-04-18 13:20,234,3,21535.9,1,4,5,145,Loyal customers,Nurture and recommend next purchase
14209,United Kingdom,2067.13,6,691.0,344.52,2011-01-11 12:56,2011-11-29 10:18,10,6,2067.13,4,5,5,455,Champions,Nurture and recommend next purchase
15569,United Kingdom,1375.71,5,666.0,275.14,2011-01-11 13:26,2011-08-28 10:15,103,5,1375.71,2,5,4,254,Loyal customers,Nurture and recommend next purchase
12728,France,836.33,4,419.0,209.08,2011-01-11 13:31,2011-09-29 15:31,70,4,836.33,2,4,3,243,Inactive,Win-back campaign
17569,United Kingdom,344.14,1,159.0,344.14,2011-01-11 14:15,2011-01-11 14:15,331,1,344.14,1,2,2,122,Inactive,Win-back campaign
13784,United Kingdom,2462.79,11,2493.0,223.89,2011-01-11 14:38,2011-11-30 09:33,9,11,2462.79,5,5,5,555,Champions,Nurture and recommend next purchase
12724,France,1031.41,4,445.0,257.85,2011-01-11 15:00,2011-12-04 16:02,4,4,1031.41,5,4,4,544,Champions,Nurture and recommend next purchase
13862,United Kingdom,2187.31,8,1688.0,273.41,2011-01-11 15:13,2011-11-21 16:24,17,8,2187.31,4,5,5,455,Champions,Nurture and recommend next purchase
16791,United Kingdom,1690.28,7,757.0,241.47,2011-01-11 15:42,2011-11-10 19:12,28,7,1690.28,4,5,4,454,Champions,Nurture and recommend next purchase
16235,United Kingdom,858.41,5,330.0,171.68,2011-01-11 15:42,2011-10-30 10:56,40,5,858.41,3,5,3,353,Loyal customers,Nurture and recommend next purchase
14270,United Kingdom,492.65,1,197.0,492.65,2011-01-12 09:33,2011-01-12 09:33,331,1,492.65,1,2,3,123,Inactive,Win-back campaign
12665,Germany,61.75,1,37.0,61.75,2011-01-12 09:41,2011-01-19 08:34,324,1,61.75,1,2,1,121,Inactive,Win-back campaign
12523,France,1745.57,11,865.0,158.69,2011-01-12 09:43,2011-12-08 11:46,1,11,1745.57,5,5,4,554,Champions,Nurture and recommend next purchase
16655,United Kingdom,3789.52,6,2363.0,631.59,2011-01-12 10:16,2011-11-22 11:25,17,6,3789.52,4,5,5,455,Champions,Nurture and recommend next purchase
16359,United Kingdom,1460.37,9,1183.0,162.26,2011-01-12 10:49,2011-12-02 17:04,6,9,1460.37,5,5,4,554,Champions,Nurture and recommend next purchase
16554,United Kingdom,641.55,3,402.0,213.85,2011-01-12 12:40,2011-12-06 14:52,2,3,641.55,5,4,3,543,Loyal customers,Nurture and recommend next purchase
12359,Cyprus,6182.98,4,1609.0,1545.74,2011-01-12 12:43,2011-12-02 11:21,7,4,6182.98,5,4,5,545,Champions,Nurture and recommend next purchase
15939,United Kingdom,6102.26,15,4728.0,406.82,2011-01-12 12:43,2011-09-11 11:30,89,15,6102.26,2,5,5,255,Loyal customers,Nurture and recommend next purchase
14587,United Kingdom,1577.39,9,749.0,175.27,2011-01-12 13:16,2011-11-21 11:34,18,9,1577.39,4,5,4,454,Champions,Nurture and recommend next purchase
14715,United Kingdom,867.38,4,521.0,216.84,2011-01-12 13:27,2011-11-15 12:10,24,4,867.38,4,4,3,443,Loyal customers,Nurture and recommend next purchase
14185,United Kingdom,197.65,1,6.0,197.65,2011-01-12 13:52,2011-01-12 13:52,330,1,197.65,1,2,1,121,Inactive,Win-back campaign
12437,France,4896.66,18,2923.0,272.04,2011-01-12 14:13,2011-12-08 11:35,1,18,4896.66,5,5,5,555,Champions,Nurture and recommend next purchase
14040,United Kingdom,3487.59,12,1544.0,290.63,2011-01-12 14:57,2011-10-30 12:42,40,12,3487.59,3,5,5,355,Champions,Nurture and recommend next purchase
12652,France,914.53,1,505.0,914.53,2011-01-12 15:00,2011-01-21 17:01,321,1,914.53,1,2,4,124,At-risk high value,Personal outreach + tailored offer
14514,United Kingdom,990.2,3,564.0,330.07,2011-01-12 15:22,2011-10-09 16:05,60,3,990.2,3,4,4,344,Loyal customers,Nurture and recommend next purchase
15171,United Kingdom,1034.5,1,290.0,1034.5,2011-01-12 15:36,2011-01-19 12:39,324,1,1034.5,1,2,4,124,At-risk high value,Personal outreach + tailored offer
14167,United Kingdom,562.59,4,147.0,140.65,2011-01-12 15:44,2011-10-31 14:29,38,4,562.59,3,4,3,343,Loyal customers,Nurture and recommend next purchase
17048,United Kingdom,864.32,3,485.0,288.11,2011-01-12 16:51,2011-08-16 14:51,114,3,864.32,2,4,3,243,Inactive,Win-back campaign
17364,United Kingdom,4437.23,11,2692.0,403.38,2011-01-12 16:57,2011-12-09 09:00,0,11,4437.23,5,5,5,555,Champions,Nurture and recommend next purchase
13284,United Kingdom,196.15,1,91.0,196.15,2011-01-13 09:23,2011-01-21 10:25,322,1,196.15,1,2,1,121,Inactive,Win-back campaign
16500,United Kingdom,400.86,6,123.0,66.81,2011-01-13 10:28,2011-12-05 12:04,4,6,400.86,5,5,2,552,Loyal customers,Nurture and recommend next purchase
12951,United Kingdom,1042.07,6,503.0,173.68,2011-01-13 10:33,2011-12-01 12:14,8,6,1042.07,5,5,4,554,Champions,Nurture and recommend next purchase
15835,United Kingdom,954.09,4,439.0,238.52,2011-01-13 10:35,2011-10-26 15:47,43,4,954.09,3,4,4,344,Loyal customers,Nurture and recommend next purchase
18190,United Kingdom,274.51,2,140.0,137.25,2011-01-13 10:35,2011-05-31 14:48,191,2,274.51,1,3,2,132,Inactive,Win-back campaign
13993,United Kingdom,3409.66,9,900.0,378.85,2011-01-13 10:43,2011-11-07 13:00,31,9,3409.66,3,5,5,355,Champions,Nurture and recommend next purchase
14114,United Kingdom,386.53,2,101.0,193.26,2011-01-13 11:05,2011-03-11 09:42,273,2,386.53,1,3,2,132,Inactive,Win-back campaign
15447,United Kingdom,155.17,1,85.0,155.17,2011-01-13 11:26,2011-01-13 11:26,330,1,155.17,1,2,1,121,Inactive,Win-back campaign
16315,United Kingdom,226.37,1,75.0,226.37,2011-01-13 11:57,2011-01-13 11:57,330,1,226.37,1,2,1,121,Inactive,Win-back campaign
14978,United Kingdom,1921.37,5,523.0,384.27,2011-01-13 12:03,2011-09-28 13:07,71,5,1921.37,2,5,4,254,Loyal customers,Nurture and recommend next purchase
16395,United Kingdom,1482.06,5,1472.0,296.41,2011-01-13 12:10,2011-10-10 12:50,60,5,1482.06,3,5,4,354,Loyal customers,Nurture and recommend next purchase
15510,United Kingdom,250.0,1,2.0,250.0,2011-01-13 12:10,2011-01-13 12:10,330,1,250.0,1,2,2,122,Inactive,Win-back campaign
13614,United Kingdom,1585.46,4,564.0,396.37,2011-01-13 12:37,2011-11-15 14:47,23,4,1585.46,4,4,4,444,Loyal customers,Nurture and recommend next purchase
13246,United Kingdom,1896.32,6,1587.0,316.05,2011-01-13 13:36,2011-11-21 16:50,17,6,1896.32,4,5,4,454,Champions,Nurture and recommend next purchase
15687,United Kingdom,2981.5,9,1310.0,331.28,2011-01-13 15:13,2011-12-01 08:33,8,9,2981.5,5,5,5,555,Champions,Nurture and recommend next purchase
16493,United Kingdom,1329.66,4,1164.0,332.42,2011-01-14 08:16,2011-09-28 11:13,72,4,1329.66,2,4,4,244,Loyal customers,Nurture and recommend next purchase
12490,France,5417.93,10,3064.0,541.79,2011-01-14 09:13,2011-12-04 16:07,4,10,5417.93,5,5,5,555,Champions,Nurture and recommend next purchase
12672,France,225.9,1,78.0,225.9,2011-01-14 09:20,2011-01-14 09:20,329,1,225.9,1,2,1,121,Inactive,Win-back campaign
13385,United Kingdom,534.57,1,281.0,534.57,2011-01-14 09:52,2011-01-14 09:52,329,1,534.57,1,2,3,123,Inactive,Win-back campaign
15626,United Kingdom,675.8,2,766.0,337.9,2011-01-14 10:10,2011-09-26 10:03,74,2,675.8,2,3,3,233,Inactive,Win-back campaign
12553,France,3652.25,10,1965.0,365.23,2011-01-14 10:42,2011-12-01 16:38,7,10,3652.25,5,5,5,555,Champions,Nurture and recommend next purchase
15213,United Kingdom,325.05,2,272.0,162.53,2011-01-14 11:05,2011-01-25 12:25,318,2,325.05,1,3,2,132,Inactive,Win-back campaign
14175,United Kingdom,3108.06,3,1515.0,1036.02,2011-01-14 12:22,2011-10-19 13:42,50,3,3108.06,3,4,5,345,Loyal customers,Nurture and recommend next purchase
18106,United Kingdom,421.9,1,126.0,421.9,2011-01-14 12:23,2011-01-14 12:23,329,1,421.9,1,2,2,122,Inactive,Win-back campaign
15033,United Kingdom,2541.53,10,1672.0,254.15,2011-01-14 13:28,2011-12-05 12:40,4,10,2541.53,5,5,5,555,Champions,Nurture and recommend next purchase
14329,United Kingdom,4889.14,7,3087.0,698.45,2011-01-14 13:42,2011-12-01 08:27,8,7,4889.14,5,5,5,555,Champions,Nurture and recommend next purchase
16401,United Kingdom,4061.24,12,3882.0,338.44,2011-01-16 10:56,2011-12-08 18:15,0,12,4061.24,5,5,5,555,Champions,Nurture and recommend next purchase
16206,United Kingdom,537.06,4,272.0,134.26,2011-01-16 11:07,2011-10-16 10:41,54,4,537.06,3,4,3,343,Loyal customers,Nurture and recommend next purchase
13782,United Kingdom,908.86,6,369.0,151.48,2011-01-16 11:08,2011-11-27 11:54,12,6,908.86,4,5,4,454,Champions,Nurture and recommend next purchase
12924,United Kingdom,929.95,4,481.0,232.49,2011-01-16 11:49,2011-09-12 13:55,87,4,929.95,2,4,4,244,Loyal customers,Nurture and recommend next purchase
16593,United Kingdom,330.03,3,116.0,110.01,2011-01-16 12:11,2011-10-20 12:41,50,3,330.03,3,4,2,342,Growing customers,Nurture and recommend next purchase
13700,United Kingdom,2248.63,10,2281.0,224.86,2011-01-16 13:18,2011-11-13 13:00,25,10,2248.63,4,5,5,455,Champions,Nurture and recommend next purchase
13064,United Kingdom,1105.59,4,514.0,276.4,2011-01-16 13:41,2011-11-27 12:31,12,4,1105.59,4,4,4,444,Loyal customers,Nurture and recommend next purchase
13048,United Kingdom,1789.41,4,1228.0,447.35,2011-01-16 14:36,2011-11-25 13:23,13,4,1789.41,4,4,4,444,Loyal customers,Nurture and recommend next purchase
18069,United Kingdom,1994.39,5,1296.0,398.88,2011-01-16 14:48,2011-11-13 16:05,25,5,1994.39,4,5,5,455,Champions,Nurture and recommend next purchase
13634,United Kingdom,1547.36,5,700.0,309.47,2011-01-16 15:30,2011-11-06 13:40,32,5,1547.36,3,5,4,354,Loyal customers,Nurture and recommend next purchase
16843,United Kingdom,10183.82,16,10159.0,636.49,2011-01-16 16:10,2011-10-28 09:06,42,16,10183.82,3,5,5,355,Champions,Nurture and recommend next purchase
17064,United Kingdom,855.45,3,316.0,285.15,2011-01-16 16:10,2011-10-12 10:18,58,3,855.45,3,4,3,343,Loyal customers,Nurture and recommend next purchase
17609,United Kingdom,1097.48,5,719.0,219.5,2011-01-16 16:23,2011-10-30 12:28,40,5,1097.48,3,5,4,354,Loyal customers,Nurture and recommend next purchase
15673,United Kingdom,2726.23,4,1451.0,681.56,2011-01-16 16:25,2011-09-12 16:12,87,4,2726.23,2,4,5,245,Loyal customers,Nurture and recommend next purchase
12626,Germany,6388.35,9,3453.0,709.82,2011-01-17 11:01,2011-11-16 16:06,22,9,6388.35,4,5,5,455,Champions,Nurture and recommend next purchase
14976,United Kingdom,765.86,7,234.0,109.41,2011-01-17 11:09,2011-10-13 16:37,56,7,765.86,3,5,3,353,Loyal customers,Nurture and recommend next purchase
12388,Australia,2780.66,6,1462.0,463.44,2011-01-17 11:12,2011-11-24 12:30,15,6,2780.66,4,5,5,455,Champions,Nurture and recommend next purchase
13527,United Kingdom,2218.61,7,1683.0,316.94,2011-01-17 11:17,2011-11-06 12:04,33,7,2218.61,3,5,5,355,Champions,Nurture and recommend next purchase
15696,United Kingdom,2619.11,8,1015.0,327.39,2011-01-17 11:24,2011-11-06 14:02,32,8,2619.11,3,5,5,355,Champions,Nurture and recommend next purchase
15316,United Kingdom,165.0,1,100.0,165.0,2011-01-17 11:34,2011-01-17 11:34,326,1,165.0,1,2,1,121,Inactive,Win-back campaign
12673,Germany,610.52,2,351.0,305.26,2011-01-17 11:46,2011-12-04 13:55,4,2,610.52,5,3,3,533,Loyal customers,Nurture and recommend next purchase
15296,United Kingdom,3610.31,6,1766.0,601.72,2011-01-17 11:57,2011-10-26 16:33,43,6,3610.31,3,5,5,355,Champions,Nurture and recommend next purchase
17988,United Kingdom,191.17,7,43.0,27.31,2011-01-17 11:59,2011-11-28 11:00,11,7,191.17,4,5,1,451,Loyal customers,Nurture and recommend next purchase
12820,United Kingdom,942.34,4,722.0,235.59,2011-01-17 12:34,2011-12-06 15:12,2,4,942.34,5,4,4,544,Champions,Nurture and recommend next purchase
13001,United Kingdom,9765.07,13,5490.0,751.16,2011-01-17 12:45,2011-12-05 14:51,3,13,9765.07,5,5,5,555,Champions,Nurture and recommend next purchase
14101,United Kingdom,5976.79,6,6942.0,996.13,2011-01-17 13:09,2011-09-27 12:28,73,6,5976.79,2,5,5,255,Loyal customers,Nurture and recommend next purchase
14238,United Kingdom,146.85,1,111.0,146.85,2011-01-17 14:40,2011-01-17 14:40,325,1,146.85,1,2,1,121,Inactive,Win-back campaign
17730,United Kingdom,5288.83,13,3576.0,406.83,2011-01-17 14:49,2011-12-06 15:43,2,13,5288.83,5,5,5,555,Champions,Nurture and recommend next purchase
13929,United Kingdom,802.85,2,143.0,401.43,2011-01-17 15:11,2011-06-23 15:26,168,2,802.85,2,3,3,233,Inactive,Win-back campaign
14657,United Kingdom,838.27,4,466.0,209.57,2011-01-17 15:19,2011-11-22 12:47,17,4,838.27,4,4,3,443,Loyal customers,Nurture and recommend next purchase
13859,United Kingdom,201.16,1,129.0,201.16,2011-01-17 16:14,2011-01-17 16:14,325,1,201.16,1,2,1,121,Inactive,Win-back campaign
18212,United Kingdom,216.07,1,92.0,216.07,2011-01-17 16:14,2011-01-17 16:14,325,1,216.07,1,2,1,121,Inactive,Win-back campaign
14292,United Kingdom,4819.33,9,1663.0,535.48,2011-01-17 16:20,2011-12-02 11:50,7,9,4819.33,5,5,5,555,Champions,Nurture and recommend next purchase
13883,United Kingdom,2538.75,5,1436.0,507.75,2011-01-17 16:45,2011-12-08 19:20,0,5,2538.75,5,5,5,555,Champions,Nurture and recommend next purchase
18233,United Kingdom,440.0,1,4.0,440.0,2011-01-18 08:44,2011-01-18 08:44,325,1,440.0,1,2,2,122,Inactive,Win-back campaign
17018,United Kingdom,920.1,2,176.0,460.05,2011-01-18 08:46,2011-10-30 11:42,40,2,920.1,3,3,4,334,Loyal customers,Nurture and recommend next purchase
14242,United Kingdom,280.55,2,123.0,140.28,2011-01-18 08:53,2011-04-19 11:46,234,2,280.55,1,3,2,132,Inactive,Win-back campaign
12356,Portugal,2811.43,3,1591.0,937.14,2011-01-18 09:50,2011-11-17 08:40,22,3,2811.43,4,4,5,445,Champions,Nurture and recommend next purchase
12346,United Kingdom,0.0,1,74215.0,0.0,2011-01-18 10:01,2011-01-18 10:17,325,1,0.0,1,2,1,121,Inactive,Win-back campaign
13898,United Kingdom,155.93,1,133.0,155.93,2011-01-18 10:28,2011-01-18 10:28,325,1,155.93,1,2,1,121,Inactive,Win-back campaign
16948,United Kingdom,435.02,3,1614.0,145.01,2011-01-18 10:58,2011-07-24 12:46,138,3,435.02,2,4,2,242,Inactive,Win-back campaign
16997,United Kingdom,702.0,3,360.0,234.0,2011-01-18 11:51,2011-02-24 17:28,287,3,702.0,1,4,3,143,Inactive,Win-back campaign
12527,Germany,348.71,3,234.0,116.24,2011-01-18 12:05,2011-09-19 11:55,81,3,348.71,2,4,2,242,Inactive,Win-back campaign
15395,United Kingdom,107.45,1,17.0,107.45,2011-01-18 12:40,2011-01-18 12:40,325,1,107.45,1,2,1,121,Inactive,Win-back campaign
12510,Spain,982.57,2,353.0,491.29,2011-01-18 14:04,2011-07-20 10:15,142,2,982.57,2,3,4,234,At-risk high value,Personal outreach + tailored offer
13693,United Kingdom,-32.0,0,0,0,2011-01-18 15:21,2011-01-18 15:23,324,0,-32.0,1,1,1,111,Inactive,Win-back campaign
13263,United Kingdom,7436.93,35,4768.0,212.48,2011-01-18 16:31,2011-12-08 13:59,0,35,7436.93,5,5,5,555,Champions,Nurture and recommend next purchase
14428,United Kingdom,1209.37,5,428.0,241.87,2011-01-18 16:39,2011-12-02 13:17,6,5,1209.37,5,5,4,554,Champions,Nurture and recommend next purchase
12451,Switzerland,8933.52,5,6575.0,1786.7,2011-01-19 09:05,2011-11-29 08:40,10,5,8933.52,4,5,5,455,Champions,Nurture and recommend next purchase
12422,Australia,803.56,3,370.0,267.85,2011-01-19 09:13,2011-09-05 09:48,95,3,803.56,2,4,3,243,Inactive,Win-back campaign
17708,United Kingdom,263.33,2,90.0,131.66,2011-01-19 10:09,2011-06-05 10:12,187,2,263.33,1,3,2,132,Inactive,Win-back campaign
14090,United Kingdom,76.32,1,72.0,76.32,2011-01-19 10:51,2011-01-19 10:51,324,1,76.32,1,2,1,121,Inactive,Win-back campaign
15606,United Kingdom,2422.64,9,892.0,269.18,2011-01-19 12:07,2011-10-13 13:32,56,9,2422.64,3,5,5,355,Champions,Nurture and recommend next purchase
15831,United Kingdom,740.64,3,1092.0,246.88,2011-01-19 14:44,2011-10-12 13:14,57,3,740.64,3,4,3,343,Loyal customers,Nurture and recommend next purchase
13310,United Kingdom,1083.63,3,587.0,361.21,2011-01-19 14:50,2011-12-01 08:23,8,3,1083.63,5,4,4,544,Champions,Nurture and recommend next purchase
14916,United Kingdom,1264.84,4,1136.0,316.21,2011-01-19 15:30,2011-09-30 09:20,70,4,1264.84,2,4,4,244,Loyal customers,Nurture and recommend next purchase
17602,United Kingdom,5002.22,6,4116.0,833.7,2011-01-19 16:18,2011-12-07 13:53,1,6,5002.22,5,5,5,555,Champions,Nurture and recommend next purchase
14572,United Kingdom,2775.39,7,1420.0,396.48,2011-01-19 17:21,2011-12-06 14:40,2,7,2775.39,5,5,5,555,Champions,Nurture and recommend next purchase
13502,United Kingdom,292.0,3,264.0,97.33,2011-01-20 09:03,2011-11-23 10:39,16,3,292.0,4,4,2,442,Loyal customers,Nurture and recommend next purchase
14784,United Kingdom,289.99,2,237.0,145.0,2011-01-20 09:25,2011-11-13 13:30,25,2,289.99,4,3,2,432,Growing customers,Nurture and recommend next purchase
15938,United Kingdom,404.58,5,240.0,80.92,2011-01-20 10:11,2011-08-19 12:56,111,5,404.58,2,5,2,252,Inactive,Win-back campaign
12637,France,5934.25,8,2994.0,741.78,2011-01-20 10:47,2011-10-03 13:46,66,8,5934.25,3,5,5,355,Champions,Nurture and recommend next purchase
17418,United Kingdom,463.46,2,289.0,231.73,2011-01-20 11:39,2011-10-28 13:00,41,2,463.46,3,3,3,333,Growing customers,Nurture and recommend next purchase
14779,United Kingdom,386.15,3,84.0,128.72,2011-01-20 12:04,2011-03-04 12:42,280,3,386.15,1,4,2,142,Inactive,Win-back campaign
16321,Australia,230.7,5,135.0,46.14,2011-01-20 12:11,2011-09-28 14:55,71,5,230.7,2,5,1,251,Inactive,Win-back campaign
15262,United Kingdom,178.95,1,73.0,178.95,2011-01-20 12:16,2011-01-20 12:16,323,1,178.95,1,2,1,121,Inactive,Win-back campaign
17862,United Kingdom,330.9,1,100.0,330.9,2011-01-20 12:23,2011-01-20 12:23,323,1,330.9,1,2,2,122,Inactive,Win-back campaign
16892,United Kingdom,489.49,5,236.0,97.9,2011-01-20 13:19,2011-12-08 13:18,0,5,489.49,5,5,3,553,Champions,Nurture and recommend next purchase
12402,Belgium,225.6,1,94.0,225.6,2011-01-20 13:49,2011-01-20 13:49,322,1,225.6,1,2,1,121,Inactive,Win-back campaign
17771,United Kingdom,245.81,2,287.0,122.91,2011-01-20 14:13,2011-10-14 11:43,56,2,245.81,3,3,2,332,Growing customers,Nurture and recommend next purchase
15422,United Kingdom,97.7,2,38.0,48.85,2011-01-20 14:17,2011-01-20 16:17,322,2,97.7,1,3,1,131,Inactive,Win-back campaign
14770,United Kingdom,876.42,2,490.0,438.21,2011-01-20 15:00,2011-04-21 14:21,231,2,876.42,1,3,3,133,Inactive,Win-back campaign
16912,United Kingdom,2508.87,11,1025.0,228.08,2011-01-20 15:42,2011-11-16 15:51,22,11,2508.87,4,5,5,455,Champions,Nurture and recommend next purchase
15174,United Kingdom,135.75,1,145.0,135.75,2011-01-21 09:06,2011-01-21 09:06,322,1,135.75,1,2,1,121,Inactive,Win-back campaign
14895,United Kingdom,11020.26,20,4851.0,551.01,2011-01-21 09:26,2011-12-02 09:23,7,20,11020.26,5,5,5,555,Champions,Nurture and recommend next purchase
12594,Italy,3320.22,10,1777.0,332.02,2011-01-21 09:52,2011-11-02 12:20,37,10,3320.22,3,5,5,355,Champions,Nurture and recommend next purchase
17504,United Kingdom,2745.28,9,1664.0,305.03,2011-01-21 11:09,2011-05-17 12:59,205,9,2745.28,1,5,5,155,Loyal customers,Nurture and recommend next purchase
16387,United Kingdom,94.36,1,44.0,94.36,2011-01-21 11:34,2011-01-21 11:34,322,1,94.36,1,2,1,121,Inactive,Win-back campaign
12664,Finland,4863.88,9,1203.0,540.43,2011-01-21 11:42,2011-12-01 17:07,7,9,4863.88,5,5,5,555,Champions,Nurture and recommend next purchase
16618,United Kingdom,2630.64,5,1363.0,526.13,2011-01-21 11:55,2011-11-08 13:52,30,5,2630.64,4,5,5,455,Champions,Nurture and recommend next purchase
17277,United Kingdom,1065.35,2,430.0,532.67,2011-01-21 12:37,2011-04-26 12:47,227,2,1065.35,1,3,4,134,At-risk high value,Personal outreach + tailored offer
14088,United Kingdom,50415.49,13,12665.0,3878.11,2011-01-21 13:07,2011-11-29 16:16,9,13,50415.49,5,5,5,555,Champions,Nurture and recommend next purchase
17094,United Kingdom,270.2,1,152.0,270.2,2011-01-21 13:09,2011-01-25 17:24,317,1,270.2,1,2,2,122,Inactive,Win-back campaign
14692,United Kingdom,582.05,4,265.0,145.51,2011-01-21 13:47,2011-07-25 15:08,136,4,582.05,2,4,3,243,Inactive,Win-back campaign
12970,United Kingdom,405.47,4,268.0,101.37,2011-01-21 14:04,2011-12-02 14:30,6,4,405.47,5,4,2,542,Loyal customers,Nurture and recommend next purchase
17889,United Kingdom,201.37,2,77.0,100.69,2011-01-21 17:14,2011-05-11 16:26,211,2,201.37,1,3,1,131,Inactive,Win-back campaign
17644,United Kingdom,2768.98,11,1793.0,251.73,2011-01-21 17:18,2011-12-08 13:43,0,11,2768.98,5,5,5,555,Champions,Nurture and recommend next purchase
17714,United Kingdom,153.0,1,92.0,153.0,2011-01-23 10:32,2011-01-23 10:32,320,1,153.0,1,2,1,121,Inactive,Win-back campaign
12916,United Kingdom,2921.15,4,1083.0,730.29,2011-01-23 10:43,2011-07-24 10:35,138,4,2921.15,2,4,5,245,Loyal customers,Nurture and recommend next purchase
17769,United Kingdom,3920.08,10,1850.0,392.01,2011-01-23 11:15,2011-11-27 11:18,12,10,3920.08,4,5,5,455,Champions,Nurture and recommend next purchase
14450,United Kingdom,483.25,3,241.0,161.08,2011-01-23 11:53,2011-06-12 10:46,180,3,483.25,1,4,3,143,Inactive,Win-back campaign
16085,United Kingdom,981.51,5,636.0,196.3,2011-01-23 12:07,2011-11-16 13:24,22,5,981.51,4,5,4,454,Champions,Nurture and recommend next purchase
13659,United Kingdom,1540.65,2,882.0,770.33,2011-01-23 12:08,2011-05-26 19:56,196,2,1540.65,1,3,4,134,At-risk high value,Personal outreach + tailored offer
15167,United Kingdom,158.8,1,65.0,158.8,2011-01-23 12:41,2011-01-23 12:41,320,1,158.8,1,2,1,121,Inactive,Win-back campaign
15443,United Kingdom,3188.84,7,1639.0,455.55,2011-01-23 13:25,2011-12-08 10:40,1,7,3188.84,5,5,5,555,Champions,Nurture and recommend next purchase
14224,United Kingdom,1009.73,4,483.0,252.43,2011-01-23 13:58,2011-08-21 13:24,109,4,1009.73,2,4,4,244,Loyal customers,Nurture and recommend next purchase
13742,United Kingdom,3079.27,12,1115.0,256.61,2011-01-23 14:59,2011-11-23 11:07,16,12,3079.27,4,5,5,455,Champions,Nurture and recommend next purchase
17673,United Kingdom,1588.07,6,1462.0,264.68,2011-01-23 15:16,2011-12-08 13:06,0,6,1588.07,5,5,4,554,Champions,Nurture and recommend next purchase
12727,France,3947.7,7,2098.0,563.96,2011-01-23 15:17,2011-11-29 11:46,10,7,3947.7,4,5,5,455,Champions,Nurture and recommend next purchase
14068,United Kingdom,265.85,1,73.0,265.85,2011-01-23 16:02,2011-01-23 16:02,319,1,265.85,1,2,2,122,Inactive,Win-back campaign
13068,United Kingdom,344.0,2,200.0,172.0,2011-01-24 08:20,2011-11-29 15:00,9,2,344.0,5,3,2,532,Loyal customers,Nurture and recommend next purchase
14368,United Kingdom,155.0,1,36.0,155.0,2011-01-24 09:52,2011-01-24 09:52,319,1,155.0,1,2,1,121,Inactive,Win-back campaign
15497,United Kingdom,1259.7,2,624.0,629.85,2011-01-24 10:01,2011-11-22 11:51,17,2,1259.7,4,3,4,434,Loyal customers,Nurture and recommend next purchase
12559,Germany,536.21,2,283.0,268.11,2011-01-24 10:12,2011-02-02 09:49,310,2,536.21,1,3,3,133,Inactive,Win-back campaign
13819,United Kingdom,1140.35,3,1109.0,380.12,2011-01-24 10:38,2011-02-11 10:38,301,3,1140.35,1,4,4,144,At-risk high value,Personal outreach + tailored offer
14501,United Kingdom,190.31,2,161.0,95.16,2011-01-24 10:43,2011-10-06 20:15,63,2,190.31,3,3,1,331,Growing customers,Nurture and recommend next purchase
14782,United Kingdom,200.1,1,114.0,200.1,2011-01-24 11:12,2011-01-24 11:12,319,1,200.1,1,2,1,121,Inactive,Win-back campaign
17861,United Kingdom,2056.28,8,1985.0,257.04,2011-01-24 11:34,2011-12-06 16:21,2,8,2056.28,5,5,5,555,Champions,Nurture and recommend next purchase
14439,Greece,2661.24,1,526.0,2661.24,2011-01-24 11:39,2011-01-24 11:39,319,1,2661.24,1,2,5,125,At-risk high value,Personal outreach + tailored offer
18161,United Kingdom,1612.79,5,812.0,322.56,2011-01-24 11:56,2011-11-29 15:38,9,5,1612.79,5,5,4,554,Champions,Nurture and recommend next purchase
15820,United Kingdom,206.98,1,128.0,206.98,2011-01-24 12:00,2011-01-24 12:00,319,1,206.98,1,2,1,121,Inactive,Win-back campaign
18136,United Kingdom,761.83,3,379.0,253.94,2011-01-24 12:08,2011-10-07 15:40,62,3,761.83,3,4,3,343,Loyal customers,Nurture and recommend next purchase
16660,United Kingdom,810.45,4,571.0,202.61,2011-01-24 12:44,2011-11-23 14:53,15,4,810.45,4,4,3,443,Loyal customers,Nurture and recommend next purchase
12693,Germany,830.96,4,255.0,207.74,2011-01-24 12:58,2011-08-11 09:16,120,4,830.96,2,4,3,243,Inactive,Win-back campaign
12625,Germany,2614.32,2,1612.0,1307.16,2011-01-24 13:27,2011-05-12 09:54,211,2,2614.32,1,3,5,135,At-risk high value,Personal outreach + tailored offer
13396,United Kingdom,1325.29,2,600.0,662.64,2011-01-24 13:37,2011-11-18 09:42,21,2,1325.29,4,3,4,434,Loyal customers,Nurture and recommend next purchase
12935,United Kingdom,2156.45,7,1853.0,308.06,2011-01-24 13:58,2011-12-07 17:25,1,7,2156.45,5,5,5,555,Champions,Nurture and recommend next purchase
16730,United Kingdom,702.79,3,994.0,234.26,2011-01-24 14:01,2011-10-18 14:11,51,3,702.79,3,4,3,343,Loyal customers,Nurture and recommend next purchase
14541,United Kingdom,1453.35,8,641.0,181.67,2011-01-24 14:16,2011-10-12 10:08,58,8,1453.35,3,5,4,354,Loyal customers,Nurture and recommend next purchase
13551,United Kingdom,91.8,1,12.0,91.8,2011-01-24 14:46,2011-01-24 14:46,318,1,91.8,1,2,1,121,Inactive,Win-back campaign
12421,Spain,806.27,4,484.0,201.57,2011-01-24 15:09,2011-11-24 09:07,15,4,806.27,4,4,3,443,Loyal customers,Nurture and recommend next purchase
15797,United Kingdom,2207.4,4,873.0,551.85,2011-01-24 15:47,2011-08-18 17:04,112,4,2207.4,2,4,5,245,Loyal customers,Nurture and recommend next purchase
15052,United Kingdom,207.73,1,79.0,207.73,2011-01-24 15:52,2011-01-24 15:52,318,1,207.73,1,2,1,121,Inactive,Win-back campaign
14130,United Kingdom,480.91,1,257.0,480.91,2011-01-24 16:05,2011-01-24 16:05,318,1,480.91,1,2,3,123,Inactive,Win-back campaign
15222,United Kingdom,585.0,1,440.0,585.0,2011-01-25 08:03,2011-01-25 08:03,318,1,585.0,1,2,3,123,Inactive,Win-back campaign
13615,United Kingdom,399.99,1,189.0,399.99,2011-01-25 08:21,2011-01-31 11:29,312,1,399.99,1,2,2,122,Inactive,Win-back campaign
13901,United Kingdom,2867.2,5,1739.0,573.44,2011-01-25 09:01,2011-09-28 14:48,71,5,2867.2,2,5,5,255,Loyal customers,Nurture and recommend next purchase
13158,United Kingdom,1201.06,4,784.0,300.26,2011-01-25 09:58,2011-09-06 11:58,94,4,1201.06,2,4,4,244,Loyal customers,Nurture and recommend next purchase
14257,United Kingdom,3087.27,5,1682.0,617.45,2011-01-25 10:49,2011-10-19 13:38,50,5,3087.27,3,5,5,355,Champions,Nurture and recommend next purchase
15218,United Kingdom,5756.89,11,3329.0,523.35,2011-01-25 11:20,2011-11-29 11:48,10,11,5756.89,4,5,5,455,Champions,Nurture and recommend next purchase
15110,United Kingdom,973.2,4,246.0,243.3,2011-01-25 11:41,2011-11-16 11:16,23,4,973.2,4,4,4,444,Loyal customers,Nurture and recommend next purchase
14534,United Kingdom,4025.6,18,2027.0,223.64,2011-01-25 11:47,2011-12-07 12:19,2,18,4025.6,5,5,5,555,Champions,Nurture and recommend next purchase
15967,United Kingdom,397.68,2,205.0,198.84,2011-01-25 11:57,2011-11-16 15:41,22,2,397.68,4,3,2,432,Growing customers,Nurture and recommend next purchase
16757,United Kingdom,106.83,1,81.0,106.83,2011-01-25 11:59,2011-01-25 11:59,318,1,106.83,1,2,1,121,Inactive,Win-back campaign
12854,United Kingdom,1280.9,3,626.0,426.97,2011-01-25 12:11,2011-09-22 12:15,78,3,1280.9,2,4,4,244,Loyal customers,Nurture and recommend next purchase
13815,Germany,4014.91,4,2560.0,1003.73,2011-01-25 12:16,2011-11-17 14:19,21,4,4014.91,4,4,5,445,Champions,Nurture and recommend next purchase
18008,United Kingdom,2116.19,9,1581.0,235.13,2011-01-25 12:26,2011-09-30 15:17,69,9,2116.19,3,5,5,355,Champions,Nurture and recommend next purchase
18277,United Kingdom,97.63,1,68.0,97.63,2011-01-25 12:34,2011-10-12 15:22,57,1,97.63,3,2,1,321,Growing customers,Nurture and recommend next purchase
14389,United Kingdom,999.72,2,729.0,499.86,2011-01-25 12:45,2011-12-01 09:19,8,2,999.72,5,3,4,534,Loyal customers,Nurture and recommend next purchase
13703,United Kingdom,99.5,1,10.0,99.5,2011-01-25 13:10,2011-01-25 13:10,317,1,99.5,1,2,1,121,Inactive,Win-back campaign
15339,United Kingdom,557.57,2,416.0,278.79,2011-01-25 13:15,2011-10-04 12:51,65,2,557.57,3,3,3,333,Growing customers,Nurture and recommend next purchase
12744,Singapore,9120.39,7,5241.0,1302.91,2011-01-25 13:26,2011-10-19 11:18,51,7,9120.39,3,5,5,355,Champions,Nurture and recommend next purchase
16222,United Kingdom,773.55,1,325.0,773.55,2011-01-25 13:38,2011-01-25 13:38,317,1,773.55,1,2,3,123,Inactive,Win-back campaign
14341,United Kingdom,2151.08,8,1397.0,268.88,2011-01-25 13:55,2011-10-25 15:48,44,8,2151.08,3,5,5,355,Champions,Nurture and recommend next purchase
13168,United Kingdom,1290.54,4,670.0,322.63,2011-01-25 13:55,2011-11-03 12:56,35,4,1290.54,3,4,4,344,Loyal customers,Nurture and recommend next purchase
16943,United Kingdom,816.73,3,145.0,272.24,2011-01-25 14:00,2011-05-12 11:57,211,3,816.73,1,4,3,143,Inactive,Win-back campaign
17515,United Kingdom,639.02,4,243.0,159.75,2011-01-25 14:33,2011-11-08 14:04,30,4,639.02,4,4,3,443,Loyal customers,Nurture and recommend next purchase
17082,United Kingdom,2003.85,2,1049.0,1001.92,2011-01-25 14:36,2011-11-06 15:17,32,2,2003.85,3,3,5,335,Loyal customers,Nurture and recommend next purchase
14248,United Kingdom,302.58,1,102.0,302.58,2011-01-25 14:45,2011-01-25 14:45,317,1,302.58,1,2,2,122,Inactive,Win-back campaign
12609,Germany,1126.85,3,648.0,375.62,2011-01-25 15:13,2011-09-22 16:34,77,3,1126.85,2,4,4,244,Loyal customers,Nurture and recommend next purchase
13002,United Kingdom,120.95,1,73.0,120.95,2011-01-25 15:18,2011-01-25 15:18,317,1,120.95,1,2,1,121,Inactive,Win-back campaign
16133,United Kingdom,14305.66,33,8888.0,433.5,2011-01-25 15:55,2011-12-06 11:24,3,33,14305.66,5,5,5,555,Champions,Nurture and recommend next purchase
13049,United Kingdom,656.68,2,268.0,328.34,2011-01-25 16:33,2011-10-06 15:31,63,2,656.68,3,3,3,333,Growing customers,Nurture and recommend next purchase
14548,United Kingdom,652.8,2,256.0,326.4,2011-01-26 08:38,2011-07-12 12:19,150,2,652.8,2,3,3,233,Inactive,Win-back campaign
13405,United Kingdom,572.45,3,165.0,190.82,2011-01-26 09:27,2011-09-26 17:01,73,3,572.45,2,4,3,243,Inactive,Win-back campaign
14049,United Kingdom,5536.15,4,3808.0,1384.04,2011-01-26 10:30,2011-11-23 12:20,16,4,5536.15,4,4,5,445,Champions,Nurture and recommend next purchase
16043,United Kingdom,773.99,4,503.0,193.5,2011-01-26 11:14,2011-11-02 12:50,37,4,773.99,3,4,3,343,Loyal customers,Nurture and recommend next purchase
15812,United Kingdom,1801.14,5,922.0,360.23,2011-01-26 12:12,2011-08-24 14:19,106,5,1801.14,2,5,4,254,Loyal customers,Nurture and recommend next purchase
13837,United Kingdom,266.59,2,182.0,133.29,2011-01-26 12:15,2011-05-12 12:10,211,2,266.59,1,3,2,132,Inactive,Win-back campaign
17118,United Kingdom,157.02,1,154.0,157.02,2011-01-26 12:19,2011-01-26 12:19,317,1,157.02,1,2,1,121,Inactive,Win-back campaign
14616,United Kingdom,406.08,3,104.0,135.36,2011-01-26 12:42,2011-04-11 09:54,242,3,406.08,1,4,2,142,Inactive,Win-back campaign
14233,United Kingdom,1447.51,4,680.0,361.88,2011-01-26 12:43,2011-10-27 09:25,43,4,1447.51,3,4,4,344,Loyal customers,Nurture and recommend next purchase
17075,United Kingdom,813.77,4,292.0,203.44,2011-01-26 13:20,2011-11-22 11:58,17,4,813.77,4,4,3,443,Loyal customers,Nurture and recommend next purchase
16714,United Kingdom,879.06,3,589.0,293.02,2011-01-26 13:40,2011-05-05 11:09,218,3,879.06,1,4,3,143,Inactive,Win-back campaign
13098,United Kingdom,28658.88,28,15968.0,1023.53,2011-01-26 13:46,2011-12-08 14:14,0,28,28658.88,5,5,5,555,Champions,Nurture and recommend next purchase
17027,United Kingdom,835.86,6,416.0,139.31,2011-01-26 14:19,2011-09-22 12:24,78,6,835.86,2,5,3,253,Loyal customers,Nurture and recommend next purchase
12591,Italy,452.85,1,228.0,452.85,2011-01-26 14:35,2011-01-26 14:35,316,1,452.85,1,2,2,122,Inactive,Win-back campaign
17786,United Kingdom,266.85,2,195.0,133.43,2011-01-26 14:35,2011-09-15 12:51,84,2,266.85,2,3,2,232,Inactive,Win-back campaign
16124,United Kingdom,187.15,1,48.0,187.15,2011-01-26 14:45,2011-01-27 16:05,315,1,187.15,1,2,1,121,Inactive,Win-back campaign
16409,United Kingdom,2022.98,5,1304.0,404.6,2011-01-26 14:51,2011-11-03 16:45,35,5,2022.98,3,5,5,355,Champions,Nurture and recommend next purchase
13754,United Kingdom,282.6,2,214.0,141.3,2011-01-26 14:58,2011-07-11 11:51,151,2,282.6,2,3,2,232,Inactive,Win-back campaign
15227,United Kingdom,1219.4,5,750.0,243.88,2011-01-26 15:31,2011-11-03 11:59,36,5,1219.4,3,5,4,354,Loyal customers,Nurture and recommend next purchase
12997,United Kingdom,1197.94,4,664.0,299.49,2011-01-26 15:49,2011-11-17 15:47,21,4,1197.94,4,4,4,444,Loyal customers,Nurture and recommend next purchase
15215,United Kingdom,615.99,3,225.0,205.33,2011-01-26 17:25,2011-10-26 12:28,44,3,615.99,3,4,3,343,Loyal customers,Nurture and recommend next purchase
16918,United Kingdom,1043.34,6,721.0,173.89,2011-01-26 17:37,2011-10-21 12:50,49,6,1043.34,3,5,4,354,Loyal customers,Nurture and recommend next purchase
16882,United Kingdom,705.12,3,424.0,235.04,2011-01-26 17:43,2011-10-04 10:42,66,3,705.12,3,4,3,343,Loyal customers,Nurture and recommend next purchase
14442,Channel Islands,1544.62,2,482.0,772.31,2011-01-27 09:33,2011-12-08 11:53,1,2,1544.62,5,3,4,534,Loyal customers,Nurture and recommend next purchase
16496,United Kingdom,1562.22,3,1111.0,520.74,2011-01-27 09:42,2011-12-01 10:31,8,3,1562.22,5,4,4,544,Champions,Nurture and recommend next purchase
12764,Lebanon,1693.88,1,386.0,1693.88,2011-01-27 10:19,2011-01-27 10:19,316,1,1693.88,1,2,4,124,At-risk high value,Personal outreach + tailored offer
17311,United Kingdom,1384.85,2,1005.0,692.42,2011-01-27 10:56,2011-09-22 14:11,77,2,1384.85,2,3,4,234,At-risk high value,Personal outreach + tailored offer
15910,United Kingdom,1228.88,8,1013.0,153.61,2011-01-27 11:55,2011-12-09 10:51,0,8,1228.88,5,5,4,554,Champions,Nurture and recommend next purchase
16949,United Kingdom,1161.27,6,791.0,193.54,2011-01-27 12:11,2011-12-06 11:07,3,6,1161.27,5,5,4,554,Champions,Nurture and recommend next purchase
14970,United Kingdom,1592.06,4,250.0,398.01,2011-01-27 12:23,2011-10-02 13:44,67,4,1592.06,3,4,4,344,Loyal customers,Nurture and recommend next purchase
14701,United Kingdom,2462.94,9,921.0,273.66,2011-01-27 12:40,2011-11-29 12:38,10,9,2462.94,4,5,5,455,Champions,Nurture and recommend next purchase
12645,Germany,1755.38,4,1084.0,438.84,2011-01-27 13:08,2011-11-06 12:38,33,4,1755.38,3,4,4,344,Loyal customers,Nurture and recommend next purchase
12468,Germany,724.04,2,366.0,362.02,2011-01-27 13:29,2011-07-19 13:42,142,2,724.04,2,3,3,233,Inactive,Win-back campaign
16767,United Kingdom,5575.56,11,4423.0,506.87,2011-01-27 13:38,2011-11-09 09:42,30,11,5575.56,4,5,5,455,Champions,Nurture and recommend next purchase
14738,United Kingdom,1289.94,7,601.0,184.28,2011-01-27 14:10,2011-10-31 12:57,38,7,1289.94,3,5,4,354,Loyal customers,Nurture and recommend next purchase
17540,United Kingdom,570.4,2,194.0,285.2,2011-01-27 14:35,2011-12-01 09:00,8,2,570.4,5,3,3,533,Loyal customers,Nurture and recommend next purchase
14239,United Kingdom,2323.5,11,993.0,211.23,2011-01-27 14:45,2011-10-27 14:40,42,11,2323.5,3,5,5,355,Champions,Nurture and recommend next purchase
18125,United Kingdom,1130.1,4,800.0,282.52,2011-01-27 15:02,2011-11-10 12:29,29,4,1130.1,4,4,4,444,Loyal customers,Nurture and recommend next purchase
13328,United Kingdom,1308.48,1,680.0,1308.48,2011-01-27 15:22,2011-01-27 15:22,315,1,1308.48,1,2,4,124,At-risk high value,Personal outreach + tailored offer
15549,United Kingdom,1643.96,3,694.0,547.99,2011-01-27 15:38,2011-09-23 16:22,76,3,1643.96,2,4,4,244,Loyal customers,Nurture and recommend next purchase
15864,United Kingdom,1769.78,6,1192.0,294.96,2011-01-27 16:43,2011-11-17 13:32,21,6,1769.78,4,5,4,454,Champions,Nurture and recommend next purchase
14662,United Kingdom,741.37,4,578.0,185.34,2011-01-27 17:41,2011-11-11 12:13,28,4,741.37,4,4,3,443,Loyal customers,Nurture and recommend next purchase
17180,United Kingdom,768.32,4,670.0,192.08,2011-01-27 18:05,2011-10-14 15:46,55,4,768.32,3,4,3,343,Loyal customers,Nurture and recommend next purchase
15057,United Kingdom,1489.5,2,668.0,744.75,2011-01-28 09:09,2011-03-09 15:17,274,2,1489.5,1,3,4,134,At-risk high value,Personal outreach + tailored offer
12574,France,218.45,1,61.0,218.45,2011-01-28 09:20,2011-01-28 09:20,315,1,218.45,1,2,1,121,Inactive,Win-back campaign
13330,United Kingdom,1140.93,3,751.0,380.31,2011-01-28 10:08,2011-09-08 12:27,92,3,1140.93,2,4,4,244,Loyal customers,Nurture and recommend next purchase
13552,United Kingdom,3539.53,12,1417.0,294.96,2011-01-28 10:10,2011-10-04 15:19,65,12,3539.53,3,5,5,355,Champions,Nurture and recommend next purchase
12853,United Kingdom,1881.7,6,800.0,313.62,2011-01-28 10:28,2011-08-24 11:00,107,6,1881.7,2,5,4,254,Loyal customers,Nurture and recommend next purchase
13538,United Kingdom,1280.85,7,175.0,182.98,2011-01-28 10:40,2011-10-27 16:34,42,7,1280.85,3,5,4,354,Loyal customers,Nurture and recommend next purchase
16755,United Kingdom,1463.23,3,1058.0,487.74,2011-01-28 10:47,2011-08-17 13:21,113,3,1463.23,2,4,4,244,Loyal customers,Nurture and recommend next purchase
14133,United Kingdom,590.34,3,348.0,196.78,2011-01-28 11:27,2011-08-02 11:34,129,3,590.34,2,4,3,243,Inactive,Win-back campaign
16523,United Kingdom,9295.67,21,4265.0,442.65,2011-01-28 12:06,2011-12-08 09:06,1,21,9295.67,5,5,5,555,Champions,Nurture and recommend next purchase
14659,United Kingdom,2456.53,9,1195.0,272.95,2011-01-28 12:43,2011-12-01 12:17,8,9,2456.53,5,5,5,555,Champions,Nurture and recommend next purchase
13141,United Kingdom,2385.8,5,1548.0,477.16,2011-01-28 13:04,2011-09-16 09:54,84,5,2385.8,2,5,5,255,Loyal customers,Nurture and recommend next purchase
15365,United Kingdom,1330.45,7,1084.0,190.06,2011-01-28 13:08,2011-11-14 08:29,25,7,1330.45,4,5,4,454,Champions,Nurture and recommend next purchase
13707,United Kingdom,806.41,2,351.0,403.2,2011-01-28 13:27,2011-03-17 18:03,266,2,806.41,1,3,3,133,Inactive,Win-back campaign
13709,United Kingdom,6228.71,13,3508.0,479.13,2011-01-28 14:57,2011-12-06 10:28,3,13,6228.71,5,5,5,555,Champions,Nurture and recommend next purchase
17329,United Kingdom,523.11,2,142.0,261.56,2011-01-28 15:29,2011-11-25 14:24,13,2,523.11,4,3,3,433,Loyal customers,Nurture and recommend next purchase
14805,United Kingdom,546.4,4,114.0,136.6,2011-01-30 10:43,2011-11-24 16:20,14,4,546.4,4,4,3,443,Loyal customers,Nurture and recommend next purchase
16897,United Kingdom,213.03,2,73.0,106.52,2011-01-30 11:52,2011-02-13 15:45,298,2,213.03,1,3,1,131,Inactive,Win-back campaign
15579,United Kingdom,327.6,2,117.0,163.8,2011-01-30 12:09,2011-10-02 12:45,68,2,327.6,3,3,2,332,Growing customers,Nurture and recommend next purchase
14595,United Kingdom,1740.6,6,978.0,290.1,2011-01-30 13:36,2011-11-20 12:12,19,6,1740.6,4,5,4,454,Champions,Nurture and recommend next purchase
13161,United Kingdom,112.75,1,29.0,112.75,2011-01-30 14:03,2011-01-30 14:03,312,1,112.75,1,2,1,121,Inactive,Win-back campaign
15415,United Kingdom,559.61,1,551.0,559.61,2011-01-30 14:13,2011-01-30 14:13,312,1,559.61,1,2,3,123,Inactive,Win-back campaign
17431,United Kingdom,403.3,1,292.0,403.3,2011-01-30 14:36,2011-01-30 14:36,312,1,403.3,1,2,2,122,Inactive,Win-back campaign
17463,United Kingdom,1860.81,5,1086.0,372.16,2011-01-30 15:48,2011-11-23 13:40,15,5,1860.81,4,5,4,454,Champions,Nurture and recommend next purchase
14502,United Kingdom,2310.18,11,1480.0,210.02,2011-01-30 15:52,2011-11-20 11:50,19,11,2310.18,4,5,5,455,Champions,Nurture and recommend next purchase
12528,Germany,1922.28,6,756.0,320.38,2011-01-31 09:05,2011-11-30 14:40,8,6,1922.28,5,5,4,554,Champions,Nurture and recommend next purchase
15448,United Kingdom,494.64,1,232.0,494.64,2011-01-31 10:42,2011-01-31 10:42,312,1,494.64,1,2,3,123,Inactive,Win-back campaign
17314,United Kingdom,2514.76,8,1896.0,314.35,2011-01-31 11:25,2011-11-15 09:41,24,8,2514.76,4,5,5,455,Champions,Nurture and recommend next purchase
17373,United Kingdom,646.92,4,408.0,161.73,2011-01-31 11:46,2011-10-30 15:28,39,4,646.92,3,4,3,343,Loyal customers,Nurture and recommend next purchase
18145,United Kingdom,2861.55,4,2625.0,715.39,2011-01-31 12:10,2011-11-27 11:22,12,4,2861.55,4,4,5,445,Champions,Nurture and recommend next purchase
14467,United Kingdom,596.26,4,276.0,149.06,2011-01-31 12:35,2011-11-22 12:48,17,4,596.26,4,4,3,443,Loyal customers,Nurture and recommend next purchase
12908,United Kingdom,246.0,2,1200.0,123.0,2011-01-31 12:36,2011-10-12 10:11,58,2,246.0,3,3,2,332,Growing customers,Nurture and recommend next purchase
15144,United Kingdom,6530.04,17,3050.0,384.12,2011-01-31 13:17,2011-12-01 15:12,7,17,6530.04,5,5,5,555,Champions,Nurture and recommend next purchase
14776,United Kingdom,2195.58,11,3134.0,199.6,2011-01-31 13:17,2011-10-19 15:34,50,11,2195.58,3,5,5,355,Champions,Nurture and recommend next purchase
16403,United Kingdom,161.05,1,114.0,161.05,2011-01-31 13:39,2011-02-10 16:40,301,1,161.05,1,2,1,121,Inactive,Win-back campaign
16407,United Kingdom,2079.68,10,1093.0,207.97,2011-01-31 14:02,2011-11-27 11:05,12,10,2079.68,4,5,5,455,Champions,Nurture and recommend next purchase
17619,United Kingdom,214.37,1,124.0,214.37,2011-01-31 14:18,2011-01-31 14:18,311,1,214.37,1,2,1,121,Inactive,Win-back campaign
12778,Netherlands,804.23,6,825.0,134.04,2011-01-31 14:35,2011-11-20 11:39,19,6,804.23,4,5,3,453,Loyal customers,Nurture and recommend next purchase
17256,United Kingdom,240.0,2,141.0,120.0,2011-01-31 14:53,2011-08-24 13:30,106,2,240.0,2,3,2,232,Inactive,Win-back campaign
17604,United Kingdom,309.36,2,169.0,154.68,2011-01-31 15:09,2011-05-06 13:43,216,2,309.36,1,3,2,132,Inactive,Win-back campaign
14006,United Kingdom,962.19,3,641.0,320.73,2011-01-31 15:11,2011-08-16 09:39,115,3,962.19,2,4,4,244,Loyal customers,Nurture and recommend next purchase
13600,United Kingdom,219.52,1,324.0,219.52,2011-01-31 15:27,2011-01-31 15:27,311,1,219.52,1,2,1,121,Inactive,Win-back campaign
15058,United Kingdom,2102.54,11,1054.0,191.14,2011-01-31 15:35,2011-11-14 14:57,24,11,2102.54,4,5,5,455,Champions,Nurture and recommend next purchase
17147,United Kingdom,1679.64,4,882.0,419.91,2011-02-01 09:36,2011-11-17 12:32,22,4,1679.64,4,4,4,444,Loyal customers,Nurture and recommend next purchase
13881,United Kingdom,16989.52,20,10118.0,849.48,2011-02-01 10:14,2011-12-06 12:50,3,20,16989.52,5,5,5,555,Champions,Nurture and recommend next purchase
16612,United Kingdom,1187.66,4,506.0,296.92,2011-02-01 10:38,2011-11-07 07:38,32,4,1187.66,3,4,4,344,Loyal customers,Nurture and recommend next purchase
14627,United Kingdom,-21.85,0,0,0,2011-02-01 10:49,2011-02-01 10:49,311,0,-21.85,1,1,1,111,Inactive,Win-back campaign
17356,United Kingdom,178.22,1,166.0,178.22,2011-02-01 11:07,2011-02-01 11:07,311,1,178.22,1,2,1,121,Inactive,Win-back campaign
12477,Germany,13117.01,6,3653.0,2186.17,2011-02-01 11:09,2011-11-17 09:51,22,6,13117.01,4,5,5,455,Champions,Nurture and recommend next purchase
12836,United Kingdom,2610.36,4,1062.0,652.59,2011-02-01 11:19,2011-10-11 15:10,58,4,2610.36,3,4,5,345,Loyal customers,Nurture and recommend next purchase
13939,United Kingdom,556.75,3,847.0,185.58,2011-02-01 11:30,2011-11-16 13:33,22,3,556.75,4,4,3,443,Loyal customers,Nurture and recommend next purchase
16745,United Kingdom,7157.1,17,6719.0,421.01,2011-02-01 11:31,2011-09-14 11:58,86,17,7157.1,2,5,5,255,Loyal customers,Nurture and recommend next purchase
13606,United Kingdom,276.75,3,276.0,92.25,2011-02-01 11:42,2011-11-10 17:46,28,3,276.75,4,4,2,442,Loyal customers,Nurture and recommend next purchase
13494,United Kingdom,316.26,1,162.0,316.26,2011-02-01 11:58,2011-02-01 11:58,311,1,316.26,1,2,2,122,Inactive,Win-back campaign
12929,United Kingdom,105.1,1,37.0,105.1,2011-02-01 12:08,2011-08-09 14:30,121,1,105.1,2,2,1,221,Inactive,Win-back campaign
16419,United Kingdom,945.96,6,428.0,157.66,2011-02-01 12:25,2011-08-19 12:33,112,6,945.96,2,5,4,254,Loyal customers,Nurture and recommend next purchase
17035,United Kingdom,388.33,2,229.0,194.16,2011-02-01 12:27,2011-04-08 11:23,245,2,388.33,1,3,2,132,Inactive,Win-back campaign
15203,United Kingdom,1827.8,6,1753.0,304.63,2011-02-01 12:29,2011-11-14 08:16,25,6,1827.8,4,5,4,454,Champions,Nurture and recommend next purchase
16515,United Kingdom,1624.14,5,826.0,324.83,2011-02-01 13:09,2011-10-18 13:10,51,5,1624.14,3,5,4,354,Loyal customers,Nurture and recommend next purchase
12373,Austria,364.6,1,197.0,364.6,2011-02-01 13:10,2011-02-01 13:10,310,1,364.6,1,2,2,122,Inactive,Win-back campaign
18202,United Kingdom,1396.99,3,581.0,465.66,2011-02-01 13:36,2011-05-24 12:12,199,3,1396.99,1,4,4,144,At-risk high value,Personal outreach + tailored offer
12775,Netherlands,1351.24,5,877.0,270.25,2011-02-01 13:45,2011-11-22 16:33,16,5,1351.24,4,5,4,454,Champions,Nurture and recommend next purchase
14549,United Kingdom,289.24,1,136.0,289.24,2011-02-01 13:47,2011-02-01 13:47,310,1,289.24,1,2,2,122,Inactive,Win-back campaign
15981,United Kingdom,3408.48,8,1866.0,426.06,2011-02-01 13:50,2011-11-15 08:00,24,8,3408.48,4,5,5,455,Champions,Nurture and recommend next purchase
16110,United Kingdom,1320.95,3,720.0,440.32,2011-02-01 14:01,2011-10-25 14:35,44,3,1320.95,3,4,4,344,Loyal customers,Nurture and recommend next purchase
17376,United Kingdom,203.2,2,86.0,101.6,2011-02-01 14:12,2011-09-30 12:36,70,2,203.2,2,3,1,231,Inactive,Win-back campaign
13110,United Kingdom,1452.87,7,388.0,207.55,2011-02-01 15:24,2011-11-08 14:30,30,7,1452.87,4,5,4,454,Champions,Nurture and recommend next purchase
16716,United Kingdom,319.8,2,120.0,159.9,2011-02-01 15:35,2011-03-18 10:03,266,2,319.8,1,3,2,132,Inactive,Win-back campaign
12676,Sweden,1331.39,6,670.0,221.9,2011-02-01 15:41,2011-11-15 12:25,24,6,1331.39,4,5,4,454,Champions,Nurture and recommend next purchase
15940,United Kingdom,31.8,1,4.0,31.8,2011-02-01 16:18,2011-02-01 16:21,310,1,31.8,1,2,1,121,Inactive,Win-back campaign
15971,United Kingdom,4199.85,12,1717.0,349.99,2011-02-01 16:47,2011-11-22 12:50,17,12,4199.85,4,5,5,455,Champions,Nurture and recommend next purchase
14665,United Kingdom,1258.38,5,740.0,251.68,2011-02-02 09:08,2011-10-10 11:54,60,5,1258.38,3,5,4,354,Loyal customers,Nurture and recommend next purchase
14457,United Kingdom,113.64,1,88.0,113.64,2011-02-02 09:39,2011-02-02 09:39,310,1,113.64,1,2,1,121,Inactive,Win-back campaign
15589,United Kingdom,456.58,3,243.0,152.19,2011-02-02 10:46,2011-04-01 11:22,252,3,456.58,1,4,2,142,Inactive,Win-back campaign
14411,United Kingdom,1063.0,1,196.0,1063.0,2011-02-02 10:56,2011-02-02 10:56,310,1,1063.0,1,2,4,124,At-risk high value,Personal outreach + tailored offer
17560,United Kingdom,854.95,5,651.0,170.99,2011-02-02 11:14,2011-09-06 09:18,94,5,854.95,2,5,3,253,Loyal customers,Nurture and recommend next purchase
15226,United Kingdom,154.41,1,71.0,154.41,2011-02-02 11:41,2011-02-02 11:41,310,1,154.41,1,2,1,121,Inactive,Win-back campaign
14460,United Kingdom,383.34,3,881.0,127.78,2011-02-02 11:54,2011-08-21 14:19,109,3,383.34,2,4,2,242,Inactive,Win-back campaign
16156,United Kingdom,2994.62,9,1273.0,332.74,2011-02-02 12:02,2011-12-01 12:42,8,9,2994.62,5,5,5,555,Champions,Nurture and recommend next purchase
13728,United Kingdom,1016.14,6,458.0,169.36,2011-02-02 12:09,2011-11-03 10:49,36,6,1016.14,3,5,4,354,Loyal customers,Nurture and recommend next purchase
14127,United Kingdom,709.71,3,321.0,236.57,2011-02-02 12:26,2011-08-09 10:49,122,3,709.71,2,4,3,243,Inactive,Win-back campaign
16378,United Kingdom,362.95,3,267.0,120.98,2011-02-02 12:42,2011-04-06 15:07,246,3,362.95,1,4,2,142,Inactive,Win-back campaign
13894,United Kingdom,535.97,3,354.0,178.66,2011-02-02 12:54,2011-11-17 13:35,21,3,535.97,4,4,3,443,Loyal customers,Nurture and recommend next purchase
13824,United Kingdom,1698.94,5,768.0,339.79,2011-02-02 13:07,2011-11-07 12:41,32,5,1698.94,3,5,4,354,Loyal customers,Nurture and recommend next purchase
18250,United Kingdom,342.92,1,199.0,342.92,2011-02-02 13:16,2011-02-11 13:59,300,1,342.92,1,2,2,122,Inactive,Win-back campaign
15270,United Kingdom,2298.2,7,1521.0,328.31,2011-02-02 13:25,2011-11-24 09:24,15,7,2298.2,4,5,5,455,Champions,Nurture and recommend next purchase
14188,United Kingdom,2018.91,6,1162.0,336.49,2011-02-02 13:46,2011-12-01 09:46,8,6,2018.91,5,5,5,555,Champions,Nurture and recommend next purchase
18017,United Kingdom,523.0,3,300.0,174.33,2011-02-02 13:57,2011-09-19 16:15,80,3,523.0,2,4,3,243,Inactive,Win-back campaign
15421,United Kingdom,950.36,4,500.0,237.59,2011-02-02 14:36,2011-10-12 09:20,58,4,950.36,3,4,4,344,Loyal customers,Nurture and recommend next purchase
17446,United Kingdom,120.9,2,198.0,60.45,2011-02-02 14:40,2011-06-16 10:42,176,2,120.9,2,3,1,231,Inactive,Win-back campaign
12414,Austria,562.41,3,300.0,187.47,2011-02-02 14:51,2011-05-06 14:51,216,3,562.41,1,4,3,143,Inactive,Win-back campaign
14798,United Kingdom,173.74,3,150.0,57.91,2011-02-02 15:26,2011-10-18 10:58,52,3,173.74,3,4,1,341,Growing customers,Nurture and recommend next purchase
12990,United Kingdom,409.5,3,200.0,136.5,2011-02-02 15:39,2011-11-08 13:01,30,3,409.5,4,4,2,442,Loyal customers,Nurture and recommend next purchase
12350,Norway,334.4,1,197.0,334.4,2011-02-02 16:01,2011-02-02 16:01,309,1,334.4,1,2,2,122,Inactive,Win-back campaign
16992,United Kingdom,1601.86,5,860.0,320.37,2011-02-02 16:31,2011-11-29 11:50,10,5,1601.86,4,5,4,454,Champions,Nurture and recommend next purchase
17337,United Kingdom,1897.51,4,1247.0,474.38,2011-02-02 17:06,2011-07-11 14:56,150,4,1897.51,2,4,4,244,Loyal customers,Nurture and recommend next purchase
16405,United Kingdom,167.25,2,187.0,83.62,2011-02-02 17:08,2011-02-10 15:24,301,2,167.25,1,3,1,131,Inactive,Win-back campaign
17071,United Kingdom,2385.48,9,1197.0,265.05,2011-02-03 08:18,2011-12-01 09:06,8,9,2385.48,5,5,5,555,Champions,Nurture and recommend next purchase
13873,United Kingdom,381.7,3,140.0,127.23,2011-02-03 09:37,2011-08-12 10:08,119,3,381.7,2,4,2,242,Inactive,Win-back campaign
17362,United Kingdom,312.23,2,191.0,156.12,2011-02-03 10:26,2011-04-14 14:43,238,2,312.23,1,3,2,132,Inactive,Win-back campaign
13394,United Kingdom,2312.8,8,2392.0,289.1,2011-02-03 10:39,2011-12-08 11:36,1,8,2312.8,5,5,5,555,Champions,Nurture and recommend next purchase
12502,Spain,3723.87,5,820.0,744.77,2011-02-03 10:41,2011-09-05 11:52,95,5,3723.87,2,5,5,255,Loyal customers,Nurture and recommend next purchase
16333,United Kingdom,26626.8,22,32184.0,1210.31,2011-02-03 10:50,2011-12-02 12:19,7,22,26626.8,5,5,5,555,Champions,Nurture and recommend next purchase
16030,United Kingdom,331.24,1,283.0,331.24,2011-02-03 11:28,2011-02-03 11:28,309,1,331.24,1,2,2,122,Inactive,Win-back campaign
14044,United Kingdom,646.42,4,304.0,161.6,2011-02-03 11:39,2011-11-13 12:05,26,4,646.42,4,4,3,443,Loyal customers,Nurture and recommend next purchase
13800,United Kingdom,558.32,1,331.0,558.32,2011-02-03 12:27,2011-02-03 12:27,309,1,558.32,1,2,3,123,Inactive,Win-back campaign
17672,United Kingdom,3106.62,2,1690.0,1553.31,2011-02-03 13:29,2011-10-27 10:56,43,2,3106.62,3,3,5,335,Loyal customers,Nurture and recommend next purchase
12464,Belgium,1212.05,8,112.0,151.51,2011-02-03 13:30,2011-11-29 13:33,9,8,1212.05,5,5,4,554,Champions,Nurture and recommend next purchase
13581,United Kingdom,118.0,1,30.0,118.0,2011-02-03 14:41,2011-02-03 14:41,308,1,118.0,1,2,1,121,Inactive,Win-back campaign
14540,United Kingdom,952.66,3,411.0,317.55,2011-02-03 15:02,2011-11-30 10:15,9,3,952.66,5,4,4,544,Champions,Nurture and recommend next purchase
13539,United Kingdom,605.84,3,320.0,201.95,2011-02-03 15:23,2011-09-15 10:18,85,3,605.84,2,4,3,243,Inactive,Win-back campaign
15885,United Kingdom,379.35,3,111.0,126.45,2011-02-03 15:28,2011-09-08 10:43,92,3,379.35,2,4,2,242,Inactive,Win-back campaign
14497,United Kingdom,457.47,1,235.0,457.47,2011-02-03 17:01,2011-02-11 15:20,300,1,457.47,1,2,2,122,Inactive,Win-back campaign
17507,United Kingdom,605.58,2,359.0,302.79,2011-02-03 18:08,2011-03-23 11:48,261,2,605.58,1,3,3,133,Inactive,Win-back campaign
13208,United Kingdom,1199.65,6,803.0,199.94,2011-02-03 19:32,2011-10-12 09:54,58,6,1199.65,3,5,4,354,Loyal customers,Nurture and recommend next purchase
17334,United Kingdom,306.6,2,315.0,153.3,2011-02-04 09:03,2011-02-11 16:34,300,2,306.6,1,3,2,132,Inactive,Win-back campaign
13871,United Kingdom,6389.8,13,2806.0,491.52,2011-02-04 09:30,2011-11-17 10:49,22,13,6389.8,4,5,5,455,Champions,Nurture and recommend next purchase
16938,United Kingdom,1878.43,4,2533.0,469.61,2011-02-04 09:34,2011-12-01 10:20,8,4,1878.43,5,4,4,544,Champions,Nurture and recommend next purchase
12754,Japan,2949.12,3,6481.0,983.04,2011-02-04 10:31,2011-04-18 09:00,235,3,2949.12,1,4,5,145,Loyal customers,Nurture and recommend next purchase
12410,Switzerland,681.08,2,211.0,340.54,2011-02-04 10:38,2011-02-11 15:47,300,2,681.08,1,3,3,133,Inactive,Win-back campaign
17929,United Kingdom,834.5,4,108.0,208.62,2011-02-04 11:40,2011-11-28 16:01,10,4,834.5,4,4,3,443,Loyal customers,Nurture and recommend next purchase
14778,United Kingdom,730.86,2,306.0,365.43,2011-02-04 11:43,2011-08-04 15:23,126,2,730.86,2,3,3,233,Inactive,Win-back campaign
17517,United Kingdom,153.94,1,102.0,153.94,2011-02-04 11:48,2011-02-04 11:48,308,1,153.94,1,2,1,121,Inactive,Win-back campaign
17226,United Kingdom,393.49,1,406.0,393.49,2011-02-04 11:52,2011-02-04 11:52,308,1,393.49,1,2,2,122,Inactive,Win-back campaign
13137,United Kingdom,3557.96,8,2204.0,444.75,2011-02-04 11:54,2011-11-29 12:09,10,8,3557.96,4,5,5,455,Champions,Nurture and recommend next purchase
13725,United Kingdom,1809.81,8,806.0,226.23,2011-02-04 12:18,2011-10-21 10:03,49,8,1809.81,3,5,4,354,Loyal customers,Nurture and recommend next purchase
13309,United Kingdom,1456.79,5,1544.0,291.36,2011-02-04 12:29,2011-12-02 16:34,6,5,1456.79,5,5,4,554,Champions,Nurture and recommend next purchase
12842,United Kingdom,1118.99,2,547.0,559.5,2011-02-04 12:36,2011-09-30 15:33,69,2,1118.99,3,3,4,334,Loyal customers,Nurture and recommend next purchase
16109,United Kingdom,611.88,2,612.0,305.94,2011-02-04 12:37,2011-05-05 09:17,218,2,611.88,1,3,3,133,Inactive,Win-back campaign
17291,United Kingdom,550.8,1,72.0,550.8,2011-02-04 13:04,2011-02-04 13:04,307,1,550.8,1,2,3,123,Inactive,Win-back campaign
15090,United Kingdom,381.32,1,208.0,381.32,2011-02-04 14:03,2011-02-04 14:03,307,1,381.32,1,2,2,122,Inactive,Win-back campaign
15199,United Kingdom,1268.7,4,396.0,317.18,2011-02-04 14:04,2011-10-11 15:12,58,4,1268.7,3,4,4,344,Loyal customers,Nurture and recommend next purchase
13911,United Kingdom,2580.91,9,2731.0,286.77,2011-02-04 14:46,2011-10-13 15:43,56,9,2580.91,3,5,5,355,Champions,Nurture and recommend next purchase
14194,United Kingdom,11216.75,21,5840.0,534.13,2011-02-04 14:51,2011-12-05 10:38,4,21,11216.75,5,5,5,555,Champions,Nurture and recommend next purchase
14842,United Kingdom,2456.8,4,1166.0,614.2,2011-02-04 15:32,2011-11-04 13:09,34,4,2456.8,3,4,5,345,Loyal customers,Nurture and recommend next purchase
13584,United Kingdom,142.4,1,37.0,142.4,2011-02-06 12:49,2011-02-06 12:49,306,1,142.4,1,2,1,121,Inactive,Win-back campaign
17105,United Kingdom,665.78,2,693.0,332.89,2011-02-06 14:46,2011-07-03 15:53,158,2,665.78,2,3,3,233,Inactive,Win-back campaign
14438,United Kingdom,131.9,1,82.0,131.9,2011-02-06 14:56,2011-02-06 14:56,305,1,131.9,1,2,1,121,Inactive,Win-back campaign
12956,United Kingdom,108.07,1,34.0,108.07,2011-02-06 16:08,2011-02-06 16:08,305,1,108.07,1,2,1,121,Inactive,Win-back campaign
15781,United Kingdom,333.56,3,180.0,111.19,2011-02-07 09:15,2011-11-14 14:57,24,3,333.56,4,4,2,442,Loyal customers,Nurture and recommend next purchase
14410,United Kingdom,573.45,9,569.0,63.72,2011-02-07 09:36,2011-11-24 11:16,15,9,573.45,4,5,3,453,Loyal customers,Nurture and recommend next purchase
14600,United Kingdom,393.33,1,125.0,393.33,2011-02-07 09:48,2011-02-07 09:48,305,1,393.33,1,2,2,122,Inactive,Win-back campaign
17302,United Kingdom,1119.93,5,575.0,223.99,2011-02-07 10:14,2011-11-25 09:36,14,5,1119.93,4,5,4,454,Champions,Nurture and recommend next purchase
17613,United Kingdom,4494.77,14,2490.0,321.05,2011-02-07 11:20,2011-11-17 10:51,22,14,4494.77,4,5,5,455,Champions,Nurture and recommend next purchase
13334,United Kingdom,3502.32,3,1764.0,1167.44,2011-02-07 11:42,2011-09-18 15:21,81,3,3502.32,2,4,5,245,Loyal customers,Nurture and recommend next purchase
13955,United Kingdom,322.96,2,154.0,161.48,2011-02-07 12:24,2011-07-08 17:19,153,2,322.96,2,3,2,232,Inactive,Win-back campaign
17162,United Kingdom,1707.21,10,1001.0,170.72,2011-02-07 12:27,2011-11-11 11:34,28,10,1707.21,4,5,4,454,Champions,Nurture and recommend next purchase
17774,United Kingdom,1203.78,4,508.0,300.94,2011-02-07 13:13,2011-09-04 12:49,96,4,1203.78,2,4,4,244,Loyal customers,Nurture and recommend next purchase
13809,Cyprus,155.05,1,29.0,155.05,2011-02-07 13:15,2011-02-07 13:15,304,1,155.05,1,2,1,121,Inactive,Win-back campaign
15407,United Kingdom,1046.74,4,552.0,261.69,2011-02-07 13:18,2011-11-06 11:55,33,4,1046.74,3,4,4,344,Loyal customers,Nurture and recommend next purchase
15577,United Kingdom,258.88,3,89.0,86.29,2011-02-07 13:32,2011-07-11 17:03,150,3,258.88,2,4,2,242,Inactive,Win-back campaign
16332,United Kingdom,1572.8,7,797.0,224.69,2011-02-07 14:16,2011-11-11 14:22,27,7,1572.8,4,5,4,454,Champions,Nurture and recommend next purchase
14048,United Kingdom,375.13,1,288.0,375.13,2011-02-07 14:53,2011-03-07 13:49,276,1,375.13,1,2,2,122,Inactive,Win-back campaign
14475,United Kingdom,799.82,3,447.0,266.61,2011-02-08 10:12,2011-09-29 10:46,71,3,799.82,2,4,3,243,Inactive,Win-back campaign
17859,United Kingdom,141.92,1,102.0,141.92,2011-02-08 10:32,2011-02-08 10:32,304,1,141.92,1,2,1,121,Inactive,Win-back campaign
12576,Poland,1306.98,5,967.0,261.4,2011-02-08 11:31,2011-11-04 10:11,35,5,1306.98,3,5,4,354,Loyal customers,Nurture and recommend next purchase
15753,United Kingdom,79.2,1,144.0,79.2,2011-02-08 12:41,2011-02-08 12:41,304,1,79.2,1,2,1,121,Inactive,Win-back campaign
12599,France,1032.58,7,956.0,147.51,2011-02-08 13:28,2011-11-10 13:34,28,7,1032.58,4,5,4,454,Champions,Nurture and recommend next purchase
14562,United Kingdom,4676.62,18,1815.0,259.81,2011-02-08 14:45,2011-12-06 11:05,3,18,4676.62,5,5,5,555,Champions,Nurture and recommend next purchase
16951,United Kingdom,1262.75,3,1318.0,420.92,2011-02-08 14:58,2011-08-08 13:25,122,3,1262.75,2,4,4,244,Loyal customers,Nurture and recommend next purchase
16998,United Kingdom,287.02,4,76.0,71.75,2011-02-08 15:42,2011-07-13 09:49,149,4,287.02,2,4,2,242,Inactive,Win-back campaign
13133,United Kingdom,109.8,2,32.0,54.9,2011-02-08 15:48,2011-03-11 10:31,273,2,109.8,1,3,1,131,Inactive,Win-back campaign
17881,United Kingdom,133.35,1,32.0,133.35,2011-02-08 17:16,2011-02-08 17:16,303,1,133.35,1,2,1,121,Inactive,Win-back campaign
15843,United Kingdom,118.95,1,27.0,118.95,2011-02-09 10:19,2011-02-09 10:19,303,1,118.95,1,2,1,121,Inactive,Win-back campaign
17083,United Kingdom,1405.78,3,772.0,468.59,2011-02-09 11:38,2011-08-22 15:43,108,3,1405.78,2,4,4,244,Loyal customers,Nurture and recommend next purchase
15970,United Kingdom,314.1,1,116.0,314.1,2011-02-09 12:08,2011-02-09 12:08,303,1,314.1,1,2,2,122,Inactive,Win-back campaign
13590,United Kingdom,1976.12,6,1848.0,329.35,2011-02-09 13:25,2011-11-28 12:54,10,6,1976.12,4,5,4,454,Champions,Nurture and recommend next purchase
17537,United Kingdom,887.67,2,699.0,443.83,2011-02-09 13:37,2011-11-10 10:56,29,2,887.67,4,3,3,433,Loyal customers,Nurture and recommend next purchase
12401,Belgium,84.3,1,11.0,84.3,2011-02-09 13:50,2011-02-09 13:50,302,1,84.3,1,2,1,121,Inactive,Win-back campaign
12462,Spain,1124.01,2,536.0,562.0,2011-02-09 14:44,2011-12-07 14:02,1,2,1124.01,5,3,4,534,Loyal customers,Nurture and recommend next purchase
17843,United Kingdom,205.48,1,113.0,205.48,2011-02-09 15:33,2011-02-09 15:33,302,1,205.48,1,2,1,121,Inactive,Win-back campaign
13706,United Kingdom,330.79,1,189.0,330.79,2011-02-10 09:21,2011-02-10 09:21,302,1,330.79,1,2,2,122,Inactive,Win-back campaign
17940,United Kingdom,1897.18,10,9323.0,189.72,2011-02-10 09:29,2011-10-21 13:27,48,10,1897.18,3,5,4,354,Loyal customers,Nurture and recommend next purchase
17686,United Kingdom,5739.46,7,2478.0,819.92,2011-02-10 10:18,2011-12-02 15:39,6,7,5739.46,5,5,5,555,Champions,Nurture and recommend next purchase
14431,United Kingdom,423.26,1,130.0,423.26,2011-02-10 10:40,2011-02-14 10:56,298,1,423.26,1,2,2,122,Inactive,Win-back campaign
15809,United Kingdom,399.21,5,301.0,79.84,2011-02-10 11:16,2011-11-04 12:05,35,5,399.21,3,5,2,352,Loyal customers,Nurture and recommend next purchase
12561,Germany,238.85,1,177.0,238.85,2011-02-10 11:39,2011-02-10 11:39,302,1,238.85,1,2,2,122,Inactive,Win-back campaign
14465,United Kingdom,1038.44,3,398.0,346.15,2011-02-10 12:13,2011-04-07 12:38,246,3,1038.44,1,4,4,144,At-risk high value,Personal outreach + tailored offer
18093,United Kingdom,2083.42,4,1392.0,520.86,2011-02-10 12:15,2011-09-07 15:43,92,4,2083.42,2,4,5,245,Loyal customers,Nurture and recommend next purchase
16027,United Kingdom,852.12,6,1147.0,142.02,2011-02-10 12:19,2011-09-09 10:47,91,6,852.12,2,5,3,253,Loyal customers,Nurture and recommend next purchase
12857,United Kingdom,1106.4,2,343.0,553.2,2011-02-10 12:32,2011-05-13 10:20,210,2,1106.4,1,3,4,134,At-risk high value,Personal outreach + tailored offer
16425,United Kingdom,302.7,1,199.0,302.7,2011-02-10 14:30,2011-02-10 14:30,301,1,302.7,1,2,2,122,Inactive,Win-back campaign
16842,United Kingdom,1260.44,3,693.0,420.15,2011-02-10 14:51,2011-10-06 17:38,63,3,1260.44,3,4,4,344,Loyal customers,Nurture and recommend next purchase
15796,United Kingdom,2663.66,8,860.0,332.96,2011-02-10 15:40,2011-12-08 19:55,0,8,2663.66,5,5,5,555,Champions,Nurture and recommend next purchase
14555,United Kingdom,312.54,2,122.0,156.27,2011-02-10 17:19,2011-10-13 16:24,56,2,312.54,3,3,2,332,Growing customers,Nurture and recommend next purchase
15114,United Kingdom,2760.56,10,3096.0,276.06,2011-02-11 08:45,2011-11-09 15:05,29,10,2760.56,4,5,5,455,Champions,Nurture and recommend next purchase
15133,United Kingdom,982.42,3,680.0,327.47,2011-02-11 10:38,2011-08-04 10:44,127,3,982.42,2,4,4,244,Loyal customers,Nurture and recommend next purchase
17705,United Kingdom,1781.12,9,963.0,197.9,2011-02-11 10:57,2011-12-06 13:45,2,9,1781.12,5,5,4,554,Champions,Nurture and recommend next purchase
18087,United Kingdom,3770.12,2,3907.0,1885.06,2011-02-11 11:24,2011-09-02 15:12,97,2,3770.12,2,3,5,235,Loyal customers,Nurture and recommend next purchase
12897,United Kingdom,216.5,2,110.0,108.25,2011-02-11 11:40,2011-05-19 12:13,204,2,216.5,1,3,1,131,Inactive,Win-back campaign
17512,United Kingdom,2920.04,10,2753.0,292.0,2011-02-11 12:22,2011-11-11 12:11,28,10,2920.04,4,5,5,455,Champions,Nurture and recommend next purchase
15550,United Kingdom,575.63,4,295.0,143.91,2011-02-11 12:49,2011-12-05 15:38,3,4,575.63,5,4,3,543,Loyal customers,Nurture and recommend next purchase
14676,United Kingdom,2543.24,6,2500.0,423.87,2011-02-11 13:38,2011-11-08 13:29,30,6,2543.24,4,5,5,455,Champions,Nurture and recommend next purchase
12505,Italy,-4.5,0,0,0,2011-02-11 13:39,2011-02-11 13:39,300,0,-4.5,1,1,1,111,Inactive,Win-back campaign
18159,United Kingdom,530.15,1,139.0,530.15,2011-02-11 14:26,2011-02-11 14:26,300,1,530.15,1,2,3,123,Inactive,Win-back campaign
14304,United Kingdom,197.1,1,139.0,197.1,2011-02-11 14:48,2011-05-01 11:50,222,1,197.1,1,2,1,121,Inactive,Win-back campaign
15638,United Kingdom,-94.0,0,0,0,2011-02-11 15:12,2011-02-11 15:12,300,0,-94.0,1,1,1,111,Inactive,Win-back campaign
12943,United Kingdom,-3.75,0,0,0,2011-02-11 15:13,2011-02-11 15:13,300,0,-3.75,1,1,1,111,Inactive,Win-back campaign
13875,United Kingdom,1786.79,5,1316.0,357.36,2011-02-11 15:39,2011-10-17 09:36,53,5,1786.79,3,5,4,354,Loyal customers,Nurture and recommend next purchase
15406,United Kingdom,426.61,2,254.0,213.31,2011-02-11 16:19,2011-11-21 16:14,17,2,426.61,4,3,2,432,Growing customers,Nurture and recommend next purchase
18084,United Kingdom,87.53,1,312.0,87.53,2011-02-11 16:30,2011-11-23 13:57,15,1,87.53,4,2,1,421,Growing customers,Nurture and recommend next purchase
17282,United Kingdom,1685.46,3,1866.0,561.82,2011-02-13 11:36,2011-08-01 14:29,129,3,1685.46,2,4,4,244,Loyal customers,Nurture and recommend next purchase
16434,United Kingdom,1511.8,7,760.0,215.97,2011-02-13 12:17,2011-11-10 14:28,28,7,1511.8,4,5,4,454,Champions,Nurture and recommend next purchase
17050,United Kingdom,3185.64,6,1595.0,530.94,2011-02-13 12:41,2011-09-04 13:48,95,6,3185.64,2,5,5,255,Loyal customers,Nurture and recommend next purchase
13171,United Kingdom,426.81,3,229.0,142.27,2011-02-13 14:16,2011-12-01 15:06,7,3,426.81,5,4,2,542,Loyal customers,Nurture and recommend next purchase
17472,United Kingdom,697.54,3,455.0,232.51,2011-02-13 14:40,2011-06-01 14:57,190,3,697.54,1,4,3,143,Inactive,Win-back campaign
17255,United Kingdom,291.48,2,227.0,145.74,2011-02-13 15:18,2011-10-30 12:18,40,2,291.48,3,3,2,332,Growing customers,Nurture and recommend next purchase
16084,United Kingdom,436.18,1,216.0,436.18,2011-02-13 16:05,2011-02-13 16:05,298,1,436.18,1,2,2,122,Inactive,Win-back campaign
17667,United Kingdom,2055.51,5,1037.0,411.1,2011-02-14 09:24,2011-10-04 14:32,65,5,2055.51,3,5,5,355,Champions,Nurture and recommend next purchase
12507,Spain,1258.06,3,905.0,419.35,2011-02-14 09:24,2011-07-28 17:09,133,3,1258.06,2,4,4,244,Loyal customers,Nurture and recommend next purchase
14631,United Kingdom,1006.98,3,622.0,335.66,2011-02-14 09:31,2011-10-20 11:17,50,3,1006.98,3,4,4,344,Loyal customers,Nurture and recommend next purchase
13381,United Kingdom,3626.81,6,2029.0,604.47,2011-02-14 10:10,2011-11-18 16:59,20,6,3626.81,4,5,5,455,Champions,Nurture and recommend next purchase
15236,United Kingdom,321.05,1,269.0,321.05,2011-02-14 10:52,2011-02-14 10:52,298,1,321.05,1,2,2,122,Inactive,Win-back campaign
13475,United Kingdom,1431.78,4,1012.0,357.94,2011-02-14 12:36,2011-06-01 13:52,190,4,1431.78,1,4,4,144,At-risk high value,Personal outreach + tailored offer
17829,United Arab Emirates,889.24,1,496.0,889.24,2011-02-14 12:46,2011-02-14 12:46,298,1,889.24,1,2,3,123,Inactive,Win-back campaign
13717,United Kingdom,1432.26,6,1959.0,238.71,2011-02-14 13:21,2011-11-07 14:13,31,6,1432.26,3,5,4,354,Loyal customers,Nurture and recommend next purchase
13157,United Kingdom,1721.57,4,1439.0,430.39,2011-02-14 14:03,2011-10-21 13:50,48,4,1721.57,3,4,4,344,Loyal customers,Nurture and recommend next purchase
14644,United Kingdom,780.46,2,258.0,390.23,2011-02-14 14:14,2011-11-30 14:58,8,2,780.46,5,3,3,533,Loyal customers,Nurture and recommend next purchase
12993,United Kingdom,414.76,4,240.0,103.69,2011-02-14 14:29,2011-11-16 15:49,22,4,414.76,4,4,2,442,Loyal customers,Nurture and recommend next purchase
17571,United Kingdom,1425.67,4,876.0,356.42,2011-02-14 15:15,2011-10-20 15:57,49,4,1425.67,3,4,4,344,Loyal customers,Nurture and recommend next purchase
16979,United Kingdom,1809.05,6,865.0,301.51,2011-02-15 09:20,2011-12-06 12:21,3,6,1809.05,5,5,4,554,Champions,Nurture and recommend next purchase
16738,United Kingdom,3.75,1,3.0,3.75,2011-02-15 09:46,2011-02-15 09:46,297,1,3.75,1,2,1,121,Inactive,Win-back campaign
15122,United Kingdom,1612.13,3,800.0,537.38,2011-02-15 09:59,2011-09-15 16:27,84,3,1612.13,2,4,4,244,Loyal customers,Nurture and recommend next purchase
17612,United Kingdom,1992.76,6,1808.0,332.13,2011-02-15 10:40,2011-10-17 14:59,52,6,1992.76,3,5,4,354,Loyal customers,Nurture and recommend next purchase
17348,United Kingdom,1156.6,5,1398.0,231.32,2011-02-15 10:49,2011-11-25 11:25,14,5,1156.6,4,5,4,454,Champions,Nurture and recommend next purchase
13893,United Kingdom,821.1,1,190.0,821.1,2011-02-15 11:30,2011-02-15 11:30,297,1,821.1,1,2,3,123,Inactive,Win-back campaign
14035,United Kingdom,1428.02,5,739.0,285.6,2011-02-15 12:48,2011-11-11 10:03,28,5,1428.02,4,5,4,454,Champions,Nurture and recommend next purchase
13623,United Kingdom,652.4,5,286.0,130.48,2011-02-15 12:55,2011-11-09 12:00,30,5,652.4,4,5,3,453,Loyal customers,Nurture and recommend next purchase
14346,United Kingdom,1021.58,2,605.0,510.79,2011-02-15 13:52,2011-08-11 09:47,120,2,1021.58,2,3,4,234,At-risk high value,Personal outreach + tailored offer
16431,United Kingdom,623.28,3,442.0,207.76,2011-02-15 14:02,2011-05-10 14:09,212,3,623.28,1,4,3,143,Inactive,Win-back campaign
12616,France,657.25,2,284.0,328.62,2011-02-15 14:17,2011-09-15 17:02,84,2,657.25,2,3,3,233,Inactive,Win-back campaign
16317,United Kingdom,1341.65,3,890.0,447.22,2011-02-15 14:30,2011-08-12 12:46,119,3,1341.65,2,4,4,244,Loyal customers,Nurture and recommend next purchase
14935,Channel Islands,1784.71,1,935.0,1784.71,2011-02-15 14:44,2011-02-15 14:44,296,1,1784.71,1,2,4,124,At-risk high value,Personal outreach + tailored offer
16073,United Kingdom,94.35,1,48.0,94.35,2011-02-15 15:41,2011-02-21 12:33,291,1,94.35,1,2,1,121,Inactive,Win-back campaign
14477,United Kingdom,1307.81,4,720.0,326.95,2011-02-15 15:44,2011-11-20 11:11,19,4,1307.81,4,4,4,444,Loyal customers,Nurture and recommend next purchase
14760,United Kingdom,53.8,1,40.0,53.8,2011-02-15 16:27,2011-02-18 14:36,293,1,53.8,1,2,1,121,Inactive,Win-back campaign
14897,United Kingdom,1366.38,4,468.0,341.6,2011-02-16 08:37,2011-12-02 10:32,7,4,1366.38,5,4,4,544,Champions,Nurture and recommend next purchase
15810,United Kingdom,1145.43,4,861.0,286.36,2011-02-16 09:11,2011-09-22 09:38,78,4,1145.43,2,4,4,244,Loyal customers,Nurture and recommend next purchase
16509,United Kingdom,363.7,1,64.0,363.7,2011-02-16 09:25,2011-02-16 09:25,296,1,363.7,1,2,2,122,Inactive,Win-back campaign
14386,United Kingdom,142.4,1,54.0,142.4,2011-02-16 09:45,2011-02-16 09:45,296,1,142.4,1,2,1,121,Inactive,Win-back campaign
12455,Spain,2466.86,6,2089.0,411.14,2011-02-16 09:56,2011-09-27 15:31,72,6,2466.86,2,5,5,255,Loyal customers,Nurture and recommend next purchase
14530,United Kingdom,2862.11,6,1395.0,477.02,2011-02-16 10:47,2011-11-14 10:38,25,6,2862.11,4,5,5,455,Champions,Nurture and recommend next purchase
15670,United Kingdom,173.05,1,91.0,173.05,2011-02-16 10:50,2011-02-16 10:50,296,1,173.05,1,2,1,121,Inactive,Win-back campaign
12653,Israel,2209.85,2,919.0,1104.92,2011-02-16 10:53,2011-07-14 10:41,148,2,2209.85,2,3,5,235,Loyal customers,Nurture and recommend next purchase
16126,United Kingdom,6287.77,4,2125.0,1571.94,2011-02-16 11:18,2011-11-10 16:03,28,4,6287.77,4,4,5,445,Champions,Nurture and recommend next purchase
14609,United Kingdom,601.56,4,7026.0,150.39,2011-02-16 12:10,2011-09-28 12:54,71,4,601.56,2,4,3,243,Inactive,Win-back campaign
13414,United Kingdom,1390.5,3,1574.0,463.5,2011-02-16 12:13,2011-07-29 11:45,133,3,1390.5,2,4,4,244,Loyal customers,Nurture and recommend next purchase
12823,United Kingdom,1759.5,5,230.0,351.9,2011-02-16 12:15,2011-09-26 07:35,74,5,1759.5,2,5,4,254,Loyal customers,Nurture and recommend next purchase
12352,Norway,1545.41,8,536.0,193.18,2011-02-16 12:33,2011-11-03 14:37,35,8,1545.41,3,5,4,354,Loyal customers,Nurture and recommend next purchase
12372,Denmark,1298.04,3,794.0,432.68,2011-02-16 12:46,2011-09-29 12:12,71,3,1298.04,2,4,4,244,Loyal customers,Nurture and recommend next purchase
16494,United Kingdom,826.53,1,675.0,826.53,2011-02-16 12:49,2011-02-16 12:49,296,1,826.53,1,2,3,123,Inactive,Win-back campaign
14959,United Kingdom,684.97,4,494.0,171.24,2011-02-16 13:00,2011-10-11 16:28,58,4,684.97,3,4,3,343,Loyal customers,Nurture and recommend next purchase
16148,United Kingdom,76.32,1,72.0,76.32,2011-02-16 14:01,2011-02-16 14:01,295,1,76.32,1,2,1,121,Inactive,Win-back campaign
17422,United Kingdom,1853.13,6,2253.0,308.85,2011-02-16 14:44,2011-11-23 13:27,15,6,1853.13,4,5,4,454,Champions,Nurture and recommend next purchase
17175,United Kingdom,1430.94,4,866.0,357.74,2011-02-16 14:56,2011-10-26 15:31,43,4,1430.94,3,4,4,344,Loyal customers,Nurture and recommend next purchase
18257,United Kingdom,2265.38,8,1041.0,283.17,2011-02-16 15:13,2011-10-31 14:48,38,8,2265.38,3,5,5,355,Champions,Nurture and recommend next purchase
12362,Belgium,5154.58,10,2229.0,515.46,2011-02-17 10:30,2011-12-06 15:40,2,10,5154.58,5,5,5,555,Champions,Nurture and recommend next purchase
13018,United Kingdom,7272.75,28,5435.0,259.74,2011-02-17 11:05,2011-11-23 13:28,15,28,7272.75,4,5,5,455,Champions,Nurture and recommend next purchase
13718,United Kingdom,306.55,2,173.0,153.28,2011-02-17 11:58,2011-04-07 13:24,245,2,306.55,1,3,2,132,Inactive,Win-back campaign
15382,United Kingdom,5927.86,6,4012.0,987.98,2011-02-17 12:01,2011-11-25 10:58,14,6,5927.86,4,5,5,455,Champions,Nurture and recommend next purchase
14754,United Kingdom,638.05,2,486.0,319.02,2011-02-17 12:21,2011-10-26 12:01,44,2,638.05,3,3,3,333,Growing customers,Nurture and recommend next purchase
13151,United Kingdom,1250.37,1,363.0,1250.37,2011-02-17 12:29,2011-05-20 12:55,202,1,1250.37,1,2,4,124,At-risk high value,Personal outreach + tailored offer
12654,Germany,601.98,5,264.0,120.4,2011-02-17 13:16,2011-11-29 10:10,10,5,601.98,4,5,3,453,Loyal customers,Nurture and recommend next purchase
13085,United Kingdom,272.38,2,216.0,136.19,2011-02-17 13:57,2011-07-05 12:11,157,2,272.38,2,3,2,232,Inactive,Win-back campaign
15903,United Kingdom,5126.34,7,2410.0,732.33,2011-02-17 14:04,2011-11-30 08:08,9,7,5126.34,5,5,5,555,Champions,Nurture and recommend next purchase
15785,United Kingdom,2303.75,5,1612.0,460.75,2011-02-17 14:17,2011-11-10 12:08,29,5,2303.75,4,5,5,455,Champions,Nurture and recommend next purchase
18138,United Kingdom,152.65,1,38.0,152.65,2011-02-17 14:51,2011-02-17 14:51,294,1,152.65,1,2,1,121,Inactive,Win-back campaign
14379,United Kingdom,348.1,2,292.0,174.05,2011-02-17 15:03,2011-10-26 16:43,43,2,348.1,3,3,2,332,Growing customers,Nurture and recommend next purchase
14211,United Kingdom,2208.3,9,1242.0,245.37,2011-02-17 15:50,2011-10-17 13:23,52,9,2208.3,3,5,5,355,Champions,Nurture and recommend next purchase
14371,United Kingdom,100.5,1,34.0,100.5,2011-02-17 16:35,2011-02-17 16:35,294,1,100.5,1,2,1,121,Inactive,Win-back campaign
13425,United Kingdom,1624.21,3,1123.0,541.4,2011-02-18 08:34,2011-08-23 17:13,107,3,1624.21,2,4,4,244,Loyal customers,Nurture and recommend next purchase
12852,United Kingdom,299.75,1,149.0,299.75,2011-02-18 08:47,2011-02-22 14:56,289,1,299.75,1,2,2,122,Inactive,Win-back campaign
15228,United Kingdom,3376.96,4,2255.0,844.24,2011-02-18 09:04,2011-10-04 13:56,65,4,3376.96,3,4,5,345,Loyal customers,Nurture and recommend next purchase
13012,United Kingdom,1296.62,8,820.0,162.08,2011-02-18 09:43,2011-11-30 13:05,8,8,1296.62,5,5,4,554,Champions,Nurture and recommend next purchase
16182,United Kingdom,6617.65,4,3791.0,1654.41,2011-02-18 10:11,2011-09-28 13:23,71,4,6617.65,2,4,5,245,Loyal customers,Nurture and recommend next purchase
13489,United Kingdom,449.52,4,560.0,112.38,2011-02-18 10:42,2011-08-26 13:16,104,4,449.52,2,4,2,242,Inactive,Win-back campaign
12714,France,4708.86,5,3069.0,941.77,2011-02-18 10:53,2011-11-30 15:43,8,5,4708.86,5,5,5,555,Champions,Nurture and recommend next purchase
13904,United Kingdom,332.64,2,332.0,166.32,2011-02-18 11:18,2011-11-02 13:41,36,2,332.64,3,3,2,332,Growing customers,Nurture and recommend next purchase
15755,United Kingdom,2318.88,6,1427.0,386.48,2011-02-18 11:53,2011-12-08 18:59,0,6,2318.88,5,5,5,555,Champions,Nurture and recommend next purchase
13932,United Kingdom,307.4,1,72.0,307.4,2011-02-18 12:02,2011-02-18 12:02,294,1,307.4,1,2,2,122,Inactive,Win-back campaign
13799,United Kingdom,688.86,2,402.0,344.43,2011-02-18 14:18,2011-08-15 12:07,116,2,688.86,2,3,3,233,Inactive,Win-back campaign
13951,United Kingdom,674.45,3,459.0,224.82,2011-02-18 15:21,2011-06-16 16:43,175,3,674.45,2,4,3,243,Inactive,Win-back campaign
16765,United Kingdom,34.0,1,4.0,34.0,2011-02-18 15:41,2011-02-18 15:41,293,1,34.0,1,2,1,121,Inactive,Win-back campaign
18172,United Kingdom,7490.17,20,3184.0,374.51,2011-02-18 16:52,2011-11-25 11:12,14,20,7490.17,4,5,5,455,Champions,Nurture and recommend next purchase
16566,United Kingdom,614.01,5,362.0,122.8,2011-02-20 10:29,2011-11-24 16:34,14,5,614.01,4,5,3,453,Loyal customers,Nurture and recommend next purchase
12891,United Kingdom,331.0,3,950.0,110.33,2011-02-20 11:28,2011-06-07 12:31,185,3,331.0,1,4,2,142,Inactive,Win-back campaign
16466,United Kingdom,1595.96,7,785.0,227.99,2011-02-20 11:39,2011-11-06 11:35,33,7,1595.96,3,5,4,354,Loyal customers,Nurture and recommend next purchase
16115,United Kingdom,1660.88,8,994.0,207.61,2011-02-20 12:14,2011-11-30 11:32,9,8,1660.88,5,5,4,554,Champions,Nurture and recommend next purchase
14162,United Kingdom,289.36,2,142.0,144.68,2011-02-20 12:32,2011-06-19 11:36,173,2,289.36,2,3,2,232,Inactive,Win-back campaign
13301,United Kingdom,618.09,4,345.0,154.52,2011-02-20 13:13,2011-08-28 11:25,103,4,618.09,2,4,3,243,Inactive,Win-back campaign
14803,United Kingdom,845.55,3,370.0,281.85,2011-02-20 13:21,2011-06-30 13:58,161,3,845.55,2,4,3,243,Inactive,Win-back campaign
13744,United Kingdom,1080.52,2,1153.0,540.26,2011-02-20 14:08,2011-09-05 15:19,94,2,1080.52,2,3,4,234,At-risk high value,Personal outreach + tailored offer
12988,United Kingdom,505.82,1,126.0,505.82,2011-02-20 14:31,2011-02-20 14:31,291,1,505.82,1,2,3,123,Inactive,Win-back campaign
17323,United Kingdom,894.44,7,760.0,127.78,2011-02-20 14:38,2011-11-24 17:29,14,7,894.44,4,5,3,453,Loyal customers,Nurture and recommend next purchase
12707,France,603.42,1,256.0,603.42,2011-02-21 08:38,2011-02-21 08:38,291,1,603.42,1,2,3,123,Inactive,Win-back campaign
18094,United Kingdom,3017.3,7,2518.0,431.04,2011-02-21 08:50,2011-09-19 09:28,81,7,3017.3,2,5,5,255,Loyal customers,Nurture and recommend next purchase
15129,United Kingdom,3447.4,11,1794.0,313.4,2011-02-21 09:09,2011-10-20 14:40,49,11,3447.4,3,5,5,355,Champions,Nurture and recommend next purchase
17361,United Kingdom,488.2,3,157.0,162.73,2011-02-21 09:55,2011-10-21 15:43,48,3,488.2,3,4,3,343,Loyal customers,Nurture and recommend next purchase
18155,United Kingdom,347.82,3,266.0,115.94,2011-02-21 10:36,2011-09-25 13:32,74,3,347.82,2,4,2,242,Inactive,Win-back campaign
15321,United Kingdom,2663.48,3,1181.0,887.83,2011-02-21 11:10,2011-10-21 13:58,48,3,2663.48,3,4,5,345,Loyal customers,Nurture and recommend next purchase
13477,United Kingdom,1441.53,6,1021.0,240.25,2011-02-21 12:29,2011-11-02 12:04,37,6,1441.53,3,5,4,354,Loyal customers,Nurture and recommend next purchase
15065,United Kingdom,3135.98,4,1383.0,784.0,2011-02-21 12:54,2011-11-02 09:45,37,4,3135.98,3,4,5,345,Loyal customers,Nurture and recommend next purchase
16980,United Kingdom,1028.46,2,739.0,514.23,2011-02-21 12:58,2011-03-29 16:36,254,2,1028.46,1,3,4,134,At-risk high value,Personal outreach + tailored offer
15146,United Kingdom,1313.66,2,1473.0,656.83,2011-02-21 13:07,2011-06-28 12:09,164,2,1313.66,2,3,4,234,At-risk high value,Personal outreach + tailored offer
12365,Cyprus,320.69,2,174.0,160.34,2011-02-21 13:51,2011-02-21 14:04,290,2,320.69,1,3,2,132,Inactive,Win-back campaign
13410,United Kingdom,988.91,5,518.0,197.78,2011-02-21 14:38,2011-12-01 08:58,8,5,988.91,5,5,4,554,Champions,Nurture and recommend next purchase
13044,United Kingdom,560.47,1,429.0,560.47,2011-02-21 15:20,2011-02-21 15:20,290,1,560.47,1,2,3,123,Inactive,Win-back campaign
16441,United Kingdom,381.2,2,173.0,190.6,2011-02-21 17:35,2011-10-03 17:48,66,2,381.2,3,3,2,332,Growing customers,Nurture and recommend next purchase
16014,United Kingdom,637.58,3,258.0,212.53,2011-02-21 17:42,2011-11-04 11:23,35,3,637.58,3,4,3,343,Loyal customers,Nurture and recommend next purchase
14520,United Kingdom,270.6,2,146.0,135.3,2011-02-22 09:15,2011-12-08 09:46,1,2,270.6,5,3,2,532,Loyal customers,Nurture and recommend next purchase
17994,United Kingdom,626.09,4,495.0,156.52,2011-02-22 11:02,2011-08-10 11:43,121,4,626.09,2,4,3,243,Inactive,Win-back campaign
13038,United Kingdom,908.46,3,360.0,302.82,2011-02-22 11:43,2011-09-20 14:37,79,3,908.46,2,4,4,244,Loyal customers,Nurture and recommend next purchase
17002,United Kingdom,1487.78,3,679.0,495.93,2011-02-22 11:46,2011-09-27 16:48,72,3,1487.78,2,4,4,244,Loyal customers,Nurture and recommend next purchase
15722,United Kingdom,2169.86,5,1023.0,433.97,2011-02-22 12:24,2011-11-04 11:43,35,5,2169.86,3,5,5,355,Champions,Nurture and recommend next purchase
16349,United Kingdom,53.5,1,9.0,53.5,2011-02-22 12:40,2011-02-22 12:40,290,1,53.5,1,2,1,121,Inactive,Win-back campaign
16913,United Kingdom,113.44,1,82.0,113.44,2011-02-22 12:56,2011-02-22 12:56,289,1,113.44,1,2,1,121,Inactive,Win-back campaign
18114,United Kingdom,220.1,1,55.0,220.1,2011-02-22 13:20,2011-02-22 13:20,289,1,220.1,1,2,1,121,Inactive,Win-back campaign
15303,United Kingdom,574.02,1,248.0,574.02,2011-02-22 13:59,2011-02-22 13:59,289,1,574.02,1,2,3,123,Inactive,Win-back campaign
12845,United Kingdom,354.09,4,204.0,88.52,2011-02-22 14:10,2011-03-17 13:34,266,4,354.09,1,4,2,142,Inactive,Win-back campaign
18188,United Kingdom,1998.49,3,1168.0,666.16,2011-02-22 14:43,2011-11-24 16:46,14,3,1998.49,4,4,5,445,Champions,Nurture and recommend next purchase
16045,United Kingdom,1340.7,4,897.0,335.18,2011-02-22 14:55,2011-08-12 12:41,119,4,1340.7,2,4,4,244,Loyal customers,Nurture and recommend next purchase
16573,United Kingdom,648.41,2,360.0,324.2,2011-02-22 15:14,2011-09-27 11:17,73,2,648.41,2,3,3,233,Inactive,Win-back campaign
13421,United Kingdom,1831.61,2,1128.0,915.8,2011-02-22 15:46,2011-10-30 14:21,39,2,1831.61,3,3,4,334,Loyal customers,Nurture and recommend next purchase
18196,United Kingdom,686.63,2,431.0,343.31,2011-02-22 16:13,2011-09-05 16:22,94,2,686.63,2,3,3,233,Inactive,Win-back campaign
13285,United Kingdom,2709.12,4,2051.0,677.28,2011-02-22 17:13,2011-11-16 13:19,22,4,2709.12,4,4,5,445,Champions,Nurture and recommend next purchase
13184,United Kingdom,1616.45,10,1662.0,161.65,2011-02-22 17:25,2011-11-25 12:02,14,10,1616.45,4,5,4,454,Champions,Nurture and recommend next purchase
18151,United Kingdom,653.35,2,355.0,326.68,2011-02-23 08:29,2011-07-28 11:35,134,2,653.35,2,3,3,233,Inactive,Win-back campaign
13804,United Kingdom,2588.39,7,1462.0,369.77,2011-02-23 09:09,2011-11-09 12:32,30,7,2588.39,4,5,5,455,Champions,Nurture and recommend next purchase
17499,United Kingdom,622.88,1,711.0,622.88,2011-02-23 09:14,2011-02-23 09:14,289,1,622.88,1,2,3,123,Inactive,Win-back campaign
15397,United Kingdom,94.0,1,20.0,94.0,2011-02-23 09:25,2011-02-23 09:25,289,1,94.0,1,2,1,121,Inactive,Win-back campaign
14276,United Kingdom,1019.39,3,744.0,339.8,2011-02-23 09:38,2011-09-12 17:49,87,3,1019.39,2,4,4,244,Loyal customers,Nurture and recommend next purchase
13453,United Kingdom,356.98,2,134.0,178.49,2011-02-23 09:44,2011-06-27 09:34,165,2,356.98,2,3,2,232,Inactive,Win-back campaign
16394,United Kingdom,1412.06,5,2604.0,282.41,2011-02-23 10:58,2011-10-20 19:16,49,5,1412.06,3,5,4,354,Loyal customers,Nurture and recommend next purchase
17711,United Kingdom,385.1,2,246.0,192.55,2011-02-23 11:32,2011-11-29 11:40,10,2,385.1,4,3,2,432,Growing customers,Nurture and recommend next purchase
13865,United Kingdom,501.56,4,204.0,125.39,2011-02-23 12:04,2011-10-12 13:31,57,4,501.56,3,4,3,343,Loyal customers,Nurture and recommend next purchase
16940,United Kingdom,3049.88,3,2169.0,1016.63,2011-02-23 12:27,2011-10-18 13:15,51,3,3049.88,3,4,5,345,Loyal customers,Nurture and recommend next purchase
14289,United Kingdom,911.26,6,292.0,151.88,2011-02-23 12:33,2011-12-01 11:44,8,6,911.26,5,5,4,554,Champions,Nurture and recommend next purchase
16208,United Kingdom,664.26,2,333.0,332.13,2011-02-23 13:37,2011-10-26 11:36,44,2,664.26,3,3,3,333,Growing customers,Nurture and recommend next purchase
17063,United Kingdom,1421.59,7,770.0,203.08,2011-02-23 13:44,2011-12-01 08:46,8,7,1421.59,5,5,4,554,Champions,Nurture and recommend next purchase
13149,United Kingdom,1676.06,4,1280.0,419.01,2011-02-23 13:57,2011-11-25 13:09,13,4,1676.06,4,4,4,444,Loyal customers,Nurture and recommend next purchase
18068,United Kingdom,101.7,1,6.0,101.7,2011-02-23 14:50,2011-02-23 14:50,288,1,101.7,1,2,1,121,Inactive,Win-back campaign
15932,United Kingdom,2461.85,8,2325.0,307.73,2011-02-23 14:50,2011-12-05 17:13,3,8,2461.85,5,5,5,555,Champions,Nurture and recommend next purchase
16692,United Kingdom,1276.0,2,152.0,638.0,2011-02-23 15:41,2011-03-28 14:46,255,2,1276.0,1,3,4,134,At-risk high value,Personal outreach + tailored offer
15590,United Kingdom,-30.19,0,0,0,2011-02-23 16:36,2011-02-23 16:36,288,0,-30.19,1,1,1,111,Inactive,Win-back campaign
17171,United Kingdom,224.91,1,185.0,224.91,2011-02-23 16:37,2011-02-23 16:37,288,1,224.91,1,2,1,121,Inactive,Win-back campaign
18231,United Kingdom,2054.67,5,819.0,410.93,2011-02-24 09:08,2011-05-31 14:18,191,5,2054.67,1,5,5,155,Loyal customers,Nurture and recommend next purchase
14004,United Kingdom,4582.64,7,2668.0,654.66,2011-02-24 09:28,2011-10-27 14:40,42,7,4582.64,3,5,5,355,Champions,Nurture and recommend next purchase
17139,United Kingdom,10567.87,12,5176.0,880.66,2011-02-24 09:32,2011-11-24 10:12,15,12,10567.87,4,5,5,455,Champions,Nurture and recommend next purchase
14513,United Kingdom,438.49,3,361.0,146.16,2011-02-24 09:36,2011-08-31 11:25,100,3,438.49,2,4,2,242,Inactive,Win-back campaign
13118,United Kingdom,1125.0,5,410.0,225.0,2011-02-24 09:59,2011-11-20 12:46,19,5,1125.0,4,5,4,454,Champions,Nurture and recommend next purchase
15974,United Kingdom,3429.55,7,2262.0,489.94,2011-02-24 10:10,2011-10-31 13:13,38,7,3429.55,3,5,5,355,Champions,Nurture and recommend next purchase
17830,United Kingdom,398.7,3,92.0,132.9,2011-02-24 10:15,2011-12-08 12:28,1,3,398.7,5,4,2,542,Loyal customers,Nurture and recommend next purchase
12565,Saudi Arabia,131.17,1,80.0,131.17,2011-02-24 10:34,2011-03-03 11:43,281,1,131.17,1,2,1,121,Inactive,Win-back campaign
12582,Finland,511.36,2,300.0,255.68,2011-02-24 11:42,2011-04-15 08:45,238,2,511.36,1,3,3,133,Inactive,Win-back campaign
14231,United Kingdom,822.06,3,409.0,274.02,2011-02-24 11:55,2011-06-13 15:35,178,3,822.06,1,4,3,143,Inactive,Win-back campaign
17867,United Kingdom,583.52,6,508.0,97.25,2011-02-24 12:25,2011-11-09 14:15,29,6,583.52,4,5,3,453,Loyal customers,Nurture and recommend next purchase
14880,United Kingdom,690.59,3,365.0,230.2,2011-02-24 12:27,2011-09-23 13:42,76,3,690.59,2,4,3,243,Inactive,Win-back campaign
15121,United Kingdom,457.72,2,199.0,228.86,2011-02-24 12:41,2011-10-20 14:51,49,2,457.72,3,3,2,332,Growing customers,Nurture and recommend next purchase
17117,United Kingdom,116.2,1,68.0,116.2,2011-02-24 13:54,2011-02-24 13:54,287,1,116.2,1,2,1,121,Inactive,Win-back campaign
12945,United Kingdom,462.95,1,165.0,462.95,2011-02-24 14:15,2011-02-24 14:15,287,1,462.95,1,2,2,122,Inactive,Win-back campaign
18056,United Kingdom,363.65,1,211.0,363.65,2011-02-24 14:27,2011-02-24 14:27,287,1,363.65,1,2,2,122,Inactive,Win-back campaign
16072,United Kingdom,584.32,1,140.0,584.32,2011-02-24 14:32,2011-02-24 14:32,287,1,584.32,1,2,3,123,Inactive,Win-back campaign
16838,United Kingdom,582.9,2,185.0,291.45,2011-02-24 15:01,2011-05-26 13:13,196,2,582.9,1,3,3,133,Inactive,Win-back campaign
15543,United Kingdom,127.86,1,86.0,127.86,2011-02-24 15:26,2011-02-24 15:26,287,1,127.86,1,2,1,121,Inactive,Win-back campaign
13751,United Kingdom,296.25,1,152.0,296.25,2011-02-24 15:56,2011-02-24 15:56,287,1,296.25,1,2,2,122,Inactive,Win-back campaign
15847,United Kingdom,389.27,2,449.0,194.63,2011-02-24 16:46,2011-11-01 14:41,37,2,389.27,3,3,2,332,Growing customers,Nurture and recommend next purchase
13851,United Kingdom,2651.46,3,1705.0,883.82,2011-02-24 17:18,2011-09-05 12:36,95,3,2651.46,2,4,5,245,Loyal customers,Nurture and recommend next purchase
13501,Switzerland,1310.47,1,560.0,1310.47,2011-02-24 18:59,2011-04-11 09:35,242,1,1310.47,1,2,4,124,At-risk high value,Personal outreach + tailored offer
12633,Germany,2140.63,4,1162.0,535.16,2011-02-25 08:44,2011-10-12 11:40,58,4,2140.63,3,4,5,345,Loyal customers,Nurture and recommend next purchase
13345,United Kingdom,377.6,1,141.0,377.6,2011-02-25 09:01,2011-03-08 08:34,276,1,377.6,1,2,2,122,Inactive,Win-back campaign
13870,United Kingdom,2751.25,8,1325.0,343.91,2011-02-25 09:09,2011-12-07 13:23,1,8,2751.25,5,5,5,555,Champions,Nurture and recommend next purchase
17034,United Kingdom,734.57,3,410.0,244.86,2011-02-25 10:10,2011-11-23 15:14,15,3,734.57,4,4,3,443,Loyal customers,Nurture and recommend next purchase
16592,United Kingdom,4073.28,16,2927.0,254.58,2011-02-25 10:19,2011-12-05 13:49,3,16,4073.28,5,5,5,555,Champions,Nurture and recommend next purchase
15712,United Kingdom,1072.36,5,486.0,214.47,2011-02-25 11:32,2011-11-30 14:09,8,5,1072.36,5,5,4,554,Champions,Nurture and recommend next purchase
13362,United Kingdom,3085.49,4,1382.0,771.37,2011-02-25 11:33,2011-12-06 13:57,2,4,3085.49,5,4,5,545,Champions,Nurture and recommend next purchase
14470,United Kingdom,461.19,2,193.0,230.59,2011-02-25 11:56,2011-11-28 10:31,11,2,461.19,4,3,2,432,Growing customers,Nurture and recommend next purchase
17388,United Kingdom,1259.56,4,1068.0,314.89,2011-02-25 12:28,2011-09-23 10:31,77,4,1259.56,2,4,4,244,Loyal customers,Nurture and recommend next purchase
16841,United Kingdom,1774.62,6,2250.0,295.77,2011-02-25 12:40,2011-11-03 11:51,36,6,1774.62,3,5,4,354,Loyal customers,Nurture and recommend next purchase
13753,United Kingdom,741.26,1,512.0,741.26,2011-02-25 12:48,2011-02-25 12:48,287,1,741.26,1,2,3,123,Inactive,Win-back campaign
13666,United Kingdom,84.65,3,41.0,28.22,2011-02-25 13:05,2011-10-10 15:39,59,3,84.65,3,4,1,341,Growing customers,Nurture and recommend next purchase
12361,Belgium,189.9,1,91.0,189.9,2011-02-25 13:51,2011-02-25 13:51,286,1,189.9,1,2,1,121,Inactive,Win-back campaign
14481,United Kingdom,636.51,2,489.0,318.25,2011-02-25 13:53,2011-06-28 10:38,164,2,636.51,2,3,3,233,Inactive,Win-back campaign
13792,United Kingdom,195.55,2,92.0,97.78,2011-02-25 14:03,2011-10-04 14:31,65,2,195.55,3,3,1,331,Growing customers,Nurture and recommend next purchase
17663,United Kingdom,1788.27,7,797.0,255.47,2011-02-25 14:11,2011-11-14 08:56,25,7,1788.27,4,5,4,454,Champions,Nurture and recommend next purchase
13973,United Kingdom,264.7,1,109.0,264.7,2011-02-25 15:21,2011-02-25 15:21,286,1,264.7,1,2,2,122,Inactive,Win-back campaign
15990,United Kingdom,792.11,2,443.0,396.06,2011-02-25 15:35,2011-10-26 15:58,43,2,792.11,3,3,3,333,Growing customers,Nurture and recommend next purchase
13493,Switzerland,618.63,2,380.0,309.31,2011-02-25 16:42,2011-03-09 15:35,274,2,618.63,1,3,3,133,Inactive,Win-back campaign
13684,United Kingdom,62.13,1,38.0,62.13,2011-02-27 10:13,2011-02-27 10:25,285,1,62.13,1,2,1,121,Inactive,Win-back campaign
13261,United Kingdom,944.1,2,210.0,472.05,2011-02-27 10:41,2011-03-16 12:22,268,2,944.1,1,3,4,134,At-risk high value,Personal outreach + tailored offer
16598,United Kingdom,140.7,1,73.0,140.7,2011-02-27 11:42,2011-03-07 13:42,276,1,140.7,1,2,1,121,Inactive,Win-back campaign
14147,United Kingdom,468.4,2,108.0,234.2,2011-02-27 11:42,2011-10-21 13:36,48,2,468.4,3,3,3,333,Growing customers,Nurture and recommend next purchase
15951,United Kingdom,669.57,2,313.0,334.79,2011-02-27 11:57,2011-12-08 18:57,0,2,669.57,5,3,3,533,Loyal customers,Nurture and recommend next purchase
13971,United Kingdom,2702.22,8,1844.0,337.78,2011-02-27 12:27,2011-12-01 08:27,8,8,2702.22,5,5,5,555,Champions,Nurture and recommend next purchase
17516,United Kingdom,764.88,5,414.0,152.98,2011-02-27 12:41,2011-11-24 16:51,14,5,764.88,4,5,3,453,Loyal customers,Nurture and recommend next purchase
13630,United Kingdom,1995.68,7,1391.0,285.1,2011-02-27 12:49,2011-12-04 15:16,4,7,1995.68,5,5,5,555,Champions,Nurture and recommend next purchase
14157,United Kingdom,392.44,2,271.0,196.22,2011-02-27 13:04,2011-11-20 11:32,19,2,392.44,4,3,2,432,Growing customers,Nurture and recommend next purchase
13636,United Kingdom,941.62,5,592.0,188.32,2011-02-27 14:29,2011-11-03 10:30,36,5,941.62,3,5,4,354,Loyal customers,Nurture and recommend next purchase
13610,United Kingdom,1065.88,7,488.0,152.27,2011-02-27 14:44,2011-11-27 15:38,11,7,1065.88,4,5,4,454,Champions,Nurture and recommend next purchase
14745,United Kingdom,1167.16,5,1038.0,233.43,2011-02-27 15:25,2011-08-19 10:05,112,5,1167.16,2,5,4,254,Loyal customers,Nurture and recommend next purchase
12781,Czech Republic,707.72,2,671.0,353.86,2011-02-28 08:43,2011-11-18 15:45,20,2,707.72,4,3,3,433,Loyal customers,Nurture and recommend next purchase
14036,United Kingdom,626.65,1,268.0,626.65,2011-02-28 09:26,2011-02-28 09:26,284,1,626.65,1,2,3,123,Inactive,Win-back campaign
16057,United Kingdom,2140.22,7,863.0,305.75,2011-02-28 10:35,2011-12-05 16:36,3,7,2140.22,5,5,5,555,Champions,Nurture and recommend next purchase
15724,United Kingdom,212.3,2,73.0,106.15,2011-02-28 10:40,2011-05-22 14:40,200,2,212.3,1,3,1,131,Inactive,Win-back campaign
12458,Switzerland,947.4,2,506.0,473.7,2011-02-28 10:55,2011-09-29 15:25,70,2,947.4,2,3,4,234,At-risk high value,Personal outreach + tailored offer
12598,France,3002.68,8,1964.0,375.33,2011-02-28 11:58,2011-11-30 12:18,9,8,3002.68,5,5,5,555,Champions,Nurture and recommend next purchase
13675,United Kingdom,486.82,2,330.0,243.41,2011-02-28 12:14,2011-07-11 12:57,150,2,486.82,2,3,3,233,Inactive,Win-back campaign
14227,United Kingdom,3315.71,10,1820.0,331.57,2011-02-28 12:27,2011-11-13 15:48,25,10,3315.71,4,5,5,455,Champions,Nurture and recommend next purchase
16668,United Kingdom,306.72,6,318.0,51.12,2011-02-28 12:46,2011-11-24 17:43,14,6,306.72,4,5,2,452,Loyal customers,Nurture and recommend next purchase
16667,United Kingdom,567.18,2,236.0,283.59,2011-02-28 12:57,2011-10-02 15:26,67,2,567.18,3,3,3,333,Growing customers,Nurture and recommend next purchase
13509,United Kingdom,979.72,7,1106.0,139.96,2011-02-28 13:27,2011-12-01 10:10,8,7,979.72,5,5,4,554,Champions,Nurture and recommend next purchase
15874,United Kingdom,4330.67,7,2534.0,618.67,2011-02-28 13:28,2011-10-07 12:58,62,7,4330.67,3,5,5,355,Champions,Nurture and recommend next purchase
16187,United Kingdom,6841.24,15,5048.0,456.08,2011-02-28 13:34,2011-11-08 09:50,31,15,6841.24,3,5,5,355,Champions,Nurture and recommend next purchase
16339,United Kingdom,94.05,1,21.0,94.05,2011-02-28 13:41,2011-02-28 13:41,283,1,94.05,1,2,1,121,Inactive,Win-back campaign
12509,France,176.5,1,55.0,176.5,2011-02-28 14:45,2011-02-28 14:45,283,1,176.5,1,2,1,121,Inactive,Win-back campaign
14046,United Kingdom,154.99,1,460.0,154.99,2011-02-28 14:48,2011-02-28 14:48,283,1,154.99,1,2,1,121,Inactive,Win-back campaign
13292,United Kingdom,578.94,2,347.0,289.47,2011-02-28 15:00,2011-11-01 10:04,38,2,578.94,3,3,3,333,Growing customers,Nurture and recommend next purchase
16427,United Kingdom,241.06,2,156.0,120.53,2011-02-28 15:18,2011-03-21 17:10,262,2,241.06,1,3,2,132,Inactive,Win-back campaign
14056,United Kingdom,8062.46,23,4252.0,350.54,2011-02-28 15:19,2011-12-08 13:36,0,23,8062.46,5,5,5,555,Champions,Nurture and recommend next purchase
15656,United Kingdom,748.5,4,343.0,187.12,2011-02-28 15:32,2011-10-25 14:56,44,4,748.5,3,4,3,343,Loyal customers,Nurture and recommend next purchase
12811,Portugal,514.85,3,230.0,171.62,2011-02-28 15:39,2011-03-24 09:42,260,3,514.85,1,4,3,143,Inactive,Win-back campaign
16518,United Kingdom,480.92,2,327.0,240.46,2011-02-28 16:36,2011-10-09 15:04,60,2,480.92,3,3,3,333,Growing customers,Nurture and recommend next purchase
17165,United Kingdom,158.68,1,100.0,158.68,2011-02-28 16:39,2011-02-28 16:39,283,1,158.68,1,2,1,121,Inactive,Win-back campaign
17462,United Kingdom,662.94,2,227.0,331.47,2011-02-28 17:01,2011-10-19 13:36,50,2,662.94,3,3,3,333,Growing customers,Nurture and recommend next purchase
14620,United Kingdom,393.28,2,214.0,196.64,2011-03-01 08:30,2011-05-19 14:14,203,2,393.28,1,3,2,132,Inactive,Win-back campaign
14740,United Kingdom,1423.21,3,735.0,474.4,2011-03-01 08:35,2011-06-01 15:17,190,3,1423.21,1,4,4,144,At-risk high value,Personal outreach + tailored offer
16462,United Kingdom,102.0,3,16.0,34.0,2011-03-01 08:58,2011-10-06 18:16,63,3,102.0,3,4,1,341,Growing customers,Nurture and recommend next purchase
12428,Finland,7877.2,9,3536.0,875.24,2011-03-01 09:33,2011-11-14 08:22,25,9,7877.2,4,5,5,455,Champions,Nurture and recommend next purchase
16078,United Kingdom,79.2,1,16.0,79.2,2011-03-01 09:47,2011-03-01 09:47,283,1,79.2,1,2,1,121,Inactive,Win-back campaign
16915,United Kingdom,621.68,6,132.0,103.61,2011-03-01 09:52,2011-11-30 16:39,8,6,621.68,5,5,3,553,Champions,Nurture and recommend next purchase
15676,United Kingdom,3324.09,3,2252.0,1108.03,2011-03-01 10:19,2011-11-30 17:39,8,3,3324.09,5,4,5,545,Champions,Nurture and recommend next purchase
15709,United Kingdom,133.25,1,121.0,133.25,2011-03-01 10:38,2011-03-01 10:38,283,1,133.25,1,2,1,121,Inactive,Win-back campaign
15241,United Kingdom,1738.59,8,1818.0,217.32,2011-03-01 11:02,2011-10-04 09:05,66,8,1738.59,3,5,4,354,Loyal customers,Nurture and recommend next purchase
12933,United Kingdom,606.28,3,499.0,202.09,2011-03-01 11:30,2011-11-15 16:38,23,3,606.28,4,4,3,443,Loyal customers,Nurture and recommend next purchase
15092,United Kingdom,457.81,2,135.0,228.91,2011-03-01 12:24,2011-05-08 14:10,214,2,457.81,1,3,2,132,Inactive,Win-back campaign
12679,France,1058.67,4,554.0,264.67,2011-03-01 12:26,2011-10-18 13:43,51,4,1058.67,3,4,4,344,Loyal customers,Nurture and recommend next purchase
15319,United Kingdom,204.5,1,175.0,204.5,2011-03-01 12:48,2011-03-01 12:48,283,1,204.5,1,2,1,121,Inactive,Win-back campaign
16212,United Kingdom,681.19,2,244.0,340.59,2011-03-01 12:51,2011-11-20 13:00,18,2,681.19,4,3,3,433,Loyal customers,Nurture and recommend next purchase
15257,United Kingdom,232.15,1,46.0,232.15,2011-03-01 12:58,2011-03-03 13:57,280,1,232.15,1,2,1,121,Inactive,Win-back campaign
14656,United Kingdom,291.05,2,120.0,145.53,2011-03-01 13:19,2011-06-23 13:51,168,2,291.05,2,3,2,232,Inactive,Win-back campaign
13884,United Kingdom,781.3,5,300.0,156.26,2011-03-01 13:40,2011-12-02 16:30,6,5,781.3,5,5,3,553,Champions,Nurture and recommend next purchase
12866,Belgium,559.12,1,171.0,559.12,2011-03-01 14:11,2011-03-01 14:11,282,1,559.12,1,2,3,123,Inactive,Win-back campaign
13166,United Kingdom,414.7,1,216.0,414.7,2011-03-01 15:16,2011-03-02 14:28,281,1,414.7,1,2,2,122,Inactive,Win-back campaign
16389,United Kingdom,1362.27,4,1242.0,340.57,2011-03-01 15:47,2011-10-17 14:41,52,4,1362.27,3,4,4,344,Loyal customers,Nurture and recommend next purchase
15416,United Kingdom,3974.37,4,2090.0,993.59,2011-03-02 08:41,2011-10-06 09:38,64,4,3974.37,3,4,5,345,Loyal customers,Nurture and recommend next purchase
15733,United Kingdom,162.3,1,62.0,162.3,2011-03-02 09:05,2011-03-02 09:05,282,1,162.3,1,2,1,121,Inactive,Win-back campaign
16678,United Kingdom,3013.83,12,2397.0,251.15,2011-03-02 09:24,2011-12-07 12:17,2,12,3013.83,5,5,5,555,Champions,Nurture and recommend next purchase
12834,United Kingdom,312.38,1,110.0,312.38,2011-03-02 09:49,2011-03-02 09:49,282,1,312.38,1,2,2,122,Inactive,Win-back campaign
13722,United Kingdom,2369.16,3,1401.0,789.72,2011-03-02 11:43,2011-08-11 15:26,119,3,2369.16,2,4,5,245,Loyal customers,Nurture and recommend next purchase
14934,Channel Islands,1888.84,2,1042.0,944.42,2011-03-02 11:48,2011-09-28 09:45,72,2,1888.84,2,3,4,234,At-risk high value,Personal outreach + tailored offer
15067,United Kingdom,1744.76,3,954.0,581.59,2011-03-02 12:10,2011-09-22 13:20,77,3,1744.76,2,4,4,244,Loyal customers,Nurture and recommend next purchase
16128,United Kingdom,1880.22,5,988.0,376.04,2011-03-02 12:21,2011-11-22 11:14,17,5,1880.22,4,5,4,454,Champions,Nurture and recommend next purchase
17770,United Kingdom,1143.27,5,365.0,228.65,2011-03-02 13:35,2011-05-25 12:34,198,5,1143.27,1,5,4,154,Loyal customers,Nurture and recommend next purchase
15622,United Kingdom,3224.53,9,1674.0,358.28,2011-03-02 13:42,2011-12-06 14:57,2,9,3224.53,5,5,5,555,Champions,Nurture and recommend next purchase
14473,United Kingdom,234.34,2,88.0,117.17,2011-03-02 13:56,2011-09-26 15:10,73,2,234.34,2,3,2,232,Inactive,Win-back campaign
15104,United Kingdom,968.64,2,635.0,484.32,2011-03-02 14:16,2011-06-26 11:35,166,2,968.64,2,3,4,234,At-risk high value,Personal outreach + tailored offer
15643,United Kingdom,647.4,3,246.0,215.8,2011-03-02 14:34,2011-06-13 17:19,178,3,647.4,1,4,3,143,Inactive,Win-back campaign
16792,United Kingdom,110.38,2,44.0,55.19,2011-03-02 14:39,2011-03-02 14:41,281,2,110.38,1,3,1,131,Inactive,Win-back campaign
15031,United Kingdom,653.19,4,400.0,163.3,2011-03-02 14:46,2011-12-05 14:19,3,4,653.19,5,4,3,543,Loyal customers,Nurture and recommend next purchase
15636,United Kingdom,724.76,2,284.0,362.38,2011-03-02 14:50,2011-09-11 11:17,89,2,724.76,2,3,3,233,Inactive,Win-back campaign
12873,United Kingdom,374.0,1,128.0,374.0,2011-03-02 14:58,2011-03-02 14:58,281,1,374.0,1,2,2,122,Inactive,Win-back campaign
17923,United Kingdom,207.5,1,50.0,207.5,2011-03-02 15:15,2011-03-02 15:15,281,1,207.5,1,2,1,121,Inactive,Win-back campaign
16217,United Kingdom,259.39,2,91.0,129.69,2011-03-02 15:28,2011-04-18 13:31,234,2,259.39,1,3,2,132,Inactive,Win-back campaign
17738,United Kingdom,1863.35,4,1029.0,465.84,2011-03-02 16:26,2011-11-20 15:05,18,4,1863.35,4,4,4,444,Loyal customers,Nurture and recommend next purchase
17426,United Kingdom,5022.26,6,3094.0,837.04,2011-03-02 16:34,2011-12-05 16:12,3,6,5022.26,5,5,5,555,Champions,Nurture and recommend next purchase
16957,United Kingdom,416.64,2,172.0,208.32,2011-03-03 09:25,2011-04-14 13:56,238,2,416.64,1,3,2,132,Inactive,Win-back campaign
16571,United Kingdom,1285.22,3,1239.0,428.41,2011-03-03 09:41,2011-12-06 14:07,2,3,1285.22,5,4,4,544,Champions,Nurture and recommend next purchase
14483,United Kingdom,129.2,1,97.0,129.2,2011-03-03 10:26,2011-07-13 09:45,149,1,129.2,2,2,1,221,Inactive,Win-back campaign
15087,United Kingdom,306.94,1,470.0,306.94,2011-03-03 10:34,2011-03-03 10:34,281,1,306.94,1,2,2,122,Inactive,Win-back campaign
16709,United Kingdom,3029.87,5,851.0,605.97,2011-03-03 10:55,2011-09-16 10:56,84,5,3029.87,2,5,5,255,Loyal customers,Nurture and recommend next purchase
17856,United Kingdom,1393.79,4,842.0,348.45,2011-03-03 11:40,2011-12-08 09:40,1,4,1393.79,5,4,4,544,Champions,Nurture and recommend next purchase
15053,United Kingdom,693.95,3,984.0,231.32,2011-03-03 12:06,2011-12-05 12:08,4,3,693.95,5,4,3,543,Loyal customers,Nurture and recommend next purchase
18218,United Kingdom,606.22,2,536.0,303.11,2011-03-03 12:24,2011-05-17 14:16,205,2,606.22,1,3,3,133,Inactive,Win-back campaign
16159,United Kingdom,348.2,1,236.0,348.2,2011-03-03 12:27,2011-03-03 12:27,281,1,348.2,1,2,2,122,Inactive,Win-back campaign
17995,United Kingdom,76.1,1,133.0,76.1,2011-03-03 12:30,2011-03-03 12:30,281,1,76.1,1,2,1,121,Inactive,Win-back campaign
17374,United Kingdom,495.77,2,85.0,247.88,2011-03-03 12:53,2011-05-05 09:05,218,2,495.77,1,3,3,133,Inactive,Win-back campaign
17789,United Kingdom,225.9,1,74.0,225.9,2011-03-03 13:14,2011-03-03 13:14,280,1,225.9,1,2,1,121,Inactive,Win-back campaign
17416,United Kingdom,6838.34,7,4302.0,976.91,2011-03-03 13:45,2011-11-10 12:47,29,7,6838.34,4,5,5,455,Champions,Nurture and recommend next purchase
17652,United Kingdom,4737.13,12,2509.0,394.76,2011-03-03 14:05,2011-11-14 12:55,24,12,4737.13,4,5,5,455,Champions,Nurture and recommend next purchase
13476,United Kingdom,1092.77,2,417.0,546.38,2011-03-03 14:43,2011-06-14 12:00,178,2,1092.77,1,3,4,134,At-risk high value,Personal outreach + tailored offer
12817,Austria,166.04,1,53.0,166.04,2011-03-03 16:28,2011-03-03 16:28,280,1,166.04,1,2,1,121,Inactive,Win-back campaign
15393,United Kingdom,231.86,2,150.0,115.93,2011-03-03 16:58,2011-11-23 16:48,15,2,231.86,4,3,1,431,Growing customers,Nurture and recommend next purchase
13014,United Kingdom,3365.43,10,907.0,336.54,2011-03-03 18:28,2011-12-07 09:24,2,10,3365.43,5,5,5,555,Champions,Nurture and recommend next purchase
17508,Greece,387.31,1,289.0,387.31,2011-03-04 08:10,2011-03-04 08:10,280,1,387.31,1,2,2,122,Inactive,Win-back campaign
13931,United Kingdom,1230.93,2,725.0,615.47,2011-03-04 08:43,2011-09-15 10:03,85,2,1230.93,2,3,4,234,At-risk high value,Personal outreach + tailored offer
12541,Spain,981.18,3,680.0,327.06,2011-03-04 09:32,2011-11-10 10:40,29,3,981.18,4,4,4,444,Loyal customers,Nurture and recommend next purchase
13382,United Kingdom,222.99,1,131.0,222.99,2011-03-04 10:03,2011-03-04 10:03,280,1,222.99,1,2,1,121,Inactive,Win-back campaign
15220,United Kingdom,1758.92,6,1393.0,293.15,2011-03-04 10:24,2011-10-19 12:39,51,6,1758.92,3,5,4,354,Loyal customers,Nurture and recommend next purchase
14570,United Kingdom,218.06,2,95.0,109.03,2011-03-04 10:39,2011-03-04 10:58,280,2,218.06,1,3,1,131,Inactive,Win-back campaign
14447,United Kingdom,1163.23,5,571.0,232.65,2011-03-04 10:49,2011-11-21 08:28,18,5,1163.23,4,5,4,454,Champions,Nurture and recommend next purchase
13557,United Kingdom,584.06,2,546.0,292.03,2011-03-04 12:14,2011-11-11 15:24,27,2,584.06,4,3,3,433,Loyal customers,Nurture and recommend next purchase
16449,United Kingdom,674.69,2,367.0,337.35,2011-03-04 12:15,2011-06-02 11:07,190,2,674.69,1,3,3,133,Inactive,Win-back campaign
12547,Spain,207.8,2,134.0,103.9,2011-03-04 12:46,2011-05-26 12:38,197,2,207.8,1,3,1,131,Inactive,Win-back campaign
17325,United Kingdom,96.8,1,60.0,96.8,2011-03-04 13:09,2011-03-04 13:09,279,1,96.8,1,2,1,121,Inactive,Win-back campaign
14995,United Kingdom,231.98,2,102.0,115.99,2011-03-04 13:14,2011-11-01 11:39,38,2,231.98,3,3,1,331,Growing customers,Nurture and recommend next purchase
16414,United Kingdom,126.25,2,27.0,63.12,2011-03-04 13:27,2011-11-18 09:42,21,2,126.25,4,3,1,431,Growing customers,Nurture and recommend next purchase
15681,United Kingdom,946.36,5,816.0,189.27,2011-03-04 13:46,2011-11-21 13:25,17,5,946.36,4,5,4,454,Champions,Nurture and recommend next purchase
14670,United Kingdom,392.86,2,326.0,196.43,2011-03-04 13:58,2011-03-04 14:13,279,2,392.86,1,3,2,132,Inactive,Win-back campaign
15675,United Kingdom,323.69,3,527.0,107.9,2011-03-04 14:21,2011-09-19 13:48,80,3,323.69,2,4,2,242,Inactive,Win-back campaign
12584,Italy,1893.95,9,416.0,210.44,2011-03-04 15:15,2011-12-06 09:35,3,9,1893.95,5,5,4,554,Champions,Nurture and recommend next purchase
17535,United Kingdom,164.4,1,136.0,164.4,2011-03-04 15:20,2011-03-04 15:20,279,1,164.4,1,2,1,121,Inactive,Win-back campaign
15400,United Kingdom,666.7,5,390.0,133.34,2011-03-06 11:27,2011-09-08 13:57,91,5,666.7,2,5,3,253,Loyal customers,Nurture and recommend next purchase
14903,United Kingdom,2729.18,5,1531.0,545.84,2011-03-06 11:50,2011-11-18 16:07,20,5,2729.18,4,5,5,455,Champions,Nurture and recommend next purchase
14499,United Kingdom,808.44,3,496.0,269.48,2011-03-06 11:55,2011-11-13 13:01,25,3,808.44,4,4,3,443,Loyal customers,Nurture and recommend next purchase
18211,United Kingdom,600.07,5,359.0,120.01,2011-03-06 12:09,2011-11-14 08:10,25,5,600.07,4,5,3,453,Loyal customers,Nurture and recommend next purchase
14504,United Kingdom,673.26,4,308.0,168.31,2011-03-06 14:38,2011-10-23 16:00,46,4,673.26,3,4,3,343,Loyal customers,Nurture and recommend next purchase
15572,United Kingdom,2533.42,7,1213.0,361.92,2011-03-06 14:44,2011-12-05 10:09,4,7,2533.42,5,5,5,555,Champions,Nurture and recommend next purchase
17107,United Kingdom,10362.48,6,4826.0,1727.08,2011-03-06 15:17,2011-11-07 08:41,32,6,10362.48,3,5,5,355,Champions,Nurture and recommend next purchase
14247,United Kingdom,136.77,1,47.0,136.77,2011-03-06 15:21,2011-03-06 15:21,277,1,136.77,1,2,1,121,Inactive,Win-back campaign
15554,United Kingdom,217.2,1,74.0,217.2,2011-03-07 09:00,2011-03-07 09:00,277,1,217.2,1,2,1,121,Inactive,Win-back campaign
14915,United Kingdom,258.83,2,112.0,129.41,2011-03-07 09:39,2011-09-15 10:27,85,2,258.83,2,3,2,232,Inactive,Win-back campaign
16136,United Kingdom,709.38,3,440.0,236.46,2011-03-07 09:52,2011-10-11 09:10,59,3,709.38,3,4,3,343,Loyal customers,Nurture and recommend next purchase
18280,United Kingdom,180.6,1,45.0,180.6,2011-03-07 09:52,2011-03-07 09:52,277,1,180.6,1,2,1,121,Inactive,Win-back campaign
12614,Germany,315.6,1,76.0,315.6,2011-03-07 10:22,2011-03-07 10:22,277,1,315.6,1,2,2,122,Inactive,Win-back campaign
13344,United Kingdom,2511.69,3,952.0,837.23,2011-03-07 10:28,2011-10-03 09:45,67,3,2511.69,3,4,5,345,Loyal customers,Nurture and recommend next purchase
16621,United Kingdom,813.48,4,302.0,203.37,2011-03-07 11:32,2011-10-19 11:38,51,4,813.48,3,4,3,343,Loyal customers,Nurture and recommend next purchase
16225,United Kingdom,1096.32,5,493.0,219.26,2011-03-07 12:17,2011-10-26 08:30,44,5,1096.32,3,5,4,354,Loyal customers,Nurture and recommend next purchase
14214,United Kingdom,1000.23,5,751.0,200.05,2011-03-07 12:26,2011-11-09 10:31,30,5,1000.23,4,5,4,454,Champions,Nurture and recommend next purchase
14012,United Kingdom,328.8,1,160.0,328.8,2011-03-07 12:26,2011-03-07 12:26,277,1,328.8,1,2,2,122,Inactive,Win-back campaign
16356,United Kingdom,210.32,3,93.0,70.11,2011-03-07 12:31,2011-05-26 11:51,197,3,210.32,1,4,1,141,Inactive,Win-back campaign
17654,United Kingdom,117.55,1,41.0,117.55,2011-03-07 13:17,2011-03-07 13:17,276,1,117.55,1,2,1,121,Inactive,Win-back campaign
15026,United Kingdom,469.0,3,285.0,156.33,2011-03-07 13:45,2011-09-20 13:52,79,3,469.0,2,4,3,243,Inactive,Win-back campaign
16517,United Kingdom,162.7,1,96.0,162.7,2011-03-07 13:50,2011-03-07 13:50,276,1,162.7,1,2,1,121,Inactive,Win-back campaign
14817,United Kingdom,1110.34,2,655.0,555.17,2011-03-07 13:51,2011-05-23 13:35,199,2,1110.34,1,3,4,134,At-risk high value,Personal outreach + tailored offer
17092,United Kingdom,1774.03,4,1130.0,443.51,2011-03-07 14:51,2011-10-20 19:51,49,4,1774.03,3,4,4,344,Loyal customers,Nurture and recommend next purchase
16242,United Kingdom,3574.91,7,1969.0,510.7,2011-03-07 17:04,2011-12-01 15:12,7,7,3574.91,5,5,5,555,Champions,Nurture and recommend next purchase
15869,United Kingdom,149.64,2,175.0,74.82,2011-03-07 17:19,2011-03-07 17:23,276,2,149.64,1,3,1,131,Inactive,Win-back campaign
17817,United Kingdom,387.68,3,67.0,129.23,2011-03-07 17:30,2011-12-05 14:39,3,3,387.68,5,4,2,542,Loyal customers,Nurture and recommend next purchase
15234,United Kingdom,197.0,1,196.0,197.0,2011-03-08 08:53,2011-03-08 08:53,276,1,197.0,1,2,1,121,Inactive,Win-back campaign
15764,United Kingdom,3245.47,6,2050.0,540.91,2011-03-08 09:23,2011-09-19 16:16,80,6,3245.47,2,5,5,255,Loyal customers,Nurture and recommend next purchase
15806,United Kingdom,784.58,3,602.0,261.53,2011-03-08 09:24,2011-10-24 14:35,45,3,784.58,3,4,3,343,Loyal customers,Nurture and recommend next purchase
15819,United Kingdom,1905.45,4,1357.0,476.36,2011-03-08 09:45,2011-10-21 14:50,48,4,1905.45,3,4,4,344,Loyal customers,Nurture and recommend next purchase
14586,United Kingdom,134.16,1,444.0,134.16,2011-03-08 10:04,2011-04-26 17:32,226,1,134.16,1,2,1,121,Inactive,Win-back campaign
15944,United Kingdom,325.1,1,50.0,325.1,2011-03-08 10:33,2011-03-08 10:33,276,1,325.1,1,2,2,122,Inactive,Win-back campaign
13340,United Kingdom,10736.48,7,5770.0,1533.78,2011-03-08 11:39,2011-10-25 13:15,44,7,10736.48,3,5,5,355,Champions,Nurture and recommend next purchase
16917,United Kingdom,391.52,1,232.0,391.52,2011-03-08 11:55,2011-03-08 11:55,276,1,391.52,1,2,2,122,Inactive,Win-back campaign
14407,United Kingdom,2111.08,6,1415.0,351.85,2011-03-08 11:59,2011-08-24 14:02,106,6,2111.08,2,5,5,255,Loyal customers,Nurture and recommend next purchase
13908,United Kingdom,2347.05,4,1478.0,586.76,2011-03-08 12:04,2011-09-21 11:49,79,4,2347.05,2,4,5,245,Loyal customers,Nurture and recommend next purchase
12758,Portugal,2791.59,2,2135.0,1395.8,2011-03-08 12:05,2011-08-15 10:22,116,2,2791.59,2,3,5,235,Loyal customers,Nurture and recommend next purchase
13975,United Kingdom,2438.19,6,1697.0,406.37,2011-03-08 12:19,2011-11-08 13:19,30,6,2438.19,4,5,5,455,Champions,Nurture and recommend next purchase
14730,United Kingdom,1897.57,8,1078.0,237.2,2011-03-08 12:49,2011-12-08 14:39,0,8,1897.57,5,5,4,554,Champions,Nurture and recommend next purchase
12623,Germany,305.1,1,191.0,305.1,2011-03-08 13:50,2011-03-08 13:50,275,1,305.1,1,2,2,122,Inactive,Win-back campaign
14367,United Kingdom,9134.12,16,4426.0,570.88,2011-03-08 14:12,2011-12-01 13:19,7,16,9134.12,5,5,5,555,Champions,Nurture and recommend next purchase
13373,United Kingdom,3312.25,3,1651.0,1104.08,2011-03-08 14:35,2011-10-10 10:51,60,3,3312.25,3,4,5,345,Loyal customers,Nurture and recommend next purchase
16712,United Kingdom,3611.31,11,1730.0,328.3,2011-03-08 15:07,2011-11-30 13:48,8,11,3611.31,5,5,5,555,Champions,Nurture and recommend next purchase
17639,United Kingdom,108.5,1,49.0,108.5,2011-03-08 15:22,2011-03-08 15:22,275,1,108.5,1,2,1,121,Inactive,Win-back campaign
16426,United Kingdom,1863.76,10,1215.0,186.38,2011-03-08 15:45,2011-12-07 14:01,1,10,1863.76,5,5,4,554,Champions,Nurture and recommend next purchase
16495,United Kingdom,648.26,3,328.0,216.09,2011-03-08 16:38,2011-12-06 13:20,2,3,648.26,5,4,3,543,Loyal customers,Nurture and recommend next purchase
14336,United Kingdom,1614.91,4,1759.0,403.73,2011-03-08 16:48,2011-11-23 11:40,16,4,1614.91,4,4,4,444,Loyal customers,Nurture and recommend next purchase
14507,United Kingdom,1352.88,6,594.0,225.48,2011-03-08 17:23,2011-11-16 12:21,23,6,1352.88,4,5,4,454,Champions,Nurture and recommend next purchase
12759,Netherlands,1531.44,3,902.0,510.48,2011-03-09 08:09,2011-10-18 14:49,51,3,1531.44,3,4,4,344,Loyal customers,Nurture and recommend next purchase
17049,United Kingdom,5589.83,9,2673.0,621.09,2011-03-09 08:33,2011-12-07 10:48,2,9,5589.83,5,5,5,555,Champions,Nurture and recommend next purchase
15206,United Kingdom,420.3,4,162.0,105.08,2011-03-09 08:59,2011-11-29 13:41,9,4,420.3,5,4,2,542,Loyal customers,Nurture and recommend next purchase
14013,United Kingdom,473.02,3,462.0,157.67,2011-03-09 08:59,2011-08-21 15:01,109,3,473.02,2,4,3,243,Inactive,Win-back campaign
14645,United Kingdom,597.09,2,381.0,298.55,2011-03-09 09:52,2011-07-06 09:15,156,2,597.09,2,3,3,233,Inactive,Win-back campaign
15071,United Kingdom,982.07,2,269.0,491.04,2011-03-09 10:19,2011-09-07 11:43,93,2,982.07,2,3,4,234,At-risk high value,Personal outreach + tailored offer
14112,United Kingdom,2774.17,7,1651.0,396.31,2011-03-09 11:28,2011-11-17 12:30,22,7,2774.17,4,5,5,455,Champions,Nurture and recommend next purchase
13026,United Kingdom,936.15,5,1620.0,187.23,2011-03-09 11:35,2011-12-08 16:58,0,5,936.15,5,5,4,554,Champions,Nurture and recommend next purchase
12881,United Kingdom,298.0,1,21.0,298.0,2011-03-09 11:44,2011-03-09 11:44,275,1,298.0,1,2,2,122,Inactive,Win-back campaign
17864,United Kingdom,554.85,3,706.0,184.95,2011-03-09 11:44,2011-11-27 11:15,12,3,554.85,4,4,3,443,Loyal customers,Nurture and recommend next purchase
14936,Channel Islands,8117.42,8,4085.0,1014.68,2011-03-09 11:53,2011-11-30 15:07,8,8,8117.42,5,5,5,555,Champions,Nurture and recommend next purchase
17138,United Kingdom,380.5,1,126.0,380.5,2011-03-09 11:54,2011-03-09 11:54,275,1,380.5,1,2,2,122,Inactive,Win-back campaign
16572,United Kingdom,999.7,3,532.0,333.23,2011-03-09 12:04,2011-08-04 16:34,126,3,999.7,2,4,4,244,Loyal customers,Nurture and recommend next purchase
14165,United Kingdom,120.44,1,53.0,120.44,2011-03-09 12:39,2011-03-09 12:39,275,1,120.44,1,2,1,121,Inactive,Win-back campaign
15367,United Kingdom,1867.69,4,1057.0,466.92,2011-03-09 13:53,2011-10-13 14:13,56,4,1867.69,3,4,4,344,Loyal customers,Nurture and recommend next purchase
14291,United Kingdom,3873.3,11,2749.0,352.12,2011-03-09 15:20,2011-12-08 10:26,1,11,3873.3,5,5,5,555,Champions,Nurture and recommend next purchase
15632,United Kingdom,3147.31,8,2109.0,393.41,2011-03-10 08:29,2011-11-24 09:51,15,8,3147.31,4,5,5,455,Champions,Nurture and recommend next purchase
14297,United Kingdom,1284.06,4,865.0,321.01,2011-03-10 08:31,2011-11-22 09:06,17,4,1284.06,4,4,4,444,Loyal customers,Nurture and recommend next purchase
13899,United Kingdom,388.52,2,156.0,194.26,2011-03-10 09:30,2011-11-23 13:40,15,2,388.52,4,3,2,432,Growing customers,Nurture and recommend next purchase
16471,United Kingdom,223.95,1,141.0,223.95,2011-03-10 09:41,2011-03-10 09:41,274,1,223.95,1,2,1,121,Inactive,Win-back campaign
18183,United Kingdom,600.52,2,371.0,300.26,2011-03-10 10:08,2011-05-05 17:47,217,2,600.52,1,3,3,133,Inactive,Win-back campaign
14603,United Kingdom,660.0,1,400.0,660.0,2011-03-10 10:27,2011-03-10 10:27,274,1,660.0,1,2,3,123,Inactive,Win-back campaign
18173,United Kingdom,2106.84,4,1220.0,526.71,2011-03-10 11:56,2011-09-14 11:26,86,4,2106.84,2,4,5,245,Loyal customers,Nurture and recommend next purchase
14854,United Kingdom,2730.09,7,1820.0,390.01,2011-03-10 12:22,2011-09-22 17:00,77,7,2730.09,2,5,5,255,Loyal customers,Nurture and recommend next purchase
16625,United Kingdom,333.08,1,164.0,333.08,2011-03-10 12:50,2011-03-10 12:50,274,1,333.08,1,2,2,122,Inactive,Win-back campaign
14064,United Kingdom,1168.92,5,1772.0,233.78,2011-03-10 12:59,2011-11-10 13:14,28,5,1168.92,4,5,4,454,Champions,Nurture and recommend next purchase
15308,United Kingdom,302.27,1,175.0,302.27,2011-03-10 13:08,2011-03-14 12:24,270,1,302.27,1,2,2,122,Inactive,Win-back campaign
18086,United Kingdom,101.34,1,106.0,101.34,2011-03-10 13:34,2011-03-10 13:34,273,1,101.34,1,2,1,121,Inactive,Win-back campaign
14350,United Kingdom,258.7,1,183.0,258.7,2011-03-10 14:14,2011-03-14 12:27,270,1,258.7,1,2,2,122,Inactive,Win-back campaign
14930,Channel Islands,2362.96,3,1160.0,787.65,2011-03-10 14:42,2011-08-23 10:31,108,3,2362.96,2,4,5,245,Loyal customers,Nurture and recommend next purchase
16080,United Kingdom,176.6,2,128.0,88.3,2011-03-10 14:44,2011-09-19 10:42,81,2,176.6,2,3,1,231,Inactive,Win-back campaign
14727,United Kingdom,268.58,1,62.0,268.58,2011-03-10 14:45,2011-03-10 14:45,273,1,268.58,1,2,2,122,Inactive,Win-back campaign
16778,United Kingdom,245.94,2,194.0,122.97,2011-03-10 15:21,2011-09-26 13:48,73,2,245.94,2,3,2,232,Inactive,Win-back campaign
14077,United Kingdom,499.42,5,268.0,99.88,2011-03-10 15:52,2011-10-30 12:35,40,5,499.42,3,5,3,353,Loyal customers,Nurture and recommend next purchase
16808,United Kingdom,288.42,2,196.0,144.21,2011-03-10 19:05,2011-09-01 19:34,98,2,288.42,2,3,2,232,Inactive,Win-back campaign
16475,United Kingdom,544.3,4,319.0,136.07,2011-03-11 09:39,2011-09-12 14:37,87,4,544.3,2,4,3,243,Inactive,Win-back campaign
13265,United Kingdom,2092.66,5,1740.0,418.53,2011-03-11 09:54,2011-10-17 15:02,52,5,2092.66,3,5,5,355,Champions,Nurture and recommend next purchase
12520,Germany,2582.51,5,1439.0,516.5,2011-03-11 11:35,2011-09-21 15:23,78,5,2582.51,2,5,5,255,Loyal customers,Nurture and recommend next purchase
15049,United Kingdom,121.17,1,63.0,121.17,2011-03-11 12:13,2011-03-11 12:13,273,1,121.17,1,2,1,121,Inactive,Win-back campaign
18149,United Kingdom,612.08,3,310.0,204.03,2011-03-11 12:44,2011-10-20 12:04,50,3,612.08,3,4,3,343,Loyal customers,Nurture and recommend next purchase
13654,United Kingdom,2707.33,6,2182.0,451.22,2011-03-11 12:54,2011-10-27 16:24,42,6,2707.33,3,5,5,355,Champions,Nurture and recommend next purchase
16652,United Kingdom,6654.26,7,3283.0,950.61,2011-03-11 13:13,2011-10-17 11:43,53,7,6654.26,3,5,5,355,Champions,Nurture and recommend next purchase
16766,United Kingdom,1145.6,2,536.0,572.8,2011-03-11 13:34,2011-03-11 15:22,272,2,1145.6,1,3,4,134,At-risk high value,Personal outreach + tailored offer
16801,United Kingdom,842.33,4,493.0,210.58,2011-03-11 13:56,2011-06-29 15:33,162,4,842.33,2,4,3,243,Inactive,Win-back campaign
17164,United Kingdom,2466.4,7,1501.0,352.34,2011-03-11 14:26,2011-11-07 09:14,32,7,2466.4,3,5,5,355,Champions,Nurture and recommend next purchase
13226,United Kingdom,108.21,1,80.0,108.21,2011-03-11 14:35,2011-03-11 14:35,272,1,108.21,1,2,1,121,Inactive,Win-back campaign
13043,United Kingdom,471.57,1,254.0,471.57,2011-03-11 14:52,2011-03-31 12:14,253,1,471.57,1,2,3,123,Inactive,Win-back campaign
14352,United Kingdom,1078.96,4,538.0,269.74,2011-03-11 14:58,2011-07-05 15:41,156,4,1078.96,2,4,4,244,Loyal customers,Nurture and recommend next purchase
17351,United Kingdom,587.15,3,113.0,195.72,2011-03-11 16:05,2011-11-03 18:45,35,3,587.15,3,4,3,343,Loyal customers,Nurture and recommend next purchase
16768,United Kingdom,458.04,3,196.0,152.68,2011-03-13 10:25,2011-10-23 10:38,47,3,458.04,3,4,2,342,Growing customers,Nurture and recommend next purchase
16693,United Kingdom,477.86,2,203.0,238.93,2011-03-13 11:06,2011-10-02 11:10,68,2,477.86,3,3,3,333,Growing customers,Nurture and recommend next purchase
13956,United Kingdom,1019.27,5,486.0,203.85,2011-03-13 12:51,2011-12-04 13:20,4,5,1019.27,5,5,4,554,Champions,Nurture and recommend next purchase
13708,United Kingdom,285.33,1,301.0,285.33,2011-03-13 13:46,2011-03-13 13:46,270,1,285.33,1,2,2,122,Inactive,Win-back campaign
15918,United Kingdom,334.23,2,153.0,167.12,2011-03-13 15:55,2011-06-02 11:42,190,2,334.23,1,3,2,132,Inactive,Win-back campaign
15671,United Kingdom,2635.49,7,1699.0,376.5,2011-03-14 09:37,2011-11-21 12:43,18,7,2635.49,4,5,5,455,Champions,Nurture and recommend next purchase
14962,United Kingdom,126.7,1,44.0,126.7,2011-03-14 09:42,2011-03-14 09:42,270,1,126.7,1,2,1,121,Inactive,Win-back campaign
16807,United Kingdom,1121.59,3,778.0,373.86,2011-03-14 09:46,2011-07-20 12:00,142,3,1121.59,2,4,4,244,Loyal customers,Nurture and recommend next purchase
15125,United Kingdom,11117.05,15,6193.0,741.14,2011-03-14 09:59,2011-11-14 13:57,24,15,11117.05,4,5,5,455,Champions,Nurture and recommend next purchase
16871,United Kingdom,2761.49,6,1253.0,460.25,2011-03-14 10:31,2011-11-17 19:27,21,6,2761.49,4,5,5,455,Champions,Nurture and recommend next purchase
12901,United Kingdom,16293.1,28,23075.0,581.9,2011-03-14 10:41,2011-12-01 10:07,8,28,16293.1,5,5,5,555,Champions,Nurture and recommend next purchase
13452,United Kingdom,590.0,2,2.0,295.0,2011-03-14 11:38,2011-03-25 14:19,258,2,590.0,1,3,3,133,Inactive,Win-back campaign
15493,United Kingdom,1918.86,5,551.0,383.77,2011-03-14 11:44,2011-11-07 12:04,32,5,1918.86,3,5,4,354,Loyal customers,Nurture and recommend next purchase
16005,United Kingdom,578.71,4,280.0,144.68,2011-03-14 11:46,2011-11-27 13:47,11,4,578.71,4,4,3,443,Loyal customers,Nurture and recommend next purchase
15388,Canada,140.54,1,88.0,140.54,2011-03-14 13:53,2011-03-14 13:53,269,1,140.54,1,2,1,121,Inactive,Win-back campaign
16804,United Kingdom,536.99,3,246.0,179.0,2011-03-14 15:48,2011-11-16 16:43,22,3,536.99,4,4,3,443,Loyal customers,Nurture and recommend next purchase
13499,United Kingdom,1146.96,5,1365.0,229.39,2011-03-15 08:52,2011-11-22 11:21,17,5,1146.96,4,5,4,454,Champions,Nurture and recommend next purchase
15047,United Kingdom,343.62,1,222.0,343.62,2011-03-15 10:49,2011-03-15 10:49,269,1,343.62,1,2,2,122,Inactive,Win-back campaign
14193,United Kingdom,853.39,2,445.0,426.69,2011-03-15 11:38,2011-10-03 09:34,67,2,853.39,3,3,3,333,Growing customers,Nurture and recommend next purchase
17542,United Kingdom,170.75,1,134.0,170.75,2011-03-15 11:45,2011-03-15 11:45,269,1,170.75,1,2,1,121,Inactive,Win-back campaign
17080,United Kingdom,285.5,2,166.0,142.75,2011-03-15 12:05,2011-11-17 12:59,21,2,285.5,4,3,2,432,Growing customers,Nurture and recommend next purchase
16392,United Kingdom,217.89,1,201.0,217.89,2011-03-15 12:11,2011-03-15 12:11,269,1,217.89,1,2,1,121,Inactive,Win-back campaign
15106,United Kingdom,1407.73,5,1181.0,281.55,2011-03-15 12:52,2011-11-22 09:16,17,5,1407.73,4,5,4,454,Champions,Nurture and recommend next purchase
16214,United Kingdom,1062.75,3,420.0,354.25,2011-03-15 13:23,2011-06-22 11:30,170,3,1062.75,2,4,4,244,Loyal customers,Nurture and recommend next purchase
13716,United Kingdom,138.28,1,138.0,138.28,2011-03-15 13:49,2011-03-15 13:49,268,1,138.28,1,2,1,121,Inactive,Win-back campaign
15150,United Kingdom,5280.83,10,3642.0,528.08,2011-03-15 14:21,2011-11-22 12:52,16,10,5280.83,4,5,5,455,Champions,Nurture and recommend next purchase
16061,United Kingdom,-29.95,0,0,0,2011-03-15 14:41,2011-03-15 14:41,268,0,-29.95,1,1,1,111,Inactive,Win-back campaign
14226,United Kingdom,2184.24,5,1296.0,436.85,2011-03-15 15:36,2011-11-11 11:34,28,5,2184.24,4,5,5,455,Champions,Nurture and recommend next purchase
13121,United Kingdom,254.73,1,252.0,254.73,2011-03-15 16:47,2011-03-15 16:51,268,1,254.73,1,2,2,122,Inactive,Win-back campaign
16297,United Kingdom,275.4,1,206.0,275.4,2011-03-16 08:29,2011-05-11 11:15,212,1,275.4,1,2,2,122,Inactive,Win-back campaign
12994,United Kingdom,902.22,3,459.0,300.74,2011-03-16 08:31,2011-12-05 15:43,3,3,902.22,5,4,3,543,Loyal customers,Nurture and recommend next purchase
16152,United Kingdom,1829.04,1,642.0,1829.04,2011-03-16 09:47,2011-03-16 09:47,268,1,1829.04,1,2,4,124,At-risk high value,Personal outreach + tailored offer
14636,United Kingdom,609.85,2,241.0,304.93,2011-03-16 09:52,2011-11-03 16:12,35,2,609.85,3,3,3,333,Growing customers,Nurture and recommend next purchase
16040,United Kingdom,1313.55,3,684.0,437.85,2011-03-16 09:58,2011-10-05 13:47,64,3,1313.55,3,4,4,344,Loyal customers,Nurture and recommend next purchase
15793,United Kingdom,948.96,3,553.0,316.32,2011-03-16 10:45,2011-11-30 15:08,8,3,948.96,5,4,4,544,Champions,Nurture and recommend next purchase
13358,United Kingdom,439.03,1,285.0,439.03,2011-03-16 11:52,2011-03-16 11:52,268,1,439.03,1,2,2,122,Inactive,Win-back campaign
12849,United Kingdom,1010.29,2,597.0,505.14,2011-03-16 12:26,2011-11-08 13:41,30,2,1010.29,4,3,4,434,Loyal customers,Nurture and recommend next purchase
15182,United Kingdom,622.85,2,253.0,311.43,2011-03-16 12:42,2011-07-08 13:37,153,2,622.85,2,3,3,233,Inactive,Win-back campaign
13299,United Kingdom,142.5,1,30.0,142.5,2011-03-16 12:55,2011-03-16 12:55,267,1,142.5,1,2,1,121,Inactive,Win-back campaign
16383,United Kingdom,643.76,2,467.0,321.88,2011-03-16 13:00,2011-09-26 12:45,74,2,643.76,2,3,3,233,Inactive,Win-back campaign
15381,United Kingdom,596.85,2,171.0,298.43,2011-03-16 13:44,2011-05-10 11:55,213,2,596.85,1,3,3,133,Inactive,Win-back campaign
12597,Spain,3683.13,4,2236.0,920.78,2011-03-16 14:00,2011-11-20 13:33,18,4,3683.13,4,4,5,445,Champions,Nurture and recommend next purchase
15030,United Kingdom,518.28,2,372.0,259.14,2011-03-16 15:34,2011-09-29 10:50,71,2,518.28,2,3,3,233,Inactive,Win-back campaign
12435,Denmark,7829.89,2,2055.0,3914.94,2011-03-17 07:40,2011-09-21 09:06,79,2,7829.89,2,3,5,235,Loyal customers,Nurture and recommend next purchase
12955,United Kingdom,4734.26,11,3664.0,430.39,2011-03-17 09:03,2011-12-08 16:29,0,11,4734.26,5,5,5,555,Champions,Nurture and recommend next purchase
18189,United Kingdom,1084.34,2,566.0,542.17,2011-03-17 09:49,2011-09-23 12:40,77,2,1084.34,2,3,4,234,At-risk high value,Personal outreach + tailored offer
13946,United Kingdom,561.57,3,443.0,187.19,2011-03-17 10:02,2011-09-21 13:33,78,3,561.57,2,4,3,243,Inactive,Win-back campaign
17716,United Kingdom,5505.79,11,3072.0,500.53,2011-03-17 10:38,2011-11-17 12:00,22,11,5505.79,4,5,5,455,Champions,Nurture and recommend next purchase
13185,United Kingdom,71.4,1,12.0,71.4,2011-03-17 11:56,2011-03-17 11:56,267,1,71.4,1,2,1,121,Inactive,Win-back campaign
14840,United Kingdom,62.85,1,31.0,62.85,2011-03-17 12:00,2011-03-17 12:00,267,1,62.85,1,2,1,121,Inactive,Win-back campaign
13216,United Kingdom,333.74,1,297.0,333.74,2011-03-17 12:18,2011-03-17 12:18,267,1,333.74,1,2,2,122,Inactive,Win-back campaign
13650,United Kingdom,1809.34,6,922.0,301.56,2011-03-17 12:37,2011-11-23 12:22,16,6,1809.34,4,5,4,454,Champions,Nurture and recommend next purchase
13533,United Kingdom,269.09,3,202.0,89.7,2011-03-17 12:47,2011-06-10 11:54,182,3,269.09,1,4,2,142,Inactive,Win-back campaign
13268,United Kingdom,3127.7,11,3624.0,284.34,2011-03-17 13:20,2011-11-22 11:51,17,11,3127.7,4,5,5,455,Champions,Nurture and recommend next purchase
15433,United Kingdom,417.87,2,534.0,208.94,2011-03-17 14:12,2011-09-21 16:24,78,2,417.87,2,3,2,232,Inactive,Win-back campaign
12937,United Kingdom,1504.27,4,1007.0,376.07,2011-03-17 14:19,2011-11-24 15:05,14,4,1504.27,4,4,4,444,Loyal customers,Nurture and recommend next purchase
17603,United Kingdom,-1165.3,1,74.0,-1165.3,2011-03-17 14:39,2011-10-20 19:19,49,1,-1165.3,3,2,1,321,Growing customers,Nurture and recommend next purchase
16216,United Kingdom,914.93,1,254.0,914.93,2011-03-17 15:34,2011-03-17 15:34,266,1,914.93,1,2,4,124,At-risk high value,Personal outreach + tailored offer
16377,United Kingdom,676.2,1,1500.0,676.2,2011-03-17 15:41,2011-03-17 15:41,266,1,676.2,1,2,3,123,Inactive,Win-back campaign
16976,United Kingdom,251.52,1,88.0,251.52,2011-03-17 16:33,2011-03-17 16:33,266,1,251.52,1,2,2,122,Inactive,Win-back campaign
12514,Italy,1017.68,1,440.0,1017.68,2011-03-17 16:38,2011-03-17 16:38,266,1,1017.68,1,2,4,124,At-risk high value,Personal outreach + tailored offer
18210,United Kingdom,2621.38,6,1398.0,436.9,2011-03-17 16:58,2011-12-08 11:02,1,6,2621.38,5,5,5,555,Champions,Nurture and recommend next purchase
13631,United Kingdom,3021.77,11,467.0,274.71,2011-03-17 17:13,2011-09-01 09:57,99,11,3021.77,2,5,5,255,Loyal customers,Nurture and recommend next purchase
14422,United Kingdom,4263.64,6,2906.0,710.61,2011-03-17 17:26,2011-12-09 11:26,0,6,4263.64,5,5,5,555,Champions,Nurture and recommend next purchase
15648,United Kingdom,582.05,2,218.0,291.02,2011-03-17 18:59,2011-05-19 15:53,203,2,582.05,1,3,3,133,Inactive,Win-back campaign
17725,United Kingdom,3371.13,11,2162.0,306.47,2011-03-17 19:47,2011-11-23 16:34,15,11,3371.13,4,5,5,455,Champions,Nurture and recommend next purchase
15861,United Kingdom,2981.92,8,2528.0,372.74,2011-03-17 20:12,2011-11-27 15:59,11,8,2981.92,4,5,5,455,Champions,Nurture and recommend next purchase
13072,United Kingdom,177.15,1,69.0,177.15,2011-03-18 08:12,2011-03-18 08:12,266,1,177.15,1,2,1,121,Inactive,Win-back campaign
15695,United Kingdom,409.98,2,212.0,204.99,2011-03-18 08:31,2011-03-18 08:32,266,2,409.98,1,3,2,132,Inactive,Win-back campaign
14110,United Kingdom,5669.65,12,2457.0,472.47,2011-03-18 09:59,2011-12-06 12:26,3,12,5669.65,5,5,5,555,Champions,Nurture and recommend next purchase
14059,United Kingdom,183.6,1,128.0,183.6,2011-03-18 10:06,2011-03-18 10:06,266,1,183.6,1,2,1,121,Inactive,Win-back campaign
16672,United Kingdom,8093.59,20,2832.0,404.68,2011-03-18 10:15,2011-12-07 16:29,1,20,8093.59,5,5,5,555,Champions,Nurture and recommend next purchase
16511,United Kingdom,918.33,3,405.0,306.11,2011-03-18 11:24,2011-11-18 10:41,21,3,918.33,4,4,4,444,Loyal customers,Nurture and recommend next purchase
16256,United Kingdom,732.63,1,581.0,732.63,2011-03-18 12:18,2011-03-27 12:14,257,1,732.63,1,2,3,123,Inactive,Win-back campaign
13591,United Kingdom,1117.13,3,485.0,372.38,2011-03-18 12:18,2011-10-06 12:26,64,3,1117.13,3,4,4,344,Loyal customers,Nurture and recommend next purchase
14066,United Kingdom,152.55,1,45.0,152.55,2011-03-18 12:21,2011-03-18 12:21,266,1,152.55,1,2,1,121,Inactive,Win-back campaign
15483,United Kingdom,225.26,4,291.0,56.31,2011-03-18 12:26,2011-07-01 13:07,160,4,225.26,2,4,1,241,Inactive,Win-back campaign
16626,United Kingdom,4379.65,17,2690.0,257.63,2011-03-18 12:27,2011-12-09 11:56,0,17,4379.65,5,5,5,555,Champions,Nurture and recommend next purchase
15019,United Kingdom,252.81,1,150.0,252.81,2011-03-18 12:35,2011-03-18 12:35,266,1,252.81,1,2,2,122,Inactive,Win-back campaign
18270,United Kingdom,238.95,2,101.0,119.48,2011-03-18 12:41,2011-11-01 13:57,37,2,238.95,3,3,2,332,Growing customers,Nurture and recommend next purchase
14315,United Kingdom,2456.98,6,1021.0,409.5,2011-03-18 12:59,2011-11-18 15:35,20,6,2456.98,4,5,5,455,Champions,Nurture and recommend next purchase
17921,United Kingdom,820.23,4,425.0,205.06,2011-03-18 13:19,2011-10-06 18:56,63,4,820.23,3,4,3,343,Loyal customers,Nurture and recommend next purchase
14041,United Kingdom,141.41,1,94.0,141.41,2011-03-18 13:25,2011-03-18 13:25,265,1,141.41,1,2,1,121,Inactive,Win-back campaign
17060,United Kingdom,234.24,1,216.0,234.24,2011-03-18 13:27,2011-03-18 13:27,265,1,234.24,1,2,2,122,Inactive,Win-back campaign
16023,United Kingdom,719.81,3,358.0,239.94,2011-03-18 13:32,2011-10-24 16:34,45,3,719.81,3,4,3,343,Loyal customers,Nurture and recommend next purchase
17133,United Kingdom,4892.24,7,2730.0,698.89,2011-03-18 13:47,2011-11-24 12:27,15,7,4892.24,4,5,5,455,Champions,Nurture and recommend next purchase
12878,United Kingdom,841.64,2,547.0,420.82,2011-03-18 14:02,2011-11-21 14:30,17,2,841.64,4,3,3,433,Loyal customers,Nurture and recommend next purchase
14155,United Kingdom,118.75,1,25.0,118.75,2011-03-18 14:13,2011-03-18 14:13,265,1,118.75,1,2,1,121,Inactive,Win-back campaign
17043,United Kingdom,1735.18,4,998.0,433.8,2011-03-18 14:53,2011-11-07 15:33,31,4,1735.18,3,4,4,344,Loyal customers,Nurture and recommend next purchase
13046,United Kingdom,629.31,2,264.0,314.65,2011-03-18 15:43,2011-11-09 08:36,30,2,629.31,4,3,3,433,Loyal customers,Nurture and recommend next purchase
14633,United Kingdom,344.9,1,96.0,344.9,2011-03-18 17:07,2011-03-18 17:07,265,1,344.9,1,2,2,122,Inactive,Win-back campaign
12948,United Kingdom,2053.7,7,1080.0,293.39,2011-03-20 10:17,2011-11-23 17:10,15,7,2053.7,4,5,5,455,Champions,Nurture and recommend next purchase
15703,United Kingdom,211.5,1,66.0,211.5,2011-03-20 10:51,2011-03-20 10:51,264,1,211.5,1,2,1,121,Inactive,Win-back campaign
14071,United Kingdom,1306.16,8,994.0,163.27,2011-03-20 11:33,2011-12-06 12:27,3,8,1306.16,5,5,4,554,Champions,Nurture and recommend next purchase
17134,United Kingdom,413.2,2,98.0,206.6,2011-03-20 11:56,2011-08-25 09:53,106,2,413.2,2,3,2,232,Inactive,Win-back campaign
17795,United Kingdom,342.83,2,305.0,171.41,2011-03-20 12:02,2011-06-13 12:36,179,2,342.83,1,3,2,132,Inactive,Win-back campaign
12902,United Kingdom,138.68,1,66.0,138.68,2011-03-20 12:06,2011-03-20 12:06,264,1,138.68,1,2,1,121,Inactive,Win-back campaign
16444,United Kingdom,638.77,4,407.0,159.69,2011-03-20 12:11,2011-10-24 13:50,45,4,638.77,3,4,3,343,Loyal customers,Nurture and recommend next purchase
14232,United Kingdom,2043.93,5,1941.0,408.79,2011-03-20 12:44,2011-11-08 12:17,31,5,2043.93,3,5,5,355,Champions,Nurture and recommend next purchase
14693,United Kingdom,172.9,1,34.0,172.9,2011-03-20 12:50,2011-03-20 12:50,264,1,172.9,1,2,1,121,Inactive,Win-back campaign
12407,Belgium,1708.12,5,1416.0,341.62,2011-03-20 13:21,2011-10-21 10:11,49,5,1708.12,3,5,4,354,Loyal customers,Nurture and recommend next purchase
16728,United Kingdom,1048.28,4,671.0,262.07,2011-03-20 13:28,2011-10-24 14:36,45,4,1048.28,3,4,4,344,Loyal customers,Nurture and recommend next purchase
16096,United Kingdom,320.62,1,155.0,320.62,2011-03-20 13:38,2011-03-20 13:38,263,1,320.62,1,2,2,122,Inactive,Win-back campaign
13985,United Kingdom,7024.53,15,3447.0,468.3,2011-03-20 13:48,2011-12-05 17:06,3,15,7024.53,5,5,5,555,Champions,Nurture and recommend next purchase
13592,United Kingdom,247.96,4,84.0,61.99,2011-03-20 14:01,2011-11-04 09:49,35,4,247.96,3,4,2,342,Growing customers,Nurture and recommend next purchase
15140,United Kingdom,2350.0,7,1572.0,335.71,2011-03-20 14:37,2011-10-18 14:07,51,7,2350.0,3,5,5,355,Champions,Nurture and recommend next purchase
12843,United Kingdom,1680.76,8,781.0,210.09,2011-03-20 14:38,2011-10-05 12:09,65,8,1680.76,3,5,4,354,Loyal customers,Nurture and recommend next purchase
14408,United Kingdom,2599.03,7,1610.0,371.29,2011-03-20 14:41,2011-11-29 11:41,10,7,2599.03,4,5,5,455,Champions,Nurture and recommend next purchase
15408,United Kingdom,267.18,1,106.0,267.18,2011-03-20 15:02,2011-03-20 15:02,263,1,267.18,1,2,2,122,Inactive,Win-back campaign
15445,United Kingdom,113.5,1,58.0,113.5,2011-03-20 15:06,2011-03-20 15:06,263,1,113.5,1,2,1,121,Inactive,Win-back campaign
15452,United Kingdom,528.48,3,280.0,176.16,2011-03-20 15:21,2011-11-10 12:13,29,3,528.48,4,4,3,443,Loyal customers,Nurture and recommend next purchase
14223,United Kingdom,975.23,3,585.0,325.08,2011-03-20 16:02,2011-09-08 13:38,91,3,975.23,2,4,4,244,Loyal customers,Nurture and recommend next purchase
16619,United Kingdom,204.41,1,133.0,204.41,2011-03-21 08:18,2011-03-31 12:20,253,1,204.41,1,2,1,121,Inactive,Win-back campaign
14762,United Kingdom,300.52,1,341.0,300.52,2011-03-21 08:20,2011-03-21 08:20,263,1,300.52,1,2,2,122,Inactive,Win-back campaign
13934,United Kingdom,922.1,1,390.0,922.1,2011-03-21 08:39,2011-03-21 08:39,263,1,922.1,1,2,4,124,At-risk high value,Personal outreach + tailored offer
15669,United Kingdom,677.69,4,342.0,169.42,2011-03-21 09:13,2011-10-30 16:03,39,4,677.69,3,4,3,343,Loyal customers,Nurture and recommend next purchase
16384,United Kingdom,584.5,2,260.0,292.25,2011-03-21 10:13,2011-09-11 11:19,89,2,584.5,2,3,3,233,Inactive,Win-back campaign
18224,United Kingdom,158.95,1,69.0,158.95,2011-03-21 10:30,2011-03-21 10:30,263,1,158.95,1,2,1,121,Inactive,Win-back campaign
14245,United Kingdom,1677.48,2,976.0,838.74,2011-03-21 10:41,2011-06-16 14:33,175,2,1677.48,2,3,4,234,At-risk high value,Personal outreach + tailored offer
17678,United Kingdom,298.11,1,207.0,298.11,2011-03-21 11:52,2011-03-21 11:52,263,1,298.11,1,2,2,122,Inactive,Win-back campaign
15855,United Kingdom,712.24,5,470.0,142.45,2011-03-21 12:32,2011-07-26 10:20,136,5,712.24,2,5,3,253,Loyal customers,Nurture and recommend next purchase
16036,United Kingdom,758.92,2,716.0,379.46,2011-03-21 13:01,2011-09-13 14:53,86,2,758.92,2,3,3,233,Inactive,Win-back campaign
17763,United Kingdom,15.0,1,12.0,15.0,2011-03-21 14:25,2011-03-21 14:25,262,1,15.0,1,2,1,121,Inactive,Win-back campaign
13262,United Kingdom,200.29,1,125.0,200.29,2011-03-21 15:06,2011-03-21 15:06,262,1,200.29,1,2,1,121,Inactive,Win-back campaign
17152,United Kingdom,1503.5,3,517.0,501.17,2011-03-21 16:20,2011-05-29 12:19,194,3,1503.5,1,4,4,144,At-risk high value,Personal outreach + tailored offer
14632,United Kingdom,114.56,1,96.0,114.56,2011-03-22 08:49,2011-03-22 08:49,262,1,114.56,1,2,1,121,Inactive,Win-back campaign
13900,United Kingdom,740.95,3,430.0,246.98,2011-03-22 10:13,2011-06-09 19:26,182,3,740.95,1,4,3,143,Inactive,Win-back campaign
14875,United Kingdom,1448.72,2,558.0,724.36,2011-03-22 11:53,2011-11-30 14:41,8,2,1448.72,5,3,4,534,Loyal customers,Nurture and recommend next purchase
15132,United Kingdom,977.93,5,679.0,195.59,2011-03-22 12:02,2011-11-21 17:10,17,5,977.93,4,5,4,454,Champions,Nurture and recommend next purchase
17272,United Kingdom,2144.53,4,1778.0,536.13,2011-03-22 12:05,2011-10-28 16:37,41,4,2144.53,3,4,5,345,Loyal customers,Nurture and recommend next purchase
16135,United Kingdom,517.55,1,209.0,517.55,2011-03-22 12:30,2011-03-22 12:30,262,1,517.55,1,2,3,123,Inactive,Win-back campaign
12831,United Kingdom,215.05,1,135.0,215.05,2011-03-22 13:02,2011-03-22 13:02,261,1,215.05,1,2,1,121,Inactive,Win-back campaign
15437,United Kingdom,200.16,1,79.0,200.16,2011-03-22 13:11,2011-03-22 13:11,261,1,200.16,1,2,1,121,Inactive,Win-back campaign
16809,United Kingdom,912.74,5,652.0,182.55,2011-03-22 13:13,2011-11-16 15:45,22,5,912.74,4,5,4,454,Champions,Nurture and recommend next purchase
14711,United Kingdom,2809.02,11,966.0,255.37,2011-03-22 13:32,2011-11-29 14:58,9,11,2809.02,5,5,5,555,Champions,Nurture and recommend next purchase
14377,United Kingdom,617.05,2,219.0,308.52,2011-03-22 13:38,2011-06-01 13:32,190,2,617.05,1,3,3,133,Inactive,Win-back campaign
16374,United Kingdom,466.73,2,237.0,233.37,2011-03-22 13:46,2011-10-04 15:21,65,2,466.73,3,3,3,333,Growing customers,Nurture and recommend next purchase
13196,United Kingdom,1797.78,4,1224.0,449.44,2011-03-22 14:24,2011-11-28 13:54,10,4,1797.78,4,4,4,444,Loyal customers,Nurture and recommend next purchase
15457,United Kingdom,237.07,1,132.0,237.07,2011-03-22 15:31,2011-03-22 15:31,261,1,237.07,1,2,2,122,Inactive,Win-back campaign
12613,Germany,3218.98,5,1644.0,643.8,2011-03-22 15:42,2011-11-08 13:30,30,5,3218.98,4,5,5,455,Champions,Nurture and recommend next purchase
16721,United Kingdom,292.47,1,172.0,292.47,2011-03-22 16:08,2011-03-22 16:08,261,1,292.47,1,2,2,122,Inactive,Win-back campaign
12399,Belgium,1108.65,4,1178.0,277.16,2011-03-23 09:42,2011-08-12 13:15,118,4,1108.65,2,4,4,244,Loyal customers,Nurture and recommend next purchase
17733,United Kingdom,692.19,2,463.0,346.09,2011-03-23 09:54,2011-11-01 08:16,38,2,692.19,3,3,3,333,Growing customers,Nurture and recommend next purchase
17102,United Kingdom,25.5,1,2.0,25.5,2011-03-23 10:08,2011-03-23 10:08,261,1,25.5,1,2,1,121,Inactive,Win-back campaign
15410,United Kingdom,3450.84,8,1200.0,431.36,2011-03-23 10:15,2011-09-16 14:47,83,8,3450.84,2,5,5,255,Loyal customers,Nurture and recommend next purchase
13239,United Kingdom,329.56,1,363.0,329.56,2011-03-23 10:25,2011-03-23 10:25,261,1,329.56,1,2,2,122,Inactive,Win-back campaign
15449,United Kingdom,971.22,3,812.0,323.74,2011-03-23 10:43,2011-11-13 15:02,25,3,971.22,4,4,4,444,Loyal customers,Nurture and recommend next purchase
14870,United Kingdom,327.25,1,119.0,327.25,2011-03-23 10:51,2011-03-23 10:51,261,1,327.25,1,2,2,122,Inactive,Win-back campaign
13821,United Kingdom,385.64,2,153.0,192.82,2011-03-23 11:30,2011-07-18 09:49,144,2,385.64,2,3,2,232,Inactive,Win-back campaign
17096,United Kingdom,992.68,4,339.0,248.17,2011-03-23 12:05,2011-11-30 15:05,8,4,992.68,5,4,4,544,Champions,Nurture and recommend next purchase
12604,France,254.18,2,201.0,127.09,2011-03-23 12:06,2011-09-21 14:08,78,2,254.18,2,3,2,232,Inactive,Win-back campaign
12818,Austria,1517.88,1,929.0,1517.88,2011-03-23 12:06,2011-06-14 13:54,177,1,1517.88,2,2,4,224,At-risk high value,Personal outreach + tailored offer
18191,United Kingdom,207.8,1,140.0,207.8,2011-03-23 12:08,2011-03-23 12:08,261,1,207.8,1,2,1,121,Inactive,Win-back campaign
14461,United Kingdom,2103.06,3,766.0,701.02,2011-03-23 12:15,2011-07-14 17:11,147,3,2103.06,2,4,5,245,Loyal customers,Nurture and recommend next purchase
13132,United Kingdom,77.3,1,20.0,77.3,2011-03-23 12:44,2011-03-23 12:44,261,1,77.3,1,2,1,121,Inactive,Win-back campaign
16859,United Kingdom,473.14,2,827.0,236.57,2011-03-23 13:39,2011-08-25 14:12,105,2,473.14,2,3,3,233,Inactive,Win-back campaign
15245,United Kingdom,2515.84,3,1784.0,838.61,2011-03-23 13:42,2011-07-28 18:56,133,3,2515.84,2,4,5,245,Loyal customers,Nurture and recommend next purchase
17486,United Kingdom,396.87,1,191.0,396.87,2011-03-23 14:00,2011-03-23 14:00,260,1,396.87,1,2,2,122,Inactive,Win-back campaign
16308,United Kingdom,2560.0,4,8000.0,640.0,2011-03-23 14:46,2011-11-02 11:24,37,4,2560.0,3,4,5,345,Loyal customers,Nurture and recommend next purchase
12564,France,456.9,1,133.0,456.9,2011-03-23 14:55,2011-03-23 14:55,260,1,456.9,1,2,2,122,Inactive,Win-back campaign
14607,United Kingdom,10981.1,14,11526.0,784.36,2011-03-23 15:22,2011-11-24 10:35,15,14,10981.1,4,5,5,455,Champions,Nurture and recommend next purchase
13249,United Kingdom,711.41,3,546.0,237.14,2011-03-23 15:26,2011-09-08 13:26,91,3,711.41,2,4,3,243,Inactive,Win-back campaign
15644,United Kingdom,803.54,4,550.0,200.88,2011-03-23 15:37,2011-06-26 14:54,165,4,803.54,2,4,3,243,Inactive,Win-back campaign
14075,United Kingdom,942.26,3,754.0,314.09,2011-03-23 16:35,2011-12-05 08:38,4,3,942.26,5,4,4,544,Champions,Nurture and recommend next purchase
17250,United Kingdom,381.97,2,167.0,190.99,2011-03-23 16:45,2011-12-06 12:15,3,2,381.97,5,3,2,532,Loyal customers,Nurture and recommend next purchase
17966,United Kingdom,1098.43,5,2571.0,219.69,2011-03-23 17:25,2011-11-02 10:26,37,5,1098.43,3,5,4,354,Loyal customers,Nurture and recommend next purchase
14129,United Kingdom,1123.86,5,592.0,224.77,2011-03-24 08:44,2011-12-08 11:02,1,5,1123.86,5,5,4,554,Champions,Nurture and recommend next purchase
15651,United Kingdom,646.3,3,479.0,215.43,2011-03-24 08:56,2011-11-03 08:41,36,3,646.3,3,4,3,343,Loyal customers,Nurture and recommend next purchase
13035,United Kingdom,886.63,2,644.0,443.31,2011-03-24 09:21,2011-10-13 12:23,57,2,886.63,3,3,3,333,Growing customers,Nurture and recommend next purchase
13341,United Kingdom,775.85,1,301.0,775.85,2011-03-24 09:50,2011-03-24 09:50,260,1,775.85,1,2,3,123,Inactive,Win-back campaign
13512,United Kingdom,251.21,1,143.0,251.21,2011-03-24 10:03,2011-03-24 10:03,260,1,251.21,1,2,2,122,Inactive,Win-back campaign
16620,United Kingdom,178.96,2,88.0,89.48,2011-03-24 10:37,2011-12-06 12:19,3,2,178.96,5,3,1,531,Growing customers,Nurture and recommend next purchase
17698,United Kingdom,154.95,1,93.0,154.95,2011-03-24 11:34,2011-03-24 11:34,260,1,154.95,1,2,1,121,Inactive,Win-back campaign
14267,United Kingdom,1279.09,3,530.0,426.36,2011-03-24 11:38,2011-07-12 11:11,150,3,1279.09,2,4,4,244,Loyal customers,Nurture and recommend next purchase
13736,United Kingdom,721.9,2,496.0,360.95,2011-03-24 13:04,2011-12-04 15:19,4,2,721.9,5,3,3,533,Loyal customers,Nurture and recommend next purchase
16022,United Kingdom,602.63,1,255.0,602.63,2011-03-24 13:16,2011-03-24 13:16,259,1,602.63,1,2,3,123,Inactive,Win-back campaign
14235,United Kingdom,3093.86,5,1959.0,618.77,2011-03-24 13:23,2011-11-29 13:26,9,5,3093.86,5,5,5,555,Champions,Nurture and recommend next purchase
16769,United Kingdom,361.54,1,80.0,361.54,2011-03-24 13:41,2011-03-24 13:41,259,1,361.54,1,2,2,122,Inactive,Win-back campaign
17754,United Kingdom,1632.31,5,1816.0,326.46,2011-03-24 13:54,2011-12-09 11:20,0,5,1632.31,5,5,4,554,Champions,Nurture and recommend next purchase
12408,Belgium,2842.57,5,1409.0,568.51,2011-03-24 14:46,2011-11-07 12:30,32,5,2842.57,3,5,5,355,Champions,Nurture and recommend next purchase
16063,United Kingdom,335.32,1,262.0,335.32,2011-03-24 14:55,2011-03-24 14:56,259,1,335.32,1,2,2,122,Inactive,Win-back campaign
15178,United Kingdom,40.5,1,30.0,40.5,2011-03-24 15:12,2011-03-24 15:12,259,1,40.5,1,2,1,121,Inactive,Win-back campaign
14348,United Kingdom,409.57,1,183.0,409.57,2011-03-24 16:23,2011-03-24 16:23,259,1,409.57,1,2,2,122,Inactive,Win-back campaign
15815,United Kingdom,2100.6,5,1856.0,420.12,2011-03-25 08:43,2011-10-07 12:42,63,5,2100.6,3,5,5,355,Champions,Nurture and recommend next purchase
13695,United Kingdom,2504.13,15,1603.0,166.94,2011-03-25 11:31,2011-11-08 14:26,30,15,2504.13,4,5,5,455,Champions,Nurture and recommend next purchase
17979,United Kingdom,712.51,4,383.0,178.13,2011-03-25 11:34,2011-11-04 12:05,35,4,712.51,3,4,3,343,Loyal customers,Nurture and recommend next purchase
13139,United Kingdom,5055.79,7,2425.0,722.26,2011-03-25 11:57,2011-11-23 13:54,15,7,5055.79,4,5,5,455,Champions,Nurture and recommend next purchase
12545,Spain,1000.39,2,523.0,500.19,2011-03-25 12:04,2011-09-25 13:39,74,2,1000.39,2,3,4,234,At-risk high value,Personal outreach + tailored offer
14758,United Kingdom,1484.06,4,419.0,371.01,2011-03-25 12:10,2011-07-18 08:21,144,4,1484.06,2,4,4,244,Loyal customers,Nurture and recommend next purchase
14536,United Kingdom,170.95,1,39.0,170.95,2011-03-25 12:21,2011-03-25 12:21,259,1,170.95,1,2,1,121,Inactive,Win-back campaign
13662,United Kingdom,862.58,3,533.0,287.53,2011-03-25 13:23,2011-09-15 12:04,85,3,862.58,2,4,3,243,Inactive,Win-back campaign
17946,United Kingdom,149.58,2,75.0,74.79,2011-03-25 14:34,2011-04-20 17:00,232,2,149.58,1,3,1,131,Inactive,Win-back campaign
13743,United Kingdom,1340.15,7,1776.0,191.45,2011-03-25 14:46,2011-12-07 10:09,2,7,1340.15,5,5,4,554,Champions,Nurture and recommend next purchase
18078,United Kingdom,336.13,2,145.0,168.06,2011-03-25 15:08,2011-05-06 14:32,216,2,336.13,1,3,2,132,Inactive,Win-back campaign
16780,United Kingdom,422.24,2,270.0,211.12,2011-03-25 17:34,2011-08-31 16:09,99,2,422.24,2,3,2,232,Inactive,Win-back campaign
18273,United Kingdom,204.0,3,80.0,68.0,2011-03-27 11:22,2011-12-07 13:16,1,3,204.0,5,4,1,541,Loyal customers,Nurture and recommend next purchase
15045,United Kingdom,633.66,2,114.0,316.83,2011-03-27 11:44,2011-07-11 11:33,151,2,633.66,2,3,3,233,Inactive,Win-back campaign
17625,United Kingdom,2020.4,4,1180.0,505.1,2011-03-27 12:21,2011-11-21 13:36,17,4,2020.4,4,4,5,445,Champions,Nurture and recommend next purchase
13357,United Kingdom,609.4,1,321.0,609.4,2011-03-27 13:56,2011-03-27 13:56,256,1,609.4,1,2,3,123,Inactive,Win-back campaign
16777,United Kingdom,222.62,2,62.0,111.31,2011-03-27 14:34,2011-09-20 13:41,79,2,222.62,2,3,1,231,Inactive,Win-back campaign
14476,United Kingdom,193.0,1,110.0,193.0,2011-03-27 15:39,2011-03-27 15:39,256,1,193.0,1,2,1,121,Inactive,Win-back campaign
16245,United Kingdom,1352.36,3,1014.0,450.79,2011-03-28 09:30,2011-11-16 10:14,23,3,1352.36,4,4,4,444,Loyal customers,Nurture and recommend next purchase
12669,France,1607.73,3,1115.0,535.91,2011-03-28 10:15,2011-07-12 09:54,150,3,1607.73,2,4,4,244,Loyal customers,Nurture and recommend next purchase
12792,Portugal,400.54,1,217.0,400.54,2011-03-28 11:36,2011-03-28 11:36,256,1,400.54,1,2,2,122,Inactive,Win-back campaign
17765,United Kingdom,367.63,3,143.0,122.54,2011-03-28 11:58,2011-07-04 12:41,158,3,367.63,2,4,2,242,Inactive,Win-back campaign
15083,United Kingdom,88.2,1,38.0,88.2,2011-03-28 12:18,2011-03-28 12:18,256,1,88.2,1,2,1,121,Inactive,Win-back campaign
18010,United Kingdom,174.8,1,60.0,174.8,2011-03-28 12:27,2011-03-28 12:27,256,1,174.8,1,2,1,121,Inactive,Win-back campaign
15249,United Kingdom,6657.36,13,3577.0,512.1,2011-03-28 12:49,2011-11-08 11:45,31,13,6657.36,3,5,5,355,Champions,Nurture and recommend next purchase
13760,United Kingdom,286.79,2,197.0,143.4,2011-03-28 12:52,2011-10-16 16:13,53,2,286.79,3,3,2,332,Growing customers,Nurture and recommend next purchase
15624,United Kingdom,588.13,4,357.0,147.03,2011-03-28 13:32,2011-08-15 11:38,116,4,588.13,2,4,3,243,Inactive,Win-back campaign
17749,United Kingdom,674.52,2,320.0,337.26,2011-03-28 13:39,2011-06-14 15:45,177,2,674.52,2,3,3,233,Inactive,Win-back campaign
15068,United Kingdom,553.36,2,364.0,276.68,2011-03-28 14:27,2011-10-24 14:47,45,2,553.36,3,3,3,333,Growing customers,Nurture and recommend next purchase
14538,United Kingdom,388.25,2,155.0,194.12,2011-03-28 14:57,2011-10-06 10:31,64,2,388.25,3,3,2,332,Growing customers,Nurture and recommend next purchase
14851,United Kingdom,511.35,2,325.0,255.68,2011-03-28 14:59,2011-11-16 14:20,22,2,511.35,4,3,3,433,Loyal customers,Nurture and recommend next purchase
14021,United Kingdom,631.9,3,192.0,210.63,2011-03-28 15:10,2011-07-07 15:46,154,3,631.9,2,4,3,243,Inactive,Win-back campaign
13037,United Kingdom,881.07,3,431.0,293.69,2011-03-28 15:42,2011-07-24 15:46,137,3,881.07,2,4,3,243,Inactive,Win-back campaign
18177,United Kingdom,1313.62,6,709.0,218.94,2011-03-29 08:46,2011-11-08 14:44,30,6,1313.62,4,5,4,454,Champions,Nurture and recommend next purchase
14128,United Kingdom,637.5,2,564.0,318.75,2011-03-29 10:49,2011-10-10 12:00,60,2,637.5,3,3,3,333,Growing customers,Nurture and recommend next purchase
17874,United Kingdom,658.26,6,221.0,109.71,2011-03-29 11:25,2011-06-07 12:54,184,6,658.26,1,5,3,153,Inactive,Win-back campaign
17719,United Kingdom,5367.8,15,2466.0,357.85,2011-03-29 11:29,2011-11-02 10:36,37,15,5367.8,3,5,5,355,Champions,Nurture and recommend next purchase
17931,United Kingdom,408.36,2,249.0,204.18,2011-03-29 12:31,2011-07-28 18:33,133,2,408.36,2,3,2,232,Inactive,Win-back campaign
13803,United Kingdom,277.07,1,121.0,277.07,2011-03-29 12:57,2011-03-29 12:57,254,1,277.07,1,2,2,122,Inactive,Win-back campaign
17398,United Kingdom,653.38,3,310.0,217.79,2011-03-29 13:04,2011-08-17 09:48,114,3,653.38,2,4,3,243,Inactive,Win-back campaign
15906,United Kingdom,1521.79,7,544.0,217.4,2011-03-29 13:18,2011-11-20 12:24,19,7,1521.79,4,5,4,454,Champions,Nurture and recommend next purchase
16253,United Kingdom,3665.62,2,3233.0,1832.81,2011-03-29 13:33,2011-11-08 11:23,31,2,3665.62,3,3,5,335,Loyal customers,Nurture and recommend next purchase
13439,United Kingdom,283.71,1,242.0,283.71,2011-03-29 14:20,2011-03-29 14:20,254,1,283.71,1,2,2,122,Inactive,Win-back campaign
12888,United Kingdom,313.77,2,76.0,156.88,2011-03-29 14:31,2011-05-09 16:02,213,2,313.77,1,3,2,132,Inactive,Win-back campaign
13588,United Kingdom,2445.12,9,2606.0,271.68,2011-03-29 15:53,2011-11-24 10:42,15,9,2445.12,4,5,5,455,Champions,Nurture and recommend next purchase
12456,Switzerland,3153.89,3,1633.0,1051.3,2011-03-30 09:12,2011-10-26 14:41,43,3,3153.89,3,4,5,345,Loyal customers,Nurture and recommend next purchase
15521,United Kingdom,2574.65,8,1836.0,321.83,2011-03-30 09:15,2011-11-03 13:52,35,8,2574.65,3,5,5,355,Champions,Nurture and recommend next purchase
13720,United Kingdom,799.9,4,501.0,199.97,2011-03-30 09:17,2011-08-15 12:46,116,4,799.9,2,4,3,243,Inactive,Win-back campaign
15674,United Kingdom,1744.02,5,1275.0,348.8,2011-03-30 09:19,2011-09-27 15:17,72,5,1744.02,2,5,4,254,Loyal customers,Nurture and recommend next purchase
17594,United Kingdom,993.18,2,550.0,496.59,2011-03-30 10:32,2011-09-15 16:34,84,2,993.18,2,3,4,234,At-risk high value,Personal outreach + tailored offer
17775,United Kingdom,56.4,1,72.0,56.4,2011-03-30 10:50,2011-03-30 10:50,254,1,56.4,1,2,1,121,Inactive,Win-back campaign
13988,United Kingdom,4098.8,6,3044.0,683.13,2011-03-30 11:48,2011-11-20 10:15,19,6,4098.8,4,5,5,455,Champions,Nurture and recommend next purchase
16657,United Kingdom,874.43,4,1130.0,218.61,2011-03-30 12:02,2011-11-30 11:48,9,4,874.43,5,4,3,543,Loyal customers,Nurture and recommend next purchase
15424,United Kingdom,383.34,2,554.0,191.67,2011-03-30 13:00,2011-03-30 13:02,253,2,383.34,1,3,2,132,Inactive,Win-back campaign
13316,United Kingdom,5570.69,4,5508.0,1392.67,2011-03-30 13:01,2011-11-02 13:40,36,4,5570.69,3,4,5,345,Loyal customers,Nurture and recommend next purchase
16788,United Kingdom,594.39,2,304.0,297.19,2011-03-30 13:05,2011-08-08 14:53,122,2,594.39,2,3,3,233,Inactive,Win-back campaign
16584,United Kingdom,908.03,2,646.0,454.01,2011-03-30 13:14,2011-09-20 13:45,79,2,908.03,2,3,4,234,At-risk high value,Personal outreach + tailored offer
15364,United Kingdom,913.19,2,493.0,456.59,2011-03-30 13:39,2011-09-05 09:46,95,2,913.19,2,3,4,234,At-risk high value,Personal outreach + tailored offer
18108,United Kingdom,264.65,1,84.0,264.65,2011-03-30 13:56,2011-04-05 08:25,248,1,264.65,1,2,2,122,Inactive,Win-back campaign
14272,United Kingdom,437.96,2,599.0,218.98,2011-03-30 13:57,2011-09-27 10:08,73,2,437.96,2,3,2,232,Inactive,Win-back campaign
15980,United Kingdom,2398.86,3,1560.0,799.62,2011-03-30 15:05,2011-09-12 09:41,88,3,2398.86,2,4,5,245,Loyal customers,Nurture and recommend next purchase
15832,United Kingdom,836.79,1,465.0,836.79,2011-03-30 15:29,2011-03-30 15:29,253,1,836.79,1,2,3,123,Inactive,Win-back campaign
16092,United Kingdom,779.36,3,628.0,259.79,2011-03-30 15:38,2011-09-02 11:46,98,3,779.36,2,4,3,243,Inactive,Win-back campaign
15528,United Kingdom,229.33,1,123.0,229.33,2011-03-30 16:14,2011-03-30 16:14,253,1,229.33,1,2,1,121,Inactive,Win-back campaign
16398,United Kingdom,1631.15,2,758.0,815.58,2011-03-31 09:38,2011-07-18 10:14,144,2,1631.15,2,3,4,234,At-risk high value,Personal outreach + tailored offer
17088,United Kingdom,1991.01,4,868.0,497.75,2011-03-31 09:48,2011-11-11 14:23,27,4,1991.01,4,4,4,444,Loyal customers,Nurture and recommend next purchase
17438,United Kingdom,378.3,1,103.0,378.3,2011-03-31 10:26,2011-04-06 17:16,246,1,378.3,1,2,2,122,Inactive,Win-back campaign
13060,United Kingdom,307.53,1,123.0,307.53,2011-03-31 11:37,2011-03-31 11:37,253,1,307.53,1,2,2,122,Inactive,Win-back campaign
14790,United Kingdom,745.06,4,699.0,186.26,2011-03-31 11:49,2011-11-23 09:28,16,4,745.06,4,4,3,443,Loyal customers,Nurture and recommend next purchase
14890,United Kingdom,125.65,1,51.0,125.65,2011-03-31 11:57,2011-03-31 11:57,253,1,125.65,1,2,1,121,Inactive,Win-back campaign
16386,United Kingdom,302.57,2,205.0,151.28,2011-03-31 12:19,2011-11-11 12:28,28,2,302.57,4,3,2,432,Growing customers,Nurture and recommend next purchase
14818,United Kingdom,657.8,3,324.0,219.27,2011-03-31 12:28,2011-09-27 11:01,73,3,657.8,2,4,3,243,Inactive,Win-back campaign
13571,United Kingdom,2088.94,12,1757.0,174.08,2011-03-31 12:43,2011-11-27 10:47,12,12,2088.94,4,5,5,455,Champions,Nurture and recommend next purchase
12909,United Kingdom,2128.83,5,1280.0,425.77,2011-03-31 12:51,2011-10-31 12:43,39,5,2128.83,3,5,5,355,Champions,Nurture and recommend next purchase
12619,Germany,3214.81,9,3378.0,357.2,2011-03-31 13:10,2011-11-23 14:52,15,9,3214.81,4,5,5,455,Champions,Nurture and recommend next purchase
16698,United Kingdom,1998.0,2,840.0,999.0,2011-03-31 13:33,2011-04-27 10:52,226,2,1998.0,1,3,5,135,At-risk high value,Personal outreach + tailored offer
16681,United Kingdom,1770.34,6,1407.0,295.06,2011-03-31 13:46,2011-09-28 11:11,72,6,1770.34,2,5,4,254,Loyal customers,Nurture and recommend next purchase
13573,United Kingdom,290.25,2,302.0,145.12,2011-03-31 14:47,2011-10-20 14:33,49,2,290.25,3,3,2,332,Growing customers,Nurture and recommend next purchase
14957,United Kingdom,58.49,1,34.0,58.49,2011-03-31 17:59,2011-03-31 17:59,252,1,58.49,1,2,1,121,Inactive,Win-back campaign
13918,United Kingdom,1212.84,2,1140.0,606.42,2011-03-31 18:05,2011-10-21 12:25,49,2,1212.84,3,3,4,334,Loyal customers,Nurture and recommend next purchase
17212,United Kingdom,226.85,1,147.0,226.85,2011-03-31 19:42,2011-03-31 19:42,252,1,226.85,1,2,1,121,Inactive,Win-back campaign
17781,United Kingdom,188.02,2,34.0,94.01,2011-03-31 19:54,2011-07-03 16:00,158,2,188.02,2,3,1,231,Inactive,Win-back campaign
14886,United Kingdom,364.8,1,160.0,364.8,2011-04-01 08:56,2011-04-01 08:56,252,1,364.8,1,2,2,122,Inactive,Win-back campaign
13626,United Kingdom,257.23,1,209.0,257.23,2011-04-01 10:05,2011-04-01 10:05,252,1,257.23,1,2,2,122,Inactive,Win-back campaign
16609,United Kingdom,5450.96,7,2420.0,778.71,2011-04-01 10:11,2011-11-24 13:32,14,7,5450.96,4,5,5,455,Champions,Nurture and recommend next purchase
16180,United Kingdom,10217.48,8,5867.0,1277.18,2011-04-01 10:23,2011-08-31 16:28,99,8,10217.48,2,5,5,255,Loyal customers,Nurture and recommend next purchase
13462,United Kingdom,143.25,1,62.0,143.25,2011-04-01 11:20,2011-06-09 19:53,182,1,143.25,1,2,1,121,Inactive,Win-back campaign
18263,United Kingdom,1211.08,3,1468.0,403.69,2011-04-01 11:48,2011-11-16 16:19,22,3,1211.08,4,4,4,444,Loyal customers,Nurture and recommend next purchase
16960,United Kingdom,507.05,3,304.0,169.02,2011-04-01 11:54,2011-11-01 11:35,38,3,507.05,3,4,3,343,Loyal customers,Nurture and recommend next purchase
13841,United Kingdom,85.0,1,100.0,85.0,2011-04-01 12:10,2011-04-01 12:10,252,1,85.0,1,2,1,121,Inactive,Win-back campaign
17701,United Kingdom,417.95,1,109.0,417.95,2011-04-01 12:25,2011-04-01 12:25,252,1,417.95,1,2,2,122,Inactive,Win-back campaign
12949,United Kingdom,4143.02,8,2381.0,517.88,2011-04-01 13:20,2011-11-09 11:25,30,8,4143.02,4,5,5,455,Champions,Nurture and recommend next purchase
14852,United Kingdom,2836.69,6,1747.0,472.78,2011-04-01 13:22,2011-10-12 13:20,57,6,2836.69,3,5,5,355,Champions,Nurture and recommend next purchase
12569,Germany,4064.99,32,1801.0,127.03,2011-04-01 13:47,2011-12-07 16:24,1,32,4064.99,5,5,5,555,Champions,Nurture and recommend next purchase
13169,United Kingdom,712.88,2,272.0,356.44,2011-04-01 14:24,2011-10-07 12:11,63,2,712.88,3,3,3,333,Growing customers,Nurture and recommend next purchase
16162,United Kingdom,37.4,1,4.0,37.4,2011-04-01 15:03,2011-04-01 15:03,251,1,37.4,1,2,1,121,Inactive,Win-back campaign
15691,United Kingdom,136.8,1,72.0,136.8,2011-04-01 15:13,2011-04-01 15:13,251,1,136.8,1,2,1,121,Inactive,Win-back campaign
14195,United Kingdom,962.7,2,760.0,481.35,2011-04-01 16:50,2011-05-22 10:29,201,2,962.7,1,3,4,134,At-risk high value,Personal outreach + tailored offer
13781,United Kingdom,127.84,1,30.0,127.84,2011-04-03 12:08,2011-04-03 12:08,250,1,127.84,1,2,1,121,Inactive,Win-back campaign
17758,United Kingdom,3408.2,8,2054.0,426.02,2011-04-03 15:22,2011-11-20 14:45,18,8,3408.2,4,5,5,455,Champions,Nurture and recommend next purchase
14023,United Kingdom,584.07,2,345.0,292.03,2011-04-03 15:50,2011-12-02 13:58,6,2,584.07,5,3,3,533,Loyal customers,Nurture and recommend next purchase
17669,United Kingdom,3406.72,7,1916.0,486.67,2011-04-04 10:11,2011-10-28 08:53,42,7,3406.72,3,5,5,355,Champions,Nurture and recommend next purchase
16142,United Kingdom,535.34,1,422.0,535.34,2011-04-04 10:16,2011-04-04 10:16,249,1,535.34,1,2,3,123,Inactive,Win-back campaign
17648,United Kingdom,1789.55,4,487.0,447.39,2011-04-04 10:29,2011-10-10 09:41,60,4,1789.55,3,4,4,344,Loyal customers,Nurture and recommend next purchase
13059,United Kingdom,183.4,1,35.0,183.4,2011-04-04 10:40,2011-04-04 10:40,249,1,183.4,1,2,1,121,Inactive,Win-back campaign
16224,United Kingdom,1295.3,4,1116.0,323.82,2011-04-04 12:00,2011-10-13 17:51,56,4,1295.3,3,4,4,344,Loyal customers,Nurture and recommend next purchase
15223,United Kingdom,454.9,2,213.0,227.45,2011-04-04 12:17,2011-04-28 11:31,225,2,454.9,1,3,2,132,Inactive,Win-back campaign
17886,United Kingdom,869.28,3,469.0,289.76,2011-04-04 12:34,2011-11-08 10:09,31,3,869.28,3,4,3,343,Loyal customers,Nurture and recommend next purchase
13294,United Kingdom,873.74,2,453.0,436.87,2011-04-04 12:37,2011-06-03 08:54,189,2,873.74,1,3,3,133,Inactive,Win-back campaign
15289,United Kingdom,935.1,3,1008.0,311.7,2011-04-04 12:44,2011-11-10 13:49,28,3,935.1,4,4,4,444,Loyal customers,Nurture and recommend next purchase
18185,United Kingdom,304.25,1,183.0,304.25,2011-04-04 13:42,2011-04-04 13:42,248,1,304.25,1,2,2,122,Inactive,Win-back campaign
17956,United Kingdom,12.75,1,1.0,12.75,2011-04-04 13:47,2011-04-04 13:47,248,1,12.75,1,2,1,121,Inactive,Win-back campaign
15756,United Kingdom,528.01,4,241.0,132.0,2011-04-04 14:00,2011-10-09 13:30,60,4,528.01,3,4,3,343,Loyal customers,Nurture and recommend next purchase
14747,United Kingdom,294.3,1,84.0,294.3,2011-04-04 14:09,2011-04-06 10:17,247,1,294.3,1,2,2,122,Inactive,Win-back campaign
14719,United Kingdom,1571.89,5,1025.0,314.38,2011-04-04 14:17,2011-12-08 12:43,1,5,1571.89,5,5,4,554,Champions,Nurture and recommend next purchase
13015,United Kingdom,3339.64,5,1609.0,667.93,2011-04-04 14:28,2011-10-17 13:19,52,5,3339.64,3,5,5,355,Champions,Nurture and recommend next purchase
16586,United Kingdom,463.95,1,95.0,463.95,2011-04-05 09:32,2011-04-05 09:32,248,1,463.95,1,2,3,123,Inactive,Win-back campaign
16105,United Kingdom,336.96,1,330.0,336.96,2011-04-05 10:13,2011-04-05 10:13,248,1,336.96,1,2,2,122,Inactive,Win-back campaign
14546,United Kingdom,2482.86,5,1313.0,496.57,2011-04-05 10:45,2011-12-05 16:33,3,5,2482.86,5,5,5,555,Champions,Nurture and recommend next purchase
15442,United Kingdom,594.0,1,120.0,594.0,2011-04-05 12:24,2011-04-05 12:24,248,1,594.0,1,2,3,123,Inactive,Win-back campaign
16906,United Kingdom,559.59,4,263.0,139.9,2011-04-05 12:30,2011-09-19 11:49,81,4,559.59,2,4,3,243,Inactive,Win-back campaign
14535,United Kingdom,2831.74,3,1824.0,943.91,2011-04-05 12:50,2011-10-11 16:24,58,3,2831.74,3,4,5,345,Loyal customers,Nurture and recommend next purchase
16170,United Kingdom,1880.42,6,1770.0,313.4,2011-04-05 13:42,2011-10-20 08:21,50,6,1880.42,3,5,4,354,Loyal customers,Nurture and recommend next purchase
15244,United Kingdom,631.57,2,405.0,315.79,2011-04-05 15:12,2011-10-05 13:19,64,2,631.57,3,3,3,333,Growing customers,Nurture and recommend next purchase
16696,United Kingdom,657.9,4,146.0,164.47,2011-04-05 15:20,2011-07-27 14:23,134,4,657.9,2,4,3,243,Inactive,Win-back campaign
15145,United Kingdom,1194.73,4,756.0,298.68,2011-04-05 15:20,2011-12-05 17:21,3,4,1194.73,5,4,4,544,Champions,Nurture and recommend next purchase
17492,United Kingdom,374.57,1,155.0,374.57,2011-04-05 15:21,2011-04-05 15:21,247,1,374.57,1,2,2,122,Inactive,Win-back campaign
13525,United Kingdom,628.78,2,394.0,314.39,2011-04-05 15:36,2011-11-25 12:01,14,2,628.78,4,3,3,433,Loyal customers,Nurture and recommend next purchase
17409,United Kingdom,771.85,2,105.0,385.93,2011-04-05 16:42,2011-06-08 10:36,184,2,771.85,1,3,3,133,Inactive,Win-back campaign
17783,United Kingdom,283.47,2,354.0,141.74,2011-04-06 10:07,2011-09-28 16:07,71,2,283.47,2,3,2,232,Inactive,Win-back campaign
13863,United Kingdom,299.56,1,224.0,299.56,2011-04-06 10:20,2011-04-08 17:03,244,1,299.56,1,2,2,122,Inactive,Win-back campaign
13515,United Kingdom,891.12,4,681.0,222.78,2011-04-06 10:33,2011-09-28 11:26,72,4,891.12,2,4,3,243,Inactive,Win-back campaign
15917,United Kingdom,123.1,1,42.0,123.1,2011-04-06 10:40,2011-04-06 10:40,247,1,123.1,1,2,1,121,Inactive,Win-back campaign
17440,United Kingdom,177.1,3,246.0,59.03,2011-04-06 12:05,2011-07-15 10:36,147,3,177.1,2,4,1,241,Inactive,Win-back campaign
17045,United Kingdom,339.44,3,106.0,113.15,2011-04-06 12:08,2011-08-18 17:09,112,3,339.44,2,4,2,242,Inactive,Win-back campaign
17140,United Kingdom,454.12,1,296.0,454.12,2011-04-06 13:33,2011-04-06 13:33,246,1,454.12,1,2,2,122,Inactive,Win-back campaign
15201,United Kingdom,927.84,5,1210.0,185.57,2011-04-06 14:02,2011-09-22 09:53,78,5,927.84,2,5,4,254,Loyal customers,Nurture and recommend next purchase
14964,United Kingdom,206.21,1,143.0,206.21,2011-04-06 14:13,2011-04-06 14:13,246,1,206.21,1,2,1,121,Inactive,Win-back campaign
16031,United Kingdom,547.9,2,421.0,273.95,2011-04-06 14:23,2011-09-08 13:07,91,2,547.9,2,3,3,233,Inactive,Win-back campaign
14403,United Kingdom,1426.31,4,519.0,356.58,2011-04-06 14:23,2011-08-01 12:57,129,4,1426.31,2,4,4,244,Loyal customers,Nurture and recommend next purchase
17042,United Kingdom,1036.58,5,990.0,207.32,2011-04-06 14:53,2011-12-07 12:26,2,5,1036.58,5,5,4,554,Champions,Nurture and recommend next purchase
13771,United Kingdom,2631.7,4,1477.0,657.92,2011-04-06 15:47,2011-10-06 14:18,63,4,2631.7,3,4,5,345,Loyal customers,Nurture and recommend next purchase
17906,United Kingdom,72.9,1,26.0,72.9,2011-04-06 17:25,2011-04-06 17:25,246,1,72.9,1,2,1,121,Inactive,Win-back campaign
18272,United Kingdom,3064.78,6,2050.0,510.8,2011-04-07 09:35,2011-12-07 12:43,2,6,3064.78,5,5,5,555,Champions,Nurture and recommend next purchase
16144,United Kingdom,175.2,1,16.0,175.2,2011-04-07 10:09,2011-04-07 10:09,246,1,175.2,1,2,1,121,Inactive,Win-back campaign
13731,United Kingdom,610.59,2,278.0,305.3,2011-04-07 10:10,2011-05-04 14:33,218,2,610.59,1,3,3,133,Inactive,Win-back campaign
12580,Germany,415.7,1,238.0,415.7,2011-04-07 10:24,2011-04-07 10:24,246,1,415.7,1,2,2,122,Inactive,Win-back campaign
14912,Italy,841.52,2,971.0,420.76,2011-04-07 11:06,2011-11-23 12:29,16,2,841.52,4,3,3,433,Loyal customers,Nurture and recommend next purchase
15530,United Kingdom,1497.31,4,938.0,374.33,2011-04-07 11:16,2011-11-18 12:25,21,4,1497.31,4,4,4,444,Loyal customers,Nurture and recommend next purchase
13950,United Kingdom,728.56,4,323.0,182.14,2011-04-07 11:29,2011-11-28 14:44,10,4,728.56,4,4,3,443,Loyal customers,Nurture and recommend next purchase
13752,United Kingdom,1175.38,6,874.0,195.9,2011-04-07 12:04,2011-08-07 14:16,123,6,1175.38,2,5,4,254,Loyal customers,Nurture and recommend next purchase
13892,United Kingdom,632.97,4,983.0,158.24,2011-04-07 12:04,2011-11-13 11:50,26,4,632.97,4,4,3,443,Loyal customers,Nurture and recommend next purchase
14446,United Kingdom,1010.35,4,916.0,252.59,2011-04-07 12:10,2011-12-09 11:34,0,4,1010.35,5,4,4,544,Champions,Nurture and recommend next purchase
16209,United Kingdom,2262.62,5,1179.0,452.52,2011-04-07 12:23,2011-09-12 11:58,88,5,2262.62,2,5,5,255,Loyal customers,Nurture and recommend next purchase
15754,United Kingdom,455.67,3,199.0,151.89,2011-04-07 12:24,2011-10-20 11:44,50,3,455.67,3,4,2,342,Growing customers,Nurture and recommend next purchase
13712,United Kingdom,228.84,1,352.0,228.84,2011-04-07 12:33,2011-04-07 12:33,246,1,228.84,1,2,1,121,Inactive,Win-back campaign
15800,United Kingdom,696.89,2,332.0,348.44,2011-04-07 12:39,2011-08-24 14:23,106,2,696.89,2,3,3,233,Inactive,Win-back campaign
16469,United Kingdom,625.42,4,260.0,156.35,2011-04-07 13:11,2011-11-16 12:25,23,4,625.42,4,4,3,443,Loyal customers,Nurture and recommend next purchase
13005,United Kingdom,468.95,2,172.0,234.47,2011-04-07 13:32,2011-06-19 10:53,173,2,468.95,2,3,3,233,Inactive,Win-back campaign
14981,United Kingdom,102.12,1,97.0,102.12,2011-04-07 13:45,2011-04-07 13:45,245,1,102.12,1,2,1,121,Inactive,Win-back campaign
17928,United Kingdom,212.54,2,140.0,106.27,2011-04-07 18:03,2011-10-25 13:52,44,2,212.54,3,3,1,331,Growing customers,Nurture and recommend next purchase
16261,United Kingdom,728.54,4,301.0,182.13,2011-04-07 19:05,2011-11-22 17:23,16,4,728.54,4,4,3,443,Loyal customers,Nurture and recommend next purchase
17883,United Kingdom,664.34,4,374.0,166.09,2011-04-07 19:16,2011-12-06 17:49,2,4,664.34,5,4,3,543,Loyal customers,Nurture and recommend next purchase
14619,United Kingdom,379.51,1,152.0,379.51,2011-04-08 07:37,2011-04-14 17:13,238,1,379.51,1,2,2,122,Inactive,Win-back campaign
13995,United Kingdom,1383.49,5,879.0,276.7,2011-04-08 08:20,2011-11-24 14:22,14,5,1383.49,4,5,4,454,Champions,Nurture and recommend next purchase
16643,United Kingdom,487.51,1,269.0,487.51,2011-04-08 08:24,2011-04-08 08:24,245,1,487.51,1,2,3,123,Inactive,Win-back campaign
14246,United Kingdom,1474.06,3,804.0,491.35,2011-04-08 08:25,2011-08-21 11:50,110,3,1474.06,2,4,4,244,Loyal customers,Nurture and recommend next purchase
18040,United Kingdom,357.2,2,148.0,178.6,2011-04-08 08:27,2011-11-20 14:20,18,2,357.2,4,3,2,432,Growing customers,Nurture and recommend next purchase
16837,United Kingdom,3167.73,11,1563.0,287.98,2011-04-08 08:48,2011-11-08 14:27,30,11,3167.73,4,5,5,455,Champions,Nurture and recommend next purchase
15119,United Kingdom,266.4,1,88.0,266.4,2011-04-08 09:08,2011-04-08 09:08,245,1,266.4,1,2,2,122,Inactive,Win-back campaign
16325,United Kingdom,510.54,3,194.0,170.18,2011-04-08 09:20,2011-10-26 16:29,43,3,510.54,3,4,3,343,Loyal customers,Nurture and recommend next purchase
14924,United Kingdom,310.05,1,64.0,310.05,2011-04-08 09:25,2011-04-08 09:25,245,1,310.05,1,2,2,122,Inactive,Win-back campaign
15109,United Kingdom,463.75,1,131.0,463.75,2011-04-08 09:58,2011-04-13 09:53,240,1,463.75,1,2,3,123,Inactive,Win-back campaign
16623,United Kingdom,129.45,1,39.0,129.45,2011-04-08 10:09,2011-04-08 10:09,245,1,129.45,1,2,1,121,Inactive,Win-back campaign
12999,United Kingdom,455.88,3,342.0,151.96,2011-04-08 10:26,2011-05-27 13:24,195,3,455.88,1,4,2,142,Inactive,Win-back campaign
12717,Greece,980.98,2,506.0,490.49,2011-04-08 10:32,2011-07-11 14:51,150,2,980.98,2,3,4,234,At-risk high value,Personal outreach + tailored offer
13962,United Kingdom,169.55,2,87.0,84.77,2011-04-08 11:21,2011-11-18 08:47,21,2,169.55,4,3,1,431,Growing customers,Nurture and recommend next purchase
18036,United Kingdom,403.12,3,232.0,134.37,2011-04-08 11:26,2011-11-07 14:40,31,3,403.12,3,4,2,342,Growing customers,Nurture and recommend next purchase
14958,United Kingdom,483.73,3,128.0,161.24,2011-04-08 11:28,2011-07-15 14:20,146,3,483.73,2,4,3,243,Inactive,Win-back campaign
13562,United Kingdom,1799.33,3,757.0,599.78,2011-04-08 12:42,2011-09-19 10:51,81,3,1799.33,2,4,4,244,Loyal customers,Nurture and recommend next purchase
15775,United Kingdom,104.9,1,68.0,104.9,2011-04-08 12:56,2011-04-08 12:56,244,1,104.9,1,2,1,121,Inactive,Win-back campaign
17054,United Kingdom,1353.83,5,804.0,270.77,2011-04-08 13:14,2011-11-11 12:56,27,5,1353.83,4,5,4,454,Champions,Nurture and recommend next purchase
17268,United Kingdom,763.64,4,844.0,190.91,2011-04-08 13:20,2011-08-24 10:06,107,4,763.64,2,4,3,243,Inactive,Win-back campaign
13548,United Kingdom,678.16,2,436.0,339.08,2011-04-10 11:35,2011-09-04 14:50,95,2,678.16,2,3,3,233,Inactive,Win-back campaign
13508,United Kingdom,110.97,1,24.0,110.97,2011-04-10 11:58,2011-04-10 11:58,243,1,110.97,1,2,1,121,Inactive,Win-back campaign
12447,Belgium,476.49,1,190.0,476.49,2011-04-10 13:25,2011-04-10 13:25,242,1,476.49,1,2,3,123,Inactive,Win-back campaign
13570,United Kingdom,239.49,1,161.0,239.49,2011-04-10 13:36,2011-04-10 13:36,242,1,239.49,1,2,2,122,Inactive,Win-back campaign
13232,United Kingdom,1328.35,7,773.0,189.76,2011-04-10 13:48,2011-11-27 10:39,12,7,1328.35,4,5,4,454,Champions,Nurture and recommend next purchase
18129,United Kingdom,112.55,1,48.0,112.55,2011-04-10 14:16,2011-04-10 14:16,242,1,112.55,1,2,1,121,Inactive,Win-back campaign
13632,United Kingdom,2114.68,5,1031.0,422.94,2011-04-10 15:07,2011-11-15 10:51,24,5,2114.68,4,5,5,455,Champions,Nurture and recommend next purchase
15665,United Kingdom,2222.21,2,1654.0,1111.11,2011-04-10 15:09,2011-06-24 14:57,167,2,2222.21,2,3,5,235,Loyal customers,Nurture and recommend next purchase
17550,United Kingdom,267.16,3,86.0,89.05,2011-04-10 15:19,2011-05-26 14:09,196,3,267.16,1,4,2,142,Inactive,Win-back campaign
15655,United Kingdom,511.32,1,324.0,511.32,2011-04-10 15:25,2011-04-20 16:28,232,1,511.32,1,2,3,123,Inactive,Win-back campaign
14286,United Kingdom,4595.81,3,4338.0,1531.94,2011-04-11 08:16,2011-11-16 10:34,23,3,4595.81,4,4,5,445,Champions,Nurture and recommend next purchase
16188,United Kingdom,981.86,4,782.0,245.47,2011-04-11 09:44,2011-10-26 12:19,44,4,981.86,3,4,4,344,Loyal customers,Nurture and recommend next purchase
12656,France,3982.72,5,1723.0,796.54,2011-04-11 09:45,2011-11-22 13:42,16,5,3982.72,4,5,5,455,Champions,Nurture and recommend next purchase
15214,United Kingdom,1661.44,8,1254.0,207.68,2011-04-11 09:46,2011-12-08 12:07,1,8,1661.44,5,5,4,554,Champions,Nurture and recommend next purchase
17574,United Kingdom,185.65,1,77.0,185.65,2011-04-11 09:47,2011-04-11 09:47,242,1,185.65,1,2,1,121,Inactive,Win-back campaign
15737,United Kingdom,1121.21,8,597.0,140.15,2011-04-11 10:01,2011-11-25 11:21,14,8,1121.21,4,5,4,454,Champions,Nurture and recommend next purchase
18080,United Kingdom,1231.5,2,642.0,615.75,2011-04-11 10:10,2011-11-21 08:02,18,2,1231.5,4,3,4,434,Loyal customers,Nurture and recommend next purchase
14311,United Kingdom,229.71,1,146.0,229.71,2011-04-11 10:14,2011-04-28 19:49,224,1,229.71,1,2,1,121,Inactive,Win-back campaign
14339,United Kingdom,289.91,1,168.0,289.91,2011-04-11 11:06,2011-04-19 11:31,234,1,289.91,1,2,2,122,Inactive,Win-back campaign
12982,United Kingdom,377.2,1,288.0,377.2,2011-04-11 11:51,2011-04-14 10:49,239,1,377.2,1,2,2,122,Inactive,Win-back campaign
12701,Germany,797.71,2,678.0,398.86,2011-04-11 13:02,2011-09-21 10:47,79,2,797.71,2,3,3,233,Inactive,Win-back campaign
12596,Spain,618.27,2,474.0,309.13,2011-04-11 13:22,2011-10-19 13:02,50,2,618.27,3,3,3,333,Growing customers,Nurture and recommend next purchase
14273,United Kingdom,559.97,4,264.0,139.99,2011-04-11 13:24,2011-10-19 13:20,50,4,559.97,3,4,3,343,Loyal customers,Nurture and recommend next purchase
12363,Unspecified,552.0,2,408.0,276.0,2011-04-11 13:29,2011-08-22 10:18,109,2,552.0,2,3,3,233,Inactive,Win-back campaign
13549,United Kingdom,916.12,7,458.0,130.87,2011-04-11 13:42,2011-11-14 09:20,25,7,916.12,4,5,4,454,Champions,Nurture and recommend next purchase
15414,United Kingdom,774.9,3,443.0,258.3,2011-04-11 13:45,2011-11-30 09:50,9,3,774.9,5,4,3,543,Loyal customers,Nurture and recommend next purchase
13203,United Kingdom,869.46,4,800.0,217.37,2011-04-11 14:40,2011-11-30 10:45,9,4,869.46,5,4,3,543,Loyal customers,Nurture and recommend next purchase
14628,United Kingdom,671.96,2,272.0,335.98,2011-04-11 14:43,2011-09-09 14:58,90,2,671.96,2,3,3,233,Inactive,Win-back campaign
14326,United Kingdom,166.85,1,103.0,166.85,2011-04-11 15:04,2011-04-19 11:08,234,1,166.85,1,2,1,121,Inactive,Win-back campaign
15935,United Kingdom,416.86,2,115.0,208.43,2011-04-12 09:35,2011-04-14 13:27,238,2,416.86,1,3,2,132,Inactive,Win-back campaign
13655,United Kingdom,932.97,2,605.0,466.49,2011-04-12 09:53,2011-08-17 14:25,113,2,932.97,2,3,4,234,At-risk high value,Personal outreach + tailored offer
12910,United Kingdom,3075.04,8,1692.0,384.38,2011-04-12 10:01,2011-11-16 14:28,22,8,3075.04,4,5,5,455,Champions,Nurture and recommend next purchase
13577,United Kingdom,1658.3,4,791.0,414.57,2011-04-12 10:33,2011-11-14 15:19,24,4,1658.3,4,4,4,444,Loyal customers,Nurture and recommend next purchase
15251,United Kingdom,10327.11,11,6171.0,938.83,2011-04-12 10:38,2011-11-30 15:02,8,11,10327.11,5,5,5,555,Champions,Nurture and recommend next purchase
14111,United Kingdom,688.6,4,458.0,172.15,2011-04-12 11:36,2011-11-25 13:44,13,4,688.6,4,4,3,443,Loyal customers,Nurture and recommend next purchase
17160,United Kingdom,3518.03,6,2856.0,586.34,2011-04-12 12:00,2011-11-08 14:05,30,6,3518.03,4,5,5,455,Champions,Nurture and recommend next purchase
16172,United Kingdom,1140.21,5,787.0,228.04,2011-04-12 12:02,2011-09-05 13:22,94,5,1140.21,2,5,4,254,Loyal customers,Nurture and recommend next purchase
17972,United Kingdom,135.19,1,36.0,135.19,2011-04-12 12:16,2011-04-12 12:16,241,1,135.19,1,2,1,121,Inactive,Win-back campaign
12463,Belgium,1303.63,4,776.0,325.91,2011-04-12 12:47,2011-10-24 13:43,45,4,1303.63,3,4,4,344,Loyal customers,Nurture and recommend next purchase
14844,United Kingdom,3189.81,4,1833.0,797.45,2011-04-12 13:10,2011-10-07 10:41,63,4,3189.81,3,4,5,345,Loyal customers,Nurture and recommend next purchase
17278,United Kingdom,246.04,1,179.0,246.04,2011-04-12 13:10,2011-04-12 13:10,240,1,246.04,1,2,2,122,Inactive,Win-back campaign
15212,United Kingdom,88.95,1,36.0,88.95,2011-04-12 13:45,2011-04-14 13:12,238,1,88.95,1,2,1,121,Inactive,Win-back campaign
16729,United Kingdom,7041.69,21,5722.0,335.32,2011-04-12 14:22,2011-11-03 19:11,35,21,7041.69,3,5,5,355,Champions,Nurture and recommend next purchase
14998,United Kingdom,414.87,2,258.0,207.44,2011-04-12 16:28,2011-06-22 17:30,169,2,414.87,2,3,2,232,Inactive,Win-back campaign
13484,United Kingdom,313.8,1,44.0,313.8,2011-04-12 16:30,2011-04-12 16:30,240,1,313.8,1,2,2,122,Inactive,Win-back campaign
16697,United Kingdom,112.75,1,27.0,112.75,2011-04-12 17:12,2011-04-12 17:12,240,1,112.75,1,2,1,121,Inactive,Win-back campaign
14931,Channel Islands,964.68,5,417.0,192.94,2011-04-13 09:32,2011-12-05 10:19,4,5,964.68,5,5,4,554,Champions,Nurture and recommend next purchase
18236,United Kingdom,882.24,6,403.0,147.04,2011-04-13 09:52,2011-11-10 08:06,29,6,882.24,4,5,3,453,Loyal customers,Nurture and recommend next purchase
13740,United Kingdom,350.75,1,425.0,350.75,2011-04-13 10:32,2011-04-13 10:32,240,1,350.75,1,2,2,122,Inactive,Win-back campaign
16454,United Kingdom,-8.15,2,3.0,-4.08,2011-04-13 10:36,2011-10-26 11:40,44,2,-8.15,3,3,1,331,Growing customers,Nurture and recommend next purchase
15230,United Kingdom,429.6,2,351.0,214.8,2011-04-13 11:04,2011-04-14 14:39,238,2,429.6,1,3,2,132,Inactive,Win-back campaign
15134,United Kingdom,1387.99,8,887.0,173.5,2011-04-13 11:05,2011-11-25 08:55,14,8,1387.99,4,5,4,454,Champions,Nurture and recommend next purchase
16309,United Kingdom,686.67,2,467.0,343.33,2011-04-13 11:46,2011-09-09 12:26,91,2,686.67,2,3,3,233,Inactive,Win-back campaign
13544,United Kingdom,276.06,2,112.0,138.03,2011-04-13 12:09,2011-10-31 11:57,39,2,276.06,3,3,2,332,Growing customers,Nurture and recommend next purchase
14262,United Kingdom,2618.23,8,1645.0,327.28,2011-04-13 12:23,2011-12-01 14:17,7,8,2618.23,5,5,5,555,Champions,Nurture and recommend next purchase
13134,United Kingdom,1740.63,4,1059.0,435.16,2011-04-13 12:57,2011-09-28 09:22,72,4,1740.63,2,4,4,244,Loyal customers,Nurture and recommend next purchase
17589,United Kingdom,2404.17,4,1631.0,601.04,2011-04-13 13:47,2011-10-10 16:58,59,4,2404.17,3,4,5,345,Loyal customers,Nurture and recommend next purchase
16097,United Kingdom,185.05,1,87.0,185.05,2011-04-13 13:47,2011-04-13 13:47,239,1,185.05,1,2,1,121,Inactive,Win-back campaign
13122,United Kingdom,922.39,2,585.0,461.19,2011-04-13 14:12,2011-09-06 15:53,93,2,922.39,2,3,4,234,At-risk high value,Personal outreach + tailored offer
16966,United Kingdom,2148.47,7,1981.0,306.92,2011-04-13 14:17,2011-12-01 13:40,7,7,2148.47,5,5,5,555,Champions,Nurture and recommend next purchase
17746,United Kingdom,98.8,1,29.0,98.8,2011-04-13 14:31,2011-04-19 11:26,234,1,98.8,1,2,1,121,Inactive,Win-back campaign
16175,United Kingdom,1037.59,4,533.0,259.4,2011-04-13 14:38,2011-09-06 14:32,93,4,1037.59,2,4,4,244,Loyal customers,Nurture and recommend next purchase
14834,United Kingdom,1698.35,6,734.0,283.06,2011-04-13 15:00,2011-11-22 10:30,17,6,1698.35,4,5,4,454,Champions,Nurture and recommend next purchase
16348,United Kingdom,1415.65,7,805.0,202.24,2011-04-13 15:49,2011-11-07 15:44,31,7,1415.65,3,5,4,354,Loyal customers,Nurture and recommend next purchase
15147,United Kingdom,608.65,1,366.0,608.65,2011-04-13 15:57,2011-05-05 11:20,218,1,608.65,1,2,3,123,Inactive,Win-back campaign
16131,United Kingdom,3506.54,6,1802.0,584.42,2011-04-14 08:32,2011-10-19 11:53,51,6,3506.54,3,5,5,355,Champions,Nurture and recommend next purchase
15813,United Kingdom,1303.91,2,603.0,651.96,2011-04-14 09:09,2011-05-16 08:13,207,2,1303.91,1,3,4,134,At-risk high value,Personal outreach + tailored offer
17058,United Kingdom,1179.89,3,592.0,393.3,2011-04-14 09:18,2011-09-19 10:13,81,3,1179.89,2,4,4,244,Loyal customers,Nurture and recommend next purchase
17704,United Kingdom,885.19,2,343.0,442.59,2011-04-14 09:28,2011-06-24 09:40,168,2,885.19,2,3,3,233,Inactive,Win-back campaign
16933,United Kingdom,530.08,2,288.0,265.04,2011-04-14 12:28,2011-12-08 12:54,0,2,530.08,5,3,3,533,Loyal customers,Nurture and recommend next purchase
13772,United Kingdom,1122.63,3,540.0,374.21,2011-04-14 12:31,2011-11-06 11:43,33,3,1122.63,3,4,4,344,Loyal customers,Nurture and recommend next purchase
16249,United Kingdom,1800.07,5,950.0,360.01,2011-04-14 13:50,2011-10-18 10:07,52,5,1800.07,3,5,4,354,Loyal customers,Nurture and recommend next purchase
14198,United Kingdom,663.5,4,290.0,165.88,2011-04-14 14:54,2011-12-05 16:34,3,4,663.5,5,4,3,543,Loyal customers,Nurture and recommend next purchase
13989,United Kingdom,1266.08,2,1313.0,633.04,2011-04-14 15:39,2011-10-05 09:47,65,2,1266.08,3,3,4,334,Loyal customers,Nurture and recommend next purchase
17930,United Kingdom,1740.48,5,1594.0,348.1,2011-04-14 15:46,2011-11-04 10:23,35,5,1740.48,3,5,4,354,Loyal customers,Nurture and recommend next purchase
14154,United Kingdom,1345.62,2,465.0,672.81,2011-04-14 15:58,2011-04-14 16:26,238,2,1345.62,1,3,4,134,At-risk high value,Personal outreach + tailored offer
14482,United Kingdom,2022.81,6,1627.0,337.13,2011-04-14 16:41,2011-11-21 13:14,17,6,2022.81,4,5,5,455,Champions,Nurture and recommend next purchase
14163,United Kingdom,2445.91,4,893.0,611.48,2011-04-14 17:33,2011-09-13 15:18,86,4,2445.91,2,4,5,245,Loyal customers,Nurture and recommend next purchase
14105,United Kingdom,1260.33,1,800.0,1260.33,2011-04-14 17:58,2011-09-15 16:13,84,1,1260.33,2,2,4,224,At-risk high value,Personal outreach + tailored offer
17601,United Kingdom,116.01,1,103.0,116.01,2011-04-14 18:02,2011-04-14 18:02,238,1,116.01,1,2,1,121,Inactive,Win-back campaign
17142,United Kingdom,579.0,1,81.0,579.0,2011-04-14 18:22,2011-04-14 18:22,238,1,579.0,1,2,3,123,Inactive,Win-back campaign
13811,Germany,591.75,3,68.0,197.25,2011-04-14 18:40,2011-06-09 09:54,183,3,591.75,1,4,3,143,Inactive,Win-back campaign
12457,Switzerland,1917.78,7,844.0,273.97,2011-04-14 18:57,2011-10-12 13:46,57,7,1917.78,3,5,4,354,Loyal customers,Nurture and recommend next purchase
15135,United Kingdom,127.15,1,43.0,127.15,2011-04-14 19:16,2011-04-20 15:58,232,1,127.15,1,2,1,121,Inactive,Win-back campaign
16806,United Kingdom,762.16,4,356.0,190.54,2011-04-14 19:59,2011-08-28 15:27,102,4,762.16,2,4,3,243,Inactive,Win-back campaign
13952,United Kingdom,3246.09,2,1431.0,1623.05,2011-04-15 09:27,2011-05-12 19:27,210,2,3246.09,1,3,5,135,At-risk high value,Personal outreach + tailored offer
13120,United Kingdom,30.6,1,12.0,30.6,2011-04-15 10:19,2011-04-15 10:19,238,1,30.6,1,2,1,121,Inactive,Win-back campaign
12769,Brazil,1143.6,1,356.0,1143.6,2011-04-15 10:25,2011-04-15 10:25,238,1,1143.6,1,2,4,124,At-risk high value,Personal outreach + tailored offer
13516,United Kingdom,1389.41,3,985.0,463.14,2011-04-15 11:06,2011-11-18 13:15,20,3,1389.41,4,4,4,444,Loyal customers,Nurture and recommend next purchase
14323,United Kingdom,574.26,2,350.0,287.13,2011-04-15 11:44,2011-08-17 11:37,114,2,574.26,2,3,3,233,Inactive,Win-back campaign
18079,United Kingdom,3613.15,4,7347.0,903.29,2011-04-15 12:14,2011-10-25 15:27,44,4,3613.15,3,4,5,345,Loyal customers,Nurture and recommend next purchase
12639,Sweden,486.1,1,201.0,486.1,2011-04-15 12:48,2011-04-15 12:48,238,1,486.1,1,2,3,123,Inactive,Win-back campaign
14700,United Kingdom,2195.1,3,1314.0,731.7,2011-04-15 13:16,2011-11-07 14:40,31,3,2195.1,3,4,5,345,Loyal customers,Nurture and recommend next purchase
15027,United Kingdom,1051.95,4,565.0,262.99,2011-04-15 14:14,2011-11-09 10:16,30,4,1051.95,4,4,4,444,Loyal customers,Nurture and recommend next purchase
17367,United Kingdom,167.55,1,149.0,167.55,2011-04-15 14:21,2011-04-15 14:21,237,1,167.55,1,2,1,121,Inactive,Win-back campaign
18213,United Kingdom,232.48,1,232.0,232.48,2011-04-17 10:21,2011-04-17 10:21,236,1,232.48,1,2,2,122,Inactive,Win-back campaign
17029,United Kingdom,716.0,2,400.0,358.0,2011-04-17 10:57,2011-08-21 11:06,110,2,716.0,2,3,3,233,Inactive,Win-back campaign
13220,United Kingdom,819.29,4,196.0,204.82,2011-04-17 10:59,2011-09-22 13:38,77,4,819.29,2,4,3,243,Inactive,Win-back campaign
15985,United Kingdom,1037.42,2,1086.0,518.71,2011-04-17 11:04,2011-08-08 16:31,122,2,1037.42,2,3,4,234,At-risk high value,Personal outreach + tailored offer
16193,United Kingdom,314.45,1,219.0,314.45,2011-04-17 11:45,2011-04-17 11:45,236,1,314.45,1,2,2,122,Inactive,Win-back campaign
15172,United Kingdom,1624.05,5,1611.0,324.81,2011-04-17 11:56,2011-12-01 11:51,8,5,1624.05,5,5,4,554,Champions,Nurture and recommend next purchase
13692,United Kingdom,1466.87,3,1226.0,488.96,2011-04-17 12:57,2011-11-15 11:17,24,3,1466.87,4,4,4,444,Loyal customers,Nurture and recommend next purchase
15745,United Kingdom,1071.24,4,421.0,267.81,2011-04-17 13:04,2011-12-01 11:18,8,4,1071.24,5,4,4,544,Champions,Nurture and recommend next purchase
17582,United Kingdom,175.27,1,123.0,175.27,2011-04-17 13:18,2011-04-17 13:18,235,1,175.27,1,2,1,121,Inactive,Win-back campaign
13474,United Kingdom,226.84,1,129.0,226.84,2011-04-17 13:53,2011-04-17 13:53,235,1,226.84,1,2,1,121,Inactive,Win-back campaign
17697,United Kingdom,338.95,1,93.0,338.95,2011-04-17 15:40,2011-04-17 15:40,235,1,338.95,1,2,2,122,Inactive,Win-back campaign
16639,United Kingdom,1169.38,3,510.0,389.79,2011-04-18 09:31,2011-11-14 13:47,24,3,1169.38,4,4,4,444,Loyal customers,Nurture and recommend next purchase
16947,United Kingdom,406.48,1,312.0,406.48,2011-04-18 09:38,2011-04-18 09:38,235,1,406.48,1,2,2,122,Inactive,Win-back campaign
15491,United Kingdom,3090.85,6,1646.0,515.14,2011-04-18 10:04,2011-09-05 15:56,94,6,3090.85,2,5,5,255,Loyal customers,Nurture and recommend next purchase
16617,United Kingdom,151.85,1,91.0,151.85,2011-04-18 10:35,2011-04-18 10:35,235,1,151.85,1,2,1,121,Inactive,Win-back campaign
15265,United Kingdom,1506.12,2,612.0,753.06,2011-04-18 12:16,2011-07-11 14:46,150,2,1506.12,2,3,4,234,At-risk high value,Personal outreach + tailored offer
16226,United Kingdom,255.12,3,192.0,85.04,2011-04-18 12:58,2011-05-20 14:41,202,3,255.12,1,4,2,142,Inactive,Win-back campaign
18009,United Kingdom,242.29,1,125.0,242.29,2011-04-18 13:36,2011-04-18 13:52,234,1,242.29,1,2,2,122,Inactive,Win-back campaign
16399,United Kingdom,408.02,2,263.0,204.01,2011-04-18 13:46,2011-11-20 16:12,18,2,408.02,4,3,2,432,Growing customers,Nurture and recommend next purchase
14623,United Kingdom,866.8,5,418.0,173.36,2011-04-18 13:54,2011-11-07 13:56,31,5,866.8,3,5,3,353,Loyal customers,Nurture and recommend next purchase
15625,United Kingdom,1504.56,4,1188.0,376.14,2011-04-18 14:01,2011-08-31 16:13,99,4,1504.56,2,4,4,244,Loyal customers,Nurture and recommend next purchase
18064,United Kingdom,814.0,2,384.0,407.0,2011-04-18 15:08,2011-07-29 16:39,132,2,814.0,2,3,3,233,Inactive,Win-back campaign
15508,United Kingdom,1000.27,6,440.0,166.71,2011-04-18 15:31,2011-06-03 15:43,188,6,1000.27,1,5,4,154,Loyal customers,Nurture and recommend next purchase
16628,United Kingdom,2183.04,5,1205.0,436.61,2011-04-19 08:55,2011-11-10 12:45,29,5,2183.04,4,5,5,455,Champions,Nurture and recommend next purchase
13647,United Kingdom,1640.22,4,887.0,410.06,2011-04-19 09:49,2011-11-30 12:00,9,4,1640.22,5,4,4,544,Champions,Nurture and recommend next purchase
15594,United Kingdom,1767.53,5,983.0,353.51,2011-04-19 10:08,2011-11-24 08:53,15,5,1767.53,4,5,4,454,Champions,Nurture and recommend next purchase
13479,United Kingdom,291.0,2,134.0,145.5,2011-04-19 11:27,2011-05-25 16:49,197,2,291.0,1,3,2,132,Inactive,Win-back campaign
13735,United Kingdom,2764.48,4,1128.0,691.12,2011-04-19 12:40,2011-11-15 11:14,24,4,2764.48,4,4,5,445,Champions,Nurture and recommend next purchase
13376,United Kingdom,1019.76,3,493.0,339.92,2011-04-19 13:03,2011-09-01 16:16,98,3,1019.76,2,4,4,244,Loyal customers,Nurture and recommend next purchase
15717,United Kingdom,150.3,1,70.0,150.3,2011-04-19 13:21,2011-04-19 13:21,233,1,150.3,1,2,1,121,Inactive,Win-back campaign
13719,United Kingdom,1041.68,5,609.0,208.34,2011-04-19 13:56,2011-11-24 15:26,14,5,1041.68,4,5,4,454,Champions,Nurture and recommend next purchase
16633,United Kingdom,2878.15,6,1138.0,479.69,2011-04-19 14:36,2011-11-22 13:41,16,6,2878.15,4,5,5,455,Champions,Nurture and recommend next purchase
13101,United Kingdom,101.19,1,113.0,101.19,2011-04-19 14:37,2011-04-19 14:37,233,1,101.19,1,2,1,121,Inactive,Win-back campaign
15225,United Kingdom,409.4,1,226.0,409.4,2011-04-19 14:51,2011-04-19 14:51,233,1,409.4,1,2,2,122,Inactive,Win-back campaign
14152,United Kingdom,611.09,2,711.0,305.55,2011-04-19 15:46,2011-09-25 12:54,74,2,611.09,2,3,3,233,Inactive,Win-back campaign
12733,USA,383.95,1,137.0,383.95,2011-04-19 16:19,2011-04-19 16:19,233,1,383.95,1,2,2,122,Inactive,Win-back campaign
15436,United Kingdom,1067.75,3,574.0,355.92,2011-04-19 16:52,2011-11-27 16:05,11,3,1067.75,4,4,4,444,Loyal customers,Nurture and recommend next purchase
17217,United Kingdom,113.5,1,24.0,113.5,2011-04-19 17:19,2011-04-19 17:19,233,1,113.5,1,2,1,121,Inactive,Win-back campaign
17734,United Kingdom,700.63,3,422.0,233.54,2011-04-20 10:04,2011-10-17 12:33,53,3,700.63,3,4,3,343,Loyal customers,Nurture and recommend next purchase
14905,United Kingdom,599.9,2,287.0,299.95,2011-04-20 10:48,2011-07-08 13:36,153,2,599.9,2,3,3,233,Inactive,Win-back campaign
14148,United Kingdom,157.2,1,16.0,157.2,2011-04-20 12:02,2011-04-20 12:02,233,1,157.2,1,2,1,121,Inactive,Win-back campaign
16103,United Kingdom,1429.64,6,558.0,238.27,2011-04-20 12:28,2011-12-02 14:16,6,6,1429.64,5,5,4,554,Champions,Nurture and recommend next purchase
14626,United Kingdom,2757.07,4,1403.0,689.27,2011-04-20 13:18,2011-12-01 08:55,8,4,2757.07,5,4,5,545,Champions,Nurture and recommend next purchase
14868,United Kingdom,2939.64,8,1405.0,367.45,2011-04-20 13:36,2011-12-06 14:49,2,8,2939.64,5,5,5,555,Champions,Nurture and recommend next purchase
18246,United Kingdom,596.1,2,166.0,298.05,2011-04-20 13:55,2011-11-16 11:49,23,2,596.1,4,3,3,433,Loyal customers,Nurture and recommend next purchase
13485,United Kingdom,454.24,1,277.0,454.24,2011-04-20 13:58,2011-04-20 13:58,232,1,454.24,1,2,2,122,Inactive,Win-back campaign
15517,United Kingdom,267.03,1,293.0,267.03,2011-04-20 14:02,2011-04-20 14:02,232,1,267.03,1,2,2,122,Inactive,Win-back campaign
17115,United Kingdom,806.9,3,372.0,268.97,2011-04-20 14:46,2011-12-01 14:30,7,3,806.9,5,4,3,543,Loyal customers,Nurture and recommend next purchase
17120,United Kingdom,307.46,1,120.0,307.46,2011-04-20 15:21,2011-04-20 15:21,232,1,307.46,1,2,2,122,Inactive,Win-back campaign
16611,United Kingdom,120.99,1,47.0,120.99,2011-04-20 16:41,2011-06-06 15:46,185,1,120.99,1,2,1,121,Inactive,Win-back campaign
15912,United Kingdom,264.62,2,185.0,132.31,2011-04-20 17:10,2011-06-14 14:29,177,2,264.62,2,3,2,232,Inactive,Win-back campaign
12506,France,73.5,1,23.0,73.5,2011-04-21 08:54,2011-04-21 08:54,232,1,73.5,1,2,1,121,Inactive,Win-back campaign
12670,France,2986.15,5,1397.0,597.23,2011-04-21 10:16,2011-11-29 15:23,9,5,2986.15,5,5,5,555,Champions,Nurture and recommend next purchase
17588,United Kingdom,1240.2,3,676.0,413.4,2011-04-21 10:31,2011-08-31 13:37,99,3,1240.2,2,4,4,244,Loyal customers,Nurture and recommend next purchase
14759,United Kingdom,1625.97,3,569.0,541.99,2011-04-21 10:55,2011-12-05 12:03,4,3,1625.97,5,4,4,544,Champions,Nurture and recommend next purchase
16185,United Kingdom,529.41,2,260.0,264.7,2011-04-21 11:59,2011-11-23 09:41,16,2,529.41,4,3,3,433,Loyal customers,Nurture and recommend next purchase
13505,Switzerland,4282.88,4,2486.0,1070.72,2011-04-21 12:07,2011-10-03 12:14,67,4,4282.88,3,4,5,345,Loyal customers,Nurture and recommend next purchase
13389,United Kingdom,797.96,3,429.0,265.99,2011-04-21 12:12,2011-11-28 14:01,10,3,797.96,4,4,3,443,Loyal customers,Nurture and recommend next purchase
12354,Spain,1079.4,1,530.0,1079.4,2011-04-21 13:11,2011-04-21 13:11,231,1,1079.4,1,2,4,124,At-risk high value,Personal outreach + tailored offer
17631,United Kingdom,528.33,3,334.0,176.11,2011-04-21 13:22,2011-12-08 09:47,1,3,528.33,5,4,3,543,Loyal customers,Nurture and recommend next purchase
17061,United Kingdom,5116.13,11,1526.0,465.1,2011-04-21 13:29,2011-09-27 11:24,73,11,5116.13,2,5,5,255,Loyal customers,Nurture and recommend next purchase
17718,United Kingdom,139.35,1,83.0,139.35,2011-04-21 13:39,2011-04-21 13:39,231,1,139.35,1,2,1,121,Inactive,Win-back campaign
17630,United Kingdom,503.6,2,158.0,251.8,2011-04-21 14:03,2011-06-23 11:58,169,2,503.6,2,3,3,233,Inactive,Win-back campaign
13223,United Kingdom,163.2,2,88.0,81.6,2011-04-21 15:16,2011-05-23 13:03,199,2,163.2,1,3,1,131,Inactive,Win-back campaign
16146,United Kingdom,734.13,3,427.0,244.71,2011-04-21 15:25,2011-07-05 14:20,156,3,734.13,2,4,3,243,Inactive,Win-back campaign
17109,United Kingdom,865.93,6,588.0,144.32,2011-04-21 15:46,2011-11-10 16:59,28,6,865.93,4,5,3,453,Loyal customers,Nurture and recommend next purchase
16587,United Kingdom,225.15,1,71.0,225.15,2011-04-21 15:51,2011-04-21 15:51,231,1,225.15,1,2,1,121,Inactive,Win-back campaign
12622,Germany,180.1,1,69.0,180.1,2011-04-21 16:39,2011-04-21 16:39,231,1,180.1,1,2,1,121,Inactive,Win-back campaign
16750,United Kingdom,623.93,5,214.0,124.79,2011-04-21 16:53,2011-10-26 12:48,44,5,623.93,3,5,3,353,Loyal customers,Nurture and recommend next purchase
13482,United Kingdom,184.64,1,116.0,184.64,2011-04-21 17:03,2011-04-21 17:03,231,1,184.64,1,2,1,121,Inactive,Win-back campaign
14512,United Kingdom,275.28,2,122.0,137.64,2011-04-21 19:05,2011-06-05 12:39,187,2,275.28,1,3,2,132,Inactive,Win-back campaign
17670,United Kingdom,205.7,1,110.0,205.7,2011-04-26 09:12,2011-04-26 09:12,227,1,205.7,1,2,1,121,Inactive,Win-back campaign
16834,United Kingdom,413.46,1,358.0,413.46,2011-04-26 09:37,2011-04-26 09:37,227,1,413.46,1,2,2,122,Inactive,Win-back campaign
15108,European Community,1291.75,4,499.0,322.94,2011-04-26 10:54,2011-07-21 10:24,141,4,1291.75,2,4,4,244,Loyal customers,Nurture and recommend next purchase
16942,United Kingdom,1878.51,9,805.0,208.72,2011-04-26 11:59,2011-11-27 12:40,12,9,1878.51,4,5,4,454,Champions,Nurture and recommend next purchase
14640,United Kingdom,2024.45,6,880.0,337.41,2011-04-26 12:31,2011-11-24 11:00,15,6,2024.45,4,5,5,455,Champions,Nurture and recommend next purchase
16823,United Kingdom,358.38,1,136.0,358.38,2011-04-26 15:00,2011-04-26 15:00,226,1,358.38,1,2,2,122,Inactive,Win-back campaign
15237,United Kingdom,1412.32,4,1071.0,353.08,2011-04-26 15:04,2011-12-08 09:46,1,4,1412.32,5,4,4,544,Champions,Nurture and recommend next purchase
12573,France,160.54,1,84.0,160.54,2011-04-26 15:52,2011-04-26 15:52,226,1,160.54,1,2,1,121,Inactive,Win-back campaign
17854,United Kingdom,311.26,2,84.0,155.63,2011-04-26 16:53,2011-06-07 16:21,184,2,311.26,1,3,2,132,Inactive,Win-back campaign
18220,United Kingdom,297.78,1,288.0,297.78,2011-04-27 09:03,2011-05-04 11:23,219,1,297.78,1,2,2,122,Inactive,Win-back campaign
17436,United Kingdom,216.3,2,90.0,108.15,2011-04-27 11:33,2011-12-08 12:30,1,2,216.3,5,3,1,531,Growing customers,Nurture and recommend next purchase
16965,United Kingdom,201.19,1,291.0,201.19,2011-04-27 12:08,2011-04-27 12:08,226,1,201.19,1,2,1,121,Inactive,Win-back campaign
12840,United Kingdom,2714.27,4,1511.0,678.57,2011-04-27 12:21,2011-07-19 09:29,143,4,2714.27,2,4,5,245,Loyal customers,Nurture and recommend next purchase
15891,United Kingdom,511.68,1,418.0,511.68,2011-04-27 12:35,2011-04-27 12:35,226,1,511.68,1,2,3,123,Inactive,Win-back campaign
17187,United Kingdom,203.95,1,144.0,203.95,2011-04-27 12:39,2011-04-27 12:39,226,1,203.95,1,2,1,121,Inactive,Win-back campaign
13637,United Kingdom,804.3,3,405.0,268.1,2011-04-27 13:06,2011-10-18 13:32,51,3,804.3,3,4,3,343,Loyal customers,Nurture and recommend next purchase
17991,United Kingdom,93.35,2,25.0,46.67,2011-04-27 16:39,2011-04-28 15:58,224,2,93.35,1,3,1,131,Inactive,Win-back campaign
16418,United Kingdom,631.12,3,280.0,210.37,2011-04-27 16:54,2011-10-26 12:39,44,3,631.12,3,4,3,343,Loyal customers,Nurture and recommend next purchase
16099,United Kingdom,731.9,3,434.0,243.97,2011-04-28 08:34,2011-10-20 13:13,49,3,731.9,3,4,3,343,Loyal customers,Nurture and recommend next purchase
15768,United Kingdom,581.83,3,244.0,193.94,2011-04-28 09:20,2011-08-16 10:48,115,3,581.83,2,4,3,243,Inactive,Win-back campaign
16637,United Kingdom,1124.59,4,927.0,281.15,2011-04-28 10:20,2011-11-07 13:17,31,4,1124.59,3,4,4,344,Loyal customers,Nurture and recommend next purchase
14240,United Kingdom,890.34,2,418.0,445.17,2011-04-28 11:40,2011-11-09 13:45,29,2,890.34,4,3,3,433,Loyal customers,Nurture and recommend next purchase
15143,United Kingdom,259.45,1,150.0,259.45,2011-04-28 12:03,2011-04-28 12:03,225,1,259.45,1,2,2,122,Inactive,Win-back campaign
13229,United Kingdom,160.95,1,63.0,160.95,2011-04-28 12:07,2011-04-28 12:07,225,1,160.95,1,2,1,121,Inactive,Win-back campaign
14973,United Kingdom,1314.45,3,369.0,438.15,2011-04-28 12:22,2011-08-24 15:51,106,3,1314.45,2,4,4,244,Loyal customers,Nurture and recommend next purchase
14271,United Kingdom,112.32,1,88.0,112.32,2011-04-28 12:47,2011-04-28 12:47,225,1,112.32,1,2,1,121,Inactive,Win-back campaign
15952,United Kingdom,781.91,4,391.0,195.48,2011-04-28 12:55,2011-11-06 11:18,33,4,781.91,3,4,3,343,Loyal customers,Nurture and recommend next purchase
16227,United Kingdom,308.32,1,90.0,308.32,2011-04-28 13:33,2011-05-04 16:27,218,1,308.32,1,2,2,122,Inactive,Win-back campaign
17893,United Kingdom,107.21,1,149.0,107.21,2011-04-28 13:50,2011-04-28 13:50,224,1,107.21,1,2,1,121,Inactive,Win-back campaign
14022,United Kingdom,440.0,1,487.0,440.0,2011-04-28 14:39,2011-04-28 14:39,224,1,440.0,1,2,2,122,Inactive,Win-back campaign
15210,United Kingdom,331.18,1,228.0,331.18,2011-04-28 16:11,2011-04-28 16:11,224,1,331.18,1,2,2,122,Inactive,Win-back campaign
16370,United Kingdom,1301.91,4,640.0,325.48,2011-04-28 16:40,2011-09-18 15:55,81,4,1301.91,2,4,4,244,Loyal customers,Nurture and recommend next purchase
15376,United Kingdom,1221.56,3,615.0,407.19,2011-05-01 13:45,2011-10-30 15:04,39,3,1221.56,3,4,4,344,Loyal customers,Nurture and recommend next purchase
14655,United Kingdom,1930.15,4,1089.0,482.54,2011-05-01 14:59,2011-12-06 10:52,3,4,1930.15,5,4,4,544,Champions,Nurture and recommend next purchase
17615,United Kingdom,329.6,3,140.0,109.87,2011-05-01 15:33,2011-08-01 14:06,129,3,329.6,2,4,2,242,Inactive,Win-back campaign
16055,United Kingdom,134.8,1,22.0,134.8,2011-05-03 09:26,2011-05-03 09:26,220,1,134.8,1,2,1,121,Inactive,Win-back campaign
14149,United Kingdom,259.43,1,218.0,259.43,2011-05-03 09:44,2011-05-11 12:34,212,1,259.43,1,2,2,122,Inactive,Win-back campaign
17501,United Kingdom,288.6,2,160.0,144.3,2011-05-03 09:46,2011-05-03 09:47,220,2,288.6,1,3,2,132,Inactive,Win-back campaign
14191,United Kingdom,4660.01,13,3662.0,358.46,2011-05-03 10:30,2011-12-08 09:23,1,13,4660.01,5,5,5,555,Champions,Nurture and recommend next purchase
13282,United Kingdom,1047.84,3,307.0,349.28,2011-05-03 12:03,2011-11-21 15:33,17,3,1047.84,4,4,4,444,Loyal customers,Nurture and recommend next purchase
15582,United Kingdom,682.91,3,453.0,227.64,2011-05-03 13:36,2011-11-15 09:55,24,3,682.91,4,4,3,443,Loyal customers,Nurture and recommend next purchase
16230,United Kingdom,542.03,2,365.0,271.01,2011-05-03 15:12,2011-06-03 10:06,189,2,542.03,1,3,3,133,Inactive,Win-back campaign
18146,United Kingdom,160.35,2,153.0,80.17,2011-05-03 16:35,2011-07-22 12:08,140,2,160.35,2,3,1,231,Inactive,Win-back campaign
15976,United Kingdom,427.64,2,275.0,213.82,2011-05-03 17:12,2011-06-27 13:00,164,2,427.64,2,3,2,232,Inactive,Win-back campaign
17443,Canada,534.24,1,504.0,534.24,2011-05-04 10:47,2011-05-04 10:47,219,1,534.24,1,2,3,123,Inactive,Win-back campaign
12886,United Kingdom,1351.09,2,770.0,675.54,2011-05-04 11:21,2011-10-03 10:09,67,2,1351.09,3,3,4,334,Loyal customers,Nurture and recommend next purchase
17974,United Kingdom,703.99,3,500.0,234.66,2011-05-04 11:50,2011-11-15 11:37,24,3,703.99,4,4,3,443,Loyal customers,Nurture and recommend next purchase
13524,United Kingdom,680.18,5,324.0,136.04,2011-05-04 12:26,2011-10-30 12:34,40,5,680.18,3,5,3,353,Loyal customers,Nurture and recommend next purchase
17955,United Kingdom,557.3,4,273.0,139.32,2011-05-04 12:29,2011-05-25 12:00,198,4,557.3,1,4,3,143,Inactive,Win-back campaign
15128,United Kingdom,1419.54,4,1343.0,354.88,2011-05-04 12:32,2011-10-10 13:54,59,4,1419.54,3,4,4,344,Loyal customers,Nurture and recommend next purchase
16610,United Kingdom,75.66,1,66.0,75.66,2011-05-04 13:13,2011-05-04 13:13,218,1,75.66,1,2,1,121,Inactive,Win-back campaign
17394,United Kingdom,203.87,1,241.0,203.87,2011-05-04 13:22,2011-05-04 13:22,218,1,203.87,1,2,1,121,Inactive,Win-back campaign
14173,United Kingdom,450.84,4,150.0,112.71,2011-05-04 14:03,2011-11-29 11:54,10,4,450.84,4,4,2,442,Loyal customers,Nurture and recommend next purchase
16258,United Kingdom,5203.51,5,2994.0,1040.7,2011-05-04 14:33,2011-10-25 13:30,44,5,5203.51,3,5,5,355,Champions,Nurture and recommend next purchase
14948,United Kingdom,1066.57,6,673.0,177.76,2011-05-04 14:52,2011-11-16 17:16,22,6,1066.57,4,5,4,454,Champions,Nurture and recommend next purchase
17384,United Kingdom,336.4,2,88.0,168.2,2011-05-04 16:07,2011-11-20 15:48,18,2,336.4,4,3,2,432,Growing customers,Nurture and recommend next purchase
16990,United Kingdom,179.0,1,100.0,179.0,2011-05-05 08:30,2011-05-05 08:30,218,1,179.0,1,2,1,121,Inactive,Win-back campaign
13762,United Kingdom,0.0,1,272.0,0.0,2011-05-05 09:15,2011-05-19 15:23,203,1,0.0,1,2,1,121,Inactive,Win-back campaign
12593,France,418.1,3,206.0,139.37,2011-05-05 09:29,2011-08-23 12:43,108,3,418.1,2,4,2,242,Inactive,Win-back campaign
14340,United Kingdom,134.7,1,58.0,134.7,2011-05-05 09:44,2011-05-05 09:44,218,1,134.7,1,2,1,121,Inactive,Win-back campaign
17429,United Kingdom,512.12,3,624.0,170.71,2011-05-05 09:53,2011-08-11 10:13,120,3,512.12,2,4,3,243,Inactive,Win-back campaign
13711,United Kingdom,252.06,2,140.0,126.03,2011-05-05 10:29,2011-05-05 10:31,218,2,252.06,1,3,2,132,Inactive,Win-back campaign
14515,United Kingdom,2076.89,6,1110.0,346.15,2011-05-05 12:13,2011-11-22 11:37,17,6,2076.89,4,5,5,455,Champions,Nurture and recommend next purchase
16457,United Kingdom,208.36,1,140.0,208.36,2011-05-05 13:19,2011-05-05 13:19,217,1,208.36,1,2,1,121,Inactive,Win-back campaign
17527,United Kingdom,888.86,4,488.0,222.22,2011-05-05 13:43,2011-10-17 12:32,53,4,888.86,3,4,3,343,Loyal customers,Nurture and recommend next purchase
14199,United Kingdom,185.4,1,28.0,185.4,2011-05-05 13:44,2011-05-05 13:44,217,1,185.4,1,2,1,121,Inactive,Win-back campaign
13888,United Kingdom,595.67,2,254.0,297.83,2011-05-05 14:41,2011-08-12 10:13,119,2,595.67,2,3,3,233,Inactive,Win-back campaign
14423,United Kingdom,265.2,1,120.0,265.2,2011-05-05 15:12,2011-05-05 15:12,217,1,265.2,1,2,2,122,Inactive,Win-back campaign
14697,United Kingdom,188.61,2,181.0,94.31,2011-05-05 15:29,2011-05-05 15:39,217,2,188.61,1,3,1,131,Inactive,Win-back campaign
17522,United Kingdom,1070.71,5,1034.0,214.14,2011-05-05 16:31,2011-12-08 12:31,1,5,1070.71,5,5,4,554,Champions,Nurture and recommend next purchase
13867,United Kingdom,1005.09,3,501.0,335.03,2011-05-05 17:28,2011-11-08 15:48,30,3,1005.09,4,4,4,444,Loyal customers,Nurture and recommend next purchase
17624,United Kingdom,843.48,2,554.0,421.74,2011-05-05 17:59,2011-11-25 10:52,14,2,843.48,4,3,3,433,Loyal customers,Nurture and recommend next purchase
14393,United Kingdom,67.95,1,13.0,67.95,2011-05-05 18:16,2011-05-05 18:16,217,1,67.95,1,2,1,121,Inactive,Win-back campaign
17578,United Kingdom,124.74,1,138.0,124.74,2011-05-05 18:38,2011-06-02 11:42,190,1,124.74,1,2,1,121,Inactive,Win-back campaign
13450,United Kingdom,2043.72,6,1982.0,340.62,2011-05-05 19:48,2011-11-13 11:54,26,6,2043.72,4,5,5,455,Champions,Nurture and recommend next purchase
17423,United Kingdom,663.63,2,459.0,331.81,2011-05-06 09:14,2011-10-25 16:49,44,2,663.63,3,3,3,333,Growing customers,Nurture and recommend next purchase
18241,United Kingdom,2058.09,17,1051.0,121.06,2011-05-06 09:22,2011-11-30 12:10,9,17,2058.09,5,5,5,555,Champions,Nurture and recommend next purchase
15668,United Kingdom,76.32,1,72.0,76.32,2011-05-06 10:39,2011-05-06 10:39,217,1,76.32,1,2,1,121,Inactive,Win-back campaign
16319,United Kingdom,404.4,1,72.0,404.4,2011-05-06 11:27,2011-05-06 11:27,217,1,404.4,1,2,2,122,Inactive,Win-back campaign
15757,United Kingdom,714.42,2,491.0,357.21,2011-05-06 11:40,2011-10-05 12:14,65,2,714.42,3,3,3,333,Growing customers,Nurture and recommend next purchase
17174,United Kingdom,59.9,1,41.0,59.9,2011-05-06 11:47,2011-05-06 11:47,217,1,59.9,1,2,1,121,Inactive,Win-back campaign
13365,United Kingdom,2191.22,2,1247.0,1095.61,2011-05-06 12:00,2011-12-01 08:39,8,2,2191.22,5,3,5,535,Champions,Nurture and recommend next purchase
18227,United Kingdom,93.75,1,21.0,93.75,2011-05-06 12:23,2011-05-06 12:23,217,1,93.75,1,2,1,121,Inactive,Win-back campaign
14145,United Kingdom,3148.2,4,756.0,787.05,2011-05-06 13:01,2011-10-24 12:10,46,4,3148.2,3,4,5,345,Loyal customers,Nurture and recommend next purchase
18235,United Kingdom,1796.48,3,1578.0,598.83,2011-05-06 13:35,2011-09-29 08:27,71,3,1796.48,2,4,4,244,Loyal customers,Nurture and recommend next purchase
13741,United Kingdom,666.33,3,218.0,222.11,2011-05-06 13:43,2011-09-29 09:19,71,3,666.33,2,4,3,243,Inactive,Win-back campaign
12394,Belgium,1272.48,2,819.0,636.24,2011-05-06 14:01,2011-10-07 08:08,63,2,1272.48,3,3,4,334,Loyal customers,Nurture and recommend next purchase
16832,United Kingdom,199.15,3,33.0,66.38,2011-05-06 14:12,2011-06-08 15:36,183,3,199.15,1,4,1,141,Inactive,Win-back campaign
15258,United Kingdom,623.16,2,142.0,311.58,2011-05-06 14:16,2011-06-24 12:30,168,2,623.16,2,3,3,233,Inactive,Win-back campaign
15552,United Kingdom,90.12,1,60.0,90.12,2011-05-06 14:47,2011-05-06 14:47,216,1,90.12,1,2,1,121,Inactive,Win-back campaign
18170,United Kingdom,980.31,3,409.0,326.77,2011-05-06 15:13,2011-11-06 14:35,32,3,980.31,3,4,4,344,Loyal customers,Nurture and recommend next purchase
13723,United Kingdom,199.85,1,43.0,199.85,2011-05-06 17:04,2011-05-06 17:04,216,1,199.85,1,2,1,121,Inactive,Win-back campaign
14005,United Kingdom,2874.72,5,2478.0,574.94,2011-05-08 10:33,2011-11-30 12:41,9,5,2874.72,5,5,5,555,Champions,Nurture and recommend next purchase
15561,United Kingdom,722.74,4,267.0,180.69,2011-05-08 11:38,2011-11-28 11:07,11,4,722.74,4,4,3,443,Loyal customers,Nurture and recommend next purchase
16121,United Kingdom,854.66,2,576.0,427.33,2011-05-08 11:52,2011-10-13 12:59,56,2,854.66,3,3,3,333,Growing customers,Nurture and recommend next purchase
18142,United Kingdom,1014.9,2,1276.0,507.45,2011-05-08 12:31,2011-07-11 13:34,150,2,1014.9,2,3,4,234,At-risk high value,Personal outreach + tailored offer
13642,United Kingdom,312.28,1,151.0,312.28,2011-05-08 12:34,2011-05-08 12:34,215,1,312.28,1,2,2,122,Inactive,Win-back campaign
15117,United Kingdom,1550.13,5,1948.0,310.03,2011-05-08 12:38,2011-11-25 08:12,14,5,1550.13,4,5,4,454,Champions,Nurture and recommend next purchase
13561,United Kingdom,141.86,1,83.0,141.86,2011-05-08 12:39,2011-05-08 12:39,215,1,141.86,1,2,1,121,Inactive,Win-back campaign
15704,United Kingdom,2293.62,4,1028.0,573.4,2011-05-08 12:42,2011-07-22 13:35,139,4,2293.62,2,4,5,245,Loyal customers,Nurture and recommend next purchase
16007,United Kingdom,1693.81,4,1388.0,423.45,2011-05-08 13:32,2011-10-23 11:05,47,4,1693.81,3,4,4,344,Loyal customers,Nurture and recommend next purchase
16232,United Kingdom,983.23,4,550.0,245.81,2011-05-08 14:05,2011-11-07 11:12,32,4,983.23,3,4,4,344,Loyal customers,Nurture and recommend next purchase
17410,United Kingdom,1214.72,5,616.0,242.94,2011-05-08 15:21,2011-11-23 15:46,15,5,1214.72,4,5,4,454,Champions,Nurture and recommend next purchase
13835,United Kingdom,834.57,4,442.0,208.64,2011-05-08 15:22,2011-11-14 15:37,24,4,834.57,4,4,3,443,Loyal customers,Nurture and recommend next purchase
13427,United Kingdom,582.6,3,545.0,194.2,2011-05-08 15:58,2011-11-20 13:02,18,3,582.6,4,4,3,443,Loyal customers,Nurture and recommend next purchase
14353,United Kingdom,90.6,1,64.0,90.6,2011-05-08 16:06,2011-05-08 16:06,214,1,90.6,1,2,1,121,Inactive,Win-back campaign
12700,France,4867.99,4,2967.0,1217.0,2011-05-08 16:10,2011-12-02 10:49,7,4,4867.99,5,4,5,545,Champions,Nurture and recommend next purchase
13003,United Kingdom,149.05,3,103.0,49.68,2011-05-09 08:23,2011-08-26 10:50,105,3,149.05,2,4,1,241,Inactive,Win-back campaign
16756,United Kingdom,239.4,1,106.0,239.4,2011-05-09 09:33,2011-05-09 09:33,214,1,239.4,1,2,2,122,Inactive,Win-back campaign
13492,Switzerland,1269.84,3,408.0,423.28,2011-05-09 10:06,2011-07-26 14:25,135,3,1269.84,2,4,4,244,Loyal customers,Nurture and recommend next purchase
16440,United Kingdom,3640.67,5,2018.0,728.13,2011-05-09 12:25,2011-12-02 12:02,7,5,3640.67,5,5,5,555,Champions,Nurture and recommend next purchase
18120,United Kingdom,111.15,1,31.0,111.15,2011-05-09 13:45,2011-05-09 13:45,213,1,111.15,1,2,1,121,Inactive,Win-back campaign
12355,Bahrain,459.4,1,240.0,459.4,2011-05-09 13:49,2011-05-09 13:49,213,1,459.4,1,2,2,122,Inactive,Win-back campaign
17723,United Kingdom,3276.4,6,792.0,546.07,2011-05-09 14:44,2011-08-04 18:37,126,6,3276.4,2,5,5,255,Loyal customers,Nurture and recommend next purchase
14699,United Kingdom,109.13,1,77.0,109.13,2011-05-09 14:54,2011-05-09 14:54,213,1,109.13,1,2,1,121,Inactive,Win-back campaign
12821,United Kingdom,92.72,1,70.0,92.72,2011-05-09 15:51,2011-05-09 15:51,213,1,92.72,1,2,1,121,Inactive,Win-back campaign
13055,United Kingdom,1201.96,3,894.0,400.65,2011-05-10 08:58,2011-10-06 18:57,63,3,1201.96,3,4,4,344,Loyal customers,Nurture and recommend next purchase
13320,United Kingdom,1475.2,4,1086.0,368.8,2011-05-10 10:29,2011-09-30 12:52,69,4,1475.2,3,4,4,344,Loyal customers,Nurture and recommend next purchase
16357,United Kingdom,658.88,3,246.0,219.63,2011-05-10 10:35,2011-11-06 16:04,32,3,658.88,3,4,3,343,Loyal customers,Nurture and recommend next purchase
18242,United Kingdom,2232.49,4,1017.0,558.12,2011-05-10 11:20,2011-09-28 13:43,71,4,2232.49,2,4,5,245,Loyal customers,Nurture and recommend next purchase
15865,United Kingdom,895.13,3,368.0,298.38,2011-05-10 11:44,2011-10-30 12:43,40,3,895.13,3,4,3,343,Loyal customers,Nurture and recommend next purchase
17597,United Kingdom,2044.37,1,1176.0,2044.37,2011-05-10 11:54,2011-05-10 11:54,213,1,2044.37,1,2,5,125,At-risk high value,Personal outreach + tailored offer
14397,United Kingdom,2556.68,19,1890.0,134.56,2011-05-10 12:25,2011-12-09 09:57,0,19,2556.68,5,5,5,555,Champions,Nurture and recommend next purchase
13242,United Kingdom,270.4,3,130.0,90.13,2011-05-10 12:26,2011-08-19 12:53,111,3,270.4,2,4,2,242,Inactive,Win-back campaign
12684,France,2283.63,7,1985.0,326.23,2011-05-10 12:55,2011-12-02 09:53,7,7,2283.63,5,5,5,555,Champions,Nurture and recommend next purchase
14288,United Kingdom,413.85,1,188.0,413.85,2011-05-10 13:22,2011-05-11 15:17,211,1,413.85,1,2,2,122,Inactive,Win-back campaign
15063,United Kingdom,370.8,1,56.0,370.8,2011-05-10 13:25,2011-05-10 13:25,212,1,370.8,1,2,2,122,Inactive,Win-back campaign
12592,Germany,437.6,2,290.0,218.8,2011-05-10 13:44,2011-09-08 15:04,91,2,437.6,2,3,2,232,Inactive,Win-back campaign
14591,United Kingdom,1320.21,4,1228.0,330.05,2011-05-10 14:09,2011-11-24 13:57,14,4,1320.21,4,4,4,444,Loyal customers,Nurture and recommend next purchase
13990,United Kingdom,311.3,1,190.0,311.3,2011-05-10 15:19,2011-05-10 15:19,212,1,311.3,1,2,2,122,Inactive,Win-back campaign
12749,United Kingdom,3868.2,5,1471.0,773.64,2011-05-10 15:25,2011-12-06 09:56,3,5,3868.2,5,5,5,555,Champions,Nurture and recommend next purchase
16320,Unspecified,1038.46,2,732.0,519.23,2011-05-10 15:31,2011-06-20 15:25,171,2,1038.46,2,3,4,234,At-risk high value,Personal outreach + tailored offer
14691,United Kingdom,2114.33,5,707.0,422.87,2011-05-11 09:55,2011-11-09 12:30,30,5,2114.33,4,5,5,455,Champions,Nurture and recommend next purchase
16229,United Kingdom,1010.6,2,318.0,505.3,2011-05-11 10:18,2011-09-13 17:16,86,2,1010.6,2,3,4,234,At-risk high value,Personal outreach + tailored offer
14920,United Kingdom,977.77,2,509.0,488.88,2011-05-11 10:31,2011-05-11 10:32,212,2,977.77,1,3,4,134,At-risk high value,Personal outreach + tailored offer
17489,United Kingdom,376.64,2,428.0,188.32,2011-05-11 11:34,2011-10-12 08:56,58,2,376.64,3,3,2,332,Growing customers,Nurture and recommend next purchase
13404,United Kingdom,252.49,2,111.0,126.25,2011-05-11 11:57,2011-12-08 15:37,0,2,252.49,5,3,2,532,Loyal customers,Nurture and recommend next purchase
15729,United Kingdom,62.0,1,28.0,62.0,2011-05-11 12:36,2011-05-25 16:43,197,1,62.0,1,2,1,121,Inactive,Win-back campaign
16644,United Kingdom,833.78,2,826.0,416.89,2011-05-11 12:53,2011-06-15 12:39,177,2,833.78,2,3,3,233,Inactive,Win-back campaign
14731,United Kingdom,380.02,3,256.0,126.67,2011-05-11 13:06,2011-10-23 15:54,46,3,380.02,3,4,2,342,Growing customers,Nurture and recommend next purchase
14277,France,3928.8,3,1976.0,1309.6,2011-05-11 13:20,2011-11-24 15:01,14,3,3928.8,4,4,5,445,Champions,Nurture and recommend next purchase
15187,United Kingdom,4670.08,16,1887.0,291.88,2011-05-11 13:49,2011-12-08 11:56,1,16,4670.08,5,5,5,555,Champions,Nurture and recommend next purchase
13052,United Kingdom,348.15,1,222.0,348.15,2011-05-11 14:12,2011-05-11 14:12,211,1,348.15,1,2,2,122,Inactive,Win-back campaign
18133,United Kingdom,715.5,1,1350.0,715.5,2011-05-11 14:14,2011-05-12 15:19,210,1,715.5,1,2,3,123,Inactive,Win-back campaign
17664,United Kingdom,604.64,2,604.0,302.32,2011-05-11 14:17,2011-11-21 11:29,18,2,604.64,4,3,3,433,Loyal customers,Nurture and recommend next purchase
14649,United Kingdom,1402.59,4,1004.0,350.65,2011-05-11 14:37,2011-12-05 12:30,4,4,1402.59,5,4,4,544,Champions,Nurture and recommend next purchase
13235,United Kingdom,101.17,1,441.0,101.17,2011-05-11 17:13,2011-05-12 09:48,211,1,101.17,1,2,1,121,Inactive,Win-back campaign
14883,United Kingdom,756.64,6,790.0,126.11,2011-05-12 09:49,2011-11-21 10:23,18,6,756.64,4,5,3,453,Loyal customers,Nurture and recommend next purchase
12976,United Kingdom,738.6,1,561.0,738.6,2011-05-12 09:55,2011-05-12 09:55,211,1,738.6,1,2,3,123,Inactive,Win-back campaign
14681,United Kingdom,498.95,3,76.0,166.32,2011-05-12 10:45,2011-09-29 15:52,70,3,498.95,2,4,3,243,Inactive,Win-back campaign
14421,United Kingdom,813.11,2,365.0,406.56,2011-05-12 10:49,2011-10-13 13:24,56,2,813.11,3,3,3,333,Growing customers,Nurture and recommend next purchase
16116,United Kingdom,592.88,1,248.0,592.88,2011-05-12 12:01,2011-05-18 09:23,205,1,592.88,1,2,3,123,Inactive,Win-back campaign
14988,United Kingdom,334.54,1,141.0,334.54,2011-05-12 12:05,2011-05-12 12:05,211,1,334.54,1,2,2,122,Inactive,Win-back campaign
15489,United Kingdom,1090.03,3,608.0,363.34,2011-05-12 12:54,2011-11-17 08:53,22,3,1090.03,4,4,4,444,Loyal customers,Nurture and recommend next purchase
14364,United Kingdom,3717.35,8,1967.0,464.67,2011-05-12 12:56,2011-08-23 11:01,108,8,3717.35,2,5,5,255,Loyal customers,Nurture and recommend next purchase
16006,United Kingdom,101.4,1,84.0,101.4,2011-05-12 13:12,2011-05-12 13:12,210,1,101.4,1,2,1,121,Inactive,Win-back campaign
16184,United Kingdom,1155.54,6,561.0,192.59,2011-05-12 13:33,2011-10-06 17:43,63,6,1155.54,3,5,4,354,Loyal customers,Nurture and recommend next purchase
17932,United Kingdom,1331.57,3,789.0,443.86,2011-05-12 13:58,2011-11-10 19:49,28,3,1331.57,4,4,4,444,Loyal customers,Nurture and recommend next purchase
18221,United Kingdom,1033.31,5,791.0,206.66,2011-05-12 14:13,2011-11-17 14:40,21,5,1033.31,4,5,4,454,Champions,Nurture and recommend next purchase
12590,Germany,9861.38,2,4283.0,4930.69,2011-05-12 14:46,2011-06-02 14:25,189,2,9861.38,1,3,5,135,At-risk high value,Personal outreach + tailored offer
14853,United Kingdom,463.05,2,82.0,231.52,2011-05-12 15:17,2011-12-01 09:44,8,2,463.05,5,3,2,532,Loyal customers,Nurture and recommend next purchase
17658,United Kingdom,485.88,2,616.0,242.94,2011-05-12 15:23,2011-11-29 11:47,10,2,485.88,4,3,3,433,Loyal customers,Nurture and recommend next purchase
17764,United Kingdom,772.55,2,351.0,386.27,2011-05-12 16:11,2011-10-20 11:03,50,2,772.55,3,3,3,333,Growing customers,Nurture and recommend next purchase
14651,United Kingdom,653.75,2,343.0,326.88,2011-05-12 16:29,2011-10-03 15:52,66,2,653.75,3,3,3,333,Growing customers,Nurture and recommend next purchase
14000,United Kingdom,633.71,1,710.0,633.71,2011-05-12 16:50,2011-05-17 13:44,205,1,633.71,1,2,3,123,Inactive,Win-back campaign
13601,United Kingdom,693.32,2,548.0,346.66,2011-05-12 16:52,2011-10-25 17:31,44,2,693.32,3,3,3,333,Growing customers,Nurture and recommend next purchase
12757,Portugal,4205.25,13,2395.0,323.48,2011-05-12 19:01,2011-11-24 12:30,15,13,4205.25,4,5,5,455,Champions,Nurture and recommend next purchase
17970,United Kingdom,562.79,1,513.0,562.79,2011-05-12 20:03,2011-05-12 20:03,210,1,562.79,1,2,3,123,Inactive,Win-back campaign
12770,Japan,1351.45,1,743.0,1351.45,2011-05-13 09:33,2011-05-13 09:33,210,1,1351.45,1,2,4,124,At-risk high value,Personal outreach + tailored offer
15826,United Kingdom,1649.36,3,963.0,549.79,2011-05-13 10:44,2011-10-19 13:24,50,3,1649.36,3,4,4,344,Loyal customers,Nurture and recommend next purchase
15907,United Kingdom,882.72,3,478.0,294.24,2011-05-13 13:01,2011-12-06 12:21,3,3,882.72,5,4,3,543,Loyal customers,Nurture and recommend next purchase
12695,France,582.1,4,220.0,145.53,2011-05-13 13:15,2011-12-02 13:22,6,4,582.1,5,4,3,543,Loyal customers,Nurture and recommend next purchase
14342,United Kingdom,607.71,4,347.0,151.93,2011-05-13 13:50,2011-11-18 13:21,20,4,607.71,4,4,3,443,Loyal customers,Nurture and recommend next purchase
14873,United Kingdom,519.68,1,168.0,519.68,2011-05-13 13:52,2011-05-13 13:52,209,1,519.68,1,2,3,123,Inactive,Win-back campaign
14689,United Kingdom,112.8,1,76.0,112.8,2011-05-15 11:22,2011-05-15 11:22,208,1,112.8,1,2,1,121,Inactive,Win-back campaign
15440,United Kingdom,383.68,3,197.0,127.89,2011-05-15 11:30,2011-10-16 12:16,54,3,383.68,3,4,2,342,Growing customers,Nurture and recommend next purchase
16076,United Kingdom,2173.53,10,1435.0,217.35,2011-05-15 12:31,2011-12-06 14:59,2,10,2173.53,5,5,5,555,Champions,Nurture and recommend next purchase
15333,United Kingdom,1028.56,1,344.0,1028.56,2011-05-15 13:27,2011-05-15 13:27,207,1,1028.56,1,2,4,124,At-risk high value,Personal outreach + tailored offer
16283,United Kingdom,1531.51,5,1236.0,306.3,2011-05-15 13:37,2011-12-04 12:08,5,5,1531.51,5,5,4,554,Champions,Nurture and recommend next purchase
17263,United Kingdom,63.44,1,36.0,63.44,2011-05-15 14:32,2011-05-15 14:32,207,1,63.44,1,2,1,121,Inactive,Win-back campaign
16877,United Kingdom,846.62,6,458.0,141.1,2011-05-15 16:13,2011-11-27 13:47,11,6,846.62,4,5,3,453,Loyal customers,Nurture and recommend next purchase
12674,France,1922.26,4,1133.0,480.56,2011-05-16 09:10,2011-11-28 12:22,11,4,1922.26,4,4,4,444,Loyal customers,Nurture and recommend next purchase
16642,United Kingdom,679.83,2,479.0,339.92,2011-05-16 12:35,2011-12-05 11:31,4,2,679.83,5,3,3,533,Loyal customers,Nurture and recommend next purchase
12871,United Kingdom,380.64,2,200.0,190.32,2011-05-16 13:32,2011-09-16 15:07,83,2,380.64,2,3,2,232,Inactive,Win-back campaign
14038,United Kingdom,1554.48,3,965.0,518.16,2011-05-16 14:05,2011-09-22 13:37,77,3,1554.48,2,4,4,244,Loyal customers,Nurture and recommend next purchase
14489,United Kingdom,463.38,1,299.0,463.38,2011-05-16 14:51,2011-05-16 14:51,206,1,463.38,1,2,2,122,Inactive,Win-back campaign
14888,United Kingdom,369.2,1,184.0,369.2,2011-05-16 14:58,2011-05-16 14:58,206,1,369.2,1,2,2,122,Inactive,Win-back campaign
17190,United Kingdom,249.74,2,161.0,124.87,2011-05-16 15:29,2011-10-12 11:33,58,2,249.74,3,3,2,332,Growing customers,Nurture and recommend next purchase
13456,United Kingdom,1737.82,6,765.0,289.64,2011-05-16 15:34,2011-11-22 09:18,17,6,1737.82,4,5,4,454,Champions,Nurture and recommend next purchase
17898,United Kingdom,152.06,2,190.0,76.03,2011-05-16 17:13,2011-09-15 14:56,84,2,152.06,2,3,1,231,Inactive,Win-back campaign
13976,United Kingdom,357.98,1,154.0,357.98,2011-05-17 09:13,2011-05-17 09:13,206,1,357.98,1,2,2,122,Inactive,Win-back campaign
16139,United Kingdom,635.41,3,330.0,211.8,2011-05-17 10:23,2011-11-21 08:37,18,3,635.41,4,4,3,443,Loyal customers,Nurture and recommend next purchase
15730,United Kingdom,1108.38,3,689.0,369.46,2011-05-17 12:43,2011-10-05 12:31,65,3,1108.38,3,4,4,344,Loyal customers,Nurture and recommend next purchase
16266,United Kingdom,861.89,7,398.0,123.13,2011-05-17 14:50,2011-09-27 12:08,73,7,861.89,2,5,3,253,Loyal customers,Nurture and recommend next purchase
15123,United Kingdom,2199.31,2,1195.0,1099.65,2011-05-17 14:57,2011-12-02 13:12,6,2,2199.31,5,3,5,535,Champions,Nurture and recommend next purchase
17505,United Kingdom,1145.84,2,556.0,572.92,2011-05-18 09:01,2011-07-01 12:50,161,2,1145.84,2,3,4,234,At-risk high value,Personal outreach + tailored offer
12690,France,389.01,1,106.0,389.01,2011-05-18 09:09,2011-05-18 09:09,205,1,389.01,1,2,2,122,Inactive,Win-back campaign
16446,United Kingdom,2.9,2,80997.0,1.45,2011-05-18 09:52,2011-12-09 09:27,0,2,2.9,5,3,1,531,Growing customers,Nurture and recommend next purchase
17556,United Kingdom,157.9,1,101.0,157.9,2011-05-18 10:48,2011-05-18 10:48,205,1,157.9,1,2,1,121,Inactive,Win-back campaign
14583,United Kingdom,986.96,5,751.0,197.39,2011-05-18 11:28,2011-12-04 12:32,5,5,986.96,5,5,4,554,Champions,Nurture and recommend next purchase
16818,United Kingdom,3317.97,11,2165.0,301.63,2011-05-18 11:42,2011-11-29 10:41,10,11,3317.97,4,5,5,455,Champions,Nurture and recommend next purchase
13572,United Kingdom,1384.25,1,534.0,1384.25,2011-05-18 11:59,2011-05-18 11:59,205,1,1384.25,1,2,4,124,At-risk high value,Personal outreach + tailored offer
14009,United Kingdom,685.93,2,365.0,342.96,2011-05-18 13:00,2011-05-25 15:47,197,2,685.93,1,3,3,133,Inactive,Win-back campaign
13258,United Kingdom,672.83,3,282.0,224.28,2011-05-18 13:11,2011-11-28 09:31,11,3,672.83,4,4,3,443,Loyal customers,Nurture and recommend next purchase
14463,United Kingdom,529.62,3,179.0,176.54,2011-05-18 14:42,2011-09-02 15:20,97,3,529.62,2,4,3,243,Inactive,Win-back campaign
13192,United Kingdom,911.94,2,595.0,455.97,2011-05-18 14:57,2011-09-05 14:13,94,2,911.94,2,3,4,234,At-risk high value,Personal outreach + tailored offer
16987,United Kingdom,1616.8,7,401.0,230.97,2011-05-18 15:55,2011-12-06 17:26,2,7,1616.8,5,5,4,554,Champions,Nurture and recommend next purchase
13417,United Kingdom,640.83,2,162.0,320.42,2011-05-18 16:26,2011-12-05 08:49,4,2,640.83,5,3,3,533,Loyal customers,Nurture and recommend next purchase
17047,United Kingdom,1100.9,3,533.0,366.97,2011-05-18 16:50,2011-09-15 13:27,84,3,1100.9,2,4,4,244,Loyal customers,Nurture and recommend next purchase
15116,United Kingdom,1352.75,4,648.0,338.19,2011-05-19 08:50,2011-11-22 12:25,17,4,1352.75,4,4,4,444,Loyal customers,Nurture and recommend next purchase
17469,United Kingdom,1843.06,5,787.0,368.61,2011-05-19 08:55,2011-11-23 13:15,15,5,1843.06,4,5,4,454,Champions,Nurture and recommend next purchase
16647,United Kingdom,214.06,2,146.0,107.03,2011-05-19 09:31,2011-06-23 11:47,169,2,214.06,2,3,1,231,Inactive,Win-back campaign
15630,United Kingdom,1180.4,2,800.0,590.2,2011-05-19 10:16,2011-10-25 15:36,44,2,1180.4,3,3,4,334,Loyal customers,Nurture and recommend next purchase
17245,United Kingdom,171.45,1,75.0,171.45,2011-05-19 10:43,2011-05-19 10:43,204,1,171.45,1,2,1,121,Inactive,Win-back campaign
16008,United Kingdom,478.78,3,323.0,159.59,2011-05-19 10:54,2011-11-16 10:32,23,3,478.78,4,4,3,443,Loyal customers,Nurture and recommend next purchase
17871,United Kingdom,155.9,1,182.0,155.9,2011-05-19 11:32,2011-05-19 11:32,204,1,155.9,1,2,1,121,Inactive,Win-back campaign
13529,United Kingdom,307.76,2,74.0,153.88,2011-05-19 11:50,2011-09-22 09:15,78,2,307.76,2,3,2,232,Inactive,Win-back campaign
12620,France,1339.41,3,1181.0,446.47,2011-05-19 12:10,2011-11-25 10:20,14,3,1339.41,4,4,4,444,Loyal customers,Nurture and recommend next purchase
15599,United Kingdom,761.74,2,718.0,380.87,2011-05-19 13:05,2011-11-13 11:44,26,2,761.74,4,3,3,433,Loyal customers,Nurture and recommend next purchase
16813,United Kingdom,1652.18,10,1501.0,165.22,2011-05-19 13:28,2011-12-01 14:03,7,10,1652.18,5,5,4,554,Champions,Nurture and recommend next purchase
14859,United Kingdom,1352.04,4,671.0,338.01,2011-05-19 14:42,2011-11-27 11:18,12,4,1352.04,4,4,4,444,Loyal customers,Nurture and recommend next purchase
16463,United Kingdom,1383.7,4,1163.0,345.93,2011-05-19 14:45,2011-11-18 14:01,20,4,1383.7,4,4,4,444,Loyal customers,Nurture and recommend next purchase
15791,United Kingdom,1604.44,2,731.0,802.22,2011-05-19 15:15,2011-10-27 10:14,43,2,1604.44,3,3,4,334,Loyal customers,Nurture and recommend next purchase
13658,United Kingdom,2421.47,5,1019.0,484.29,2011-05-19 17:15,2011-11-30 10:13,9,5,2421.47,5,5,5,555,Champions,Nurture and recommend next purchase
13887,United Kingdom,349.55,1,147.0,349.55,2011-05-19 17:22,2011-05-19 17:22,203,1,349.55,1,2,2,122,Inactive,Win-back campaign
12353,Bahrain,89.0,1,20.0,89.0,2011-05-19 17:47,2011-05-19 17:47,203,1,89.0,1,2,1,121,Inactive,Win-back campaign
14551,United Kingdom,186.23,2,106.0,93.11,2011-05-19 18:21,2011-11-21 13:36,17,2,186.23,4,3,1,431,Growing customers,Nurture and recommend next purchase
17166,United Kingdom,189.49,2,78.0,94.75,2011-05-20 08:18,2011-11-01 09:46,38,2,189.49,3,3,1,331,Growing customers,Nurture and recommend next purchase
17926,United Kingdom,397.29,2,306.0,198.65,2011-05-20 09:24,2011-07-29 14:39,132,2,397.29,2,3,2,232,Inactive,Win-back campaign
13391,United Kingdom,59.8,1,4.0,59.8,2011-05-20 10:50,2011-05-20 10:50,203,1,59.8,1,2,1,121,Inactive,Win-back campaign
17455,United Kingdom,131.7,1,66.0,131.7,2011-05-20 12:31,2011-05-20 12:31,203,1,131.7,1,2,1,121,Inactive,Win-back campaign
13308,United Kingdom,1367.61,3,843.0,455.87,2011-05-20 13:13,2011-11-17 09:31,22,3,1367.61,4,4,4,444,Loyal customers,Nurture and recommend next purchase
13856,United Kingdom,363.4,3,494.0,121.13,2011-05-20 13:13,2011-06-24 10:03,168,3,363.4,2,4,2,242,Inactive,Win-back campaign
13243,United Kingdom,585.12,1,232.0,585.12,2011-05-20 13:14,2011-05-20 13:14,202,1,585.12,1,2,3,123,Inactive,Win-back campaign
15095,United Kingdom,1364.7,4,1079.0,341.18,2011-05-20 14:27,2011-08-28 12:01,103,4,1364.7,2,4,4,244,Loyal customers,Nurture and recommend next purchase
18048,United Kingdom,172.29,2,127.0,86.14,2011-05-20 14:54,2011-05-20 14:58,202,2,172.29,1,3,1,131,Inactive,Win-back campaign
18287,United Kingdom,1837.28,3,1586.0,612.43,2011-05-22 10:39,2011-10-28 09:29,42,3,1837.28,3,4,4,344,Loyal customers,Nurture and recommend next purchase
18150,United Kingdom,566.58,3,332.0,188.86,2011-05-22 10:47,2011-11-07 16:49,31,3,566.58,3,4,3,343,Loyal customers,Nurture and recommend next purchase
16690,United Kingdom,208.63,2,138.0,104.31,2011-05-22 10:53,2011-10-27 10:58,43,2,208.63,3,3,1,331,Growing customers,Nurture and recommend next purchase
13555,United Kingdom,4098.88,4,2636.0,1024.72,2011-05-22 11:06,2011-09-27 12:36,73,4,4098.88,2,4,5,245,Loyal customers,Nurture and recommend next purchase
16038,United Kingdom,454.33,3,244.0,151.44,2011-05-22 11:29,2011-12-02 12:40,7,3,454.33,5,4,2,542,Loyal customers,Nurture and recommend next purchase
13972,United Kingdom,190.25,2,187.0,95.12,2011-05-22 11:34,2011-09-30 11:54,70,2,190.25,2,3,1,231,Inactive,Win-back campaign
13227,United Kingdom,257.7,1,99.0,257.7,2011-05-22 11:47,2011-05-22 11:47,201,1,257.7,1,2,2,122,Inactive,Win-back campaign
13657,United Kingdom,382.14,2,209.0,191.07,2011-05-22 12:35,2011-11-29 12:32,10,2,382.14,4,3,2,432,Growing customers,Nurture and recommend next purchase
17176,United Kingdom,306.13,1,170.0,306.13,2011-05-22 12:41,2011-05-22 12:41,201,1,306.13,1,2,2,122,Inactive,Win-back campaign
14837,United Kingdom,1641.2,4,1436.0,410.3,2011-05-22 12:49,2011-09-11 10:58,89,4,1641.2,2,4,4,244,Loyal customers,Nurture and recommend next purchase
14682,United Kingdom,52.0,2,80.0,26.0,2011-05-22 12:51,2011-06-05 12:12,187,2,52.0,1,3,1,131,Inactive,Win-back campaign
14921,United Kingdom,1316.07,2,953.0,658.03,2011-05-22 12:51,2011-11-09 13:17,29,2,1316.07,4,3,4,434,Loyal customers,Nurture and recommend next purchase
16341,United Kingdom,1959.38,4,1398.0,489.85,2011-05-22 13:20,2011-11-15 09:12,24,4,1959.38,4,4,4,444,Loyal customers,Nurture and recommend next purchase
14647,United Kingdom,236.04,1,91.0,236.04,2011-05-22 13:40,2011-05-22 13:40,200,1,236.04,1,2,2,122,Inactive,Win-back campaign
12710,Germany,1130.57,3,851.0,376.86,2011-05-22 14:05,2011-09-04 12:00,96,3,1130.57,2,4,4,244,Loyal customers,Nurture and recommend next purchase
15292,United Kingdom,178.39,1,55.0,178.39,2011-05-22 15:00,2011-05-22 15:00,200,1,178.39,1,2,1,121,Inactive,Win-back campaign
15705,United Kingdom,143.1,1,62.0,143.1,2011-05-22 15:37,2011-05-22 15:37,200,1,143.1,1,2,1,121,Inactive,Win-back campaign
13339,United Kingdom,860.12,1,326.0,860.12,2011-05-23 08:31,2011-05-23 08:31,200,1,860.12,1,2,3,123,Inactive,Win-back campaign
13885,United Kingdom,506.8,2,182.0,253.4,2011-05-23 08:52,2011-06-03 15:07,188,2,506.8,1,3,3,133,Inactive,Win-back campaign
12360,Austria,2662.06,3,1165.0,887.35,2011-05-23 09:43,2011-10-18 15:22,51,3,2662.06,3,4,5,345,Loyal customers,Nurture and recommend next purchase
13546,United Kingdom,621.09,3,357.0,207.03,2011-05-23 12:14,2011-11-27 14:50,11,3,621.09,4,4,3,443,Loyal customers,Nurture and recommend next purchase
17715,United Kingdom,326.4,1,384.0,326.4,2011-05-23 12:32,2011-05-23 12:32,200,1,326.4,1,2,2,122,Inactive,Win-back campaign
18160,United Kingdom,638.06,2,294.0,319.03,2011-05-23 13:41,2011-10-13 15:50,56,2,638.06,3,3,3,333,Growing customers,Nurture and recommend next purchase
15434,United Kingdom,997.48,5,647.0,199.5,2011-05-23 14:18,2011-12-01 13:33,7,5,997.48,5,5,4,554,Champions,Nurture and recommend next purchase
15734,United Kingdom,1339.45,2,346.0,669.73,2011-05-23 14:59,2011-08-17 10:50,114,2,1339.45,2,3,4,234,At-risk high value,Personal outreach + tailored offer
13737,United Kingdom,339.6,1,125.0,339.6,2011-05-23 16:32,2011-05-23 16:32,199,1,339.6,1,2,2,122,Inactive,Win-back campaign
13213,United Kingdom,1518.43,5,1360.0,303.69,2011-05-24 12:22,2011-10-14 11:42,56,5,1518.43,3,5,4,354,Loyal customers,Nurture and recommend next purchase
18018,United Kingdom,122.14,2,55.0,61.07,2011-05-24 13:22,2011-08-23 17:37,107,2,122.14,2,3,1,231,Inactive,Win-back campaign
15314,United Kingdom,327.97,1,313.0,327.97,2011-05-24 14:39,2011-05-24 14:39,198,1,327.97,1,2,2,122,Inactive,Win-back campaign
17521,United Kingdom,721.96,3,519.0,240.65,2011-05-24 15:14,2011-11-15 14:00,23,3,721.96,4,4,3,443,Loyal customers,Nurture and recommend next purchase
15042,United Kingdom,135.93,1,30.0,135.93,2011-05-24 16:25,2011-05-24 16:25,198,1,135.93,1,2,1,121,Inactive,Win-back campaign
12863,United Kingdom,504.2,1,188.0,504.2,2011-05-24 17:17,2011-10-18 14:15,51,1,504.2,3,2,3,323,Growing customers,Nurture and recommend next purchase
16091,United Kingdom,315.06,2,154.0,157.53,2011-05-25 09:18,2011-07-08 08:45,154,2,315.06,2,3,2,232,Inactive,Win-back campaign
15804,United Kingdom,3848.55,13,2567.0,296.04,2011-05-25 10:12,2011-12-09 12:31,0,13,3848.55,5,5,5,555,Champions,Nurture and recommend next purchase
14593,United Kingdom,617.15,3,330.0,205.72,2011-05-25 11:14,2011-11-18 12:48,21,3,617.15,4,4,3,443,Loyal customers,Nurture and recommend next purchase
14287,United Kingdom,151.23,3,261.0,50.41,2011-05-25 11:41,2011-12-01 13:25,7,3,151.23,5,4,1,541,Loyal customers,Nurture and recommend next purchase
16763,United Kingdom,594.9,1,319.0,594.9,2011-05-25 11:52,2011-06-07 14:24,184,1,594.9,1,2,3,123,Inactive,Win-back campaign
14705,United Kingdom,179.0,1,100.0,179.0,2011-05-25 12:39,2011-05-25 12:39,198,1,179.0,1,2,1,121,Inactive,Win-back campaign
12562,France,3781.74,7,1779.0,540.25,2011-05-25 12:44,2011-12-01 17:20,7,7,3781.74,5,5,5,555,Champions,Nurture and recommend next purchase
12815,Poland,1063.46,2,379.0,531.73,2011-05-25 13:34,2011-07-15 10:21,147,2,1063.46,2,3,4,234,At-risk high value,Personal outreach + tailored offer
14522,United Kingdom,974.54,4,525.0,243.63,2011-05-25 16:01,2011-11-15 13:24,23,4,974.54,4,4,4,444,Loyal customers,Nurture and recommend next purchase
16448,United Kingdom,182.99,1,76.0,182.99,2011-05-25 16:28,2011-05-25 16:28,197,1,182.99,1,2,1,121,Inactive,Win-back campaign
14584,United Kingdom,1020.06,4,381.0,255.01,2011-05-25 17:31,2011-06-23 18:33,168,4,1020.06,2,4,4,244,Loyal customers,Nurture and recommend next purchase
12974,United Kingdom,144.8,1,24.0,144.8,2011-05-26 09:33,2011-05-26 09:33,197,1,144.8,1,2,1,121,Inactive,Win-back campaign
12987,United Kingdom,545.0,2,219.0,272.5,2011-05-26 12:00,2011-09-27 12:03,73,2,545.0,2,3,3,233,Inactive,Win-back campaign
14816,United Kingdom,271.85,1,5.0,271.85,2011-05-26 13:16,2011-05-26 13:16,196,1,271.85,1,2,2,122,Inactive,Win-back campaign
15852,United Kingdom,160.71,2,48.0,80.36,2011-05-26 13:26,2011-06-06 11:22,186,2,160.71,1,3,1,131,Inactive,Win-back campaign
16624,United Kingdom,810.57,2,488.0,405.28,2011-05-26 14:20,2011-09-20 12:39,80,2,810.57,2,3,3,233,Inactive,Win-back campaign
12493,France,416.79,2,207.0,208.4,2011-05-26 14:53,2011-06-27 10:17,165,2,416.79,2,3,2,232,Inactive,Win-back campaign
18232,United Kingdom,582.47,4,302.0,145.62,2011-05-26 16:30,2011-09-19 11:49,81,4,582.47,2,4,3,243,Inactive,Win-back campaign
18073,United Kingdom,3846.74,12,3102.0,320.56,2011-05-26 19:38,2011-08-17 14:02,113,12,3846.74,2,5,5,255,Loyal customers,Nurture and recommend next purchase
16369,United Kingdom,1545.41,3,1030.0,515.14,2011-05-27 09:39,2011-11-21 16:25,17,3,1545.41,4,4,4,444,Loyal customers,Nurture and recommend next purchase
14280,United Kingdom,134.04,1,52.0,134.04,2011-05-27 10:37,2011-05-27 10:37,196,1,134.04,1,2,1,121,Inactive,Win-back campaign
13135,United Kingdom,3096.0,1,4300.0,3096.0,2011-05-27 10:52,2011-05-27 10:52,196,1,3096.0,1,2,5,125,At-risk high value,Personal outreach + tailored offer
17345,United Kingdom,519.69,4,341.0,129.92,2011-05-27 12:26,2011-11-24 15:03,14,4,519.69,4,4,3,443,Loyal customers,Nurture and recommend next purchase
16275,United Kingdom,559.87,1,336.0,559.87,2011-05-27 12:41,2011-05-27 12:41,196,1,559.87,1,2,3,123,Inactive,Win-back campaign
14338,United Kingdom,554.22,2,335.0,277.11,2011-05-27 13:30,2011-07-04 16:00,157,2,554.22,2,3,3,233,Inactive,Win-back campaign
15402,United Kingdom,626.77,2,694.0,313.38,2011-05-27 13:32,2011-07-14 12:17,148,2,626.77,2,3,3,233,Inactive,Win-back campaign
12876,Belgium,2218.02,2,1941.0,1109.01,2011-05-27 13:34,2011-10-13 12:26,57,2,2218.02,3,3,5,335,Loyal customers,Nurture and recommend next purchase
16323,United Kingdom,207.5,1,50.0,207.5,2011-05-27 14:48,2011-05-27 14:48,195,1,207.5,1,2,1,121,Inactive,Win-back campaign
12426,Germany,582.73,1,258.0,582.73,2011-05-29 12:26,2011-05-29 12:26,194,1,582.73,1,2,3,123,Inactive,Win-back campaign
14451,United Kingdom,643.9,2,378.0,321.95,2011-05-29 12:35,2011-10-10 13:38,59,2,643.9,3,3,3,333,Growing customers,Nurture and recommend next purchase
14823,United Kingdom,321.43,3,88.0,107.14,2011-05-29 12:48,2011-06-12 13:12,179,3,321.43,1,4,2,142,Inactive,Win-back campaign
15897,United Kingdom,208.59,2,223.0,104.3,2011-05-29 13:32,2011-05-29 13:50,193,2,208.59,1,3,1,131,Inactive,Win-back campaign
17051,United Kingdom,240.89,1,179.0,240.89,2011-05-29 14:13,2011-05-29 14:13,193,1,240.89,1,2,2,122,Inactive,Win-back campaign
15925,United Kingdom,207.15,1,93.0,207.15,2011-05-29 15:35,2011-05-29 15:35,193,1,207.15,1,2,1,121,Inactive,Win-back campaign
12787,Netherlands,463.66,3,261.0,154.55,2011-05-31 09:36,2011-11-30 08:44,9,3,463.66,5,4,3,543,Loyal customers,Nurture and recommend next purchase
15863,United Kingdom,68.84,2,19.0,34.42,2011-05-31 11:36,2011-11-14 12:49,25,2,68.84,4,3,1,431,Growing customers,Nurture and recommend next purchase
16483,United Kingdom,139.35,1,44.0,139.35,2011-05-31 13:08,2011-05-31 13:08,191,1,139.35,1,2,1,121,Inactive,Win-back campaign
13398,United Kingdom,457.34,1,281.0,457.34,2011-05-31 13:17,2011-05-31 13:17,191,1,457.34,1,2,2,122,Inactive,Win-back campaign
13070,United Kingdom,228.8,1,110.0,228.8,2011-05-31 13:45,2011-05-31 13:45,191,1,228.8,1,2,1,121,Inactive,Win-back campaign
14819,United Kingdom,272.07,2,109.0,136.03,2011-05-31 13:50,2011-10-06 13:41,63,2,272.07,3,3,2,332,Growing customers,Nurture and recommend next purchase
12790,Netherlands,324.92,1,166.0,324.92,2011-05-31 14:14,2011-05-31 14:14,191,1,324.92,1,2,2,122,Inactive,Win-back campaign
15163,United Kingdom,304.47,2,186.0,152.23,2011-05-31 15:22,2011-11-21 13:10,17,2,304.47,4,3,2,432,Growing customers,Nurture and recommend next purchase
18204,United Kingdom,1960.95,3,1190.0,653.65,2011-05-31 15:26,2011-09-29 16:44,70,3,1960.95,2,4,4,244,Loyal customers,Nurture and recommend next purchase
15124,United Kingdom,184.19,2,233.0,92.09,2011-06-01 09:06,2011-11-17 10:09,22,2,184.19,4,3,1,431,Growing customers,Nurture and recommend next purchase
12473,Germany,2837.73,5,2414.0,567.55,2011-06-01 10:15,2011-11-10 13:48,28,5,2837.73,4,5,5,455,Champions,Nurture and recommend next purchase
16969,United Kingdom,650.41,3,816.0,216.8,2011-06-01 12:10,2011-10-31 13:12,38,3,650.41,3,4,3,343,Loyal customers,Nurture and recommend next purchase
14597,United Kingdom,866.24,2,566.0,433.12,2011-06-01 12:33,2011-11-28 13:13,10,2,866.24,4,3,3,433,Loyal customers,Nurture and recommend next purchase
13917,United Kingdom,272.04,2,228.0,136.02,2011-06-01 12:46,2011-10-21 09:56,49,2,272.04,3,3,2,332,Growing customers,Nurture and recommend next purchase
13062,United Kingdom,346.98,1,343.0,346.98,2011-06-01 15:12,2011-06-01 15:12,190,1,346.98,1,2,2,122,Inactive,Win-back campaign
16484,United Kingdom,379.4,2,200.0,189.7,2011-06-02 10:39,2011-06-19 12:06,173,2,379.4,2,3,2,232,Inactive,Win-back campaign
15184,United Kingdom,402.2,2,199.0,201.1,2011-06-02 12:06,2011-11-10 13:41,28,2,402.2,4,3,2,432,Growing customers,Nurture and recommend next purchase
18135,United Kingdom,681.91,5,349.0,136.38,2011-06-02 14:04,2011-11-10 19:32,28,5,681.91,4,5,3,453,Loyal customers,Nurture and recommend next purchase
14453,United Kingdom,119.93,1,49.0,119.93,2011-06-02 14:15,2011-06-02 14:15,189,1,119.93,1,2,1,121,Inactive,Win-back campaign
17900,United Kingdom,15.0,2,73.0,7.5,2011-06-02 14:28,2011-06-28 12:09,164,2,15.0,2,3,1,231,Inactive,Win-back campaign
13437,United Kingdom,3408.06,7,1283.0,486.87,2011-06-02 14:30,2011-11-25 14:00,13,7,3408.06,4,5,5,455,Champions,Nurture and recommend next purchase
12517,Germany,2443.65,5,1361.0,488.73,2011-06-02 15:13,2011-11-11 14:04,27,5,2443.65,4,5,5,455,Champions,Nurture and recommend next purchase
16529,United Kingdom,455.25,1,198.0,455.25,2011-06-02 17:23,2011-06-02 17:23,189,1,455.25,1,2,2,122,Inactive,Win-back campaign
17531,United Kingdom,293.45,1,136.0,293.45,2011-06-02 19:17,2011-08-11 10:19,120,1,293.45,2,2,2,222,Inactive,Win-back campaign
16239,United Kingdom,372.9,2,228.0,186.45,2011-06-03 09:30,2011-10-14 08:29,56,2,372.9,3,3,2,332,Growing customers,Nurture and recommend next purchase
14500,United Kingdom,356.85,3,117.0,118.95,2011-06-03 10:08,2011-09-12 16:45,87,3,356.85,2,4,2,242,Inactive,Win-back campaign
16117,United Kingdom,232.21,1,130.0,232.21,2011-06-03 11:42,2011-06-03 11:42,189,1,232.21,1,2,1,121,Inactive,Win-back campaign
13248,United Kingdom,465.68,2,305.0,232.84,2011-06-03 13:05,2011-08-07 12:40,124,2,465.68,2,3,3,233,Inactive,Win-back campaign
16967,United Kingdom,319.02,1,333.0,319.02,2011-06-03 14:24,2011-06-03 14:24,188,1,319.02,1,2,2,122,Inactive,Win-back campaign
15405,United Kingdom,349.1,1,193.0,349.1,2011-06-03 14:44,2011-06-03 14:44,188,1,349.1,1,2,2,122,Inactive,Win-back campaign
16659,United Kingdom,39.12,1,72.0,39.12,2011-06-03 15:03,2011-06-03 15:03,188,1,39.12,1,2,1,121,Inactive,Win-back campaign
16880,United Kingdom,1491.43,7,746.0,213.06,2011-06-03 16:45,2011-11-09 11:33,30,7,1491.43,4,5,4,454,Champions,Nurture and recommend next purchase
13435,United Kingdom,3794.49,7,2129.0,542.07,2011-06-03 17:07,2011-12-04 14:59,4,7,3794.49,5,5,5,555,Champions,Nurture and recommend next purchase
13131,United Kingdom,1039.3,3,447.0,346.43,2011-06-05 10:54,2011-11-16 13:21,22,3,1039.3,4,4,4,444,Loyal customers,Nurture and recommend next purchase
14891,United Kingdom,554.38,2,505.0,277.19,2011-06-05 10:58,2011-07-14 18:08,147,2,554.38,2,3,3,233,Inactive,Win-back campaign
16682,United Kingdom,1028.0,5,1040.0,205.6,2011-06-05 11:02,2011-12-05 12:13,4,5,1028.0,5,5,4,554,Champions,Nurture and recommend next purchase
15453,United Kingdom,1371.77,7,837.0,195.97,2011-06-05 12:37,2011-12-08 10:59,1,7,1371.77,5,5,4,554,Champions,Nurture and recommend next purchase
16963,United Kingdom,110.55,1,35.0,110.55,2011-06-05 13:48,2011-06-05 13:48,186,1,110.55,1,2,1,121,Inactive,Win-back campaign
13682,United Kingdom,59.5,1,10.0,59.5,2011-06-05 14:06,2011-06-05 14:06,186,1,59.5,1,2,1,121,Inactive,Win-back campaign
15152,United Kingdom,4684.24,13,2704.0,360.33,2011-06-05 15:36,2011-11-30 12:32,9,13,4684.24,5,5,5,555,Champions,Nurture and recommend next purchase
15462,United Kingdom,234.6,3,172.0,78.2,2011-06-05 15:36,2011-09-06 13:11,93,3,234.6,2,4,2,242,Inactive,Win-back campaign
12449,Belgium,4067.29,4,1553.0,1016.82,2011-06-05 15:37,2011-11-17 13:46,21,4,4067.29,4,4,5,445,Champions,Nurture and recommend next purchase
15349,United Kingdom,463.91,2,321.0,231.96,2011-06-05 15:46,2011-07-04 16:06,157,2,463.91,2,3,3,233,Inactive,Win-back campaign
16849,United Kingdom,124.57,1,33.0,124.57,2011-06-06 09:16,2011-06-06 09:16,186,1,124.57,1,2,1,121,Inactive,Win-back campaign
12802,Netherlands,412.58,1,314.0,412.58,2011-06-06 09:36,2011-06-09 09:44,183,1,412.58,1,2,2,122,Inactive,Win-back campaign
15073,United Kingdom,612.43,3,491.0,204.14,2011-06-06 09:59,2011-11-30 10:44,9,3,612.43,5,4,3,543,Loyal customers,Nurture and recommend next purchase
16298,United Kingdom,598.2,3,198.0,199.4,2011-06-06 10:06,2011-11-17 11:59,22,3,598.2,4,4,3,443,Loyal customers,Nurture and recommend next purchase
12535,France,716.35,2,219.0,358.18,2011-06-06 12:47,2011-09-09 08:48,91,2,716.35,2,3,3,233,Inactive,Win-back campaign
18248,United Kingdom,783.02,2,511.0,391.51,2011-06-06 13:18,2011-08-18 06:14,113,2,783.02,2,3,3,233,Inactive,Win-back campaign
15386,United Kingdom,394.14,1,446.0,394.14,2011-06-06 13:47,2011-06-06 13:47,185,1,394.14,1,2,2,122,Inactive,Win-back campaign
17252,United Kingdom,348.91,2,192.0,174.45,2011-06-06 16:41,2011-08-15 09:45,116,2,348.91,2,3,2,232,Inactive,Win-back campaign
14542,United Kingdom,103.25,1,19.0,103.25,2011-06-07 08:19,2011-06-07 08:19,185,1,103.25,1,2,1,121,Inactive,Win-back campaign
16825,United Kingdom,775.18,2,566.0,387.59,2011-06-07 09:44,2011-11-01 11:51,38,2,775.18,3,3,3,333,Growing customers,Nurture and recommend next purchase
12380,Belgium,2720.56,4,1127.0,680.14,2011-06-07 09:49,2011-11-18 11:27,21,4,2720.56,4,4,5,445,Champions,Nurture and recommend next purchase
18072,United Kingdom,0.0,1,288.0,0.0,2011-06-07 10:44,2011-07-07 17:22,154,1,0.0,2,2,1,221,Inactive,Win-back campaign
13643,United Kingdom,519.44,3,273.0,173.15,2011-06-07 11:40,2011-11-08 15:37,30,3,519.44,4,4,3,443,Loyal customers,Nurture and recommend next purchase
15969,United Kingdom,582.9,3,124.0,194.3,2011-06-07 12:19,2011-12-07 11:06,2,3,582.9,5,4,3,543,Loyal customers,Nurture and recommend next purchase
13283,United Kingdom,93.66,2,90.0,46.83,2011-06-07 12:39,2011-10-11 09:50,59,2,93.66,3,3,1,331,Growing customers,Nurture and recommend next purchase
17015,United Kingdom,1838.61,3,1978.0,612.87,2011-06-07 13:19,2011-11-11 10:45,28,3,1838.61,4,4,4,444,Loyal customers,Nurture and recommend next purchase
14375,United Kingdom,235.56,1,184.0,235.56,2011-06-07 13:44,2011-06-07 13:44,184,1,235.56,1,2,2,122,Inactive,Win-back campaign
17124,United Kingdom,294.24,1,129.0,294.24,2011-06-07 14:02,2011-06-07 14:02,184,1,294.24,1,2,2,122,Inactive,Win-back campaign
17987,United Kingdom,198.57,1,261.0,198.57,2011-06-07 14:22,2011-06-07 14:22,184,1,198.57,1,2,1,121,Inactive,Win-back campaign
13395,United Kingdom,307.72,1,336.0,307.72,2011-06-07 15:04,2011-06-07 15:04,184,1,307.72,1,2,2,122,Inactive,Win-back campaign
17828,Malta,1599.97,4,667.0,399.99,2011-06-08 08:31,2011-12-01 09:34,8,4,1599.97,5,4,4,544,Champions,Nurture and recommend next purchase
15743,United Kingdom,775.96,4,214.0,193.99,2011-06-08 10:14,2011-11-23 17:19,15,4,775.96,4,4,3,443,Loyal customers,Nurture and recommend next purchase
17414,United Kingdom,778.0,2,2100.0,389.0,2011-06-08 11:43,2011-10-27 12:13,43,2,778.0,3,3,3,333,Growing customers,Nurture and recommend next purchase
14622,United Kingdom,320.58,1,146.0,320.58,2011-06-08 12:42,2011-06-08 12:42,184,1,320.58,1,2,2,122,Inactive,Win-back campaign
15609,United Kingdom,270.03,1,148.0,270.03,2011-06-08 13:00,2011-06-10 09:55,182,1,270.03,1,2,2,122,Inactive,Win-back campaign
14561,United Kingdom,1080.76,3,1014.0,360.25,2011-06-08 13:26,2011-09-25 12:39,75,3,1080.76,2,4,4,244,Loyal customers,Nurture and recommend next purchase
16872,United Kingdom,680.02,3,600.0,226.67,2011-06-08 14:32,2011-09-23 16:05,76,3,680.02,2,4,3,243,Inactive,Win-back campaign
16358,United Kingdom,2024.95,4,1302.0,506.24,2011-06-08 15:05,2011-12-08 15:09,0,4,2024.95,5,4,5,545,Champions,Nurture and recommend next purchase
15238,United Kingdom,1056.54,3,692.0,352.18,2011-06-08 16:00,2011-11-10 14:28,28,3,1056.54,4,4,4,444,Loyal customers,Nurture and recommend next purchase
13466,United Kingdom,297.95,1,259.0,297.95,2011-06-08 16:39,2011-08-31 15:29,99,1,297.95,2,2,2,222,Inactive,Win-back campaign
17360,United Kingdom,568.24,3,328.0,189.41,2011-06-08 17:09,2011-11-22 13:11,16,3,568.24,4,4,3,443,Loyal customers,Nurture and recommend next purchase
13510,United Kingdom,1785.16,4,1386.0,446.29,2011-06-09 09:32,2011-12-08 13:46,0,4,1785.16,5,4,4,544,Champions,Nurture and recommend next purchase
12406,Denmark,3280.75,2,1818.0,1640.38,2011-06-09 10:23,2011-11-17 19:22,21,2,3280.75,4,3,5,435,Loyal customers,Nurture and recommend next purchase
14241,United Kingdom,213.7,1,146.0,213.7,2011-06-09 11:46,2011-06-09 11:46,183,1,213.7,1,2,1,121,Inactive,Win-back campaign
14132,United Kingdom,3580.13,11,3368.0,325.47,2011-06-09 12:04,2011-12-07 13:35,1,11,3580.13,5,5,5,555,Champions,Nurture and recommend next purchase
14963,United Kingdom,1472.34,5,1159.0,294.47,2011-06-09 12:30,2011-11-30 12:16,9,5,1472.34,5,5,4,554,Champions,Nurture and recommend next purchase
17169,United Kingdom,816.88,2,526.0,408.44,2011-06-09 13:16,2011-10-20 19:15,49,2,816.88,3,3,3,333,Growing customers,Nurture and recommend next purchase
15252,United Kingdom,740.78,2,522.0,370.39,2011-06-09 14:15,2011-11-03 13:30,35,2,740.78,3,3,3,333,Growing customers,Nurture and recommend next purchase
17731,United Kingdom,878.2,4,493.0,219.55,2011-06-09 14:18,2011-09-21 15:02,78,4,878.2,2,4,3,243,Inactive,Win-back campaign
16113,United Kingdom,161.38,1,176.0,161.38,2011-06-09 16:16,2011-06-09 16:16,182,1,161.38,1,2,1,121,Inactive,Win-back campaign
12694,France,869.67,2,509.0,434.83,2011-06-09 17:48,2011-09-30 13:06,69,2,869.67,3,3,3,333,Growing customers,Nurture and recommend next purchase
16107,United Kingdom,3204.16,7,1176.0,457.74,2011-06-09 18:42,2011-11-22 09:40,17,7,3204.16,4,5,5,455,Champions,Nurture and recommend next purchase
17483,United Kingdom,414.04,3,191.0,138.01,2011-06-09 19:40,2011-10-05 13:10,64,3,414.04,3,4,2,342,Growing customers,Nurture and recommend next purchase
15679,United Kingdom,781.28,4,1170.0,195.32,2011-06-10 08:24,2011-11-15 16:19,23,4,781.28,4,4,3,443,Loyal customers,Nurture and recommend next purchase
13686,United Kingdom,72.0,1,70.0,72.0,2011-06-10 09:10,2011-06-10 09:10,182,1,72.0,1,2,1,121,Inactive,Win-back campaign
16581,United Kingdom,70.44,1,134.0,70.44,2011-06-10 10:05,2011-07-07 15:50,154,1,70.44,2,2,1,221,Inactive,Win-back campaign
15267,United Kingdom,1717.36,5,944.0,343.47,2011-06-10 10:24,2011-11-17 15:59,21,5,1717.36,4,5,4,454,Champions,Nurture and recommend next purchase
17234,United Kingdom,149.89,1,55.0,149.89,2011-06-10 11:20,2011-06-10 11:20,182,1,149.89,1,2,1,121,Inactive,Win-back campaign
17797,United Kingdom,780.43,3,498.0,260.14,2011-06-10 11:29,2011-11-17 13:21,21,3,780.43,4,4,3,443,Loyal customers,Nurture and recommend next purchase
16614,United Kingdom,506.19,1,223.0,506.19,2011-06-10 11:36,2011-06-10 11:36,182,1,506.19,1,2,3,123,Inactive,Win-back campaign
12409,Switzerland,11056.93,3,5551.0,3685.64,2011-06-10 12:19,2011-09-22 10:38,78,3,11056.93,2,4,5,245,Loyal customers,Nurture and recommend next purchase
15411,United Kingdom,1336.43,4,529.0,334.11,2011-06-10 12:30,2011-11-13 15:19,25,4,1336.43,4,4,4,444,Loyal customers,Nurture and recommend next purchase
14178,United Kingdom,1600.26,7,1494.0,228.61,2011-06-10 12:51,2011-12-01 12:01,8,7,1600.26,5,5,4,554,Champions,Nurture and recommend next purchase
15098,United Kingdom,649.5,3,121.0,216.5,2011-06-10 15:22,2011-06-10 15:39,181,3,649.5,1,4,3,143,Inactive,Win-back campaign
18281,United Kingdom,80.82,1,54.0,80.82,2011-06-12 10:53,2011-06-12 10:53,180,1,80.82,1,2,1,121,Inactive,Win-back campaign
14984,United Kingdom,202.37,2,58.0,101.19,2011-06-12 11:04,2011-11-20 14:28,18,2,202.37,4,3,1,431,Growing customers,Nurture and recommend next purchase
12516,Germany,1312.06,2,875.0,656.03,2011-06-12 11:37,2011-09-23 09:13,77,2,1312.06,2,3,4,234,At-risk high value,Personal outreach + tailored offer
17265,United Kingdom,550.01,2,389.0,275.0,2011-06-12 12:00,2011-07-24 10:49,138,2,550.01,2,3,3,233,Inactive,Win-back campaign
13617,United Kingdom,544.18,3,300.0,181.39,2011-06-12 12:55,2011-10-30 13:50,39,3,544.18,3,4,3,343,Loyal customers,Nurture and recommend next purchase
17242,United Kingdom,1135.04,2,611.0,567.52,2011-06-12 13:04,2011-08-23 14:55,107,2,1135.04,2,3,4,234,At-risk high value,Personal outreach + tailored offer
17289,United Kingdom,922.77,3,513.0,307.59,2011-06-12 13:51,2011-11-08 12:01,31,3,922.77,3,4,4,344,Loyal customers,Nurture and recommend next purchase
16018,United Kingdom,408.9,2,190.0,204.45,2011-06-12 13:52,2011-10-31 14:13,38,2,408.9,3,3,2,332,Growing customers,Nurture and recommend next purchase
14704,United Kingdom,1493.96,9,1043.0,166.0,2011-06-12 13:59,2011-11-28 12:51,10,9,1493.96,4,5,4,454,Champions,Nurture and recommend next purchase
16794,United Kingdom,1175.3,10,923.0,117.53,2011-06-12 14:15,2011-12-08 17:54,0,10,1175.3,5,5,4,554,Champions,Nurture and recommend next purchase
13761,United Kingdom,1070.65,2,642.0,535.33,2011-06-13 08:43,2011-10-20 14:01,49,2,1070.65,3,3,4,334,Loyal customers,Nurture and recommend next purchase
13517,United Kingdom,2109.07,3,1369.0,703.02,2011-06-13 08:44,2011-10-11 11:43,59,3,2109.07,3,4,5,345,Loyal customers,Nurture and recommend next purchase
13936,United Kingdom,361.28,1,330.0,361.28,2011-06-13 08:47,2011-06-21 17:44,170,1,361.28,2,2,2,222,Inactive,Win-back campaign
16342,United Kingdom,322.41,4,157.0,80.6,2011-06-13 10:10,2011-09-25 14:36,74,4,322.41,2,4,2,242,Inactive,Win-back campaign
14177,United Kingdom,544.51,4,204.0,136.13,2011-06-13 11:10,2011-09-16 09:52,84,4,544.51,2,4,3,243,Inactive,Win-back campaign
12732,France,236.26,1,111.0,236.26,2011-06-13 11:33,2011-06-13 11:33,179,1,236.26,1,2,2,122,Inactive,Win-back campaign
16205,United Kingdom,757.63,4,516.0,189.41,2011-06-13 11:33,2011-11-09 09:32,30,4,757.63,4,4,3,443,Loyal customers,Nurture and recommend next purchase
15036,United Kingdom,429.56,3,316.0,143.19,2011-06-13 12:19,2011-09-28 15:42,71,3,429.56,2,4,2,242,Inactive,Win-back campaign
13589,United Kingdom,379.65,2,114.0,189.82,2011-06-13 12:44,2011-11-25 12:10,14,2,379.65,4,3,2,432,Growing customers,Nurture and recommend next purchase
17579,United Kingdom,440.2,3,258.0,146.73,2011-06-13 14:12,2011-12-05 12:28,4,3,440.2,5,4,2,542,Loyal customers,Nurture and recommend next purchase
15069,United Kingdom,1109.53,1,520.0,1109.53,2011-06-13 14:16,2011-06-13 14:16,178,1,1109.53,1,2,4,124,At-risk high value,Personal outreach + tailored offer
17349,United Kingdom,98.25,1,102.0,98.25,2011-06-13 14:29,2011-06-13 14:29,178,1,98.25,1,2,1,121,Inactive,Win-back campaign
13080,United Kingdom,58.08,1,120.0,58.08,2011-06-13 14:59,2011-06-13 14:59,178,1,58.08,1,2,1,121,Inactive,Win-back campaign
13663,United Kingdom,189.47,1,91.0,189.47,2011-06-13 15:44,2011-06-13 15:44,178,1,189.47,1,2,1,121,Inactive,Win-back campaign
14503,United Kingdom,3543.26,6,2004.0,590.54,2011-06-14 10:00,2011-12-06 13:30,2,6,3543.26,5,5,5,555,Champions,Nurture and recommend next purchase
16774,United Kingdom,654.92,4,322.0,163.73,2011-06-14 12:45,2011-10-03 12:41,67,4,654.92,3,4,3,343,Loyal customers,Nurture and recommend next purchase
13384,United Kingdom,4122.28,7,2422.0,588.9,2011-06-14 12:47,2011-11-09 11:04,30,7,4122.28,4,5,5,455,Champions,Nurture and recommend next purchase
17101,United Kingdom,1621.73,4,815.0,405.43,2011-06-14 14:49,2011-11-29 13:57,9,4,1621.73,5,4,4,544,Champions,Nurture and recommend next purchase
14997,United Kingdom,540.98,3,1120.0,180.33,2011-06-14 16:52,2011-10-24 13:28,45,3,540.98,3,4,3,343,Loyal customers,Nurture and recommend next purchase
17155,United Kingdom,251.7,2,242.0,125.85,2011-06-15 10:22,2011-11-22 12:38,17,2,251.7,4,3,2,432,Growing customers,Nurture and recommend next purchase
12809,Portugal,484.36,1,220.0,484.36,2011-06-15 10:51,2011-06-24 15:15,167,1,484.36,2,2,3,223,Inactive,Win-back campaign
16461,United Kingdom,142.92,1,48.0,142.92,2011-06-15 12:07,2011-06-15 12:07,177,1,142.92,2,2,1,221,Inactive,Win-back campaign
13343,United Kingdom,303.93,1,135.0,303.93,2011-06-15 12:24,2011-06-20 11:37,172,1,303.93,2,2,2,222,Inactive,Win-back campaign
12624,France,641.13,2,355.0,320.56,2011-06-15 12:34,2011-08-25 15:04,105,2,641.13,2,3,3,233,Inactive,Win-back campaign
18165,United Kingdom,302.46,1,254.0,302.46,2011-06-15 13:23,2011-06-15 13:23,176,1,302.46,2,2,2,222,Inactive,Win-back campaign
17536,United Kingdom,76.5,1,6.0,76.5,2011-06-15 13:23,2011-06-15 13:23,176,1,76.5,2,2,1,221,Inactive,Win-back campaign
16324,United Kingdom,408.59,3,270.0,136.2,2011-06-15 14:26,2011-08-03 12:58,127,3,408.59,2,4,2,242,Inactive,Win-back campaign
17651,United Kingdom,3886.67,10,3112.0,388.67,2011-06-15 15:57,2011-11-28 10:29,11,10,3886.67,4,5,5,455,Champions,Nurture and recommend next purchase
14222,United Kingdom,683.17,1,607.0,683.17,2011-06-15 16:42,2011-06-15 16:42,176,1,683.17,2,2,3,223,Inactive,Win-back campaign
15585,United Kingdom,455.3,1,320.0,455.3,2011-06-16 08:38,2011-06-16 08:38,176,1,455.3,2,2,2,222,Inactive,Win-back campaign
17490,United Kingdom,1926.88,7,1134.0,275.27,2011-06-16 09:15,2011-12-09 09:08,0,7,1926.88,5,5,4,554,Champions,Nurture and recommend next purchase
16739,United Kingdom,312.55,1,172.0,312.55,2011-06-16 09:17,2011-06-20 17:15,171,1,312.55,2,2,2,222,Inactive,Win-back campaign
16276,United Kingdom,810.6,1,420.0,810.6,2011-06-16 09:34,2011-06-16 09:34,176,1,810.6,2,2,3,223,Inactive,Win-back campaign
17193,United Kingdom,1674.46,7,1254.0,239.21,2011-06-16 10:04,2011-11-04 12:47,35,7,1674.46,3,5,4,354,Loyal customers,Nurture and recommend next purchase
16257,United Kingdom,46.95,1,2.0,46.95,2011-06-16 10:11,2011-06-16 10:11,176,1,46.95,2,2,1,221,Inactive,Win-back campaign
14285,United Kingdom,1910.01,4,541.0,477.5,2011-06-16 12:36,2011-11-18 14:50,20,4,1910.01,4,4,4,444,Loyal customers,Nurture and recommend next purchase
17642,United Kingdom,712.29,2,474.0,356.14,2011-06-16 12:55,2011-08-12 09:11,119,2,712.29,2,3,3,233,Inactive,Win-back campaign
12816,Poland,572.2,2,128.0,286.1,2011-06-16 13:24,2011-09-05 12:41,95,2,572.2,2,3,3,233,Inactive,Win-back campaign
13826,United Kingdom,174.65,1,82.0,174.65,2011-06-16 13:48,2011-07-04 16:27,157,1,174.65,2,2,1,221,Inactive,Win-back campaign
13575,United Kingdom,732.07,5,449.0,146.41,2011-06-16 14:24,2011-11-16 13:14,22,5,732.07,4,5,3,453,Loyal customers,Nurture and recommend next purchase
17157,United Kingdom,306.55,2,172.0,153.28,2011-06-16 15:08,2011-12-02 09:10,7,2,306.55,5,3,2,532,Loyal customers,Nurture and recommend next purchase
16852,United Kingdom,144.91,2,56.0,72.45,2011-06-16 15:49,2011-11-29 13:22,9,2,144.91,5,3,1,531,Growing customers,Nurture and recommend next purchase
15219,United Kingdom,305.75,1,45.0,305.75,2011-06-16 16:57,2011-06-16 16:57,175,1,305.75,2,2,2,222,Inactive,Win-back campaign
15014,United Kingdom,257.67,2,149.0,128.84,2011-06-16 19:40,2011-10-27 20:07,42,2,257.67,3,3,2,332,Growing customers,Nurture and recommend next purchase
14765,United Kingdom,254.11,3,135.0,84.7,2011-06-16 19:49,2011-11-10 19:53,28,3,254.11,4,4,2,442,Loyal customers,Nurture and recommend next purchase
16869,United Kingdom,797.32,4,583.0,199.33,2011-06-17 13:01,2011-11-17 12:02,22,4,797.32,4,4,3,443,Loyal customers,Nurture and recommend next purchase
15909,United Kingdom,191.94,1,98.0,191.94,2011-06-19 10:38,2011-06-19 10:38,173,1,191.94,2,2,1,221,Inactive,Win-back campaign
13618,United Kingdom,177.34,1,246.0,177.34,2011-06-19 11:09,2011-06-19 11:09,173,1,177.34,2,2,1,221,Inactive,Win-back campaign
16050,United Kingdom,137.9,1,278.0,137.9,2011-06-19 11:44,2011-06-19 11:44,173,1,137.9,2,2,1,221,Inactive,Win-back campaign
17879,United Kingdom,178.52,1,45.0,178.52,2011-06-19 12:36,2011-06-19 12:36,173,1,178.52,2,2,1,221,Inactive,Win-back campaign
17562,United Kingdom,1107.38,7,817.0,158.2,2011-06-19 13:06,2011-11-25 14:21,13,7,1107.38,4,5,4,454,Champions,Nurture and recommend next purchase
15334,United Kingdom,350.82,3,273.0,116.94,2011-06-19 13:51,2011-07-06 11:22,156,3,350.82,2,4,2,242,Inactive,Win-back campaign
12450,Spain,197.88,2,128.0,98.94,2011-06-19 14:36,2011-07-06 14:41,155,2,197.88,2,3,1,231,Inactive,Win-back campaign
13568,United Kingdom,187.05,1,66.0,187.05,2011-06-19 14:42,2011-06-19 14:42,172,1,187.05,2,2,1,221,Inactive,Win-back campaign
14820,United Kingdom,507.29,4,253.0,126.82,2011-06-19 14:56,2011-11-18 15:41,20,4,507.29,4,4,3,443,Loyal customers,Nurture and recommend next purchase
16744,United Kingdom,1291.91,7,798.0,184.56,2011-06-19 15:13,2011-11-28 13:06,10,7,1291.91,4,5,4,454,Champions,Nurture and recommend next purchase
15700,United Kingdom,664.03,2,357.0,332.01,2011-06-19 15:36,2011-06-20 16:53,171,2,664.03,2,3,3,233,Inactive,Win-back campaign
17299,United Kingdom,656.61,4,668.0,164.15,2011-06-19 16:04,2011-11-28 12:01,11,4,656.61,4,4,3,443,Loyal customers,Nurture and recommend next purchase
12837,United Kingdom,134.1,1,24.0,134.1,2011-06-19 16:07,2011-06-19 16:07,172,1,134.1,2,2,1,221,Inactive,Win-back campaign
15076,United Kingdom,880.85,1,571.0,880.85,2011-06-20 08:23,2011-06-20 08:23,172,1,880.85,2,2,3,223,Inactive,Win-back campaign
17444,Canada,2940.04,3,2119.0,980.01,2011-06-20 09:04,2011-07-15 12:05,147,3,2940.04,2,4,5,245,Loyal customers,Nurture and recommend next purchase
15921,United Kingdom,323.03,1,162.0,323.03,2011-06-20 11:03,2011-06-20 11:03,172,1,323.03,2,2,2,222,Inactive,Win-back campaign
15747,United Kingdom,946.64,3,466.0,315.55,2011-06-20 11:30,2011-11-27 12:26,12,3,946.64,4,4,4,444,Loyal customers,Nurture and recommend next purchase
15840,United Kingdom,345.66,2,396.0,172.83,2011-06-20 11:42,2011-10-12 09:08,58,2,345.66,3,3,2,332,Growing customers,Nurture and recommend next purchase
15016,United Kingdom,170.04,1,76.0,170.04,2011-06-20 12:06,2011-06-20 12:06,172,1,170.04,2,2,1,221,Inactive,Win-back campaign
14808,United Kingdom,2152.8,8,2120.0,269.1,2011-06-20 12:53,2011-10-31 12:21,39,8,2152.8,3,5,5,355,Champions,Nurture and recommend next purchase
12904,United Kingdom,496.06,2,294.0,248.03,2011-06-20 13:18,2011-11-21 14:34,17,2,496.06,4,3,3,433,Loyal customers,Nurture and recommend next purchase
15825,United Kingdom,532.94,1,220.0,532.94,2011-06-20 13:27,2011-06-20 13:27,171,1,532.94,2,2,3,223,Inactive,Win-back campaign
12432,Norway,5059.32,5,1801.0,1011.86,2011-06-20 13:27,2011-10-28 11:43,42,5,5059.32,3,5,5,355,Champions,Nurture and recommend next purchase
15389,United Kingdom,500.0,1,400.0,500.0,2011-06-20 16:18,2011-06-20 16:18,171,1,500.0,2,2,3,223,Inactive,Win-back campaign
15280,United Kingdom,113.12,1,154.0,113.12,2011-06-20 17:14,2011-06-20 17:14,171,1,113.12,2,2,1,221,Inactive,Win-back campaign
17159,United Kingdom,1534.73,3,1111.0,511.58,2011-06-21 09:49,2011-11-18 10:52,21,3,1534.73,4,4,4,444,Loyal customers,Nurture and recommend next purchase
12830,United Kingdom,6748.4,6,9848.0,1124.73,2011-06-21 10:53,2011-11-02 11:54,37,6,6748.4,3,5,5,355,Champions,Nurture and recommend next purchase
15507,United Kingdom,475.86,1,160.0,475.86,2011-06-21 11:19,2011-06-21 11:19,171,1,475.86,2,2,3,223,Inactive,Win-back campaign
18252,United Kingdom,518.27,2,234.0,259.13,2011-06-21 11:47,2011-10-20 12:43,50,2,518.27,3,3,3,333,Growing customers,Nurture and recommend next purchase
16526,United Kingdom,290.36,1,106.0,290.36,2011-06-21 12:02,2011-06-21 12:02,171,1,290.36,2,2,2,222,Inactive,Win-back campaign
17695,United Kingdom,765.34,2,779.0,382.67,2011-06-21 12:35,2011-07-31 10:40,131,2,765.34,2,3,3,233,Inactive,Win-back campaign
12930,United Kingdom,409.9,2,252.0,204.95,2011-06-21 13:25,2011-09-22 15:18,77,2,409.9,2,3,2,232,Inactive,Win-back campaign
14960,United Kingdom,221.27,2,221.0,110.64,2011-06-21 13:38,2011-12-01 12:54,7,2,221.27,5,3,1,531,Growing customers,Nurture and recommend next purchase
12444,Norway,5005.46,5,1155.0,1001.09,2011-06-21 14:00,2011-11-18 13:23,20,5,5005.46,4,5,5,455,Champions,Nurture and recommend next purchase
17960,United Kingdom,73.78,1,41.0,73.78,2011-06-21 14:15,2011-06-21 14:15,170,1,73.78,2,2,1,221,Inactive,Win-back campaign
15412,United Kingdom,190.53,1,108.0,190.53,2011-06-21 15:24,2011-06-21 15:24,170,1,190.53,2,2,1,221,Inactive,Win-back campaign
13763,United Kingdom,1689.46,1,728.0,1689.46,2011-06-21 17:40,2011-10-07 15:13,62,1,1689.46,3,2,4,324,Growing customers,Nurture and recommend next purchase
12798,Japan,6977.04,3,5256.0,2325.68,2011-06-22 10:11,2011-11-29 15:52,9,3,6977.04,5,4,5,545,Champions,Nurture and recommend next purchase
13849,United Kingdom,1537.95,2,1016.0,768.98,2011-06-22 10:11,2011-10-19 10:59,51,2,1537.95,3,3,4,334,Loyal customers,Nurture and recommend next purchase
16114,United Kingdom,135.75,1,43.0,135.75,2011-06-22 10:13,2011-06-22 10:13,170,1,135.75,2,2,1,221,Inactive,Win-back campaign
13420,United Kingdom,140.35,2,101.0,70.17,2011-06-22 11:35,2011-07-28 12:10,134,2,140.35,2,3,1,231,Inactive,Win-back campaign
13780,United Kingdom,360.01,2,318.0,180.0,2011-06-22 11:43,2011-12-02 13:49,6,2,360.01,5,3,2,532,Loyal customers,Nurture and recommend next purchase
17877,United Kingdom,237.61,1,98.0,237.61,2011-06-22 13:00,2011-06-22 13:00,169,1,237.61,2,2,2,222,Inactive,Win-back campaign
16247,United Kingdom,114.56,1,182.0,114.56,2011-06-22 14:23,2011-06-22 14:23,169,1,114.56,2,2,1,221,Inactive,Win-back campaign
15041,United Kingdom,179.93,1,103.0,179.93,2011-06-22 16:16,2011-06-22 16:16,169,1,179.93,2,2,1,221,Inactive,Win-back campaign
12379,Belgium,850.29,2,407.0,425.14,2011-06-22 16:32,2011-09-19 10:09,81,2,850.29,2,3,3,233,Inactive,Win-back campaign
16287,United Kingdom,142.5,1,298.0,142.5,2011-06-23 09:08,2011-06-23 09:08,169,1,142.5,2,2,1,221,Inactive,Win-back campaign
12919,United Kingdom,1301.44,6,673.0,216.91,2011-06-23 09:22,2011-12-01 13:47,7,6,1301.44,5,5,4,554,Champions,Nurture and recommend next purchase
15130,United Kingdom,330.11,1,197.0,330.11,2011-06-23 10:15,2011-06-23 10:15,169,1,330.11,2,2,2,222,Inactive,Win-back campaign
12704,Finland,2220.84,8,1006.0,277.61,2011-06-23 10:20,2011-12-02 13:15,6,8,2220.84,5,5,5,555,Champions,Nurture and recommend next purchase
17370,United Kingdom,446.18,4,540.0,111.55,2011-06-23 11:50,2011-09-28 10:14,72,4,446.18,2,4,2,242,Inactive,Win-back campaign
17709,United Kingdom,137.45,1,17.0,137.45,2011-06-23 11:55,2011-06-23 11:55,169,1,137.45,2,2,1,221,Inactive,Win-back campaign
15253,United Kingdom,915.3,5,866.0,183.06,2011-06-23 12:19,2011-11-23 16:22,15,5,915.3,4,5,4,454,Champions,Nurture and recommend next purchase
13300,United Kingdom,365.29,1,203.0,365.29,2011-06-23 13:09,2011-06-28 11:59,164,1,365.29,2,2,2,222,Inactive,Win-back campaign
17759,United Kingdom,819.96,3,697.0,273.32,2011-06-23 13:35,2011-11-22 16:02,16,3,819.96,4,4,3,443,Loyal customers,Nurture and recommend next purchase
12465,Belgium,733.89,2,479.0,366.94,2011-06-23 13:37,2011-12-02 11:34,7,2,733.89,5,3,3,533,Loyal customers,Nurture and recommend next purchase
12412,Denmark,1226.88,3,829.0,408.96,2011-06-23 13:51,2011-09-26 10:16,74,3,1226.88,2,4,4,244,Loyal customers,Nurture and recommend next purchase
12697,Sweden,939.02,3,508.0,313.01,2011-06-23 15:44,2011-11-18 16:17,20,3,939.02,4,4,4,444,Loyal customers,Nurture and recommend next purchase
13937,United Kingdom,158.85,1,123.0,158.85,2011-06-23 16:35,2011-06-23 16:35,168,1,158.85,2,2,1,221,Inactive,Win-back campaign
12615,France,2291.19,4,1376.0,572.8,2011-06-24 13:35,2011-12-07 15:02,1,4,2291.19,5,4,5,545,Champions,Nurture and recommend next purchase
15850,United Kingdom,234.88,2,298.0,117.44,2011-06-24 14:16,2011-11-20 14:14,18,2,234.88,4,3,2,432,Growing customers,Nurture and recommend next purchase
15186,United Kingdom,411.41,2,215.0,205.71,2011-06-24 14:54,2011-11-25 14:58,13,2,411.41,4,3,2,432,Growing customers,Nurture and recommend next purchase
13791,United Kingdom,1047.68,2,1200.0,523.84,2011-06-24 16:38,2011-10-27 14:38,42,2,1047.68,3,3,4,334,Loyal customers,Nurture and recommend next purchase
14795,United Kingdom,131.45,1,17.0,131.45,2011-06-26 13:04,2011-06-26 13:04,165,1,131.45,2,2,1,221,Inactive,Win-back campaign
17768,United Kingdom,2081.9,3,1122.0,693.97,2011-06-26 13:46,2011-12-01 13:22,7,3,2081.9,5,4,5,545,Champions,Nurture and recommend next purchase
18112,United Kingdom,352.69,2,255.0,176.34,2011-06-26 13:56,2011-11-27 14:43,11,2,352.69,4,3,2,432,Growing customers,Nurture and recommend next purchase
12548,Spain,95.2,1,49.0,95.2,2011-06-26 15:35,2011-06-26 15:35,165,1,95.2,2,2,1,221,Inactive,Win-back campaign
17386,United Kingdom,2686.42,6,1902.0,447.74,2011-06-27 12:11,2011-12-02 11:28,7,6,2686.42,5,5,5,555,Champions,Nurture and recommend next purchase
14104,United Kingdom,216.21,2,72.0,108.11,2011-06-27 12:49,2011-07-08 12:50,154,2,216.21,2,3,1,231,Inactive,Win-back campaign
17110,United Kingdom,163.3,1,50.0,163.3,2011-06-27 12:58,2011-06-27 12:58,164,1,163.3,2,2,1,221,Inactive,Win-back campaign
13895,United Kingdom,2588.12,4,1365.0,647.03,2011-06-28 10:17,2011-11-18 17:15,20,4,2588.12,4,4,5,445,Champions,Nurture and recommend next purchase
16545,United Kingdom,339.3,1,78.0,339.3,2011-06-28 10:37,2011-06-28 10:37,164,1,339.3,2,2,2,222,Inactive,Win-back campaign
16671,United Kingdom,1692.27,3,875.0,564.09,2011-06-28 11:20,2011-11-11 13:40,27,3,1692.27,4,4,4,444,Loyal customers,Nurture and recommend next purchase
14351,United Kingdom,51.0,1,12.0,51.0,2011-06-28 11:56,2011-06-28 11:56,164,1,51.0,2,2,1,221,Inactive,Win-back campaign
17391,United Kingdom,508.8,2,480.0,254.4,2011-06-28 12:21,2011-06-29 09:58,163,2,508.8,2,3,3,233,Inactive,Win-back campaign
16824,United Kingdom,460.64,2,236.0,230.32,2011-06-28 13:36,2011-11-24 12:38,15,2,460.64,4,3,2,432,Growing customers,Nurture and recommend next purchase
17750,United Kingdom,1710.45,9,3747.0,190.05,2011-06-28 15:44,2011-12-04 14:09,4,9,1710.45,5,5,4,554,Champions,Nurture and recommend next purchase
16200,United Kingdom,1068.87,2,516.0,534.44,2011-06-28 15:47,2011-12-05 14:40,3,2,1068.87,5,3,4,534,Loyal customers,Nurture and recommend next purchase
17997,United Kingdom,1503.09,8,2273.0,187.89,2011-06-28 17:28,2011-09-26 16:13,73,8,1503.09,2,5,4,254,Loyal customers,Nurture and recommend next purchase
14383,United Kingdom,1247.69,3,817.0,415.9,2011-06-29 10:18,2011-11-01 15:53,37,3,1247.69,3,4,4,344,Loyal customers,Nurture and recommend next purchase
13461,United Kingdom,1445.0,3,1170.0,481.67,2011-06-29 10:23,2011-11-01 09:01,38,3,1445.0,3,4,4,344,Loyal customers,Nurture and recommend next purchase
17408,United Kingdom,32.65,1,3.0,32.65,2011-06-29 12:53,2011-06-29 12:53,162,1,32.65,2,2,1,221,Inactive,Win-back campaign
15537,United Kingdom,110.92,1,29.0,110.92,2011-06-29 13:10,2011-06-29 13:10,162,1,110.92,2,2,1,221,Inactive,Win-back campaign
14327,United Kingdom,311.65,1,139.0,311.65,2011-06-29 13:58,2011-06-29 13:58,162,1,311.65,2,2,2,222,Inactive,Win-back campaign
17837,United Kingdom,1508.38,8,510.0,188.55,2011-06-29 16:44,2011-10-28 16:15,41,8,1508.38,3,5,4,354,Loyal customers,Nurture and recommend next purchase
12424,Australia,1760.96,2,740.0,880.48,2011-06-30 12:06,2011-06-30 12:06,162,2,1760.96,2,3,4,234,At-risk high value,Personal outreach + tailored offer
15578,United Kingdom,127.1,1,52.0,127.1,2011-06-30 13:03,2011-06-30 13:03,161,1,127.1,2,2,1,221,Inactive,Win-back campaign
15584,United Kingdom,718.36,4,313.0,179.59,2011-06-30 16:39,2011-11-16 10:55,23,4,718.36,4,4,3,443,Loyal customers,Nurture and recommend next purchase
13745,United Kingdom,291.54,1,496.0,291.54,2011-06-30 16:43,2011-07-11 14:21,150,1,291.54,2,2,2,222,Inactive,Win-back campaign
16498,United Kingdom,86.12,2,45.0,43.06,2011-06-30 19:52,2011-07-01 15:07,160,2,86.12,2,3,1,231,Inactive,Win-back campaign
17891,United Kingdom,203.86,1,393.0,203.86,2011-06-30 20:08,2011-06-30 20:08,161,1,203.86,2,2,1,221,Inactive,Win-back campaign
17123,United Kingdom,345.3,1,246.0,345.3,2011-07-01 10:47,2011-07-01 10:47,161,1,345.3,2,2,2,222,Inactive,Win-back campaign
16866,United Kingdom,207.74,3,60.0,69.25,2011-07-01 12:34,2011-07-22 10:06,140,3,207.74,2,4,1,241,Inactive,Win-back campaign
13730,United Kingdom,752.6,2,488.0,376.3,2011-07-01 12:47,2011-07-27 08:35,135,2,752.6,2,3,3,233,Inactive,Win-back campaign
16589,United Kingdom,459.24,3,368.0,153.08,2011-07-01 13:31,2011-09-29 14:50,70,3,459.24,2,4,2,242,Inactive,Win-back campaign
12922,United Kingdom,405.38,1,370.0,405.38,2011-07-01 15:35,2011-07-01 15:35,160,1,405.38,2,2,2,222,Inactive,Win-back campaign
16009,United Kingdom,972.11,4,366.0,243.03,2011-07-03 11:26,2011-11-17 16:51,21,4,972.11,4,4,4,444,Loyal customers,Nurture and recommend next purchase
14053,United Kingdom,260.25,2,215.0,130.12,2011-07-03 12:21,2011-08-07 14:27,123,2,260.25,2,3,2,232,Inactive,Win-back campaign
17939,United Kingdom,99.14,1,40.0,99.14,2011-07-03 12:27,2011-07-03 12:27,159,1,99.14,2,2,1,221,Inactive,Win-back campaign
17312,United Kingdom,644.3,3,372.0,214.77,2011-07-03 13:12,2011-07-24 11:52,138,3,644.3,2,4,3,243,Inactive,Win-back campaign
13833,United Kingdom,383.85,1,117.0,383.85,2011-07-03 13:27,2011-07-03 13:27,158,1,383.85,2,2,2,222,Inactive,Win-back campaign
17899,United Kingdom,154.55,1,170.0,154.55,2011-07-03 14:58,2011-07-03 14:58,158,1,154.55,2,2,1,221,Inactive,Win-back campaign
15007,United Kingdom,156.91,1,69.0,156.91,2011-07-03 16:00,2011-07-03 16:00,158,1,156.91,2,2,1,221,Inactive,Win-back campaign
17464,United Kingdom,289.96,1,220.0,289.96,2011-07-04 13:19,2011-07-04 13:19,157,1,289.96,2,2,2,222,Inactive,Win-back campaign
18265,United Kingdom,801.51,2,311.0,400.75,2011-07-04 15:26,2011-09-28 14:10,71,2,801.51,2,3,3,233,Inactive,Win-back campaign
16344,United Kingdom,101.1,1,18.0,101.1,2011-07-04 15:50,2011-07-04 15:50,157,1,101.1,2,2,1,221,Inactive,Win-back campaign
13338,United Kingdom,431.82,1,256.0,431.82,2011-07-05 09:06,2011-07-08 14:53,153,1,431.82,2,2,2,222,Inactive,Win-back campaign
17024,United Kingdom,95.85,3,69.0,31.95,2011-07-05 09:31,2011-10-25 13:47,44,3,95.85,3,4,1,341,Growing customers,Nurture and recommend next purchase
14034,United Kingdom,509.09,3,420.0,169.7,2011-07-05 13:06,2011-11-17 14:02,21,3,509.09,4,4,3,443,Loyal customers,Nurture and recommend next purchase
18203,United Kingdom,160.42,1,43.0,160.42,2011-07-05 13:07,2011-07-05 13:07,156,1,160.42,2,2,1,221,Inactive,Win-back campaign
16616,United Kingdom,500.42,2,370.0,250.21,2011-07-05 13:38,2011-11-24 16:31,14,2,500.42,4,3,3,433,Loyal customers,Nurture and recommend next purchase
16338,United Kingdom,214.8,1,94.0,214.8,2011-07-05 13:56,2011-07-05 13:56,156,1,214.8,2,2,1,221,Inactive,Win-back campaign
17046,United Kingdom,642.02,1,510.0,642.02,2011-07-05 14:24,2011-07-05 14:24,156,1,642.02,2,2,3,223,Inactive,Win-back campaign
13109,United Kingdom,766.84,2,520.0,383.42,2011-07-05 14:56,2011-12-07 12:38,2,2,766.84,5,3,3,533,Loyal customers,Nurture and recommend next purchase
16829,United Kingdom,197.22,1,99.0,197.22,2011-07-06 10:48,2011-07-06 10:48,156,1,197.22,2,2,1,221,Inactive,Win-back campaign
13217,United Kingdom,133.62,3,262.0,44.54,2011-07-06 12:08,2011-08-09 15:32,121,3,133.62,2,4,1,241,Inactive,Win-back campaign
14002,United Kingdom,529.73,2,877.0,264.87,2011-07-06 14:59,2011-07-28 15:55,133,2,529.73,2,3,3,233,Inactive,Win-back campaign
12977,United Kingdom,39.24,1,12.0,39.24,2011-07-06 16:40,2011-07-06 16:40,155,1,39.24,2,2,1,221,Inactive,Win-back campaign
13291,United Kingdom,361.11,1,233.0,361.11,2011-07-07 10:36,2011-07-07 10:36,155,1,361.11,2,2,2,222,Inactive,Win-back campaign
13583,United Kingdom,781.03,1,725.0,781.03,2011-07-07 10:40,2011-07-07 10:40,155,1,781.03,2,2,3,223,Inactive,Win-back campaign
16929,United Kingdom,1295.39,7,929.0,185.06,2011-07-07 12:39,2011-12-06 08:37,3,7,1295.39,5,5,4,554,Champions,Nurture and recommend next purchase
17892,United Kingdom,244.1,3,109.0,81.37,2011-07-07 12:56,2011-10-14 16:49,55,3,244.1,3,4,2,342,Growing customers,Nurture and recommend next purchase
15505,United Kingdom,3497.14,5,2390.0,699.43,2011-07-07 13:33,2011-10-18 07:56,52,5,3497.14,3,5,5,355,Champions,Nurture and recommend next purchase
14459,United Kingdom,1837.92,1,760.0,1837.92,2011-07-07 13:35,2011-07-07 13:35,154,1,1837.92,2,2,4,224,At-risk high value,Personal outreach + tailored offer
18013,United Kingdom,187.29,2,285.0,93.64,2011-07-07 14:08,2011-07-07 14:11,154,2,187.29,2,3,1,231,Inactive,Win-back campaign
13681,United Kingdom,827.83,4,360.0,206.96,2011-07-07 15:21,2011-11-22 11:13,17,4,827.83,4,4,3,443,Loyal customers,Nurture and recommend next purchase
13699,United Kingdom,308.58,1,66.0,308.58,2011-07-07 16:51,2011-07-07 16:51,154,1,308.58,2,2,2,222,Inactive,Win-back campaign
14493,United Kingdom,2362.84,5,1285.0,472.57,2011-07-07 16:59,2011-12-02 16:14,6,5,2362.84,5,5,5,555,Champions,Nurture and recommend next purchase
13486,United Kingdom,1122.41,3,669.0,374.14,2011-07-07 17:19,2011-09-22 13:13,77,3,1122.41,2,4,4,244,Loyal customers,Nurture and recommend next purchase
13302,United Kingdom,63.75,1,5.0,63.75,2011-07-07 17:56,2011-07-07 17:56,154,1,63.75,2,2,1,221,Inactive,Win-back campaign
16012,United Kingdom,1415.29,3,799.0,471.76,2011-07-07 18:02,2011-11-04 13:25,34,3,1415.29,3,4,4,344,Loyal customers,Nurture and recommend next purchase
12635,Germany,1689.18,2,1172.0,844.59,2011-07-08 08:43,2011-09-11 11:04,89,2,1689.18,2,3,4,234,At-risk high value,Personal outreach + tailored offer
17031,United Kingdom,380.35,2,235.0,190.18,2011-07-08 09:38,2011-11-28 10:23,11,2,380.35,4,3,2,432,Growing customers,Nurture and recommend next purchase
12461,Switzerland,826.88,2,287.0,413.44,2011-07-08 10:23,2011-09-06 16:57,93,2,826.88,2,3,3,233,Inactive,Win-back campaign
12648,Germany,318.05,1,160.0,318.05,2011-07-08 11:55,2011-07-08 11:55,154,1,318.05,2,2,2,222,Inactive,Win-back campaign
18121,United Kingdom,653.3,2,438.0,326.65,2011-07-08 12:14,2011-07-13 12:53,148,2,653.3,2,3,3,233,Inactive,Win-back campaign
15901,United Kingdom,351.73,3,379.0,117.24,2011-07-08 12:18,2011-11-23 12:43,16,3,351.73,4,4,2,442,Loyal customers,Nurture and recommend next purchase
14918,United Kingdom,1610.15,2,675.0,805.08,2011-07-08 12:50,2011-08-16 11:50,115,2,1610.15,2,3,4,234,At-risk high value,Personal outreach + tailored offer
15920,United Kingdom,167.5,4,99.0,41.88,2011-07-08 15:16,2011-07-08 15:31,153,4,167.5,2,4,1,241,Inactive,Win-back campaign
17353,United Kingdom,1740.0,2,1200.0,870.0,2011-07-08 16:17,2011-08-02 17:19,128,2,1740.0,2,3,4,234,At-risk high value,Personal outreach + tailored offer
18024,United Kingdom,236.78,2,184.0,118.39,2011-07-10 12:28,2011-07-10 12:40,152,2,236.78,2,3,2,232,Inactive,Win-back campaign
15467,United Kingdom,511.88,3,310.0,170.63,2011-07-10 14:42,2011-11-30 14:17,8,3,511.88,5,4,3,543,Loyal customers,Nurture and recommend next purchase
16174,United Kingdom,1009.55,3,651.0,336.52,2011-07-11 09:23,2011-08-05 13:26,125,3,1009.55,2,4,4,244,Loyal customers,Nurture and recommend next purchase
13678,United Kingdom,232.6,1,924.0,232.6,2011-07-11 10:14,2011-07-11 10:14,151,1,232.6,2,2,2,222,Inactive,Win-back campaign
14690,United Kingdom,341.96,2,167.0,170.98,2011-07-11 11:44,2011-10-26 15:39,43,2,341.96,3,3,2,332,Growing customers,Nurture and recommend next purchase
13058,United Kingdom,271.4,3,52.0,90.47,2011-07-11 12:01,2011-11-15 12:43,24,3,271.4,4,4,2,442,Loyal customers,Nurture and recommend next purchase
14552,United Kingdom,164.22,1,90.0,164.22,2011-07-11 12:49,2011-07-11 12:49,151,1,164.22,2,2,1,221,Inactive,Win-back campaign
12556,Spain,599.56,2,355.0,299.78,2011-07-11 13:35,2011-10-20 13:06,49,2,599.56,3,3,3,333,Growing customers,Nurture and recommend next purchase
13224,United Kingdom,2150.85,2,1518.0,1075.42,2011-07-11 14:10,2011-10-10 15:00,59,2,2150.85,3,3,5,335,Loyal customers,Nurture and recommend next purchase
16989,United Kingdom,1133.25,6,1233.0,188.88,2011-07-12 09:11,2011-12-02 16:39,6,6,1133.25,5,5,4,554,Champions,Nurture and recommend next purchase
12358,Austria,1168.06,2,248.0,584.03,2011-07-12 10:04,2011-12-08 10:26,1,2,1168.06,5,3,4,534,Loyal customers,Nurture and recommend next purchase
13207,United Kingdom,250.26,2,130.0,125.13,2011-07-12 11:35,2011-11-24 14:52,14,2,250.26,4,3,2,432,Growing customers,Nurture and recommend next purchase
18122,United Kingdom,1793.06,6,1225.0,298.84,2011-07-12 11:37,2011-12-01 13:08,7,6,1793.06,5,5,4,554,Champions,Nurture and recommend next purchase
12722,France,904.33,4,566.0,226.08,2011-07-12 11:55,2011-09-15 14:50,84,4,904.33,2,4,4,244,Loyal customers,Nurture and recommend next purchase
17405,United Kingdom,967.22,3,726.0,322.41,2011-07-12 14:17,2011-12-08 17:12,0,3,967.22,5,4,4,544,Champions,Nurture and recommend next purchase
13311,United Kingdom,598.57,2,305.0,299.28,2011-07-12 14:26,2011-12-05 12:55,3,2,598.57,5,3,3,533,Loyal customers,Nurture and recommend next purchase
15051,United Kingdom,1383.36,3,1010.0,461.12,2011-07-12 15:29,2011-11-16 15:38,22,3,1383.36,4,4,4,444,Loyal customers,Nurture and recommend next purchase
15895,United Kingdom,179.17,1,94.0,179.17,2011-07-13 10:27,2011-07-13 10:27,149,1,179.17,2,2,1,221,Inactive,Win-back campaign
15795,United Kingdom,610.01,1,581.0,610.01,2011-07-13 10:43,2011-07-13 10:43,149,1,610.01,2,2,3,223,Inactive,Win-back campaign
13669,United Kingdom,218.55,2,237.0,109.27,2011-07-13 11:44,2011-10-20 09:32,50,2,218.55,3,3,1,331,Growing customers,Nurture and recommend next purchase
16450,United Kingdom,311.92,1,200.0,311.92,2011-07-13 11:47,2011-07-13 11:47,149,1,311.92,2,2,2,222,Inactive,Win-back campaign
13667,United Kingdom,299.05,1,149.0,299.05,2011-07-13 15:42,2011-07-13 15:42,148,1,299.05,2,2,2,222,Inactive,Win-back campaign
14400,United Kingdom,559.7,1,454.0,559.7,2011-07-13 15:50,2011-07-21 18:05,140,1,559.7,2,2,3,223,Inactive,Win-back campaign
12405,Finland,1710.39,1,857.0,1710.39,2011-07-14 08:52,2011-07-14 08:52,148,1,1710.39,2,2,4,224,At-risk high value,Personal outreach + tailored offer
14265,Unspecified,530.18,2,330.0,265.09,2011-07-14 09:10,2011-08-22 13:32,108,2,530.18,2,3,3,233,Inactive,Win-back campaign
14847,United Kingdom,309.4,1,120.0,309.4,2011-07-14 10:52,2011-07-14 10:52,148,1,309.4,2,2,2,222,Inactive,Win-back campaign
14862,United Kingdom,841.2,2,772.0,420.6,2011-07-14 11:20,2011-11-14 10:01,25,2,841.2,4,3,3,433,Loyal customers,Nurture and recommend next purchase
16488,United Kingdom,492.2,3,728.0,164.07,2011-07-14 11:46,2011-11-06 13:42,32,3,492.2,3,4,3,343,Loyal customers,Nurture and recommend next purchase
15256,United Kingdom,98.45,1,55.0,98.45,2011-07-14 11:47,2011-07-14 11:47,148,1,98.45,2,2,1,221,Inactive,Win-back campaign
14716,United Kingdom,307.51,2,495.0,153.75,2011-07-14 12:42,2011-10-27 17:29,42,2,307.51,3,3,2,332,Growing customers,Nurture and recommend next purchase
13933,United Kingdom,608.79,2,205.0,304.39,2011-07-14 13:35,2011-08-22 14:03,108,2,608.79,2,3,3,233,Inactive,Win-back campaign
14857,United Kingdom,1165.65,2,464.0,582.83,2011-07-14 15:03,2011-10-11 09:23,59,2,1165.65,3,3,4,334,Loyal customers,Nurture and recommend next purchase
15306,United Kingdom,1174.35,3,810.0,391.45,2011-07-14 15:22,2011-10-06 12:56,63,3,1174.35,3,4,4,344,Loyal customers,Nurture and recommend next purchase
15839,United Kingdom,1020.74,3,675.0,340.25,2011-07-14 16:35,2011-11-14 13:25,24,3,1020.74,4,4,4,444,Loyal customers,Nurture and recommend next purchase
13994,United Kingdom,2274.14,6,932.0,379.02,2011-07-14 18:28,2011-12-06 11:05,3,6,2274.14,5,5,5,555,Champions,Nurture and recommend next purchase
17554,United Kingdom,1952.45,5,1763.0,390.49,2011-07-14 20:01,2011-12-08 14:15,0,5,1952.45,5,5,4,554,Champions,Nurture and recommend next purchase
14332,United Kingdom,840.21,3,463.0,280.07,2011-07-15 10:33,2011-11-17 11:54,22,3,840.21,4,4,3,443,Loyal customers,Nurture and recommend next purchase
17266,United Kingdom,296.58,3,153.0,98.86,2011-07-15 11:57,2011-12-07 14:12,1,3,296.58,5,4,2,542,Loyal customers,Nurture and recommend next purchase
17948,United Kingdom,358.56,1,144.0,358.56,2011-07-15 12:58,2011-07-15 12:58,146,1,358.56,2,2,2,222,Inactive,Win-back campaign
15004,United Kingdom,1220.77,1,623.0,1220.77,2011-07-15 14:05,2011-07-15 14:05,146,1,1220.77,2,2,4,224,At-risk high value,Personal outreach + tailored offer
14722,United Kingdom,180.42,1,118.0,180.42,2011-07-15 14:58,2011-07-15 14:58,146,1,180.42,2,2,1,221,Inactive,Win-back campaign
13507,United Kingdom,2479.16,4,1597.0,619.79,2011-07-17 11:50,2011-12-06 13:13,2,4,2479.16,5,4,5,545,Champions,Nurture and recommend next purchase
13967,United Kingdom,80.7,1,42.0,80.7,2011-07-17 12:02,2011-07-17 12:02,145,1,80.7,2,2,1,221,Inactive,Win-back campaign
16054,United Kingdom,783.9,1,380.0,783.9,2011-07-17 13:08,2011-07-17 13:08,144,1,783.9,2,2,3,223,Inactive,Win-back campaign
12833,United Kingdom,417.38,1,156.0,417.38,2011-07-17 13:46,2011-07-17 13:46,144,1,417.38,2,2,2,222,Inactive,Win-back campaign
16474,United Kingdom,1750.62,7,909.0,250.09,2011-07-17 14:51,2011-12-02 13:02,6,7,1750.62,5,5,4,554,Champions,Nurture and recommend next purchase
17984,United Kingdom,152.68,1,98.0,152.68,2011-07-17 15:59,2011-07-17 15:59,144,1,152.68,2,2,1,221,Inactive,Win-back campaign
12589,France,646.68,2,306.0,323.34,2011-07-18 12:05,2011-11-11 10:19,28,2,646.68,4,3,3,433,Loyal customers,Nurture and recommend next purchase
17448,United Kingdom,-4287.63,0,0,0,2011-07-18 12:26,2011-07-18 12:26,144,0,-4287.63,2,1,1,211,Inactive,Win-back campaign
16762,United Kingdom,1207.24,3,480.0,402.41,2011-07-18 12:52,2011-11-20 11:43,19,3,1207.24,4,4,4,444,Loyal customers,Nurture and recommend next purchase
15369,United Kingdom,-1592.49,0,0,0,2011-07-18 15:11,2011-07-18 15:11,143,0,-1592.49,2,1,1,211,Inactive,Win-back campaign
13154,United Kingdom,-611.86,0,0,0,2011-07-18 15:21,2011-07-18 15:21,143,0,-611.86,2,1,1,211,Inactive,Win-back campaign
13940,United Kingdom,839.14,4,516.0,209.78,2011-07-18 16:05,2011-11-22 15:15,16,4,839.14,4,4,3,443,Loyal customers,Nurture and recommend next purchase
14029,United Kingdom,467.66,2,198.0,233.83,2011-07-18 16:57,2011-10-07 14:46,62,2,467.66,3,3,3,333,Growing customers,Nurture and recommend next purchase
14117,United Kingdom,90.0,1,72.0,90.0,2011-07-19 09:49,2011-07-19 09:49,143,1,90.0,2,2,1,221,Inactive,Win-back campaign
13167,United Kingdom,791.33,4,785.0,197.83,2011-07-19 12:13,2011-11-21 12:24,18,4,791.33,4,4,3,443,Loyal customers,Nurture and recommend next purchase
17779,United Kingdom,633.92,3,396.0,211.31,2011-07-19 12:19,2011-11-18 14:15,20,3,633.92,4,4,3,443,Loyal customers,Nurture and recommend next purchase
13991,United Kingdom,847.54,6,995.0,141.26,2011-07-19 12:58,2011-11-27 16:18,11,6,847.54,4,5,3,453,Loyal customers,Nurture and recommend next purchase
18101,United Kingdom,222.4,2,87.0,111.2,2011-07-19 13:05,2011-11-28 13:37,10,2,222.4,4,3,1,431,Growing customers,Nurture and recommend next purchase
17065,United Kingdom,-112.35,0,0,0,2011-07-19 14:45,2011-07-19 14:45,142,0,-112.35,2,1,1,211,Inactive,Win-back campaign
13827,United Kingdom,409.8,3,138.0,136.6,2011-07-19 15:38,2011-10-13 12:38,57,3,409.8,3,4,2,342,Growing customers,Nurture and recommend next purchase
12560,Germany,2101.39,3,1110.0,700.46,2011-07-19 15:55,2011-12-04 13:54,4,3,2101.39,5,4,5,545,Champions,Nurture and recommend next purchase
16764,United Kingdom,2749.95,13,1253.0,211.53,2011-07-19 17:17,2011-12-06 11:41,3,13,2749.95,5,5,5,555,Champions,Nurture and recommend next purchase
18180,United Kingdom,1843.75,6,1721.0,307.29,2011-07-20 08:59,2011-12-05 08:39,4,6,1843.75,5,5,4,554,Champions,Nurture and recommend next purchase
12521,Germany,599.68,1,309.0,599.68,2011-07-20 10:51,2011-07-20 10:51,142,1,599.68,2,2,3,223,Inactive,Win-back campaign
17866,United Kingdom,325.7,1,174.0,325.7,2011-07-20 11:07,2011-07-20 11:09,142,1,325.7,2,2,2,222,Inactive,Win-back campaign
15802,United Kingdom,-451.42,1,1.0,-451.42,2011-07-20 11:23,2011-07-20 11:40,142,1,-451.42,2,2,1,221,Inactive,Win-back campaign
17229,United Kingdom,318.76,2,185.0,159.38,2011-07-20 12:38,2011-09-04 13:56,95,2,318.76,2,3,2,232,Inactive,Win-back campaign
14456,United Kingdom,3002.51,9,2885.0,333.61,2011-07-20 13:06,2011-12-04 13:59,4,9,3002.51,5,5,5,555,Champions,Nurture and recommend next purchase
16464,United Kingdom,1298.66,3,952.0,432.89,2011-07-20 13:53,2011-11-20 12:11,19,3,1298.66,4,4,4,444,Loyal customers,Nurture and recommend next purchase
17962,United Kingdom,102.41,1,127.0,102.41,2011-07-20 14:16,2011-07-20 14:16,141,1,102.41,2,2,1,221,Inactive,Win-back campaign
16149,United Kingdom,280.52,2,308.0,140.26,2011-07-20 14:54,2011-12-05 11:29,4,2,280.52,5,3,2,532,Loyal customers,Nurture and recommend next purchase
14259,United Kingdom,120.0,1,68.0,120.0,2011-07-21 10:44,2011-07-21 10:44,141,1,120.0,2,2,1,221,Inactive,Win-back campaign
18143,United Kingdom,1000.16,2,570.0,500.08,2011-07-21 10:44,2011-08-15 12:07,116,2,1000.16,2,3,4,234,At-risk high value,Personal outreach + tailored offer
17935,United Kingdom,145.79,2,82.0,72.89,2011-07-21 11:23,2011-07-24 13:18,137,2,145.79,2,3,1,231,Inactive,Win-back campaign
14517,United Kingdom,330.45,2,91.0,165.22,2011-07-21 11:42,2011-11-06 14:20,32,2,330.45,3,3,2,332,Growing customers,Nurture and recommend next purchase
17694,United Kingdom,283.12,1,184.0,283.12,2011-07-21 12:00,2011-07-21 12:00,141,1,283.12,2,2,2,222,Inactive,Win-back campaign
17660,United Kingdom,178.75,1,121.0,178.75,2011-07-21 13:37,2011-07-21 13:37,140,1,178.75,2,2,1,221,Inactive,Win-back campaign
16041,United Kingdom,3166.4,3,1584.0,1055.47,2011-07-21 16:27,2011-11-09 12:25,30,3,3166.4,4,4,5,445,Champions,Nurture and recommend next purchase
15623,United Kingdom,301.03,1,125.0,301.03,2011-07-21 17:26,2011-07-21 17:26,140,1,301.03,2,2,2,222,Inactive,Win-back campaign
15829,United Kingdom,636.14,2,996.0,318.07,2011-07-22 10:23,2011-09-01 16:45,98,2,636.14,2,3,3,233,Inactive,Win-back campaign
15232,United Kingdom,612.06,2,686.0,306.03,2011-07-22 12:21,2011-08-18 16:27,112,2,612.06,2,3,3,233,Inactive,Win-back campaign
12438,Norway,2906.85,2,1180.0,1453.42,2011-07-22 13:29,2011-11-25 13:28,13,2,2906.85,4,3,5,435,Loyal customers,Nurture and recommend next purchase
12627,Germany,4478.53,7,2752.0,639.79,2011-07-22 13:59,2011-11-29 12:07,10,7,4478.53,4,5,5,455,Champions,Nurture and recommend next purchase
13079,United Kingdom,220.1,5,62.0,44.02,2011-07-22 14:41,2011-12-05 16:53,3,5,220.1,5,5,1,551,Loyal customers,Nurture and recommend next purchase
18262,United Kingdom,149.48,1,182.0,149.48,2011-07-22 16:04,2011-07-22 16:04,139,1,149.48,2,2,1,221,Inactive,Win-back campaign
13563,United Kingdom,777.53,2,209.0,388.76,2011-07-22 17:21,2011-09-16 14:45,83,2,777.53,2,3,3,233,Inactive,Win-back campaign
15506,United Kingdom,972.08,3,842.0,324.03,2011-07-24 11:45,2011-11-17 12:11,22,3,972.08,4,4,4,444,Loyal customers,Nurture and recommend next purchase
16305,United Kingdom,361.22,1,256.0,361.22,2011-07-24 12:18,2011-07-24 12:18,138,1,361.22,2,2,2,222,Inactive,Win-back campaign
12864,United Kingdom,147.12,1,216.0,147.12,2011-07-24 13:03,2011-07-24 13:03,137,1,147.12,2,2,1,221,Inactive,Win-back campaign
17724,United Kingdom,995.65,3,300.0,331.88,2011-07-24 13:26,2011-10-13 10:53,57,3,995.65,3,4,4,344,Loyal customers,Nurture and recommend next purchase
17703,United Kingdom,798.74,3,590.0,266.25,2011-07-24 13:30,2011-11-04 15:51,34,3,798.74,3,4,3,343,Loyal customers,Nurture and recommend next purchase
13116,United Kingdom,485.19,1,291.0,485.19,2011-07-24 14:33,2011-08-14 14:36,116,1,485.19,2,2,3,223,Inactive,Win-back campaign
14019,United Kingdom,1398.96,3,1037.0,466.32,2011-07-24 15:39,2011-10-24 10:13,46,3,1398.96,3,4,4,344,Loyal customers,Nurture and recommend next purchase
17649,United Kingdom,861.74,1,399.0,861.74,2011-07-24 15:53,2011-07-28 10:50,134,1,861.74,2,2,3,223,Inactive,Win-back campaign
16178,United Kingdom,197.9,1,94.0,197.9,2011-07-24 16:05,2011-07-24 16:05,137,1,197.9,2,2,1,221,Inactive,Win-back campaign
17040,United Kingdom,449.73,1,181.0,449.73,2011-07-25 10:19,2011-07-25 10:19,137,1,449.73,2,2,2,222,Inactive,Win-back campaign
14100,United Kingdom,191.95,1,63.0,191.95,2011-07-25 11:01,2011-07-25 11:01,137,1,191.95,2,2,1,221,Inactive,Win-back campaign
16557,United Kingdom,281.85,2,111.0,140.93,2011-07-25 13:28,2011-11-15 14:04,23,2,281.85,4,3,2,432,Growing customers,Nurture and recommend next purchase
13296,United Kingdom,87.4,1,78.0,87.4,2011-07-25 13:46,2011-07-25 13:46,136,1,87.4,2,2,1,221,Inactive,Win-back campaign
13814,Germany,1562.12,2,864.0,781.06,2011-07-25 13:54,2011-10-14 16:57,55,2,1562.12,3,3,4,334,Loyal customers,Nurture and recommend next purchase
16364,United Kingdom,705.79,2,279.0,352.89,2011-07-25 14:35,2011-11-28 11:27,11,2,705.79,4,3,3,433,Loyal customers,Nurture and recommend next purchase
17693,United Kingdom,187.02,1,231.0,187.02,2011-07-25 15:48,2011-07-26 17:12,135,1,187.02,2,2,1,221,Inactive,Win-back campaign
15372,United Kingdom,2007.4,1,2924.0,2007.4,2011-07-25 16:39,2011-07-25 16:39,136,1,2007.4,2,2,5,225,At-risk high value,Personal outreach + tailored offer
15618,United Kingdom,747.03,4,454.0,186.76,2011-07-26 10:13,2011-11-07 08:34,32,4,747.03,3,4,3,343,Loyal customers,Nurture and recommend next purchase
13930,United Kingdom,337.34,2,274.0,168.67,2011-07-26 11:00,2011-10-13 09:45,57,2,337.34,3,3,2,332,Growing customers,Nurture and recommend next purchase
13379,United Kingdom,572.56,3,601.0,190.85,2011-07-26 12:26,2011-11-13 13:45,25,3,572.56,4,4,3,443,Loyal customers,Nurture and recommend next purchase
13194,United Kingdom,60.7,1,26.0,60.7,2011-07-27 09:01,2011-07-27 09:01,135,1,60.7,2,2,1,221,Inactive,Win-back campaign
16447,United Kingdom,255.91,1,221.0,255.91,2011-07-27 12:45,2011-07-27 12:45,135,1,255.91,2,2,2,222,Inactive,Win-back campaign
14305,United Kingdom,1803.76,3,1089.0,601.25,2011-07-27 14:14,2011-09-29 15:29,70,3,1803.76,2,4,4,244,Loyal customers,Nurture and recommend next purchase
12397,Belgium,2409.9,2,1263.0,1204.95,2011-07-27 14:21,2011-11-04 09:52,35,2,2409.9,3,3,5,335,Loyal customers,Nurture and recommend next purchase
14331,United Kingdom,462.66,2,252.0,231.33,2011-07-27 15:14,2011-08-07 13:17,123,2,462.66,2,3,2,232,Inactive,Win-back campaign
15261,United Kingdom,254.82,1,270.0,254.82,2011-07-27 15:20,2011-07-27 15:20,134,1,254.82,2,2,2,222,Inactive,Win-back campaign
15105,United Kingdom,2298.93,7,1211.0,328.42,2011-07-28 10:09,2011-11-21 16:54,17,7,2298.93,4,5,5,455,Champions,Nurture and recommend next purchase
13813,Germany,1353.41,4,552.0,338.35,2011-07-28 10:33,2011-10-31 10:38,39,4,1353.41,3,4,4,344,Loyal customers,Nurture and recommend next purchase
18268,United Kingdom,0.0,1,2.0,0.0,2011-07-28 11:16,2011-07-28 19:13,133,1,0.0,2,2,1,221,Inactive,Win-back campaign
14855,United Kingdom,645.65,2,267.0,322.82,2011-07-28 12:06,2011-08-12 14:02,118,2,645.65,2,3,3,233,Inactive,Win-back campaign
13925,United Kingdom,616.65,4,331.0,154.16,2011-07-28 12:09,2011-11-03 13:00,35,4,616.65,3,4,3,343,Loyal customers,Nurture and recommend next purchase
18237,United Kingdom,987.1,5,622.0,197.42,2011-07-28 13:05,2011-12-07 12:49,2,5,987.1,5,5,4,554,Champions,Nurture and recommend next purchase
12453,Austria,707.09,1,473.0,707.09,2011-07-28 14:08,2011-07-28 14:08,133,1,707.09,2,2,3,223,Inactive,Win-back campaign
15639,United Kingdom,425.32,1,323.0,425.32,2011-07-28 14:30,2011-07-28 14:30,133,1,425.32,2,2,2,222,Inactive,Win-back campaign
15118,United Kingdom,244.8,1,1440.0,244.8,2011-07-28 14:54,2011-07-28 14:54,133,1,244.8,2,2,2,222,Inactive,Win-back campaign
15746,United Kingdom,182.96,1,178.0,182.96,2011-07-28 15:21,2011-07-28 15:27,133,1,182.96,2,2,1,221,Inactive,Win-back campaign
12743,Unspecified,540.13,2,315.0,270.06,2011-07-28 16:06,2011-07-28 16:21,133,2,540.13,2,3,3,233,Inactive,Win-back campaign
15942,United Kingdom,337.44,1,232.0,337.44,2011-07-29 09:01,2011-07-29 09:01,133,1,337.44,2,2,2,222,Inactive,Win-back campaign
14143,United Kingdom,115.8,1,30.0,115.8,2011-07-29 09:48,2011-07-29 09:48,133,1,115.8,2,2,1,221,Inactive,Win-back campaign
15120,United Kingdom,343.82,1,296.0,343.82,2011-07-29 09:48,2011-08-02 10:05,129,1,343.82,2,2,2,222,Inactive,Win-back campaign
16147,United Kingdom,375.0,1,246.0,375.0,2011-07-29 09:57,2011-07-29 09:57,133,1,375.0,2,2,2,222,Inactive,Win-back campaign
13277,United Kingdom,258.4,4,176.0,64.6,2011-07-29 10:06,2011-11-24 09:21,15,4,258.4,4,4,2,442,Loyal customers,Nurture and recommend next purchase
18127,United Kingdom,347.08,3,187.0,115.69,2011-07-29 10:06,2011-11-20 14:05,18,3,347.08,4,4,2,442,Loyal customers,Nurture and recommend next purchase
15149,United Kingdom,520.8,1,128.0,520.8,2011-07-29 10:58,2011-07-29 10:58,133,1,520.8,2,2,3,223,Inactive,Win-back campaign
18081,United Kingdom,343.45,3,195.0,114.48,2011-07-29 11:56,2011-11-03 16:30,35,3,343.45,3,4,2,342,Growing customers,Nurture and recommend next purchase
14511,United Kingdom,1267.41,5,784.0,253.48,2011-07-29 12:13,2011-11-28 17:05,10,5,1267.41,4,5,4,454,Champions,Nurture and recommend next purchase
12716,France,1053.49,2,708.0,526.75,2011-07-29 13:28,2011-12-06 08:55,3,2,1053.49,5,3,4,534,Loyal customers,Nurture and recommend next purchase
15776,United Kingdom,241.62,1,138.0,241.62,2011-07-29 13:46,2011-07-29 13:46,132,1,241.62,2,2,2,222,Inactive,Win-back campaign
12981,United Kingdom,372.22,2,242.0,186.11,2011-07-29 14:14,2011-11-10 12:00,29,2,372.22,4,3,2,432,Growing customers,Nurture and recommend next purchase
13106,United Kingdom,59.5,1,18.0,59.5,2011-07-29 15:12,2011-08-03 11:50,128,1,59.5,2,2,1,221,Inactive,Win-back campaign
13928,United Kingdom,464.57,4,129.0,116.14,2011-07-29 15:59,2011-11-29 10:33,10,4,464.57,4,4,3,443,Loyal customers,Nurture and recommend next purchase
14885,United Kingdom,765.32,1,724.0,765.32,2011-07-31 12:05,2011-07-31 12:05,131,1,765.32,2,2,3,223,Inactive,Win-back campaign
13388,United Kingdom,627.15,2,282.0,313.57,2011-07-31 12:52,2011-08-10 13:35,120,2,627.15,2,3,3,233,Inactive,Win-back campaign
15438,United Kingdom,156.58,1,59.0,156.58,2011-07-31 14:19,2011-07-31 14:19,130,1,156.58,2,2,1,221,Inactive,Win-back campaign
17173,United Kingdom,3755.65,8,1122.0,469.46,2011-07-31 15:26,2011-12-04 14:40,4,8,3755.65,5,5,5,555,Champions,Nurture and recommend next purchase
17941,United Kingdom,304.56,1,252.0,304.56,2011-08-01 08:30,2011-08-01 08:30,130,1,304.56,2,2,2,222,Inactive,Win-back campaign
14947,United Kingdom,290.82,2,179.0,145.41,2011-08-01 09:31,2011-09-28 15:48,71,2,290.82,2,3,2,232,Inactive,Win-back campaign
17053,United Kingdom,496.38,1,122.0,496.38,2011-08-01 10:23,2011-08-03 10:55,128,1,496.38,2,2,3,223,Inactive,Win-back campaign
12534,Germany,1089.18,1,651.0,1089.18,2011-08-01 10:26,2011-08-01 10:26,130,1,1089.18,2,2,4,224,At-risk high value,Personal outreach + tailored offer
12844,United Kingdom,325.96,2,125.0,162.98,2011-08-01 13:11,2011-11-10 13:31,28,2,325.96,4,3,2,432,Growing customers,Nurture and recommend next purchase
14567,United Kingdom,1524.46,2,412.0,762.23,2011-08-01 13:48,2011-11-04 13:57,34,2,1524.46,3,3,4,334,Loyal customers,Nurture and recommend next purchase
14937,Channel Islands,1617.63,3,484.0,539.21,2011-08-01 14:16,2011-10-14 12:29,56,3,1617.63,3,4,4,344,Loyal customers,Nurture and recommend next purchase
12828,United Kingdom,1018.71,6,494.0,169.78,2011-08-01 16:16,2011-12-07 08:45,2,6,1018.71,5,5,4,554,Champions,Nurture and recommend next purchase
16984,United Kingdom,4370.59,2,2380.0,2185.3,2011-08-01 17:37,2011-09-22 18:21,77,2,4370.59,2,3,5,235,Loyal customers,Nurture and recommend next purchase
13023,United Kingdom,689.9,2,286.0,344.95,2011-08-02 09:34,2011-10-06 16:27,63,2,689.9,3,3,3,333,Growing customers,Nurture and recommend next purchase
17553,United Kingdom,1487.6,1,1048.0,1487.6,2011-08-02 10:00,2011-08-02 10:00,129,1,1487.6,2,2,4,224,At-risk high value,Personal outreach + tailored offer
13075,United Kingdom,919.61,1,485.0,919.61,2011-08-02 10:19,2011-08-02 10:19,129,1,919.61,2,2,4,224,At-risk high value,Personal outreach + tailored offer
15342,United Kingdom,391.76,1,283.0,391.76,2011-08-02 10:19,2011-08-15 16:20,115,1,391.76,2,2,2,222,Inactive,Win-back campaign
12644,Germany,477.91,1,325.0,477.91,2011-08-02 10:33,2011-08-02 10:33,129,1,477.91,2,2,3,223,Inactive,Win-back campaign
12378,Switzerland,4008.62,1,2529.0,4008.62,2011-08-02 10:34,2011-08-02 10:34,129,1,4008.62,2,2,5,225,At-risk high value,Personal outreach + tailored offer
17788,United Kingdom,1117.9,2,211.0,558.95,2011-08-02 10:38,2011-09-27 10:09,73,2,1117.9,2,3,4,234,At-risk high value,Personal outreach + tailored offer
13850,United Kingdom,1586.81,1,944.0,1586.81,2011-08-02 14:04,2011-09-12 18:00,87,1,1586.81,2,2,4,224,At-risk high value,Personal outreach + tailored offer
14076,United Kingdom,118.67,1,79.0,118.67,2011-08-02 15:19,2011-08-02 15:19,128,1,118.67,2,2,1,221,Inactive,Win-back campaign
13805,United Kingdom,924.6,2,1900.0,462.3,2011-08-02 15:29,2011-10-18 14:50,51,2,924.6,3,3,4,334,Loyal customers,Nurture and recommend next purchase
17887,United Kingdom,111.35,1,30.0,111.35,2011-08-02 17:29,2011-08-02 17:29,128,1,111.35,2,2,1,221,Inactive,Win-back campaign
13186,United Kingdom,1539.69,3,820.0,513.23,2011-08-03 09:09,2011-10-31 11:40,39,3,1539.69,3,4,4,344,Loyal customers,Nurture and recommend next purchase
12750,Poland,275.88,1,137.0,275.88,2011-08-03 09:13,2011-08-03 09:13,128,1,275.88,2,2,2,222,Inactive,Win-back campaign
15374,United Kingdom,168.0,1,126.0,168.0,2011-08-03 09:59,2011-08-03 09:59,128,1,168.0,2,2,1,221,Inactive,Win-back campaign
17656,United Kingdom,1674.69,5,1399.0,334.94,2011-08-03 10:45,2011-09-27 13:04,72,5,1674.69,2,5,4,254,Loyal customers,Nurture and recommend next purchase
16102,United Kingdom,1842.14,3,942.0,614.05,2011-08-03 12:50,2011-10-28 13:19,41,3,1842.14,3,4,4,344,Loyal customers,Nurture and recommend next purchase
15089,United Kingdom,2420.84,6,1359.0,403.47,2011-08-03 14:14,2011-11-29 16:31,9,6,2420.84,5,5,5,555,Champions,Nurture and recommend next purchase
14972,United Kingdom,114.77,1,28.0,114.77,2011-08-03 14:54,2011-08-03 14:54,127,1,114.77,2,2,1,221,Inactive,Win-back campaign
17514,United Kingdom,208.65,1,135.0,208.65,2011-08-03 15:45,2011-08-03 15:45,127,1,208.65,2,2,1,221,Inactive,Win-back campaign
12917,United Kingdom,594.0,1,120.0,594.0,2011-08-03 16:42,2011-08-03 16:42,127,1,594.0,2,2,3,223,Inactive,Win-back campaign
12689,France,1247.61,2,628.0,623.8,2011-08-04 10:04,2011-11-14 08:31,25,2,1247.61,4,3,4,434,Loyal customers,Nurture and recommend next purchase
14768,United Kingdom,139.5,2,52.0,69.75,2011-08-04 13:25,2011-11-22 12:54,16,2,139.5,4,3,1,431,Growing customers,Nurture and recommend next purchase
17584,United Kingdom,1227.3,2,458.0,613.65,2011-08-04 14:12,2011-12-02 17:12,6,2,1227.3,5,3,4,534,Loyal customers,Nurture and recommend next purchase
15254,United Kingdom,300.36,1,275.0,300.36,2011-08-04 15:04,2011-08-04 15:04,126,1,300.36,2,2,2,222,Inactive,Win-back campaign
18099,United Kingdom,168.31,1,149.0,168.31,2011-08-04 15:52,2011-08-04 15:52,126,1,168.31,2,2,1,221,Inactive,Win-back campaign
15205,United Kingdom,648.83,2,378.0,324.42,2011-08-04 16:07,2011-09-15 19:36,84,2,648.83,2,3,3,233,Inactive,Win-back campaign
13218,United Kingdom,62.64,1,88.0,62.64,2011-08-04 16:59,2011-08-04 16:59,126,1,62.64,2,2,1,221,Inactive,Win-back campaign
17267,United Kingdom,317.2,2,158.0,158.6,2011-08-04 17:19,2011-08-04 17:22,126,2,317.2,2,3,2,232,Inactive,Win-back campaign
16302,United Kingdom,212.82,1,158.0,212.82,2011-08-05 09:44,2011-08-24 09:25,107,1,212.82,2,2,1,221,Inactive,Win-back campaign
13513,United Kingdom,205.1,1,109.0,205.1,2011-08-05 11:50,2011-08-05 11:50,126,1,205.1,2,2,1,221,Inactive,Win-back campaign
14720,United Kingdom,663.81,3,219.0,221.27,2011-08-05 12:06,2011-12-04 12:02,5,3,663.81,5,4,3,543,Loyal customers,Nurture and recommend next purchase
18282,United Kingdom,176.6,2,103.0,88.3,2011-08-05 13:35,2011-12-02 11:43,7,2,176.6,5,3,1,531,Growing customers,Nurture and recommend next purchase
12610,Italy,2057.99,5,1049.0,411.6,2011-08-05 13:52,2011-11-17 09:34,22,5,2057.99,4,5,5,455,Champions,Nurture and recommend next purchase
13200,United Kingdom,870.09,4,516.0,217.52,2011-08-05 14:50,2011-11-20 15:35,18,4,870.09,4,4,3,443,Loyal customers,Nurture and recommend next purchase
14079,United Kingdom,375.1,1,301.0,375.1,2011-08-07 12:10,2011-08-07 12:10,124,1,375.1,2,2,2,222,Inactive,Win-back campaign
17298,United Kingdom,498.42,2,387.0,249.21,2011-08-07 12:21,2011-08-30 16:43,100,2,498.42,2,3,3,233,Inactive,Win-back campaign
14024,United Kingdom,327.7,2,150.0,163.85,2011-08-07 13:31,2011-08-10 11:30,121,2,327.7,2,3,2,232,Inactive,Win-back campaign
16066,United Kingdom,1521.04,5,935.0,304.21,2011-08-07 14:33,2011-11-23 11:54,16,5,1521.04,4,5,4,454,Champions,Nurture and recommend next purchase
15198,United Kingdom,193.64,2,120.0,96.82,2011-08-07 15:16,2011-09-08 14:42,91,2,193.64,2,3,1,231,Inactive,Win-back campaign
12885,United Kingdom,1158.27,3,655.0,386.09,2011-08-08 11:45,2011-10-07 13:40,62,3,1158.27,3,4,4,344,Loyal customers,Nurture and recommend next purchase
17331,United Kingdom,175.2,1,16.0,175.2,2011-08-08 11:55,2011-08-08 11:55,123,1,175.2,2,2,1,221,Inactive,Win-back campaign
13016,United Kingdom,789.89,3,527.0,263.3,2011-08-08 15:00,2011-09-27 14:08,72,3,789.89,2,4,3,243,Inactive,Win-back campaign
13500,United Kingdom,1136.77,3,609.0,378.92,2011-08-09 12:20,2011-11-16 15:35,22,3,1136.77,4,4,4,444,Loyal customers,Nurture and recommend next purchase
15247,United Kingdom,356.0,1,160.0,356.0,2011-08-09 12:52,2011-08-09 12:52,121,1,356.0,2,2,2,222,Inactive,Win-back campaign
13355,United Kingdom,674.7,1,314.0,674.7,2011-08-09 14:48,2011-08-09 14:48,121,1,674.7,2,2,3,223,Inactive,Win-back campaign
16053,United Kingdom,1511.95,2,1793.0,755.98,2011-08-09 14:57,2011-11-07 11:21,32,2,1511.95,3,3,4,334,Loyal customers,Nurture and recommend next purchase
13919,Denmark,350.16,2,474.0,175.08,2011-08-10 10:15,2011-10-17 15:24,52,2,350.16,3,3,2,332,Growing customers,Nurture and recommend next purchase
12384,Switzerland,566.16,2,126.0,283.08,2011-08-10 11:23,2011-11-11 08:39,28,2,566.16,4,3,3,433,Loyal customers,Nurture and recommend next purchase
16292,United Kingdom,280.9,1,191.0,280.9,2011-08-10 12:24,2011-08-14 14:30,116,1,280.9,2,2,2,222,Inactive,Win-back campaign
12571,France,519.61,2,523.0,259.81,2011-08-10 12:35,2011-10-31 10:19,39,2,519.61,3,3,3,333,Growing customers,Nurture and recommend next purchase
14116,United Kingdom,1382.74,5,707.0,276.55,2011-08-10 12:44,2011-11-20 10:29,19,5,1382.74,4,5,4,454,Champions,Nurture and recommend next purchase
14495,United Kingdom,123.8,2,62.0,61.9,2011-08-10 14:13,2011-10-20 12:28,50,2,123.8,3,3,1,331,Growing customers,Nurture and recommend next purchase
15494,United Kingdom,1280.58,2,1139.0,640.29,2011-08-10 15:29,2011-11-18 14:51,20,2,1280.58,4,3,4,434,Loyal customers,Nurture and recommend next purchase
15608,United Kingdom,1093.68,4,714.0,273.42,2011-08-11 09:56,2011-11-11 13:20,27,4,1093.68,4,4,4,444,Loyal customers,Nurture and recommend next purchase
17248,United Kingdom,318.65,1,213.0,318.65,2011-08-11 13:34,2011-08-11 13:34,119,1,318.65,2,2,2,222,Inactive,Win-back campaign
17653,United Kingdom,1175.88,4,1409.0,293.97,2011-08-11 15:24,2011-11-10 14:26,28,4,1175.88,4,4,4,444,Loyal customers,Nurture and recommend next purchase
13645,United Kingdom,252.1,1,158.0,252.1,2011-08-11 16:11,2011-08-11 16:11,119,1,252.1,2,2,2,222,Inactive,Win-back campaign
15469,United Kingdom,504.5,2,153.0,252.25,2011-08-11 16:54,2011-10-27 19:16,42,2,504.5,3,3,3,333,Growing customers,Nurture and recommend next purchase
13307,United Kingdom,15.0,1,4.0,15.0,2011-08-11 17:14,2011-08-11 17:14,119,1,15.0,2,2,1,221,Inactive,Win-back campaign
12381,Norway,1803.96,5,808.0,360.79,2011-08-12 09:57,2011-12-05 12:44,4,5,1803.96,5,5,4,554,Champions,Nurture and recommend next purchase
17122,United Kingdom,138.32,1,80.0,138.32,2011-08-12 14:33,2011-08-12 14:33,118,1,138.32,2,2,1,221,Inactive,Win-back campaign
14406,United Kingdom,156.75,1,77.0,156.75,2011-08-12 16:54,2011-08-12 16:54,118,1,156.75,2,2,1,221,Inactive,Win-back campaign
15683,United Kingdom,193.75,1,131.0,193.75,2011-08-14 12:56,2011-08-14 12:56,116,1,193.75,2,2,1,221,Inactive,Win-back campaign
14301,United Kingdom,632.04,1,606.0,632.04,2011-08-14 15:33,2011-08-24 09:04,107,1,632.04,2,2,3,223,Inactive,Win-back campaign
14658,United Kingdom,247.15,2,47.0,123.58,2011-08-14 15:42,2011-12-04 15:35,4,2,247.15,5,3,2,532,Loyal customers,Nurture and recommend next purchase
13621,United Kingdom,213.85,1,343.0,213.85,2011-08-15 08:26,2011-08-15 08:26,116,1,213.85,2,2,1,221,Inactive,Win-back campaign
16272,United Kingdom,411.7,1,224.0,411.7,2011-08-15 10:53,2011-08-15 10:54,116,1,411.7,2,2,2,222,Inactive,Win-back campaign
17958,United Kingdom,508.46,1,84.0,508.46,2011-08-15 12:19,2011-08-15 12:19,116,1,508.46,2,2,3,223,Inactive,Win-back campaign
16836,United Kingdom,251.87,2,165.0,125.94,2011-08-15 12:38,2011-10-31 10:05,39,2,251.87,3,3,2,332,Growing customers,Nurture and recommend next purchase
16961,United Kingdom,234.17,1,125.0,234.17,2011-08-15 13:46,2011-08-15 13:46,115,1,234.17,2,2,2,222,Inactive,Win-back campaign
16902,United Kingdom,1706.88,1,629.0,1706.88,2011-08-15 14:17,2011-08-15 14:17,115,1,1706.88,2,2,4,224,At-risk high value,Personal outreach + tailored offer
15706,United Kingdom,1001.81,4,321.0,250.45,2011-08-15 14:32,2011-10-11 10:14,59,4,1001.81,3,4,4,344,Loyal customers,Nurture and recommend next purchase
15480,Malta,905.5,1,303.0,905.5,2011-08-15 14:32,2011-08-15 14:32,115,1,905.5,2,2,4,224,At-risk high value,Personal outreach + tailored offer
15315,United Kingdom,551.54,2,862.0,275.77,2011-08-15 15:17,2011-10-06 12:51,63,2,551.54,3,3,3,333,Growing customers,Nurture and recommend next purchase
15653,United Kingdom,877.44,2,1200.0,438.72,2011-08-16 09:50,2011-09-08 10:49,92,2,877.44,2,3,3,233,Inactive,Win-back campaign
13159,United Kingdom,1371.25,4,1058.0,342.81,2011-08-16 11:44,2011-12-01 11:20,8,4,1371.25,5,4,4,544,Champions,Nurture and recommend next purchase
13189,United Kingdom,260.68,2,842.0,130.34,2011-08-16 13:12,2011-11-21 10:39,18,2,260.68,4,3,2,432,Growing customers,Nurture and recommend next purchase
17637,United Kingdom,547.06,2,280.0,273.53,2011-08-16 13:25,2011-11-08 12:51,30,2,547.06,4,3,3,433,Loyal customers,Nurture and recommend next purchase
12641,Sweden,185.9,1,72.0,185.9,2011-08-16 13:26,2011-08-16 13:26,114,1,185.9,2,2,1,221,Inactive,Win-back campaign
13470,United Kingdom,165.0,2,100.0,82.5,2011-08-16 17:06,2011-09-01 14:57,98,2,165.0,2,3,1,231,Inactive,Win-back campaign
15786,United Kingdom,4821.0,3,3340.0,1607.0,2011-08-17 13:33,2011-10-27 10:53,43,3,4821.0,3,4,5,345,Loyal customers,Nurture and recommend next purchase
15541,United Kingdom,85.13,1,49.0,85.13,2011-08-17 14:58,2011-08-17 14:58,113,1,85.13,2,2,1,221,Inactive,Win-back campaign
16734,United Kingdom,646.76,3,345.0,215.59,2011-08-17 15:00,2011-10-18 13:44,51,3,646.76,3,4,3,343,Loyal customers,Nurture and recommend next purchase
16706,United Kingdom,531.35,3,249.0,177.12,2011-08-17 15:53,2011-11-02 13:50,36,3,531.35,3,4,3,343,Loyal customers,Nurture and recommend next purchase
17070,United Kingdom,304.24,1,131.0,304.24,2011-08-17 17:01,2011-08-17 17:01,113,1,304.24,2,2,2,222,Inactive,Win-back campaign
12688,Israel,4873.81,1,3028.0,4873.81,2011-08-18 08:49,2011-08-18 08:49,113,1,4873.81,2,2,5,225,At-risk high value,Personal outreach + tailored offer
12729,France,453.01,1,233.0,453.01,2011-08-18 11:40,2011-08-18 11:40,113,1,453.01,2,2,2,222,Inactive,Win-back campaign
12962,United Kingdom,266.39,2,129.0,133.19,2011-08-18 13:38,2011-12-02 15:55,6,2,266.39,5,3,2,532,Loyal customers,Nurture and recommend next purchase
13273,United Kingdom,138.98,1,153.0,138.98,2011-08-18 14:02,2011-08-18 14:02,112,1,138.98,2,2,1,221,Inactive,Win-back campaign
17736,United Kingdom,337.49,3,238.0,112.5,2011-08-18 14:33,2011-11-30 15:36,8,3,337.49,5,4,2,542,Loyal customers,Nurture and recommend next purchase
15472,United Kingdom,371.56,1,251.0,371.56,2011-08-18 15:17,2011-08-18 15:17,112,1,371.56,2,2,2,222,Inactive,Win-back campaign
12680,France,862.81,4,443.0,215.7,2011-08-18 15:44,2011-12-09 12:50,0,4,862.81,5,4,3,543,Loyal customers,Nurture and recommend next purchase
16582,United Kingdom,313.62,1,164.0,313.62,2011-08-18 17:02,2011-08-18 17:02,112,1,313.62,2,2,2,222,Inactive,Win-back campaign
17747,United Kingdom,64.65,1,12.0,64.65,2011-08-19 08:13,2011-08-31 13:29,99,1,64.65,2,2,1,221,Inactive,Win-back campaign
12513,France,586.79,1,462.0,586.79,2011-08-19 10:51,2011-09-16 12:45,84,1,586.79,2,2,3,223,Inactive,Win-back campaign
15396,United Kingdom,288.18,1,122.0,288.18,2011-08-19 10:56,2011-08-19 10:56,112,1,288.18,2,2,2,222,Inactive,Win-back campaign
12418,Switzerland,668.58,1,407.0,668.58,2011-08-19 11:08,2011-08-19 11:08,112,1,668.58,2,2,3,223,Inactive,Win-back campaign
16828,United Kingdom,128.5,2,59.0,64.25,2011-08-19 13:24,2011-09-07 15:10,92,2,128.5,2,3,1,231,Inactive,Win-back campaign
14712,United Kingdom,917.07,3,315.0,305.69,2011-08-19 13:33,2011-11-10 12:59,28,3,917.07,4,4,4,444,Loyal customers,Nurture and recommend next purchase
12991,United Kingdom,503.76,2,405.0,251.88,2011-08-19 14:39,2011-11-16 15:34,22,2,503.76,4,3,3,433,Loyal customers,Nurture and recommend next purchase
14772,United Kingdom,139.26,1,82.0,139.26,2011-08-19 15:04,2011-08-19 15:04,111,1,139.26,2,2,1,221,Inactive,Win-back campaign
12364,Belgium,1313.1,4,1506.0,328.27,2011-08-19 15:24,2011-12-02 10:22,7,4,1313.1,5,4,4,544,Champions,Nurture and recommend next purchase
12968,United Kingdom,135.95,1,73.0,135.95,2011-08-19 15:44,2011-08-19 15:44,111,1,135.95,2,2,1,221,Inactive,Win-back campaign
16330,United Kingdom,242.21,3,147.0,80.74,2011-08-19 17:08,2011-11-22 12:24,17,3,242.21,4,4,2,442,Loyal customers,Nurture and recommend next purchase
14566,Channel Islands,1432.0,1,800.0,1432.0,2011-08-21 11:05,2011-08-21 11:05,110,1,1432.0,2,2,4,224,At-risk high value,Personal outreach + tailored offer
15701,United Kingdom,1529.0,4,912.0,382.25,2011-08-21 12:36,2011-12-07 14:39,1,4,1529.0,5,4,4,544,Champions,Nurture and recommend next purchase
12518,Germany,2056.89,5,1318.0,411.38,2011-08-21 13:18,2011-12-09 10:13,0,5,2056.89,5,5,5,555,Champions,Nurture and recommend next purchase
14529,United Kingdom,578.61,3,325.0,192.87,2011-08-21 14:10,2011-10-10 15:27,59,3,578.61,3,4,3,343,Loyal customers,Nurture and recommend next purchase
16536,United Kingdom,538.17,1,250.0,538.17,2011-08-21 15:54,2011-08-24 13:20,106,1,538.17,2,2,3,223,Inactive,Win-back campaign
15313,United Kingdom,52.0,1,25.0,52.0,2011-08-21 16:02,2011-08-21 16:02,109,1,52.0,2,2,1,221,Inactive,Win-back campaign
15801,United Kingdom,1042.19,3,570.0,347.4,2011-08-22 09:53,2011-10-24 13:52,45,3,1042.19,3,4,4,344,Loyal customers,Nurture and recommend next purchase
16201,United Kingdom,1821.52,4,1286.0,455.38,2011-08-22 10:47,2011-12-06 16:02,2,4,1821.52,5,4,4,544,Champions,Nurture and recommend next purchase
16555,United Kingdom,285.89,2,175.0,142.94,2011-08-22 12:32,2011-11-04 14:31,34,2,285.89,3,3,2,332,Growing customers,Nurture and recommend next purchase
16952,United Kingdom,167.61,2,92.0,83.8,2011-08-22 12:58,2011-08-22 13:03,108,2,167.61,2,3,1,231,Inactive,Win-back campaign
14387,United Kingdom,1727.6,3,795.0,575.87,2011-08-22 14:13,2011-11-07 12:29,32,3,1727.6,3,4,4,344,Loyal customers,Nurture and recommend next purchase
17073,United Kingdom,1446.09,4,759.0,361.52,2011-08-22 14:37,2011-11-22 11:47,17,4,1446.09,4,4,4,444,Loyal customers,Nurture and recommend next purchase
18147,United Kingdom,179.34,2,203.0,89.67,2011-08-23 12:22,2011-10-25 11:46,45,2,179.34,3,3,1,331,Growing customers,Nurture and recommend next purchase
14523,United Kingdom,241.09,1,251.0,241.09,2011-08-23 13:13,2011-08-23 13:13,107,1,241.09,2,2,2,222,Inactive,Win-back campaign
14418,United Kingdom,1937.25,3,1711.0,645.75,2011-08-23 17:18,2011-12-06 11:39,3,3,1937.25,5,4,4,544,Champions,Nurture and recommend next purchase
12642,Germany,1013.26,3,552.0,337.75,2011-08-24 09:23,2011-11-14 15:03,24,3,1013.26,4,4,4,444,Loyal customers,Nurture and recommend next purchase
16968,United Kingdom,439.43,2,326.0,219.72,2011-08-24 10:51,2011-12-05 15:02,3,2,439.43,5,3,2,532,Loyal customers,Nurture and recommend next purchase
16723,United Kingdom,576.4,2,398.0,288.2,2011-08-24 11:31,2011-09-09 13:01,90,2,576.4,2,3,3,233,Inactive,Win-back campaign
13411,United Kingdom,213.55,1,72.0,213.55,2011-08-24 13:57,2011-08-24 13:57,106,1,213.55,2,2,1,221,Inactive,Win-back campaign
16340,United Kingdom,534.31,1,486.0,534.31,2011-08-24 14:53,2011-08-24 14:53,106,1,534.31,2,2,3,223,Inactive,Win-back campaign
13236,United Kingdom,727.27,2,416.0,363.63,2011-08-25 08:58,2011-11-15 12:50,24,2,727.27,4,3,3,433,Loyal customers,Nurture and recommend next purchase
14196,United Kingdom,335.52,1,142.0,335.52,2011-08-25 10:25,2011-08-25 10:25,106,1,335.52,2,2,2,222,Inactive,Win-back campaign
15263,United Kingdom,156.51,1,89.0,156.51,2011-08-25 10:26,2011-08-25 10:26,106,1,156.51,2,2,1,221,Inactive,Win-back campaign
14314,United Kingdom,120.0,1,296.0,120.0,2011-08-25 10:39,2011-08-25 10:39,106,1,120.0,2,2,1,221,Inactive,Win-back campaign
16093,United Kingdom,17.0,1,20.0,17.0,2011-08-25 11:09,2011-08-25 11:09,106,1,17.0,2,2,1,221,Inactive,Win-back campaign
17844,Canada,51.56,1,52.0,51.56,2011-08-25 11:27,2011-08-25 11:27,106,1,51.56,2,2,1,221,Inactive,Win-back campaign
14687,United Kingdom,628.38,1,470.0,628.38,2011-08-25 11:59,2011-08-25 11:59,106,1,628.38,2,2,3,223,Inactive,Win-back campaign
14050,United Kingdom,746.36,2,689.0,373.18,2011-08-25 13:46,2011-11-08 10:00,31,2,746.36,3,3,3,333,Growing customers,Nurture and recommend next purchase
16429,United Kingdom,284.55,1,9.0,284.55,2011-08-25 13:54,2011-08-25 13:54,105,1,284.55,2,2,2,222,Inactive,Win-back campaign
14055,United Kingdom,725.64,1,216.0,725.64,2011-08-25 15:04,2011-08-25 15:04,105,1,725.64,2,2,3,223,Inactive,Win-back campaign
12715,Sweden,343.36,1,192.0,343.36,2011-08-25 15:22,2011-08-25 15:22,105,1,343.36,2,2,2,222,Inactive,Win-back campaign
15663,United Kingdom,138.14,1,106.0,138.14,2011-08-25 15:50,2011-08-25 15:50,105,1,138.14,2,2,1,221,Inactive,Win-back campaign
18200,United Kingdom,150.35,1,104.0,150.35,2011-08-25 18:45,2011-08-25 18:45,105,1,150.35,2,2,1,221,Inactive,Win-back campaign
18167,United Kingdom,1355.51,3,382.0,451.84,2011-08-26 11:40,2011-12-06 09:49,3,3,1355.51,5,4,4,544,Champions,Nurture and recommend next purchase
13644,United Kingdom,2597.52,4,2067.0,649.38,2011-08-26 11:53,2011-12-01 08:18,8,4,2597.52,5,4,5,545,Champions,Nurture and recommend next purchase
17451,United Kingdom,1648.95,7,1203.0,235.56,2011-08-26 11:54,2011-12-08 15:02,0,7,1648.95,5,5,4,554,Champions,Nurture and recommend next purchase
16641,United Kingdom,231.1,1,256.0,231.1,2011-08-26 12:49,2011-08-26 12:49,105,1,231.1,2,2,1,221,Inactive,Win-back campaign
13812,Germany,539.0,3,333.0,179.67,2011-08-26 12:54,2011-10-28 14:27,41,3,539.0,3,4,3,343,Loyal customers,Nurture and recommend next purchase
14141,United Kingdom,879.03,4,355.0,219.76,2011-08-26 14:40,2011-12-07 09:53,2,4,879.03,5,4,3,543,Loyal customers,Nurture and recommend next purchase
15074,United Kingdom,735.67,1,431.0,735.67,2011-08-26 14:45,2011-08-26 14:45,104,1,735.67,2,2,3,223,Inactive,Win-back campaign
12492,Germany,263.21,2,192.0,131.6,2011-08-26 14:51,2011-10-07 15:15,62,2,263.21,3,3,2,332,Growing customers,Nurture and recommend next purchase
17183,United Kingdom,3286.91,6,1296.0,547.82,2011-08-26 15:25,2011-12-02 10:07,7,6,3286.91,5,5,5,555,Champions,Nurture and recommend next purchase
15325,United Kingdom,161.74,1,231.0,161.74,2011-08-28 11:55,2011-08-28 11:55,103,1,161.74,2,2,1,221,Inactive,Win-back campaign
13778,United Kingdom,178.7,1,70.0,178.7,2011-08-28 15:25,2011-08-28 15:25,102,1,178.7,2,2,1,221,Inactive,Win-back campaign
14869,United Kingdom,717.7,2,549.0,358.85,2011-08-28 16:09,2011-12-06 10:55,3,2,717.7,5,3,3,533,Loyal customers,Nurture and recommend next purchase
14096,United Kingdom,57120.91,17,16352.0,3360.05,2011-08-30 10:49,2011-12-05 17:17,3,17,57120.91,5,5,5,555,Champions,Nurture and recommend next purchase
14108,United Kingdom,594.16,2,381.0,297.08,2011-08-30 11:32,2011-11-09 10:41,30,2,594.16,4,3,3,433,Loyal customers,Nurture and recommend next purchase
12814,Poland,125.92,1,49.0,125.92,2011-08-30 12:11,2011-08-30 12:11,101,1,125.92,2,2,1,221,Inactive,Win-back campaign
15866,United Kingdom,211.89,1,124.0,211.89,2011-08-30 14:09,2011-08-30 14:09,100,1,211.89,2,2,1,221,Inactive,Win-back campaign
14660,United Kingdom,285.74,2,228.0,142.87,2011-08-31 10:40,2011-09-14 11:34,86,2,285.74,2,3,2,232,Inactive,Win-back campaign
13726,United Kingdom,1079.66,2,1054.0,539.83,2011-08-31 11:06,2011-11-01 10:49,38,2,1079.66,3,3,4,334,Loyal customers,Nurture and recommend next purchase
15690,United Kingdom,239.76,2,408.0,119.88,2011-08-31 11:40,2011-12-05 15:59,3,2,239.76,5,3,2,532,Loyal customers,Nurture and recommend next purchase
17777,United Kingdom,647.56,3,501.0,215.85,2011-08-31 14:35,2011-11-15 12:02,24,3,647.56,4,4,3,443,Loyal customers,Nurture and recommend next purchase
16278,United Kingdom,537.83,1,114.0,537.83,2011-08-31 17:12,2011-11-16 16:09,22,1,537.83,4,2,3,423,Growing customers,Nurture and recommend next purchase
13276,United Kingdom,590.93,2,161.0,295.46,2011-09-01 10:03,2011-10-07 12:44,63,2,590.93,3,3,3,333,Growing customers,Nurture and recommend next purchase
12436,Norway,509.01,1,211.0,509.01,2011-09-01 12:09,2011-09-01 12:09,99,1,509.01,2,2,3,223,Inactive,Win-back campaign
13147,United Kingdom,712.8,4,144.0,178.2,2011-09-01 12:28,2011-11-29 13:59,9,4,712.8,5,4,3,543,Loyal customers,Nurture and recommend next purchase
13045,United Kingdom,305.28,1,221.0,305.28,2011-09-01 15:04,2011-09-01 15:04,98,1,305.28,2,2,2,222,Inactive,Win-back campaign
13099,United Kingdom,207.36,1,288.0,207.36,2011-09-01 17:40,2011-09-01 17:40,98,1,207.36,2,2,1,221,Inactive,Win-back campaign
12739,United Arab Emirates,1013.04,2,486.0,506.52,2011-09-01 17:45,2011-09-22 13:00,77,2,1013.04,2,3,4,234,At-risk high value,Personal outreach + tailored offer
14420,United Kingdom,385.87,1,334.0,385.87,2011-09-01 18:07,2011-09-15 16:57,84,1,385.87,2,2,2,222,Inactive,Win-back campaign
14436,United Kingdom,89.06,1,129.0,89.06,2011-09-02 10:13,2011-09-02 10:13,98,1,89.06,2,2,1,221,Inactive,Win-back campaign
18027,United Kingdom,115.31,1,78.0,115.31,2011-09-02 10:38,2011-09-02 10:38,98,1,115.31,2,2,1,221,Inactive,Win-back campaign
12794,Portugal,860.41,2,592.0,430.2,2011-09-02 12:01,2011-10-17 14:54,52,2,860.41,3,3,3,333,Growing customers,Nurture and recommend next purchase
12832,United Kingdom,383.03,2,195.0,191.52,2011-09-02 13:48,2011-11-07 13:30,31,2,383.03,3,3,2,332,Growing customers,Nurture and recommend next purchase
16674,United Kingdom,304.24,2,181.0,152.12,2011-09-02 13:59,2011-10-16 11:31,54,2,304.24,3,3,2,332,Growing customers,Nurture and recommend next purchase
12375,Finland,455.42,2,178.0,227.71,2011-09-02 14:23,2011-12-07 11:27,2,2,455.42,5,3,2,532,Loyal customers,Nurture and recommend next purchase
16173,United Kingdom,1406.57,6,575.0,234.43,2011-09-02 15:23,2011-11-24 10:53,15,6,1406.57,4,5,4,454,Champions,Nurture and recommend next purchase
14171,United Kingdom,363.79,1,167.0,363.79,2011-09-02 16:43,2011-09-02 16:43,97,1,363.79,2,2,2,222,Inactive,Win-back campaign
13434,United Kingdom,534.24,2,300.0,267.12,2011-09-04 10:35,2011-09-26 14:30,73,2,534.24,2,3,3,233,Inactive,Win-back campaign
16761,United Kingdom,316.62,1,341.0,316.62,2011-09-04 11:15,2011-09-04 11:15,96,1,316.62,2,2,2,222,Inactive,Win-back campaign
14067,United Kingdom,374.7,2,361.0,187.35,2011-09-04 12:00,2011-10-07 10:21,63,2,374.7,3,3,2,332,Growing customers,Nurture and recommend next purchase
13808,United Kingdom,1747.66,5,782.0,349.53,2011-09-04 12:07,2011-12-04 12:18,5,5,1747.66,5,5,4,554,Champions,Nurture and recommend next purchase
12851,United Kingdom,131.81,1,106.0,131.81,2011-09-04 12:41,2011-09-04 12:41,96,1,131.81,2,2,1,221,Inactive,Win-back campaign
14335,Germany,454.86,2,375.0,227.43,2011-09-04 13:07,2011-11-23 13:41,15,2,454.86,4,3,2,432,Growing customers,Nurture and recommend next purchase
14965,United Kingdom,596.09,2,363.0,298.05,2011-09-04 13:15,2011-09-04 13:20,95,2,596.09,2,3,3,233,Inactive,Win-back campaign
15136,United Kingdom,1282.45,4,776.0,320.61,2011-09-04 16:05,2011-12-07 12:26,2,4,1282.45,5,4,4,544,Champions,Nurture and recommend next purchase
16629,United Kingdom,408.63,2,489.0,204.31,2011-09-04 16:12,2011-09-27 10:34,73,2,408.63,2,3,2,232,Inactive,Win-back campaign
18261,United Kingdom,324.24,2,146.0,162.12,2011-09-05 09:34,2011-10-27 15:36,42,2,324.24,3,3,2,332,Growing customers,Nurture and recommend next purchase
15307,United Kingdom,205.3,1,37.0,205.3,2011-09-05 11:38,2011-09-05 11:38,95,1,205.3,2,2,1,221,Inactive,Win-back campaign
16820,United Kingdom,497.61,1,307.0,497.61,2011-09-05 12:06,2011-09-05 12:06,95,1,497.61,2,2,3,223,Inactive,Win-back campaign
17309,United Kingdom,82.75,1,41.0,82.75,2011-09-05 15:20,2011-09-05 15:20,94,1,82.75,2,2,1,221,Inactive,Win-back campaign
13949,United Kingdom,2427.32,6,2474.0,404.55,2011-09-06 11:55,2011-12-07 09:35,2,6,2427.32,5,5,5,555,Champions,Nurture and recommend next purchase
14360,United Kingdom,2118.03,4,1139.0,529.51,2011-09-06 11:58,2011-11-08 09:12,31,4,2118.03,3,4,5,345,Loyal customers,Nurture and recommend next purchase
16400,United Kingdom,303.93,1,172.0,303.93,2011-09-06 12:27,2011-09-06 12:27,94,1,303.93,2,2,2,222,Inactive,Win-back campaign
14208,United Kingdom,151.74,1,114.0,151.74,2011-09-06 12:48,2011-09-06 12:48,94,1,151.74,2,2,1,221,Inactive,Win-back campaign
12526,Germany,1316.66,3,632.0,438.89,2011-09-06 14:19,2011-12-09 12:09,0,3,1316.66,5,4,4,544,Champions,Nurture and recommend next purchase
13130,United Kingdom,64.0,1,32.0,64.0,2011-09-06 15:30,2011-09-06 15:30,93,1,64.0,2,2,1,221,Inactive,Win-back campaign
13210,United Kingdom,353.48,1,316.0,353.48,2011-09-07 08:18,2011-09-07 08:18,93,1,353.48,2,2,2,222,Inactive,Win-back campaign
17481,United Kingdom,1249.34,4,1061.0,312.33,2011-09-07 09:57,2011-12-06 12:28,3,4,1249.34,5,4,4,544,Champions,Nurture and recommend next purchase
12685,France,2863.08,6,1523.0,477.18,2011-09-07 10:28,2011-11-11 13:46,27,6,2863.08,4,5,5,455,Champions,Nurture and recommend next purchase
17573,United Kingdom,362.9,3,308.0,120.97,2011-09-07 10:36,2011-11-10 13:01,28,3,362.9,4,4,2,442,Loyal customers,Nurture and recommend next purchase
14452,United Kingdom,259.05,2,116.0,129.53,2011-09-07 11:32,2011-11-29 12:06,10,2,259.05,4,3,2,432,Growing customers,Nurture and recommend next purchase
13889,United Kingdom,416.9,1,146.0,416.9,2011-09-08 09:13,2011-09-08 09:13,92,1,416.9,2,2,2,222,Inactive,Win-back campaign
15488,United Kingdom,91.32,1,73.0,91.32,2011-09-08 10:11,2011-09-08 10:11,92,1,91.32,2,2,1,221,Inactive,Win-back campaign
18222,United Kingdom,443.0,1,335.0,443.0,2011-09-08 10:45,2011-09-08 10:45,92,1,443.0,2,2,2,222,Inactive,Win-back campaign
13244,United Kingdom,121.74,1,38.0,121.74,2011-09-08 11:46,2011-09-08 11:46,92,1,121.74,2,2,1,221,Inactive,Win-back campaign
17004,United Kingdom,1312.14,2,771.0,656.07,2011-09-08 12:16,2011-10-24 14:25,45,2,1312.14,3,3,4,334,Loyal customers,Nurture and recommend next purchase
13441,United Kingdom,296.64,1,204.0,296.64,2011-09-09 09:38,2011-09-09 09:38,91,1,296.64,2,2,2,222,Inactive,Win-back campaign
13823,United Kingdom,957.66,2,439.0,478.83,2011-09-09 10:42,2011-11-21 10:22,18,2,957.66,4,3,4,434,Loyal customers,Nurture and recommend next purchase
12879,United Kingdom,552.57,3,370.0,184.19,2011-09-09 12:11,2011-10-26 12:24,44,3,552.57,3,4,3,343,Loyal customers,Nurture and recommend next purchase
16603,United Kingdom,482.47,2,480.0,241.23,2011-09-09 13:02,2011-09-26 10:06,74,2,482.47,2,3,3,233,Inactive,Win-back campaign
14824,United Kingdom,1127.71,4,525.0,281.93,2011-09-09 14:12,2011-11-29 14:20,9,4,1127.71,5,4,4,544,Champions,Nurture and recommend next purchase
16910,United Kingdom,1508.96,8,884.0,188.62,2011-09-09 14:14,2011-12-05 12:51,3,8,1508.96,5,5,4,554,Champions,Nurture and recommend next purchase
15652,United Kingdom,337.74,1,208.0,337.74,2011-09-09 14:22,2011-09-09 14:22,90,1,337.74,2,2,2,222,Inactive,Win-back campaign
16362,United Kingdom,627.29,5,340.0,125.46,2011-09-09 14:47,2011-11-07 13:01,31,5,627.29,3,5,3,353,Loyal customers,Nurture and recommend next purchase
15035,United Kingdom,252.73,1,245.0,252.73,2011-09-11 11:08,2011-09-11 11:08,89,1,252.73,2,2,2,222,Inactive,Win-back campaign
14508,United Kingdom,268.05,2,129.0,134.03,2011-09-11 11:29,2011-11-17 19:48,21,2,268.05,4,3,2,432,Growing customers,Nurture and recommend next purchase
13272,United Kingdom,276.56,2,96.0,138.28,2011-09-11 12:06,2011-11-08 14:00,30,2,276.56,4,3,2,432,Growing customers,Nurture and recommend next purchase
17317,United Kingdom,2524.02,3,1146.0,841.34,2011-09-11 12:45,2011-10-24 17:26,45,3,2524.02,3,4,5,345,Loyal customers,Nurture and recommend next purchase
14212,United Kingdom,1070.48,1,1152.0,1070.48,2011-09-11 12:45,2011-09-11 12:45,89,1,1070.48,2,2,4,224,At-risk high value,Personal outreach + tailored offer
13372,United Kingdom,378.64,1,159.0,378.64,2011-09-11 12:46,2011-09-11 12:46,89,1,378.64,2,2,2,222,Inactive,Win-back campaign
18255,United Kingdom,103.3,1,74.0,103.3,2011-09-11 13:16,2011-09-11 13:16,88,1,103.3,2,2,1,221,Inactive,Win-back campaign
14250,United Kingdom,1904.05,3,1200.0,634.68,2011-09-11 13:44,2011-12-02 14:30,6,3,1904.05,5,4,4,544,Champions,Nurture and recommend next purchase
16796,United Kingdom,305.62,1,186.0,305.62,2011-09-11 14:01,2011-09-11 14:01,88,1,305.62,2,2,2,222,Inactive,Win-back campaign
14432,United Kingdom,2248.5,6,2013.0,374.75,2011-09-11 14:09,2011-11-30 08:04,9,6,2248.5,5,5,5,555,Champions,Nurture and recommend next purchase
15782,United Kingdom,2593.94,3,864.0,864.65,2011-09-11 14:29,2011-11-30 10:49,9,3,2593.94,5,4,5,545,Champions,Nurture and recommend next purchase
12883,United Kingdom,703.47,4,196.0,175.87,2011-09-11 15:18,2011-11-15 09:32,24,4,703.47,4,4,3,443,Loyal customers,Nurture and recommend next purchase
12965,United Kingdom,769.81,1,282.0,769.81,2011-09-11 15:31,2011-09-11 15:31,88,1,769.81,2,2,3,223,Inactive,Win-back campaign
15533,United Kingdom,746.92,3,289.0,248.97,2011-09-11 15:41,2011-11-20 15:35,18,3,746.92,4,4,3,443,Loyal customers,Nurture and recommend next purchase
18215,United Kingdom,299.34,1,118.0,299.34,2011-09-11 16:05,2011-09-11 16:05,88,1,299.34,2,2,2,222,Inactive,Win-back campaign
18158,United Kingdom,451.75,2,354.0,225.88,2011-09-12 09:03,2011-11-30 16:19,8,2,451.75,5,3,2,532,Loyal customers,Nurture and recommend next purchase
13375,United Kingdom,772.9,1,442.0,772.9,2011-09-12 10:19,2011-09-19 16:01,80,1,772.9,2,2,3,223,Inactive,Win-back campaign
13431,United Kingdom,1269.1,2,672.0,634.55,2011-09-12 11:25,2011-10-03 13:49,66,2,1269.1,3,3,4,334,Loyal customers,Nurture and recommend next purchase
16211,United Kingdom,542.77,1,154.0,542.77,2011-09-12 12:11,2011-09-19 16:23,80,1,542.77,2,2,3,223,Inactive,Win-back campaign
12884,United Kingdom,309.05,1,43.0,309.05,2011-09-12 13:10,2011-09-12 13:10,87,1,309.05,2,2,2,222,Inactive,Win-back campaign
16141,United Kingdom,620.4,1,238.0,620.4,2011-09-12 13:11,2011-09-12 13:11,87,1,620.4,2,2,3,223,Inactive,Win-back campaign
17919,United Kingdom,1304.04,1,756.0,1304.04,2011-09-12 13:41,2011-09-12 13:41,87,1,1304.04,2,2,4,224,At-risk high value,Personal outreach + tailored offer
16360,United Kingdom,3349.57,6,2110.0,558.26,2011-09-12 13:50,2011-12-05 12:16,4,6,3349.57,5,5,5,555,Champions,Nurture and recommend next purchase
17433,United Kingdom,303.16,1,185.0,303.16,2011-09-12 14:24,2011-09-12 14:24,87,1,303.16,2,2,2,222,Inactive,Win-back campaign
13704,United Kingdom,2295.31,9,1531.0,255.03,2011-09-12 14:40,2011-12-04 15:13,4,9,2295.31,5,5,5,555,Champions,Nurture and recommend next purchase
14020,United Kingdom,642.8,2,441.0,321.4,2011-09-12 15:32,2011-11-23 09:22,16,2,642.8,4,3,3,433,Loyal customers,Nurture and recommend next purchase
14359,United Kingdom,882.58,3,371.0,294.19,2011-09-13 09:03,2011-11-20 13:17,18,3,882.58,4,4,3,443,Loyal customers,Nurture and recommend next purchase
16451,United Kingdom,266.97,1,120.0,266.97,2011-09-13 09:17,2011-09-13 09:17,87,1,266.97,2,2,2,222,Inactive,Win-back campaign
12940,United Kingdom,862.44,2,404.0,431.22,2011-09-13 10:16,2011-10-24 14:04,45,2,862.44,3,3,3,333,Growing customers,Nurture and recommend next purchase
15216,United Kingdom,96.6,1,28.0,96.6,2011-09-13 11:41,2011-09-13 11:41,87,1,96.6,2,2,1,221,Inactive,Win-back campaign
15522,United Kingdom,397.99,2,572.0,199.0,2011-09-13 12:26,2011-11-07 11:26,32,2,397.99,3,3,2,332,Growing customers,Nurture and recommend next purchase
17037,United Kingdom,1253.22,1,656.0,1253.22,2011-09-13 12:49,2011-09-22 17:20,77,1,1253.22,2,2,4,224,At-risk high value,Personal outreach + tailored offer
12822,United Kingdom,918.98,2,550.0,459.49,2011-09-13 13:46,2011-09-30 10:04,70,2,918.98,2,3,4,234,At-risk high value,Personal outreach + tailored offer
15343,United Kingdom,364.5,1,84.0,364.5,2011-09-13 13:55,2011-09-13 13:55,86,1,364.5,2,2,2,222,Inactive,Win-back campaign
14753,United Kingdom,563.15,1,211.0,563.15,2011-09-13 14:50,2011-09-13 14:50,86,1,563.15,2,2,3,223,Inactive,Win-back campaign
16959,United Kingdom,117.35,1,49.0,117.35,2011-09-13 15:03,2011-09-13 15:03,86,1,117.35,2,2,1,221,Inactive,Win-back campaign
18251,United Kingdom,4314.72,1,7824.0,4314.72,2011-09-13 15:03,2011-09-13 15:03,86,1,4314.72,2,2,5,225,At-risk high value,Personal outreach + tailored offer
13032,United Kingdom,996.52,2,375.0,498.26,2011-09-13 16:40,2011-11-01 09:56,38,2,996.52,3,3,4,334,Loyal customers,Nurture and recommend next purchase
12895,United Kingdom,347.3,2,210.0,173.65,2011-09-14 08:35,2011-10-28 13:51,41,2,347.3,3,3,2,332,Growing customers,Nurture and recommend next purchase
17640,United Kingdom,621.66,1,250.0,621.66,2011-09-14 09:13,2011-09-14 09:13,86,1,621.66,2,2,3,223,Inactive,Win-back campaign
13860,United Kingdom,1240.0,5,591.0,248.0,2011-09-14 09:27,2011-12-08 12:57,0,5,1240.0,5,5,4,554,Champions,Nurture and recommend next purchase
12756,Japan,112.08,1,144.0,112.08,2011-09-14 09:31,2011-09-14 09:31,86,1,112.08,2,2,1,221,Inactive,Win-back campaign
18001,United Kingdom,415.13,2,362.0,207.56,2011-09-14 11:21,2011-11-27 16:02,11,2,415.13,4,3,2,432,Growing customers,Nurture and recommend next purchase
17728,United Kingdom,2515.68,3,1469.0,838.56,2011-09-14 11:39,2011-12-06 08:52,3,3,2515.68,5,4,5,545,Champions,Nurture and recommend next purchase
15933,United Kingdom,1107.46,3,885.0,369.15,2011-09-14 12:05,2011-11-18 13:14,20,3,1107.46,4,4,4,444,Loyal customers,Nurture and recommend next purchase
14284,United Kingdom,578.45,2,161.0,289.23,2011-09-14 13:04,2011-11-09 08:11,30,2,578.45,4,3,3,433,Loyal customers,Nurture and recommend next purchase
17347,United Kingdom,228.96,1,216.0,228.96,2011-09-14 13:12,2011-09-14 13:12,85,1,228.96,2,2,1,221,Inactive,Win-back campaign
15103,United Kingdom,703.36,2,329.0,351.68,2011-09-14 13:54,2011-11-08 14:53,30,2,703.36,4,3,3,433,Loyal customers,Nurture and recommend next purchase
15707,United Kingdom,916.98,4,594.0,229.25,2011-09-14 14:19,2011-11-04 14:35,34,4,916.98,3,4,4,344,Loyal customers,Nurture and recommend next purchase
13430,United Kingdom,648.69,2,751.0,324.34,2011-09-14 14:26,2011-11-21 08:19,18,2,648.69,4,3,3,433,Loyal customers,Nurture and recommend next purchase
12566,Germany,346.7,1,265.0,346.7,2011-09-14 14:30,2011-09-28 09:57,72,1,346.7,2,2,2,222,Inactive,Win-back campaign
13321,United Kingdom,567.36,2,372.0,283.68,2011-09-14 15:18,2011-09-28 15:24,71,2,567.36,2,3,3,233,Inactive,Win-back campaign
13877,United Kingdom,117.24,1,108.0,117.24,2011-09-14 15:49,2011-09-14 15:49,85,1,117.24,2,2,1,221,Inactive,Win-back campaign
15272,United Kingdom,721.94,2,310.0,360.97,2011-09-14 16:36,2011-10-13 12:59,56,2,721.94,3,3,3,333,Growing customers,Nurture and recommend next purchase
15322,United Kingdom,602.97,1,416.0,602.97,2011-09-15 09:34,2011-10-06 20:38,63,1,602.97,3,2,3,323,Growing customers,Nurture and recommend next purchase
17333,United Kingdom,494.25,1,375.0,494.25,2011-09-15 10:11,2011-09-15 10:11,85,1,494.25,2,2,3,223,Inactive,Win-back campaign
13518,United Kingdom,627.16,1,382.0,627.16,2011-09-15 10:29,2011-09-15 10:29,85,1,627.16,2,2,3,223,Inactive,Win-back campaign
14306,United Kingdom,2083.42,2,1075.0,1041.71,2011-09-15 10:31,2011-10-19 13:23,50,2,2083.42,3,3,5,335,Loyal customers,Nurture and recommend next purchase
17679,United Kingdom,1992.11,2,729.0,996.05,2011-09-15 10:35,2011-10-18 07:43,52,2,1992.11,3,3,4,334,Loyal customers,Nurture and recommend next purchase
16160,United Kingdom,1009.45,2,1162.0,504.73,2011-09-15 10:53,2011-10-06 18:30,63,2,1009.45,3,3,4,334,Loyal customers,Nurture and recommend next purchase
15573,United Kingdom,591.19,2,355.0,295.6,2011-09-15 12:16,2011-11-08 11:38,31,2,591.19,3,3,3,333,Growing customers,Nurture and recommend next purchase
14894,United Kingdom,655.75,1,265.0,655.75,2011-09-15 13:51,2011-09-15 13:51,84,1,655.75,2,2,3,223,Inactive,Win-back campaign
17434,United Kingdom,2333.42,7,1693.0,333.35,2011-09-15 13:54,2011-12-07 13:16,1,7,2333.42,5,5,5,555,Champions,Nurture and recommend next purchase
15466,United Kingdom,334.53,1,246.0,334.53,2011-09-15 14:08,2011-09-15 14:08,84,1,334.53,2,2,2,222,Inactive,Win-back campaign
15511,United Kingdom,900.53,5,269.0,180.11,2011-09-15 15:05,2011-11-28 09:43,11,5,900.53,4,5,3,453,Loyal customers,Nurture and recommend next purchase
17846,United Kingdom,2033.1,1,1.0,2033.1,2011-09-15 15:20,2011-09-15 15:20,84,1,2033.1,2,2,5,225,At-risk high value,Personal outreach + tailored offer
16189,United Kingdom,215.48,2,134.0,107.74,2011-09-15 15:21,2011-11-24 11:47,15,2,215.48,4,3,1,431,Growing customers,Nurture and recommend next purchase
15417,United Kingdom,508.8,1,284.0,508.8,2011-09-15 15:26,2011-09-15 15:26,84,1,508.8,2,2,3,223,Inactive,Win-back campaign
12995,United Kingdom,200.72,1,108.0,200.72,2011-09-15 15:44,2011-09-23 09:20,77,1,200.72,2,2,1,221,Inactive,Win-back campaign
14557,United Kingdom,0.0,1,510.0,0.0,2011-09-15 15:48,2011-10-06 20:36,63,1,0.0,3,2,1,321,Growing customers,Nurture and recommend next purchase
16108,United Kingdom,816.1,1,615.0,816.1,2011-09-16 11:48,2011-09-16 11:51,84,1,816.1,2,2,3,223,Inactive,Win-back campaign
17144,United Kingdom,984.57,2,483.0,492.29,2011-09-16 12:50,2011-12-08 17:57,0,2,984.57,5,3,4,534,Loyal customers,Nurture and recommend next purchase
16924,United Kingdom,722.64,3,467.0,240.88,2011-09-16 12:54,2011-11-18 12:53,20,3,722.64,4,4,3,443,Loyal customers,Nurture and recommend next purchase
15099,United Kingdom,410.48,1,343.0,410.48,2011-09-16 13:13,2011-09-16 13:13,83,1,410.48,2,2,2,222,Inactive,Win-back campaign
13323,United Kingdom,787.85,5,175.0,157.57,2011-09-16 13:23,2011-12-06 17:12,2,5,787.85,5,5,3,553,Champions,Nurture and recommend next purchase
14124,United Kingdom,419.58,1,1618.0,419.58,2011-09-16 13:32,2011-09-16 13:32,83,1,419.58,2,2,2,222,Inactive,Win-back campaign
15975,United Kingdom,371.01,1,243.0,371.01,2011-09-16 13:33,2011-09-16 13:33,83,1,371.01,2,2,2,222,Inactive,Win-back campaign
15523,United Kingdom,412.01,1,132.0,412.01,2011-09-16 16:29,2011-09-16 16:29,83,1,412.01,2,2,2,222,Inactive,Win-back campaign
16878,United Kingdom,0.0,1,12.0,0.0,2011-09-16 17:39,2011-11-15 08:52,24,1,0.0,4,2,1,421,Growing customers,Nurture and recommend next purchase
15947,United Kingdom,1708.24,1,898.0,1708.24,2011-09-18 10:46,2011-09-18 10:46,82,1,1708.24,2,2,4,224,At-risk high value,Personal outreach + tailored offer
13247,United Kingdom,501.12,4,328.0,125.28,2011-09-18 11:31,2011-11-22 10:59,17,4,501.12,4,4,3,443,Loyal customers,Nurture and recommend next purchase
13566,United Kingdom,856.84,2,567.0,428.42,2011-09-18 12:40,2011-10-30 11:59,40,2,856.84,3,3,3,333,Growing customers,Nurture and recommend next purchase
18194,United Kingdom,896.0,1,632.0,896.0,2011-09-18 13:29,2011-10-06 19:54,63,1,896.0,3,2,3,323,Growing customers,Nurture and recommend next purchase
16689,United Kingdom,303.26,2,330.0,151.63,2011-09-18 13:29,2011-09-25 11:39,75,2,303.26,2,3,2,232,Inactive,Win-back campaign
16438,United Kingdom,798.35,5,463.0,159.67,2011-09-18 13:31,2011-12-04 10:51,5,5,798.35,5,5,3,553,Champions,Nurture and recommend next purchase
13067,United Kingdom,115.46,1,32.0,115.46,2011-09-18 13:38,2011-09-18 13:38,81,1,115.46,2,2,1,221,Inactive,Win-back campaign
16460,United Kingdom,811.23,3,876.0,270.41,2011-09-19 10:15,2011-11-11 13:46,27,3,811.23,4,4,3,443,Loyal customers,Nurture and recommend next purchase
13325,United Kingdom,675.3,1,240.0,675.3,2011-09-19 10:36,2011-09-19 10:36,81,1,675.3,2,2,3,223,Inactive,Win-back campaign
12640,France,1174.58,3,311.0,391.53,2011-09-19 12:01,2011-11-16 11:52,23,3,1174.58,4,4,4,444,Loyal customers,Nurture and recommend next purchase
13774,United Kingdom,345.0,1,192.0,345.0,2011-09-19 12:06,2011-09-19 12:06,81,1,345.0,2,2,2,222,Inactive,Win-back campaign
12497,Germany,1043.1,1,1236.0,1043.1,2011-09-19 12:29,2011-09-19 12:29,81,1,1043.1,2,2,4,224,At-risk high value,Personal outreach + tailored offer
12752,Norway,4366.78,1,2262.0,4366.78,2011-09-19 13:32,2011-09-19 13:32,80,1,4366.78,2,2,5,225,At-risk high value,Personal outreach + tailored offer
15504,United Kingdom,52.83,1,33.0,52.83,2011-09-19 13:45,2011-09-19 13:45,80,1,52.83,2,2,1,221,Inactive,Win-back campaign
15500,United Kingdom,1131.56,4,572.0,282.89,2011-09-19 13:47,2011-12-01 13:47,7,4,1131.56,5,4,4,544,Champions,Nurture and recommend next purchase
17557,United Kingdom,541.46,3,306.0,180.49,2011-09-19 14:23,2011-11-25 12:57,13,3,541.46,4,4,3,443,Loyal customers,Nurture and recommend next purchase
13228,United Kingdom,358.0,1,200.0,358.0,2011-09-19 14:28,2011-09-19 14:28,80,1,358.0,2,2,2,222,Inactive,Win-back campaign
14356,United Kingdom,666.94,2,277.0,333.47,2011-09-19 14:43,2011-10-10 17:16,59,2,666.94,3,3,3,333,Growing customers,Nurture and recommend next purchase
13416,United Kingdom,712.5,2,142.0,356.25,2011-09-19 14:43,2011-10-27 08:56,43,2,712.5,3,3,3,333,Growing customers,Nurture and recommend next purchase
17628,United Kingdom,75.75,1,79.0,75.75,2011-09-19 15:21,2011-09-19 15:21,80,1,75.75,2,2,1,221,Inactive,Win-back campaign
16527,United Kingdom,228.06,1,106.0,228.06,2011-09-19 16:21,2011-09-19 16:21,80,1,228.06,2,2,1,221,Inactive,Win-back campaign
16428,United Kingdom,-2.95,0,0,0,2011-09-19 16:31,2011-09-19 16:31,80,0,-2.95,2,1,1,211,Inactive,Win-back campaign
15341,United Kingdom,2020.52,1,812.0,2020.52,2011-09-20 09:40,2011-09-20 09:40,80,1,2020.52,2,2,5,225,At-risk high value,Personal outreach + tailored offer
16215,United Kingdom,242.35,1,104.0,242.35,2011-09-20 10:18,2011-09-20 10:18,80,1,242.35,2,2,2,222,Inactive,Win-back campaign
14164,United Kingdom,1631.77,2,1033.0,815.88,2011-09-20 12:18,2011-09-30 12:24,70,2,1631.77,2,3,4,234,At-risk high value,Personal outreach + tailored offer
15888,United Kingdom,141.27,1,76.0,141.27,2011-09-20 12:30,2011-09-21 09:44,79,1,141.27,2,2,1,221,Inactive,Win-back campaign
17564,United Kingdom,454.01,3,146.0,151.34,2011-09-20 14:00,2011-11-15 13:27,23,3,454.01,4,4,2,442,Loyal customers,Nurture and recommend next purchase
13356,United Kingdom,768.24,1,325.0,768.24,2011-09-20 14:33,2011-09-20 14:33,79,1,768.24,2,2,3,223,Inactive,Win-back campaign
12390,Belgium,549.84,1,353.0,549.84,2011-09-21 09:33,2011-09-21 09:33,79,1,549.84,2,2,3,223,Inactive,Win-back campaign
18228,United Kingdom,769.2,2,238.0,384.6,2011-09-21 10:48,2011-10-20 19:21,49,2,769.2,3,3,3,333,Growing customers,Nurture and recommend next purchase
17415,United Kingdom,507.84,1,114.0,507.84,2011-09-21 12:50,2011-09-21 12:50,79,1,507.84,2,2,3,223,Inactive,Win-back campaign
13350,United Kingdom,910.72,2,287.0,455.36,2011-09-21 13:33,2011-11-23 16:33,15,2,910.72,4,3,4,434,Loyal customers,Nurture and recommend next purchase
12550,Spain,964.83,1,569.0,964.83,2011-09-21 14:35,2011-09-21 14:35,78,1,964.83,2,2,4,224,At-risk high value,Personal outreach + tailored offer
16627,United Kingdom,322.8,1,162.0,322.8,2011-09-21 14:38,2011-09-21 14:38,78,1,322.8,2,2,2,222,Inactive,Win-back campaign
17475,United Kingdom,194.37,1,178.0,194.37,2011-09-21 14:55,2011-09-21 14:55,78,1,194.37,2,2,1,221,Inactive,Win-back campaign
14951,United Kingdom,311.69,1,311.0,311.69,2011-09-21 15:15,2011-09-21 15:15,78,1,311.69,2,2,2,222,Inactive,Win-back campaign
14780,United Kingdom,447.68,2,310.0,223.84,2011-09-21 15:15,2011-10-16 12:46,54,2,447.68,3,3,2,332,Growing customers,Nurture and recommend next purchase
14887,United Kingdom,1862.0,1,1100.0,1862.0,2011-09-21 15:32,2011-09-21 15:32,78,1,1862.0,2,2,4,224,At-risk high value,Personal outreach + tailored offer
15399,United Kingdom,815.77,3,611.0,271.92,2011-09-21 15:57,2011-12-08 13:04,0,3,815.77,5,4,3,543,Loyal customers,Nurture and recommend next purchase
17466,United Kingdom,763.28,2,306.0,381.64,2011-09-22 09:16,2011-11-29 13:15,9,2,763.28,5,3,3,533,Loyal customers,Nurture and recommend next purchase
16379,United Kingdom,2131.9,4,1410.0,532.98,2011-09-22 09:33,2011-12-05 15:38,3,4,2131.9,5,4,5,545,Champions,Nurture and recommend next purchase
17172,United Kingdom,313.26,1,480.0,313.26,2011-09-22 09:36,2011-09-26 12:04,74,1,313.26,2,2,2,222,Inactive,Win-back campaign
15239,United Kingdom,764.34,2,594.0,382.17,2011-09-22 09:53,2011-11-29 14:14,9,2,764.34,5,3,3,533,Loyal customers,Nurture and recommend next purchase
16213,United Kingdom,159.0,1,48.0,159.0,2011-09-22 10:03,2011-09-22 10:03,78,1,159.0,2,2,1,221,Inactive,Win-back campaign
15603,United Kingdom,48.48,1,96.0,48.48,2011-09-22 10:04,2011-09-22 10:04,78,1,48.48,2,2,1,221,Inactive,Win-back campaign
14261,United Kingdom,1163.45,2,406.0,581.73,2011-09-22 10:47,2011-10-20 10:04,50,2,1163.45,3,3,4,334,Loyal customers,Nurture and recommend next purchase
12657,France,1152.06,4,1044.0,288.01,2011-09-22 11:40,2011-11-28 15:47,10,4,1152.06,4,4,4,444,Loyal customers,Nurture and recommend next purchase
15571,United Kingdom,650.43,4,264.0,162.61,2011-09-22 13:15,2011-11-28 10:02,11,4,650.43,4,4,3,443,Loyal customers,Nurture and recommend next purchase
15484,United Kingdom,3559.21,4,3150.0,889.8,2011-09-22 13:31,2011-12-08 15:03,0,4,3559.21,5,4,5,545,Champions,Nurture and recommend next purchase
12936,United Kingdom,1012.9,4,559.0,253.22,2011-09-22 13:51,2011-11-22 17:32,16,4,1012.9,4,4,4,444,Loyal customers,Nurture and recommend next purchase
16236,United Kingdom,432.2,1,184.0,432.2,2011-09-22 14:10,2011-09-22 14:10,77,1,432.2,2,2,2,222,Inactive,Win-back campaign
16669,United Kingdom,1344.88,3,881.0,448.29,2011-09-22 14:13,2011-11-16 12:26,23,3,1344.88,4,4,4,444,Loyal customers,Nurture and recommend next purchase
15398,United Kingdom,1339.63,2,769.0,669.81,2011-09-22 14:56,2011-11-23 16:47,15,2,1339.63,4,3,4,434,Loyal customers,Nurture and recommend next purchase
12906,United Kingdom,2919.81,5,1749.0,583.96,2011-09-22 15:03,2011-11-28 09:55,11,5,2919.81,4,5,5,455,Champions,Nurture and recommend next purchase
17079,United Kingdom,118.8,1,24.0,118.8,2011-09-22 15:34,2011-09-22 15:34,77,1,118.8,2,2,1,221,Inactive,Win-back campaign
14125,United Kingdom,2720.63,3,1628.0,906.88,2011-09-22 15:40,2011-11-29 12:47,10,3,2720.63,4,4,5,445,Champions,Nurture and recommend next purchase
17163,United Kingdom,293.1,2,66.0,146.55,2011-09-22 15:54,2011-11-18 08:57,21,2,293.1,4,3,2,432,Growing customers,Nurture and recommend next purchase
12952,United Kingdom,1382.84,4,653.0,345.71,2011-09-22 16:37,2011-12-04 10:35,5,4,1382.84,5,4,4,544,Champions,Nurture and recommend next purchase
12579,France,410.72,1,285.0,410.72,2011-09-22 17:15,2011-09-27 13:57,72,1,410.72,2,2,2,222,Inactive,Win-back campaign
13279,United Kingdom,126.3,1,73.0,126.3,2011-09-22 17:24,2011-10-06 18:51,63,1,126.3,3,2,1,321,Growing customers,Nurture and recommend next purchase
12425,Portugal,777.2,1,496.0,777.2,2011-09-22 17:31,2011-09-22 17:31,77,1,777.2,2,2,3,223,Inactive,Win-back campaign
16715,United Kingdom,301.72,1,642.0,301.72,2011-09-22 18:15,2011-09-22 18:15,77,1,301.72,2,2,2,222,Inactive,Win-back campaign
13519,United Kingdom,110.8,1,23.0,110.8,2011-09-22 18:24,2011-10-20 15:56,49,1,110.8,3,2,1,321,Growing customers,Nurture and recommend next purchase
12546,Spain,1141.5,2,633.0,570.75,2011-09-23 09:44,2011-10-24 12:09,46,2,1141.5,3,3,4,334,Loyal customers,Nurture and recommend next purchase
15744,United Kingdom,34.8,1,120.0,34.8,2011-09-23 09:52,2011-09-23 09:52,77,1,34.8,2,2,1,221,Inactive,Win-back campaign
13127,United Kingdom,259.17,1,127.0,259.17,2011-09-23 10:26,2011-09-23 10:26,77,1,259.17,2,2,2,222,Inactive,Win-back campaign
15714,United Kingdom,330.03,2,186.0,165.01,2011-09-23 11:25,2011-11-28 11:26,11,2,330.03,4,3,2,432,Growing customers,Nurture and recommend next purchase
17480,United Kingdom,506.51,1,338.0,506.51,2011-09-23 11:39,2011-09-27 10:21,73,1,506.51,2,2,3,223,Inactive,Win-back campaign
15763,United Kingdom,1048.67,2,271.0,524.34,2011-09-23 12:10,2011-11-08 09:44,31,2,1048.67,3,3,4,334,Loyal customers,Nurture and recommend next purchase
15075,United Kingdom,773.03,1,447.0,773.03,2011-09-23 12:27,2011-09-23 12:27,77,1,773.03,2,2,3,223,Inactive,Win-back campaign
16978,United Kingdom,344.33,1,166.0,344.33,2011-09-23 12:50,2011-09-23 12:50,77,1,344.33,2,2,2,222,Inactive,Win-back campaign
14014,United Kingdom,505.18,1,1076.0,505.18,2011-09-23 13:18,2011-09-23 13:18,76,1,505.18,2,2,3,223,Inactive,Win-back campaign
16240,United Kingdom,3693.81,2,1641.0,1846.9,2011-09-23 13:44,2011-12-01 14:02,7,2,3693.81,5,3,5,535,Champions,Nurture and recommend next purchase
13336,United Kingdom,795.12,1,559.0,795.12,2011-09-23 14:05,2011-09-23 14:05,76,1,795.12,2,2,3,223,Inactive,Win-back campaign
14652,United Kingdom,114.18,1,53.0,114.18,2011-09-23 14:21,2011-09-23 14:21,76,1,114.18,2,2,1,221,Inactive,Win-back campaign
15807,United Kingdom,903.9,3,430.0,301.3,2011-09-23 14:43,2011-10-20 14:10,49,3,903.9,3,4,4,344,Loyal customers,Nurture and recommend next purchase
15762,United Kingdom,583.75,2,251.0,291.88,2011-09-23 15:17,2011-10-05 16:15,64,2,583.75,3,3,3,333,Growing customers,Nurture and recommend next purchase
15475,United Kingdom,454.11,1,319.0,454.11,2011-09-23 15:20,2011-09-23 15:20,76,1,454.11,2,2,2,222,Inactive,Win-back campaign
15978,United Kingdom,1098.78,1,888.0,1098.78,2011-09-23 15:21,2011-09-23 15:21,76,1,1098.78,2,2,4,224,At-risk high value,Personal outreach + tailored offer
16485,United Kingdom,363.65,1,235.0,363.65,2011-09-23 15:50,2011-09-23 15:50,76,1,363.65,2,2,2,222,Inactive,Win-back campaign
12488,France,1298.66,3,529.0,432.89,2011-09-25 10:34,2011-11-30 08:50,9,3,1298.66,5,4,4,544,Champions,Nurture and recommend next purchase
13083,United Kingdom,303.75,2,187.0,151.88,2011-09-25 10:46,2011-12-05 15:01,3,2,303.75,5,3,2,532,Loyal customers,Nurture and recommend next purchase
16169,United Kingdom,1822.97,4,1325.0,455.74,2011-09-25 11:33,2011-12-01 15:28,7,4,1822.97,5,4,4,544,Champions,Nurture and recommend next purchase
17506,United Kingdom,294.29,1,139.0,294.29,2011-09-25 11:39,2011-09-30 12:54,69,1,294.29,3,2,2,322,Growing customers,Nurture and recommend next purchase
16480,United Kingdom,769.29,1,455.0,769.29,2011-09-25 11:40,2011-09-25 11:40,75,1,769.29,2,2,3,223,Inactive,Win-back campaign
17006,United Kingdom,781.78,4,272.0,195.44,2011-09-25 12:15,2011-12-05 12:09,4,4,781.78,5,4,3,543,Loyal customers,Nurture and recommend next purchase
17498,United Kingdom,272.22,1,394.0,272.22,2011-09-25 12:25,2011-09-25 12:25,75,1,272.22,2,2,2,222,Inactive,Win-back campaign
17131,United Kingdom,2463.17,5,983.0,492.63,2011-09-25 12:42,2011-12-04 12:52,4,5,2463.17,5,5,5,555,Champions,Nurture and recommend next purchase
13536,United Kingdom,3444.39,7,2126.0,492.06,2011-09-25 13:30,2011-12-08 16:38,0,7,3444.39,5,5,5,555,Champions,Nurture and recommend next purchase
15429,United Kingdom,364.9,2,380.0,182.45,2011-09-25 13:42,2011-11-13 12:28,26,2,364.9,4,3,2,432,Growing customers,Nurture and recommend next purchase
17154,United Kingdom,329.34,1,490.0,329.34,2011-09-25 13:42,2011-09-25 13:42,74,1,329.34,2,2,2,222,Inactive,Win-back campaign
16594,United Kingdom,181.09,1,64.0,181.09,2011-09-25 14:08,2011-09-25 14:08,74,1,181.09,2,2,1,221,Inactive,Win-back campaign
16049,United Kingdom,1074.81,3,763.0,358.27,2011-09-25 14:33,2011-10-30 13:19,39,3,1074.81,3,4,4,344,Loyal customers,Nurture and recommend next purchase
14757,United Kingdom,420.5,1,160.0,420.5,2011-09-25 14:36,2011-09-25 14:36,74,1,420.5,2,2,2,222,Inactive,Win-back campaign
16198,United Kingdom,400.68,1,129.0,400.68,2011-09-25 14:58,2011-09-25 14:58,74,1,400.68,2,2,2,222,Inactive,Win-back campaign
13670,United Kingdom,349.7,1,282.0,349.7,2011-09-25 15:25,2011-09-25 15:25,74,1,349.7,2,2,2,222,Inactive,Win-back campaign
18066,United Kingdom,318.0,1,108.0,318.0,2011-09-25 15:30,2011-09-25 15:30,74,1,318.0,2,2,2,222,Inactive,Win-back campaign
14806,United Kingdom,193.39,1,330.0,193.39,2011-09-25 15:32,2011-09-25 15:32,74,1,193.39,2,2,1,221,Inactive,Win-back campaign
12783,Portugal,1603.87,6,624.0,267.31,2011-09-25 15:35,2011-12-07 15:56,1,6,1603.87,5,5,4,554,Champions,Nurture and recommend next purchase
13429,United Kingdom,1006.8,4,1390.0,251.7,2011-09-25 15:59,2011-11-29 09:10,10,4,1006.8,4,4,4,444,Loyal customers,Nurture and recommend next purchase
15154,United Kingdom,224.73,1,89.0,224.73,2011-09-25 16:05,2011-09-26 16:43,73,1,224.73,2,2,1,221,Inactive,Win-back campaign
13390,United Kingdom,544.08,1,224.0,544.08,2011-09-26 08:38,2011-09-26 08:38,74,1,544.08,2,2,3,223,Inactive,Win-back campaign
12925,United Kingdom,694.05,2,541.0,347.02,2011-09-26 11:05,2011-12-05 11:11,4,2,694.05,5,3,3,533,Loyal customers,Nurture and recommend next purchase
13927,United Kingdom,348.99,1,214.0,348.99,2011-09-26 12:00,2011-09-26 12:00,74,1,348.99,2,2,2,222,Inactive,Win-back campaign
18205,United Kingdom,517.36,2,192.0,258.68,2011-09-26 12:02,2011-11-03 13:22,35,2,517.36,3,3,3,333,Growing customers,Nurture and recommend next purchase
14908,United Kingdom,277.8,1,132.0,277.8,2011-09-26 12:56,2011-09-26 12:56,73,1,277.8,2,2,2,222,Inactive,Win-back campaign
13639,United Kingdom,1033.34,1,800.0,1033.34,2011-09-26 13:36,2011-09-26 13:36,73,1,1033.34,2,2,4,224,At-risk high value,Personal outreach + tailored offer
15958,United Kingdom,104.35,1,33.0,104.35,2011-09-26 13:41,2011-09-26 13:41,73,1,104.35,2,2,1,221,Inactive,Win-back campaign
15492,United Kingdom,659.46,2,483.0,329.73,2011-09-26 14:02,2011-11-11 14:53,27,2,659.46,4,3,3,433,Loyal customers,Nurture and recommend next purchase
15243,United Kingdom,316.68,1,185.0,316.68,2011-09-26 14:12,2011-09-26 14:12,73,1,316.68,2,2,2,222,Inactive,Win-back campaign
16468,United Kingdom,74.9,1,31.0,74.9,2011-09-26 14:13,2011-09-26 14:13,73,1,74.9,2,2,1,221,Inactive,Win-back campaign
15344,United Kingdom,476.58,3,116.0,158.86,2011-09-26 14:48,2011-12-09 10:45,0,3,476.58,5,4,3,543,Loyal customers,Nurture and recommend next purchase
13866,United Kingdom,145.67,1,57.0,145.67,2011-09-26 14:54,2011-09-26 14:54,73,1,145.67,2,2,1,221,Inactive,Win-back campaign
12612,Germany,643.59,1,262.0,643.59,2011-09-26 15:35,2011-10-13 12:12,57,1,643.59,3,2,3,323,Growing customers,Nurture and recommend next purchase
16999,United Kingdom,484.82,2,294.0,242.41,2011-09-26 15:43,2011-11-16 13:53,22,2,484.82,4,3,3,433,Loyal customers,Nurture and recommend next purchase
13514,United Kingdom,152.2,1,40.0,152.2,2011-09-27 09:39,2011-09-27 09:39,73,1,152.2,2,2,1,221,Inactive,Win-back campaign
13314,United Kingdom,593.51,3,560.0,197.84,2011-09-27 10:20,2011-12-08 12:29,1,3,593.51,5,4,3,543,Loyal customers,Nurture and recommend next purchase
17805,United Kingdom,512.31,1,478.0,512.31,2011-09-27 11:49,2011-09-27 11:49,73,1,512.31,2,2,3,223,Inactive,Win-back campaign
18278,United Kingdom,173.9,1,66.0,173.9,2011-09-27 11:58,2011-09-27 11:58,73,1,173.9,2,2,1,221,Inactive,Win-back campaign
13979,United Kingdom,869.87,1,639.0,869.87,2011-09-27 13:32,2011-09-27 13:32,72,1,869.87,2,2,3,223,Inactive,Win-back campaign
16181,United Kingdom,305.54,1,152.0,305.54,2011-09-27 13:38,2011-09-27 13:38,72,1,305.54,2,2,2,222,Inactive,Win-back campaign
15568,United Kingdom,758.29,3,461.0,252.76,2011-09-27 14:37,2011-12-07 11:27,2,3,758.29,5,4,3,543,Loyal customers,Nurture and recommend next purchase
16354,United Kingdom,395.8,2,150.0,197.9,2011-09-27 16:28,2011-10-07 14:28,62,2,395.8,3,3,2,332,Growing customers,Nurture and recommend next purchase
14412,United Kingdom,761.33,2,786.0,380.67,2011-09-28 08:48,2011-11-04 13:14,34,2,761.33,3,3,3,333,Growing customers,Nurture and recommend next purchase
16119,United Kingdom,423.36,2,240.0,211.68,2011-09-28 10:15,2011-12-01 15:11,7,2,423.36,5,3,2,532,Loyal customers,Nurture and recommend next purchase
14109,United Kingdom,80.2,1,88.0,80.2,2011-09-28 10:18,2011-11-16 13:51,22,1,80.2,4,2,1,421,Growing customers,Nurture and recommend next purchase
16157,United Kingdom,644.24,3,347.0,214.75,2011-09-28 11:48,2011-11-24 11:41,15,3,644.24,4,4,3,443,Loyal customers,Nurture and recommend next purchase
15348,United Kingdom,158.04,1,84.0,158.04,2011-09-28 13:17,2011-09-28 13:17,71,1,158.04,2,2,1,221,Inactive,Win-back campaign
16281,United Kingdom,2062.06,1,934.0,2062.06,2011-09-28 14:57,2011-09-28 14:57,71,1,2062.06,2,2,5,225,At-risk high value,Personal outreach + tailored offer
13924,United Kingdom,1682.08,6,1575.0,280.35,2011-09-28 15:07,2011-12-08 09:39,1,6,1682.08,5,5,4,554,Champions,Nurture and recommend next purchase
14434,United Kingdom,1372.8,6,368.0,228.8,2011-09-28 15:31,2011-11-18 08:56,21,6,1372.8,4,5,4,454,Champions,Nurture and recommend next purchase
13061,United Kingdom,248.61,1,107.0,248.61,2011-09-28 16:04,2011-09-28 16:04,71,1,248.61,2,2,2,222,Inactive,Win-back campaign
17513,United Kingdom,513.2,1,254.0,513.2,2011-09-28 16:42,2011-09-28 16:42,71,1,513.2,2,2,3,223,Inactive,Win-back campaign
16909,United Kingdom,364.14,1,436.0,364.14,2011-09-28 16:45,2011-10-06 18:06,63,1,364.14,3,2,2,322,Growing customers,Nurture and recommend next purchase
16650,United Kingdom,518.42,1,372.0,518.42,2011-09-29 09:51,2011-09-29 09:51,71,1,518.42,2,2,3,223,Inactive,Win-back campaign
18192,United Kingdom,957.97,1,339.0,957.97,2011-09-29 09:53,2011-09-29 09:53,71,1,957.97,2,2,4,224,At-risk high value,Personal outreach + tailored offer
17447,United Kingdom,541.53,2,443.0,270.76,2011-09-29 10:10,2011-10-30 14:18,39,2,541.53,3,3,3,333,Growing customers,Nurture and recommend next purchase
17427,United Kingdom,100.8,1,34.0,100.8,2011-09-29 11:29,2011-09-29 11:29,71,1,100.8,2,2,1,221,Inactive,Win-back campaign
15175,United Kingdom,224.14,1,454.0,224.14,2011-09-29 11:31,2011-09-29 11:31,71,1,224.14,2,2,1,221,Inactive,Win-back campaign
13960,United Kingdom,230.22,2,142.0,115.11,2011-09-29 12:39,2011-11-18 15:27,20,2,230.22,4,3,1,431,Growing customers,Nurture and recommend next purchase
17528,United Kingdom,3540.1,8,2138.0,442.51,2011-09-29 13:04,2011-12-08 13:27,0,8,3540.1,5,5,5,555,Champions,Nurture and recommend next purchase
16361,United Kingdom,891.21,4,418.0,222.8,2011-09-29 13:13,2011-11-30 12:32,9,4,891.21,5,4,3,543,Loyal customers,Nurture and recommend next purchase
13886,United Kingdom,243.56,1,126.0,243.56,2011-09-29 13:17,2011-09-29 13:17,70,1,243.56,2,2,2,222,Inactive,Win-back campaign
13354,United Kingdom,743.53,1,604.0,743.53,2011-09-29 13:17,2011-09-29 13:17,70,1,743.53,2,2,3,223,Inactive,Win-back campaign
15050,United Kingdom,1682.77,3,1216.0,560.92,2011-09-29 13:22,2011-11-14 16:17,24,3,1682.77,4,4,4,444,Loyal customers,Nurture and recommend next purchase
13503,United Kingdom,216.85,1,248.0,216.85,2011-09-29 13:23,2011-09-29 13:23,70,1,216.85,2,2,1,221,Inactive,Win-back campaign
16653,United Kingdom,1166.92,2,733.0,583.46,2011-09-29 13:38,2011-11-23 14:51,15,2,1166.92,4,3,4,434,Loyal customers,Nurture and recommend next purchase
16574,United Kingdom,451.44,1,416.0,451.44,2011-09-29 13:39,2011-09-29 13:39,70,1,451.44,2,2,2,222,Inactive,Win-back campaign
13759,United Kingdom,659.41,2,287.0,329.7,2011-09-29 15:40,2011-11-06 14:47,32,2,659.41,3,3,3,333,Growing customers,Nurture and recommend next purchase
17813,United Kingdom,1641.79,5,752.0,328.36,2011-09-29 15:57,2011-11-25 16:13,13,5,1641.79,4,5,4,454,Champions,Nurture and recommend next purchase
12718,France,238.25,1,203.0,238.25,2011-09-29 16:38,2011-09-29 16:38,70,1,238.25,2,2,2,222,Inactive,Win-back campaign
15949,United Kingdom,364.72,2,284.0,182.36,2011-09-29 17:34,2011-11-23 09:09,16,2,364.72,4,3,2,432,Growing customers,Nurture and recommend next purchase
12703,Germany,274.7,1,164.0,274.7,2011-09-29 17:52,2011-10-06 19:23,63,1,274.7,3,2,2,322,Growing customers,Nurture and recommend next purchase
13364,United Kingdom,0.0,1,71.0,0.0,2011-09-29 18:13,2011-10-04 09:48,66,1,0.0,3,2,1,321,Growing customers,Nurture and recommend next purchase
16268,United Kingdom,667.65,2,533.0,333.82,2011-09-29 18:30,2011-09-29 18:30,70,2,667.65,2,3,3,233,Inactive,Win-back campaign
18053,United Kingdom,297.07,1,302.0,297.07,2011-09-30 09:05,2011-10-04 17:31,65,1,297.07,3,2,2,322,Growing customers,Nurture and recommend next purchase
16101,United Kingdom,1245.96,1,757.0,1245.96,2011-09-30 10:18,2011-11-30 16:54,8,1,1245.96,5,2,4,524,Loyal customers,Nurture and recommend next purchase
15565,United Kingdom,173.16,2,60.0,86.58,2011-09-30 10:44,2011-10-20 14:33,49,2,173.16,3,3,1,331,Growing customers,Nurture and recommend next purchase
18217,United Kingdom,621.75,2,491.0,310.88,2011-09-30 10:44,2011-11-10 13:18,28,2,621.75,4,3,3,433,Loyal customers,Nurture and recommend next purchase
13954,United Kingdom,378.59,2,150.0,189.29,2011-09-30 10:52,2011-12-08 12:50,1,2,378.59,5,3,2,532,Loyal customers,Nurture and recommend next purchase
15593,United Kingdom,199.8,1,60.0,199.8,2011-09-30 11:46,2011-09-30 11:46,70,1,199.8,2,2,1,221,Inactive,Win-back campaign
13095,United Kingdom,74.4,1,144.0,74.4,2011-09-30 12:03,2011-09-30 12:03,70,1,74.4,2,2,1,221,Inactive,Win-back campaign
15287,United Kingdom,485.24,2,433.0,242.62,2011-09-30 12:30,2011-11-17 15:34,21,2,485.24,4,3,3,433,Loyal customers,Nurture and recommend next purchase
13347,United Kingdom,341.36,1,205.0,341.36,2011-09-30 13:28,2011-09-30 13:28,69,1,341.36,3,2,2,322,Growing customers,Nurture and recommend next purchase
15185,United Kingdom,310.62,1,666.0,310.62,2011-09-30 14:06,2011-09-30 14:06,69,1,310.62,3,2,2,322,Growing customers,Nurture and recommend next purchase
16404,United Kingdom,443.05,1,157.0,443.05,2011-09-30 14:55,2011-09-30 14:55,69,1,443.05,3,2,2,322,Growing customers,Nurture and recommend next purchase
16613,United Kingdom,618.59,1,293.0,618.59,2011-09-30 15:52,2011-09-30 15:52,69,1,618.59,3,2,3,323,Growing customers,Nurture and recommend next purchase
16591,United Kingdom,213.5,1,41.0,213.5,2011-10-02 10:43,2011-10-02 10:43,68,1,213.5,3,2,1,321,Growing customers,Nurture and recommend next purchase
15774,United Kingdom,270.8,1,87.0,270.8,2011-10-02 12:04,2011-10-02 12:04,68,1,270.8,3,2,2,322,Growing customers,Nurture and recommend next purchase
13558,United Kingdom,594.52,4,338.0,148.63,2011-10-02 13:01,2011-12-04 11:24,5,4,594.52,5,4,3,543,Loyal customers,Nurture and recommend next purchase
16930,United Kingdom,378.89,3,339.0,126.3,2011-10-02 14:25,2011-11-13 16:13,25,3,378.89,4,4,2,442,Loyal customers,Nurture and recommend next purchase
16533,United Kingdom,1014.19,3,611.0,338.06,2011-10-02 15:07,2011-11-20 13:08,18,3,1014.19,4,4,4,444,Loyal customers,Nurture and recommend next purchase
18059,United Kingdom,296.71,3,263.0,98.9,2011-10-03 09:30,2011-11-30 17:02,8,3,296.71,5,4,2,542,Loyal customers,Nurture and recommend next purchase
14488,United Kingdom,1047.43,1,799.0,1047.43,2011-10-03 09:30,2011-10-19 14:39,50,1,1047.43,3,2,4,324,Growing customers,Nurture and recommend next purchase
16747,United Kingdom,826.96,2,583.0,413.48,2011-10-03 10:18,2011-11-14 13:37,24,2,826.96,4,3,3,433,Loyal customers,Nurture and recommend next purchase
14333,United Kingdom,351.45,1,58.0,351.45,2011-10-03 10:38,2011-10-06 19:25,63,1,351.45,3,2,2,322,Growing customers,Nurture and recommend next purchase
13635,United Kingdom,1071.03,1,677.0,1071.03,2011-10-03 10:55,2011-10-03 10:55,67,1,1071.03,3,2,4,324,Growing customers,Nurture and recommend next purchase
17330,United Kingdom,363.9,2,120.0,181.95,2011-10-03 11:26,2011-11-17 08:56,22,2,363.9,4,3,2,432,Growing customers,Nurture and recommend next purchase
17321,United Kingdom,657.16,2,364.0,328.58,2011-10-03 11:34,2011-12-01 13:41,7,2,657.16,5,3,3,533,Loyal customers,Nurture and recommend next purchase
14815,United Kingdom,778.5,2,744.0,389.25,2011-10-03 11:36,2011-11-03 11:36,36,2,778.5,3,3,3,333,Growing customers,Nurture and recommend next purchase
15091,United Kingdom,476.96,1,346.0,476.96,2011-10-03 12:47,2011-10-17 10:47,53,1,476.96,3,2,3,323,Growing customers,Nurture and recommend next purchase
15088,United Kingdom,1140.27,2,460.0,570.13,2011-10-03 14:05,2011-11-18 13:14,20,2,1140.27,4,3,4,434,Loyal customers,Nurture and recommend next purchase
15930,United Kingdom,426.63,1,139.0,426.63,2011-10-03 14:52,2011-10-03 14:52,66,1,426.63,3,2,2,322,Growing customers,Nurture and recommend next purchase
16183,United Kingdom,338.71,1,113.0,338.71,2011-10-03 14:59,2011-10-03 14:59,66,1,338.71,3,2,2,322,Growing customers,Nurture and recommend next purchase
13297,United Kingdom,2089.85,4,963.0,522.46,2011-10-03 15:08,2011-12-02 09:32,7,4,2089.85,5,4,5,545,Champions,Nurture and recommend next purchase
13801,United Kingdom,324.8,1,168.0,324.8,2011-10-04 10:15,2011-10-04 10:15,66,1,324.8,3,2,2,322,Growing customers,Nurture and recommend next purchase
16881,United Kingdom,432.0,1,600.0,432.0,2011-10-04 10:33,2011-10-04 10:33,66,1,432.0,3,2,2,322,Growing customers,Nurture and recommend next purchase
17014,United Kingdom,562.68,3,243.0,187.56,2011-10-04 11:36,2011-12-01 14:09,7,3,562.68,5,4,3,543,Loyal customers,Nurture and recommend next purchase
15255,United Kingdom,890.85,1,489.0,890.85,2011-10-04 12:43,2011-10-04 12:43,66,1,890.85,3,2,3,323,Growing customers,Nurture and recommend next purchase
14184,United Kingdom,452.89,1,127.0,452.89,2011-10-04 12:43,2011-10-04 12:43,66,1,452.89,3,2,2,322,Growing customers,Nurture and recommend next purchase
13351,United Kingdom,373.94,1,117.0,373.94,2011-10-04 12:55,2011-10-04 12:55,65,1,373.94,3,2,2,322,Growing customers,Nurture and recommend next purchase
15739,United Kingdom,449.12,1,472.0,449.12,2011-10-04 13:42,2011-10-04 13:42,65,1,449.12,3,2,2,322,Growing customers,Nurture and recommend next purchase
12512,Israel,132.18,2,96.0,66.09,2011-10-04 14:53,2011-10-04 14:55,65,2,132.18,3,3,1,331,Growing customers,Nurture and recommend next purchase
17957,United Kingdom,111.68,1,287.0,111.68,2011-10-04 14:58,2011-10-04 14:58,65,1,111.68,3,2,1,321,Growing customers,Nurture and recommend next purchase
15276,United Kingdom,128.63,1,61.0,128.63,2011-10-04 16:39,2011-10-04 16:39,65,1,128.63,3,2,1,321,Growing customers,Nurture and recommend next purchase
15127,United Kingdom,406.53,1,251.0,406.53,2011-10-05 10:30,2011-10-05 10:30,65,1,406.53,3,2,2,322,Growing customers,Nurture and recommend next purchase
16106,United Kingdom,108.38,1,74.0,108.38,2011-10-05 10:37,2011-10-05 10:37,65,1,108.38,3,2,1,321,Growing customers,Nurture and recommend next purchase
17666,United Kingdom,728.16,2,596.0,364.08,2011-10-05 11:06,2011-12-06 09:06,3,2,728.16,5,3,3,533,Loyal customers,Nurture and recommend next purchase
13483,United Kingdom,140.34,1,160.0,140.34,2011-10-05 11:53,2011-10-05 11:53,65,1,140.34,3,2,1,321,Growing customers,Nurture and recommend next purchase
16478,United Kingdom,331.0,3,224.0,110.33,2011-10-05 12:02,2011-11-14 15:51,24,3,331.0,4,4,2,442,Loyal customers,Nurture and recommend next purchase
17382,United Kingdom,65.4,1,25.0,65.4,2011-10-05 13:05,2011-10-05 13:05,64,1,65.4,3,2,1,321,Growing customers,Nurture and recommend next purchase
12789,Netherlands,91.85,1,4.0,91.85,2011-10-05 13:34,2011-10-05 13:34,64,1,91.85,3,2,1,321,Growing customers,Nurture and recommend next purchase
16020,United Kingdom,851.01,3,487.0,283.67,2011-10-05 13:54,2011-11-23 11:18,16,3,851.01,4,4,3,443,Loyal customers,Nurture and recommend next purchase
17222,United Kingdom,328.65,1,122.0,328.65,2011-10-05 13:58,2011-10-05 13:58,64,1,328.65,3,2,2,322,Growing customers,Nurture and recommend next purchase
16803,United Kingdom,332.3,1,245.0,332.3,2011-10-05 14:28,2011-10-05 14:28,64,1,332.3,3,2,2,322,Growing customers,Nurture and recommend next purchase
13947,United Kingdom,90.6,1,44.0,90.6,2011-10-05 14:42,2011-10-05 14:42,64,1,90.6,3,2,1,321,Growing customers,Nurture and recommend next purchase
16758,United Kingdom,369.34,1,203.0,369.34,2011-10-05 14:47,2011-10-05 14:47,64,1,369.34,3,2,2,322,Growing customers,Nurture and recommend next purchase
12719,France,608.1,2,374.0,304.05,2011-10-05 14:50,2011-12-04 13:45,4,2,608.1,5,3,3,533,Loyal customers,Nurture and recommend next purchase
17647,United Kingdom,133.06,1,30.0,133.06,2011-10-05 15:38,2011-10-05 15:38,64,1,133.06,3,2,1,321,Growing customers,Nurture and recommend next purchase
14054,United Kingdom,92.46,1,62.0,92.46,2011-10-05 15:49,2011-10-05 15:49,64,1,92.46,3,2,1,321,Growing customers,Nurture and recommend next purchase
12723,France,725.07,5,434.0,145.01,2011-10-05 15:52,2011-12-06 10:19,3,5,725.07,5,5,3,553,Champions,Nurture and recommend next purchase
18033,United Kingdom,93.82,1,252.0,93.82,2011-10-05 17:28,2011-10-05 17:28,64,1,93.82,3,2,1,321,Growing customers,Nurture and recommend next purchase
13845,United Kingdom,312.98,1,182.0,312.98,2011-10-06 08:25,2011-10-06 08:25,64,1,312.98,3,2,2,322,Growing customers,Nurture and recommend next purchase
15837,United Kingdom,391.98,1,189.0,391.98,2011-10-06 09:01,2011-10-06 09:01,64,1,391.98,3,2,2,322,Growing customers,Nurture and recommend next purchase
12628,Germany,769.61,3,448.0,256.54,2011-10-06 09:28,2011-12-05 13:15,3,3,769.61,5,4,3,543,Loyal customers,Nurture and recommend next purchase
13177,United Kingdom,282.45,1,91.0,282.45,2011-10-06 09:56,2011-10-06 09:56,64,1,282.45,3,2,2,322,Growing customers,Nurture and recommend next purchase
14317,United Kingdom,508.58,1,255.0,508.58,2011-10-06 10:44,2011-10-06 10:44,64,1,508.58,3,2,3,323,Growing customers,Nurture and recommend next purchase
16295,United Kingdom,1328.55,4,841.0,332.14,2011-10-06 10:45,2011-11-30 08:17,9,4,1328.55,5,4,4,544,Champions,Nurture and recommend next purchase
13602,United Kingdom,428.89,1,267.0,428.89,2011-10-06 11:47,2011-10-06 11:47,64,1,428.89,3,2,2,322,Growing customers,Nurture and recommend next purchase
16895,United Kingdom,202.27,1,91.0,202.27,2011-10-06 12:15,2011-10-06 12:15,64,1,202.27,3,2,1,321,Growing customers,Nurture and recommend next purchase
17295,United Kingdom,547.0,3,293.0,182.33,2011-10-06 12:22,2011-11-11 10:49,28,3,547.0,4,4,3,443,Loyal customers,Nurture and recommend next purchase
13504,United Kingdom,295.93,1,178.0,295.93,2011-10-06 13:20,2011-10-06 13:20,63,1,295.93,3,2,2,322,Growing customers,Nurture and recommend next purchase
13422,United Kingdom,2601.55,1,1326.0,2601.55,2011-10-06 13:42,2011-10-19 13:45,50,1,2601.55,3,2,5,325,Loyal customers,Nurture and recommend next purchase
15264,United Kingdom,393.74,1,265.0,393.74,2011-10-06 13:49,2011-10-06 13:49,63,1,393.74,3,2,2,322,Growing customers,Nurture and recommend next purchase
16432,United Kingdom,287.4,1,276.0,287.4,2011-10-06 13:59,2011-10-06 13:59,63,1,287.4,3,2,2,322,Growing customers,Nurture and recommend next purchase
13816,Germany,555.04,2,269.0,277.52,2011-10-06 14:37,2011-11-16 08:38,23,2,555.04,4,3,3,433,Loyal customers,Nurture and recommend next purchase
14518,United Kingdom,174.37,1,278.0,174.37,2011-10-06 14:43,2011-10-06 14:43,63,1,174.37,3,2,1,321,Growing customers,Nurture and recommend next purchase
13882,United Kingdom,1131.28,5,953.0,226.26,2011-10-06 15:28,2011-12-07 11:16,2,5,1131.28,5,5,4,554,Champions,Nurture and recommend next purchase
15937,United Kingdom,145.35,1,73.0,145.35,2011-10-06 15:48,2011-10-06 15:48,63,1,145.35,3,2,1,321,Growing customers,Nurture and recommend next purchase
12923,United Kingdom,172.82,1,68.0,172.82,2011-10-06 16:20,2011-10-06 16:20,63,1,172.82,3,2,1,321,Growing customers,Nurture and recommend next purchase
17453,United Kingdom,486.72,2,219.0,243.36,2011-10-06 17:02,2011-11-22 09:42,17,2,486.72,4,3,3,433,Loyal customers,Nurture and recommend next purchase
15766,United Kingdom,315.06,1,170.0,315.06,2011-10-06 17:03,2011-10-06 17:03,63,1,315.06,3,2,2,322,Growing customers,Nurture and recommend next purchase
15300,United Kingdom,496.44,1,292.0,496.44,2011-10-06 17:08,2011-10-06 17:08,63,1,496.44,3,2,3,323,Growing customers,Nurture and recommend next purchase
13348,United Kingdom,233.76,1,136.0,233.76,2011-10-06 17:28,2011-10-06 17:28,63,1,233.76,3,2,2,322,Growing customers,Nurture and recommend next purchase
14592,United Kingdom,557.94,3,407.0,185.98,2011-10-06 18:08,2011-11-04 16:35,34,3,557.94,3,4,3,343,Loyal customers,Nurture and recommend next purchase
14792,United Kingdom,0.0,1,2.0,0.0,2011-10-06 18:34,2011-10-07 09:19,63,1,0.0,3,2,1,321,Growing customers,Nurture and recommend next purchase
17030,United Kingdom,146.87,1,146.0,146.87,2011-10-07 08:49,2011-10-07 08:49,63,1,146.87,3,2,1,321,Growing customers,Nurture and recommend next purchase
12420,Cyprus,600.39,1,345.0,600.39,2011-10-07 08:55,2011-10-07 08:55,63,1,600.39,3,2,3,323,Growing customers,Nurture and recommend next purchase
14427,United Kingdom,363.34,2,228.0,181.67,2011-10-07 09:10,2011-10-20 14:23,49,2,363.34,3,3,2,332,Growing customers,Nurture and recommend next purchase
12519,Germany,330.84,1,175.0,330.84,2011-10-07 09:26,2011-10-07 09:26,63,1,330.84,3,2,2,322,Growing customers,Nurture and recommend next purchase
13359,United Kingdom,431.26,1,161.0,431.26,2011-10-07 09:30,2011-10-11 16:48,58,1,431.26,3,2,2,322,Growing customers,Nurture and recommend next purchase
14138,United Kingdom,965.88,2,600.0,482.94,2011-10-07 09:38,2011-12-08 12:44,1,2,965.88,5,3,4,534,Loyal customers,Nurture and recommend next purchase
15297,United Kingdom,635.04,3,292.0,211.68,2011-10-07 09:42,2011-11-29 16:32,9,3,635.04,5,4,3,543,Loyal customers,Nurture and recommend next purchase
13876,United Kingdom,122.7,1,36.0,122.7,2011-10-07 10:22,2011-10-07 10:22,63,1,122.7,3,2,1,321,Growing customers,Nurture and recommend next purchase
12740,France,427.6,1,342.0,427.6,2011-10-07 10:44,2011-10-07 10:44,63,1,427.6,3,2,2,322,Growing customers,Nurture and recommend next purchase
17086,United Kingdom,2050.08,6,1859.0,341.68,2011-10-07 11:22,2011-12-02 13:54,6,6,2050.08,5,5,5,555,Champions,Nurture and recommend next purchase
13806,United Kingdom,256.38,1,56.0,256.38,2011-10-07 11:43,2011-10-07 11:43,63,1,256.38,3,2,2,322,Growing customers,Nurture and recommend next purchase
18096,United Kingdom,849.06,3,788.0,283.02,2011-10-07 11:55,2011-11-28 12:44,11,3,849.06,4,4,3,443,Loyal customers,Nurture and recommend next purchase
13587,United Kingdom,347.0,1,180.0,347.0,2011-10-07 12:31,2011-11-08 11:17,31,1,347.0,3,2,2,322,Growing customers,Nurture and recommend next purchase
12856,United Kingdom,2153.53,6,1076.0,358.92,2011-10-07 12:38,2011-12-02 10:52,7,6,2153.53,5,5,5,555,Champions,Nurture and recommend next purchase
13419,United Kingdom,221.06,1,275.0,221.06,2011-10-07 12:49,2011-10-07 12:49,63,1,221.06,3,2,1,321,Growing customers,Nurture and recommend next purchase
17509,United Kingdom,6069.24,8,3512.0,758.65,2011-10-07 13:14,2011-10-13 12:16,57,8,6069.24,3,5,5,355,Champions,Nurture and recommend next purchase
16900,United Kingdom,187.69,3,833.0,62.56,2011-10-07 13:17,2011-11-28 10:50,11,3,187.69,4,4,1,441,Growing customers,Nurture and recommend next purchase
13689,United Kingdom,910.0,1,512.0,910.0,2011-10-07 13:21,2011-10-07 13:21,62,1,910.0,3,2,4,324,Growing customers,Nurture and recommend next purchase
13755,United Kingdom,2101.39,9,1242.0,233.49,2011-10-07 15:45,2011-12-06 12:26,3,9,2101.39,5,5,5,555,Champions,Nurture and recommend next purchase
16104,United Kingdom,298.21,1,122.0,298.21,2011-10-09 10:23,2011-10-09 10:23,61,1,298.21,3,2,2,322,Growing customers,Nurture and recommend next purchase
13259,United Kingdom,283.18,1,126.0,283.18,2011-10-09 10:48,2011-10-09 10:48,61,1,283.18,3,2,2,322,Growing customers,Nurture and recommend next purchase
16248,United Kingdom,152.94,1,78.0,152.94,2011-10-09 11:32,2011-10-09 11:32,61,1,152.94,3,2,1,321,Growing customers,Nurture and recommend next purchase
15612,United Kingdom,195.15,2,52.0,97.58,2011-10-09 12:49,2011-11-03 14:52,35,2,195.15,3,3,1,331,Growing customers,Nurture and recommend next purchase
15787,United Kingdom,933.26,3,534.0,311.09,2011-10-09 13:11,2011-11-13 14:55,25,3,933.26,4,4,4,444,Loyal customers,Nurture and recommend next purchase
16595,United Kingdom,360.16,1,335.0,360.16,2011-10-09 13:15,2011-10-09 13:15,60,1,360.16,3,2,2,322,Growing customers,Nurture and recommend next purchase
13260,United Kingdom,557.62,1,142.0,557.62,2011-10-09 13:21,2011-10-09 13:21,60,1,557.62,3,2,3,323,Growing customers,Nurture and recommend next purchase
15821,United Kingdom,570.96,2,202.0,285.48,2011-10-09 13:28,2011-10-26 15:48,43,2,570.96,3,3,3,333,Growing customers,Nurture and recommend next purchase
18088,United Kingdom,166.03,1,107.0,166.03,2011-10-09 13:41,2011-10-09 13:41,60,1,166.03,3,2,1,321,Growing customers,Nurture and recommend next purchase
16685,United Kingdom,324.24,2,396.0,162.12,2011-10-09 13:44,2011-10-09 13:58,60,2,324.24,3,3,2,332,Growing customers,Nurture and recommend next purchase
13193,United Kingdom,112.08,1,46.0,112.08,2011-10-09 14:30,2011-10-09 14:30,60,1,112.08,3,2,1,321,Growing customers,Nurture and recommend next purchase
13212,United Kingdom,779.33,3,309.0,259.78,2011-10-09 14:48,2011-11-30 15:12,8,3,779.33,5,4,3,543,Loyal customers,Nurture and recommend next purchase
14801,United Kingdom,189.34,1,173.0,189.34,2011-10-09 15:24,2011-10-09 15:24,60,1,189.34,3,2,1,321,Growing customers,Nurture and recommend next purchase
16380,United Kingdom,1743.15,1,1428.0,1743.15,2011-10-09 15:40,2011-10-09 15:40,60,1,1743.15,3,2,4,324,Growing customers,Nurture and recommend next purchase
16921,United Kingdom,154.18,1,154.0,154.18,2011-10-09 16:22,2011-10-09 16:22,60,1,154.18,3,2,1,321,Growing customers,Nurture and recommend next purchase
15193,United Kingdom,499.32,1,144.0,499.32,2011-10-10 08:23,2011-10-10 08:23,60,1,499.32,3,2,3,323,Growing customers,Nurture and recommend next purchase
14027,United Kingdom,104.82,1,62.0,104.82,2011-10-10 09:01,2011-10-10 09:01,60,1,104.82,3,2,1,321,Growing customers,Nurture and recommend next purchase
16179,United Kingdom,215.83,1,99.0,215.83,2011-10-10 09:41,2011-10-10 09:41,60,1,215.83,3,2,1,321,Growing customers,Nurture and recommend next purchase
15473,United Kingdom,1465.2,7,672.0,209.31,2011-10-10 11:12,2011-11-25 15:15,13,7,1465.2,4,5,4,454,Champions,Nurture and recommend next purchase
17425,United Kingdom,759.17,2,407.0,379.58,2011-10-10 11:37,2011-11-20 15:30,18,2,759.17,4,3,3,433,Loyal customers,Nurture and recommend next purchase
18169,United Kingdom,202.65,1,61.0,202.65,2011-10-10 12:18,2011-10-10 12:18,60,1,202.65,3,2,1,321,Growing customers,Nurture and recommend next purchase
18126,United Kingdom,200.92,1,135.0,200.92,2011-10-10 12:19,2011-10-10 12:19,60,1,200.92,3,2,1,321,Growing customers,Nurture and recommend next purchase
16688,United Kingdom,1260.86,4,804.0,315.21,2011-10-10 12:23,2011-12-08 15:24,0,4,1260.86,5,4,4,544,Champions,Nurture and recommend next purchase
16982,United Kingdom,384.06,1,182.0,384.06,2011-10-10 12:28,2011-10-10 12:28,60,1,384.06,3,2,2,322,Growing customers,Nurture and recommend next purchase
15330,United Kingdom,714.96,2,1312.0,357.48,2011-10-10 12:30,2011-11-07 17:50,31,2,714.96,3,3,3,333,Growing customers,Nurture and recommend next purchase
17186,United Kingdom,144.0,2,200.0,72.0,2011-10-10 12:52,2011-10-24 10:20,46,2,144.0,3,3,1,331,Growing customers,Nurture and recommend next purchase
13685,United Kingdom,3119.44,7,5056.0,445.63,2011-10-10 12:59,2011-12-07 11:41,2,7,3119.44,5,5,5,555,Champions,Nurture and recommend next purchase
16776,United Kingdom,371.54,1,254.0,371.54,2011-10-10 13:04,2011-10-10 13:04,59,1,371.54,3,2,2,322,Growing customers,Nurture and recommend next purchase
13980,United Kingdom,200.14,1,172.0,200.14,2011-10-10 13:34,2011-10-10 13:34,59,1,200.14,3,2,1,321,Growing customers,Nurture and recommend next purchase
13352,United Kingdom,389.28,1,321.0,389.28,2011-10-10 13:55,2011-12-02 11:58,7,1,389.28,5,2,2,522,Growing customers,Nurture and recommend next purchase
15553,United Kingdom,428.93,1,449.0,428.93,2011-10-10 14:02,2011-10-10 14:02,59,1,428.93,3,2,2,322,Growing customers,Nurture and recommend next purchase
15886,United Kingdom,181.09,1,147.0,181.09,2011-10-10 14:25,2011-10-10 14:25,59,1,181.09,3,2,1,321,Growing customers,Nurture and recommend next purchase
17203,United Kingdom,3560.08,6,2846.0,593.35,2011-10-10 14:37,2011-11-04 12:27,35,6,3560.08,3,5,5,355,Champions,Nurture and recommend next purchase
12607,USA,0.0,1,1228.0,0.0,2011-10-10 16:06,2011-10-12 16:17,57,1,0.0,3,2,1,321,Growing customers,Nurture and recommend next purchase
17459,United Kingdom,657.3,2,537.0,328.65,2011-10-10 17:00,2011-10-27 13:25,42,2,657.3,3,3,3,333,Growing customers,Nurture and recommend next purchase
12772,Portugal,892.47,1,556.0,892.47,2011-10-11 09:19,2011-10-11 09:19,59,1,892.47,3,2,3,323,Growing customers,Nurture and recommend next purchase
16561,United Kingdom,511.12,2,244.0,255.56,2011-10-11 09:53,2011-12-04 11:50,5,2,511.12,5,3,3,533,Loyal customers,Nurture and recommend next purchase
14121,United Kingdom,2740.3,4,2082.0,685.08,2011-10-11 10:39,2011-12-06 12:19,3,4,2740.3,5,4,5,545,Champions,Nurture and recommend next purchase
12371,Switzerland,1887.96,2,591.0,943.98,2011-10-11 10:43,2011-10-26 10:16,44,2,1887.96,3,3,4,334,Loyal customers,Nurture and recommend next purchase
17119,United Kingdom,593.61,2,334.0,296.81,2011-10-11 11:03,2011-12-06 14:40,2,2,593.61,5,3,3,533,Loyal customers,Nurture and recommend next purchase
17620,United Kingdom,81.44,1,60.0,81.44,2011-10-11 12:08,2011-10-11 12:08,59,1,81.44,3,2,1,321,Growing customers,Nurture and recommend next purchase
12824,United Kingdom,397.12,1,232.0,397.12,2011-10-11 12:49,2011-10-11 12:49,59,1,397.12,3,2,2,322,Growing customers,Nurture and recommend next purchase
14710,United Kingdom,599.48,4,375.0,149.87,2011-10-11 13:49,2011-11-25 14:53,13,4,599.48,4,4,3,443,Loyal customers,Nurture and recommend next purchase
16120,United Kingdom,1294.14,4,878.0,323.54,2011-10-11 14:10,2011-10-11 14:22,58,4,1294.14,3,4,4,344,Loyal customers,Nurture and recommend next purchase
14624,United Kingdom,225.85,2,162.0,112.92,2011-10-11 14:39,2011-10-13 13:44,56,2,225.85,3,3,1,331,Growing customers,Nurture and recommend next purchase
16171,United Kingdom,73.2,1,24.0,73.2,2011-10-11 14:51,2011-10-11 14:51,58,1,73.2,3,2,1,321,Growing customers,Nurture and recommend next purchase
12536,France,4106.82,3,2803.0,1368.94,2011-10-11 14:52,2011-12-02 12:43,7,3,4106.82,5,4,5,545,Champions,Nurture and recommend next purchase
13690,United Kingdom,172.25,1,67.0,172.25,2011-10-11 15:03,2011-10-11 15:03,58,1,172.25,3,2,1,321,Growing customers,Nurture and recommend next purchase
17934,United Kingdom,704.25,2,478.0,352.12,2011-10-12 10:50,2011-10-19 11:16,51,2,704.25,3,3,3,333,Growing customers,Nurture and recommend next purchase
14642,United Kingdom,96.12,1,76.0,96.12,2011-10-12 11:08,2011-10-12 11:08,58,1,96.12,3,2,1,321,Growing customers,Nurture and recommend next purchase
12602,France,153.12,1,162.0,153.12,2011-10-12 11:22,2011-10-12 11:22,58,1,153.12,3,2,1,321,Growing customers,Nurture and recommend next purchase
16753,United Kingdom,223.92,1,189.0,223.92,2011-10-12 13:14,2011-10-12 13:14,57,1,223.92,3,2,1,321,Growing customers,Nurture and recommend next purchase
17737,United Kingdom,168.24,2,108.0,84.12,2011-10-12 14:42,2011-11-30 15:16,8,2,168.24,5,3,1,531,Growing customers,Nurture and recommend next purchase
13464,United Kingdom,674.68,1,403.0,674.68,2011-10-12 15:01,2011-10-12 15:01,57,1,674.68,3,2,3,323,Growing customers,Nurture and recommend next purchase
12667,Finland,620.13,1,395.0,620.13,2011-10-12 17:00,2011-10-12 17:00,57,1,620.13,3,2,3,323,Growing customers,Nurture and recommend next purchase
12498,Germany,403.7,3,159.0,134.57,2011-10-13 09:30,2011-11-18 12:53,20,3,403.7,4,4,2,442,Loyal customers,Nurture and recommend next purchase
14537,United Kingdom,355.56,1,120.0,355.56,2011-10-13 10:54,2011-10-13 10:54,57,1,355.56,3,2,2,322,Growing customers,Nurture and recommend next purchase
17279,United Kingdom,187.83,1,48.0,187.83,2011-10-13 11:58,2011-10-13 11:58,57,1,187.83,3,2,1,321,Growing customers,Nurture and recommend next purchase
14251,United Kingdom,2879.7,5,1674.0,575.94,2011-10-13 12:46,2011-12-08 08:32,1,5,2879.7,5,5,5,555,Champions,Nurture and recommend next purchase
12446,RSA,1002.31,1,352.0,1002.31,2011-10-13 12:50,2011-10-13 12:50,57,1,1002.31,3,2,4,324,Growing customers,Nurture and recommend next purchase
12631,Finland,640.5,1,236.0,640.5,2011-10-13 13:53,2011-10-13 13:53,56,1,640.5,3,2,3,323,Growing customers,Nurture and recommend next purchase
14234,United Kingdom,754.12,4,951.0,188.53,2011-10-13 13:58,2011-11-17 17:53,21,4,754.12,4,4,3,443,Loyal customers,Nurture and recommend next purchase
14975,United Kingdom,279.94,1,380.0,279.94,2011-10-13 14:08,2011-10-13 14:08,56,1,279.94,3,2,2,322,Growing customers,Nurture and recommend next purchase
13853,United Kingdom,1056.94,1,312.0,1056.94,2011-10-13 14:18,2011-12-01 08:12,8,1,1056.94,5,2,4,524,Loyal customers,Nurture and recommend next purchase
16773,United Kingdom,171.59,1,171.0,171.59,2011-10-13 14:37,2011-10-13 14:37,56,1,171.59,3,2,1,321,Growing customers,Nurture and recommend next purchase
16430,United Kingdom,300.85,1,103.0,300.85,2011-10-13 14:47,2011-10-13 14:47,56,1,300.85,3,2,2,322,Growing customers,Nurture and recommend next purchase
16793,United Kingdom,243.84,1,146.0,243.84,2011-10-13 15:08,2011-10-13 15:08,56,1,243.84,3,2,2,322,Growing customers,Nurture and recommend next purchase
18130,United Kingdom,1045.74,3,824.0,348.58,2011-10-13 15:58,2011-12-01 08:41,8,3,1045.74,5,4,4,544,Champions,Nurture and recommend next purchase
17614,United Kingdom,386.32,1,235.0,386.32,2011-10-13 16:01,2011-10-13 16:01,56,1,386.32,3,2,2,322,Growing customers,Nurture and recommend next purchase
13858,United Kingdom,216.17,1,75.0,216.17,2011-10-13 16:17,2011-10-13 16:17,56,1,216.17,3,2,1,321,Growing customers,Nurture and recommend next purchase
14856,United Kingdom,1290.53,3,711.0,430.18,2011-10-14 09:35,2011-11-03 14:53,35,3,1290.53,3,4,4,344,Loyal customers,Nurture and recommend next purchase
14089,United Kingdom,158.75,1,133.0,158.75,2011-10-14 10:38,2011-10-14 10:38,56,1,158.75,3,2,1,321,Growing customers,Nurture and recommend next purchase
15478,United Kingdom,1399.92,2,575.0,699.96,2011-10-14 11:09,2011-10-30 14:19,39,2,1399.92,3,3,4,334,Loyal customers,Nurture and recommend next purchase
16413,United Kingdom,262.2,1,148.0,262.2,2011-10-14 12:08,2011-10-14 12:08,56,1,262.2,3,2,2,322,Growing customers,Nurture and recommend next purchase
13810,Germany,899.51,3,312.0,299.84,2011-10-14 12:57,2011-11-11 08:33,28,3,899.51,4,4,3,443,Loyal customers,Nurture and recommend next purchase
16416,United Kingdom,1026.99,3,672.0,342.33,2011-10-14 13:35,2011-11-13 12:50,26,3,1026.99,4,4,4,444,Loyal customers,Nurture and recommend next purchase
13006,United Kingdom,81.57,1,55.0,81.57,2011-10-14 13:49,2011-10-14 13:49,55,1,81.57,3,2,1,321,Growing customers,Nurture and recommend next purchase
17986,United Kingdom,20.8,1,10.0,20.8,2011-10-14 14:22,2011-10-14 14:22,55,1,20.8,3,2,1,321,Growing customers,Nurture and recommend next purchase
12454,Spain,0.0,1,1006.0,0.0,2011-10-14 17:13,2011-10-17 15:07,52,1,0.0,3,2,1,321,Growing customers,Nurture and recommend next purchase
14910,United Kingdom,389.86,4,238.0,97.47,2011-10-16 11:06,2011-12-07 10:06,2,4,389.86,5,4,2,542,Loyal customers,Nurture and recommend next purchase
16243,United Kingdom,409.1,2,110.0,204.55,2011-10-16 12:09,2011-11-06 12:32,33,2,409.1,3,3,2,332,Growing customers,Nurture and recommend next purchase
13878,United Kingdom,1271.57,1,463.0,1271.57,2011-10-16 12:19,2011-10-16 12:19,54,1,1271.57,3,2,4,324,Growing customers,Nurture and recommend next purchase
16934,United Kingdom,931.03,2,397.0,465.51,2011-10-16 12:25,2011-10-16 12:40,54,2,931.03,3,3,4,334,Loyal customers,Nurture and recommend next purchase
15994,United Kingdom,414.27,1,173.0,414.27,2011-10-16 12:28,2011-10-16 12:28,54,1,414.27,3,2,2,322,Growing customers,Nurture and recommend next purchase
14547,United Kingdom,3953.95,8,2639.0,494.24,2011-10-16 14:35,2011-12-06 11:06,3,8,3953.95,5,5,5,555,Champions,Nurture and recommend next purchase
16052,United Kingdom,362.06,1,282.0,362.06,2011-10-16 15:13,2011-10-16 15:13,53,1,362.06,3,2,2,322,Growing customers,Nurture and recommend next purchase
15113,United Kingdom,3339.51,3,2344.0,1113.17,2011-10-16 15:27,2011-11-30 08:23,9,3,3339.51,5,4,5,545,Champions,Nurture and recommend next purchase
12475,Germany,723.38,1,535.0,723.38,2011-10-17 10:10,2011-10-17 10:10,53,1,723.38,3,2,3,323,Growing customers,Nurture and recommend next purchase
16542,United Kingdom,119.62,1,46.0,119.62,2011-10-17 10:47,2011-10-17 10:47,53,1,119.62,3,2,1,321,Growing customers,Nurture and recommend next purchase
18042,United Kingdom,165.05,1,33.0,165.05,2011-10-17 11:49,2011-10-17 11:49,53,1,165.05,3,2,1,321,Growing customers,Nurture and recommend next purchase
16563,United Kingdom,1077.74,1,486.0,1077.74,2011-10-17 11:51,2011-10-17 11:51,53,1,1077.74,3,2,4,324,Growing customers,Nurture and recommend next purchase
17201,United Kingdom,289.78,1,231.0,289.78,2011-10-17 11:55,2011-10-17 11:55,53,1,289.78,3,2,2,322,Growing customers,Nurture and recommend next purchase
17520,United Kingdom,546.81,1,365.0,546.81,2011-10-17 12:04,2011-10-17 12:04,53,1,546.81,3,2,3,323,Growing customers,Nurture and recommend next purchase
13923,United Kingdom,351.13,1,185.0,351.13,2011-10-17 12:33,2011-10-17 12:33,53,1,351.13,3,2,2,322,Growing customers,Nurture and recommend next purchase
16412,United Kingdom,135.99,1,63.0,135.99,2011-10-17 12:35,2011-10-17 12:35,53,1,135.99,3,2,1,321,Growing customers,Nurture and recommend next purchase
17205,United Kingdom,384.08,1,884.0,384.08,2011-10-17 12:46,2011-10-17 12:46,53,1,384.08,3,2,2,322,Growing customers,Nurture and recommend next purchase
17534,United Kingdom,223.36,1,103.0,223.36,2011-10-17 12:47,2011-10-17 12:47,53,1,223.36,3,2,1,321,Growing customers,Nurture and recommend next purchase
15335,United Kingdom,170.22,1,79.0,170.22,2011-10-17 12:50,2011-10-17 12:50,53,1,170.22,3,2,1,321,Growing customers,Nurture and recommend next purchase
16737,United Kingdom,417.6,1,288.0,417.6,2011-10-17 13:03,2011-10-17 13:03,52,1,417.6,3,2,2,322,Growing customers,Nurture and recommend next purchase
15066,United Kingdom,760.59,1,317.0,760.59,2011-10-17 13:25,2011-11-08 09:56,31,1,760.59,3,2,3,323,Growing customers,Nurture and recommend next purchase
17206,United Kingdom,204.24,1,76.0,204.24,2011-10-17 13:25,2011-10-17 13:25,52,1,204.24,3,2,1,321,Growing customers,Nurture and recommend next purchase
17785,United Kingdom,131.94,1,67.0,131.94,2011-10-17 13:43,2011-10-17 13:43,52,1,131.94,3,2,1,321,Growing customers,Nurture and recommend next purchase
16932,United Kingdom,150.23,1,82.0,150.23,2011-10-17 14:12,2011-10-17 14:12,52,1,150.23,3,2,1,321,Growing customers,Nurture and recommend next purchase
16363,United Kingdom,109.36,1,52.0,109.36,2011-10-17 14:14,2011-10-17 14:14,52,1,109.36,3,2,1,321,Growing customers,Nurture and recommend next purchase
14830,United Kingdom,188.88,1,164.0,188.88,2011-10-17 14:29,2011-10-17 14:29,52,1,188.88,3,2,1,321,Growing customers,Nurture and recommend next purchase
17244,United Kingdom,954.9,1,616.0,954.9,2011-10-17 15:19,2011-10-17 15:19,52,1,954.9,3,2,4,324,Growing customers,Nurture and recommend next purchase
15355,United Kingdom,277.05,2,45.0,138.53,2011-10-17 15:22,2011-11-10 13:44,28,2,277.05,4,3,2,432,Growing customers,Nurture and recommend next purchase
15598,United Kingdom,235.68,1,160.0,235.68,2011-10-17 16:04,2011-11-04 13:14,34,1,235.68,3,2,2,322,Growing customers,Nurture and recommend next purchase
15637,United Kingdom,223.36,1,128.0,223.36,2011-10-18 08:28,2011-10-18 08:28,52,1,223.36,3,2,1,321,Growing customers,Nurture and recommend next purchase
16848,United Kingdom,281.42,1,182.0,281.42,2011-10-18 08:42,2011-10-18 08:42,52,1,281.42,3,2,2,322,Growing customers,Nurture and recommend next purchase
15678,United Kingdom,352.7,1,184.0,352.7,2011-10-18 09:25,2011-10-18 09:25,52,1,352.7,3,2,2,322,Growing customers,Nurture and recommend next purchase
14015,United Kingdom,917.34,1,378.0,917.34,2011-10-18 10:02,2011-10-18 10:02,52,1,917.34,3,2,4,324,Growing customers,Nurture and recommend next purchase
13594,United Kingdom,396.97,1,359.0,396.97,2011-10-18 10:19,2011-10-18 10:19,52,1,396.97,3,2,2,322,Growing customers,Nurture and recommend next purchase
15327,United Kingdom,208.75,1,116.0,208.75,2011-10-18 11:55,2011-10-18 11:55,52,1,208.75,3,2,1,321,Growing customers,Nurture and recommend next purchase
14861,United Kingdom,125.79,1,117.0,125.79,2011-10-18 12:54,2011-10-18 12:54,51,1,125.79,3,2,1,321,Growing customers,Nurture and recommend next purchase
14554,United Kingdom,2279.49,4,1443.0,569.87,2011-10-18 13:04,2011-11-29 16:44,9,4,2279.49,5,4,5,545,Champions,Nurture and recommend next purchase
12611,Italy,1193.32,1,846.0,1193.32,2011-10-18 13:12,2011-10-18 13:12,51,1,1193.32,3,2,4,324,Growing customers,Nurture and recommend next purchase
14179,United Kingdom,701.57,2,319.0,350.79,2011-10-18 14:00,2011-10-30 12:07,40,2,701.57,3,3,3,333,Growing customers,Nurture and recommend next purchase
15604,United Kingdom,216.39,1,159.0,216.39,2011-10-18 14:47,2011-10-18 14:47,51,1,216.39,3,2,1,321,Growing customers,Nurture and recommend next purchase
14381,United Kingdom,202.68,1,146.0,202.68,2011-10-18 17:10,2011-10-18 17:10,51,1,202.68,3,2,1,321,Growing customers,Nurture and recommend next purchase
12572,Germany,1004.72,2,452.0,502.36,2011-10-19 08:20,2011-12-01 09:20,8,2,1004.72,5,3,4,534,Loyal customers,Nurture and recommend next purchase
16123,United Kingdom,307.78,1,170.0,307.78,2011-10-19 09:18,2011-10-19 09:18,51,1,307.78,3,2,2,322,Growing customers,Nurture and recommend next purchase
16851,United Kingdom,342.45,3,271.0,114.15,2011-10-19 09:48,2011-12-05 13:32,3,3,342.45,5,4,2,542,Loyal customers,Nurture and recommend next purchase
17148,United Kingdom,124.88,1,82.0,124.88,2011-10-19 09:59,2011-10-19 09:59,51,1,124.88,3,2,1,321,Growing customers,Nurture and recommend next purchase
17549,United Kingdom,148.86,2,210.0,74.43,2011-10-19 10:05,2011-11-16 09:59,23,2,148.86,4,3,1,431,Growing customers,Nurture and recommend next purchase
17973,United Kingdom,337.04,1,176.0,337.04,2011-10-19 10:34,2011-10-19 10:34,51,1,337.04,3,2,2,322,Growing customers,Nurture and recommend next purchase
15610,United Kingdom,112.46,1,66.0,112.46,2011-10-19 10:36,2011-10-19 10:36,51,1,112.46,3,2,1,321,Growing customers,Nurture and recommend next purchase
15853,United Kingdom,110.8,1,135.0,110.8,2011-10-19 10:38,2011-10-19 10:38,51,1,110.8,3,2,1,321,Growing customers,Nurture and recommend next purchase
18019,United Kingdom,38.45,1,7.0,38.45,2011-10-19 12:10,2011-10-19 12:10,51,1,38.45,3,2,1,321,Growing customers,Nurture and recommend next purchase
14698,United Kingdom,1217.27,5,602.0,243.45,2011-10-19 12:54,2011-12-08 12:26,1,5,1217.27,5,5,4,554,Champions,Nurture and recommend next purchase
16826,United Kingdom,341.7,1,158.0,341.7,2011-10-19 14:05,2011-10-19 14:05,50,1,341.7,3,2,2,322,Growing customers,Nurture and recommend next purchase
17824,United Kingdom,298.4,1,408.0,298.4,2011-10-19 14:14,2011-10-19 14:14,50,1,298.4,3,2,2,322,Growing customers,Nurture and recommend next purchase
12522,Germany,192.72,2,194.0,96.36,2011-10-19 14:41,2011-10-31 15:30,38,2,192.72,3,3,1,331,Growing customers,Nurture and recommend next purchase
15803,United Kingdom,415.82,1,290.0,415.82,2011-10-19 14:56,2011-10-19 14:56,50,1,415.82,3,2,2,322,Growing customers,Nurture and recommend next purchase
15006,United Kingdom,480.38,1,286.0,480.38,2011-10-19 15:08,2011-10-19 15:08,50,1,480.38,3,2,3,323,Growing customers,Nurture and recommend next purchase
17350,United Kingdom,1251.44,4,770.0,312.86,2011-10-19 16:05,2011-12-01 15:47,7,4,1251.44,5,4,4,544,Champions,Nurture and recommend next purchase
14799,United Kingdom,157.7,1,146.0,157.7,2011-10-19 16:16,2011-10-19 16:16,50,1,157.7,3,2,1,321,Growing customers,Nurture and recommend next purchase
15814,United Kingdom,1842.73,4,1271.0,460.68,2011-10-20 09:04,2011-12-06 15:01,2,4,1842.73,5,4,4,544,Champions,Nurture and recommend next purchase
16260,United Kingdom,1035.45,1,311.0,1035.45,2011-10-20 09:40,2011-10-20 09:40,50,1,1035.45,3,2,4,324,Growing customers,Nurture and recommend next purchase
14638,United Kingdom,443.6,1,166.0,443.6,2011-10-20 10:10,2011-10-20 10:10,50,1,443.6,3,2,2,322,Growing customers,Nurture and recommend next purchase
17354,United Kingdom,1393.06,1,1006.0,1393.06,2011-10-20 10:34,2011-10-20 10:34,50,1,1393.06,3,2,4,324,Growing customers,Nurture and recommend next purchase
13245,United Kingdom,430.5,1,125.0,430.5,2011-10-20 11:40,2011-10-20 11:40,50,1,430.5,3,2,2,322,Growing customers,Nurture and recommend next purchase
14923,United Kingdom,749.1,1,418.0,749.1,2011-10-20 11:51,2011-10-20 11:51,50,1,749.1,3,2,3,323,Growing customers,Nurture and recommend next purchase
16177,United Kingdom,331.95,1,95.0,331.95,2011-10-20 12:57,2011-10-20 12:57,49,1,331.95,3,2,2,322,Growing customers,Nurture and recommend next purchase
13366,United Kingdom,56.16,1,144.0,56.16,2011-10-20 13:37,2011-10-20 13:37,49,1,56.16,3,2,1,321,Growing customers,Nurture and recommend next purchase
16284,United Kingdom,812.68,2,535.0,406.34,2011-10-20 13:54,2011-11-08 16:12,30,2,812.68,4,3,3,433,Loyal customers,Nurture and recommend next purchase
16846,United Kingdom,214.32,1,135.0,214.32,2011-10-20 13:55,2011-10-20 13:55,49,1,214.32,3,2,1,321,Growing customers,Nurture and recommend next purchase
14484,United Kingdom,321.92,1,210.0,321.92,2011-10-20 14:11,2011-10-20 14:11,49,1,321.92,3,2,2,322,Growing customers,Nurture and recommend next purchase
13897,United Kingdom,311.16,1,200.0,311.16,2011-10-20 14:30,2011-10-20 14:30,49,1,311.16,3,2,2,322,Growing customers,Nurture and recommend next purchase
14585,United Kingdom,157.05,1,91.0,157.05,2011-10-20 14:33,2011-10-20 14:33,49,1,157.05,3,2,1,321,Growing customers,Nurture and recommend next purchase
17125,United Kingdom,230.5,1,281.0,230.5,2011-10-20 14:41,2011-10-20 14:41,49,1,230.5,3,2,1,321,Growing customers,Nurture and recommend next purchase
15836,United Kingdom,117.47,1,26.0,117.47,2011-10-20 17:13,2011-10-25 15:37,44,1,117.47,3,2,1,321,Growing customers,Nurture and recommend next purchase
16313,United Kingdom,274.15,2,165.0,137.07,2011-10-21 09:04,2011-12-06 13:02,2,2,274.15,5,3,2,532,Loyal customers,Nurture and recommend next purchase
13460,United Kingdom,183.44,2,286.0,91.72,2011-10-21 09:50,2011-11-10 17:17,28,2,183.44,4,3,1,431,Growing customers,Nurture and recommend next purchase
12403,Denmark,409.7,1,96.0,409.7,2011-10-21 10:51,2011-10-21 11:00,49,1,409.7,3,2,2,322,Growing customers,Nurture and recommend next purchase
14967,United Kingdom,463.8,1,140.0,463.8,2011-10-21 11:06,2011-10-21 11:06,49,1,463.8,3,2,3,323,Growing customers,Nurture and recommend next purchase
15286,United Kingdom,240.55,1,55.0,240.55,2011-10-21 11:08,2011-10-21 11:08,49,1,240.55,3,2,2,322,Growing customers,Nurture and recommend next purchase
17832,United Kingdom,155.37,1,208.0,155.37,2011-10-21 11:43,2011-10-21 11:43,49,1,155.37,3,2,1,321,Growing customers,Nurture and recommend next purchase
12646,USA,1346.97,2,897.0,673.49,2011-10-21 12:52,2011-12-05 10:14,4,2,1346.97,5,3,4,534,Loyal customers,Nurture and recommend next purchase
16015,United Kingdom,689.7,3,907.0,229.9,2011-10-21 12:56,2011-12-06 10:58,3,3,689.7,5,4,3,543,Loyal customers,Nurture and recommend next purchase
16311,United Kingdom,616.26,2,394.0,308.13,2011-10-21 13:13,2011-11-22 08:54,17,2,616.26,4,3,3,433,Loyal customers,Nurture and recommend next purchase
15728,United Kingdom,-134.8,0,0,0,2011-10-21 14:03,2011-10-21 14:03,48,0,-134.8,3,1,1,311,Growing customers,Nurture and recommend next purchase
15740,United Kingdom,154.88,1,152.0,154.88,2011-10-21 14:29,2011-10-21 14:29,48,1,154.88,3,2,1,321,Growing customers,Nurture and recommend next purchase
13974,United Kingdom,413.59,1,249.0,413.59,2011-10-21 14:41,2011-10-21 14:41,48,1,413.59,3,2,2,322,Growing customers,Nurture and recommend next purchase
15677,United Kingdom,657.23,1,319.0,657.23,2011-10-21 15:36,2011-10-21 15:36,48,1,657.23,3,2,3,323,Growing customers,Nurture and recommend next purchase
15000,United Kingdom,490.52,1,218.0,490.52,2011-10-23 11:42,2011-10-23 11:42,47,1,490.52,3,2,3,323,Growing customers,Nurture and recommend next purchase
16017,United Kingdom,211.88,1,102.0,211.88,2011-10-23 12:56,2011-10-23 12:56,46,1,211.88,3,2,1,321,Growing customers,Nurture and recommend next purchase
13471,United Kingdom,2501.84,4,1583.0,625.46,2011-10-23 13:10,2011-12-08 15:44,0,4,2501.84,5,4,5,545,Champions,Nurture and recommend next purchase
13598,United Kingdom,147.29,1,52.0,147.29,2011-10-23 14:28,2011-10-23 14:35,46,1,147.29,3,2,1,321,Growing customers,Nurture and recommend next purchase
18005,United Kingdom,226.47,2,86.0,113.23,2011-10-23 14:40,2011-12-06 11:51,3,2,226.47,5,3,1,531,Growing customers,Nurture and recommend next purchase
15427,United Kingdom,1430.54,3,967.0,476.85,2011-10-23 14:47,2011-11-06 14:29,32,3,1430.54,3,4,4,344,Loyal customers,Nurture and recommend next purchase
15022,United Kingdom,852.39,4,527.0,213.1,2011-10-23 15:47,2011-11-28 12:35,11,4,852.39,4,4,3,443,Loyal customers,Nurture and recommend next purchase
17111,United Kingdom,231.61,1,282.0,231.61,2011-10-23 15:59,2011-10-23 15:59,46,1,231.61,3,2,1,321,Growing customers,Nurture and recommend next purchase
17836,United Kingdom,110.21,1,88.0,110.21,2011-10-23 16:13,2011-10-23 16:13,46,1,110.21,3,2,1,321,Growing customers,Nurture and recommend next purchase
14629,United Kingdom,935.46,2,378.0,467.73,2011-10-23 16:13,2011-12-05 16:55,3,2,935.46,5,3,4,534,Loyal customers,Nurture and recommend next purchase
15592,United Kingdom,388.58,1,354.0,388.58,2011-10-24 08:59,2011-10-24 08:59,46,1,388.58,3,2,2,322,Growing customers,Nurture and recommend next purchase
15277,United Kingdom,255.9,1,205.0,255.9,2011-10-24 10:08,2011-10-24 10:08,46,1,255.9,3,2,2,322,Growing customers,Nurture and recommend next purchase
16491,United Kingdom,731.5,1,478.0,731.5,2011-10-24 10:18,2011-10-24 10:18,46,1,731.5,3,2,3,323,Growing customers,Nurture and recommend next purchase
15516,United Kingdom,62.43,3,27.0,20.81,2011-10-24 11:33,2011-10-26 10:51,44,3,62.43,3,4,1,341,Growing customers,Nurture and recommend next purchase
14764,United Kingdom,250.55,1,190.0,250.55,2011-10-24 11:54,2011-10-27 10:46,43,1,250.55,3,2,2,322,Growing customers,Nurture and recommend next purchase
16742,United Kingdom,0.0,1,1.0,0.0,2011-10-24 11:58,2011-10-24 12:02,46,1,0.0,3,2,1,321,Growing customers,Nurture and recommend next purchase
15142,United Kingdom,498.74,1,365.0,498.74,2011-10-24 12:51,2011-10-24 12:51,45,1,498.74,3,2,3,323,Growing customers,Nurture and recommend next purchase
17344,United Kingdom,157.62,1,65.0,157.62,2011-10-24 12:56,2011-10-24 12:56,45,1,157.62,3,2,1,321,Growing customers,Nurture and recommend next purchase
18240,United Kingdom,422.58,1,126.0,422.58,2011-10-24 13:06,2011-10-24 13:06,45,1,422.58,3,2,2,322,Growing customers,Nurture and recommend next purchase
17081,United Kingdom,288.91,2,77.0,144.46,2011-10-24 13:08,2011-11-14 12:56,24,2,288.91,4,3,2,432,Growing customers,Nurture and recommend next purchase
14474,United Kingdom,537.71,1,140.0,537.71,2011-10-24 13:26,2011-10-27 12:57,42,1,537.71,3,2,3,323,Growing customers,Nurture and recommend next purchase
14139,United Kingdom,415.82,1,510.0,415.82,2011-10-24 13:34,2011-10-24 13:34,45,1,415.82,3,2,2,322,Growing customers,Nurture and recommend next purchase
15844,United Kingdom,130.74,1,134.0,130.74,2011-10-24 15:19,2011-10-24 15:19,45,1,130.74,3,2,1,321,Growing customers,Nurture and recommend next purchase
13176,United Kingdom,481.49,1,448.0,481.49,2011-10-24 15:43,2011-10-24 15:43,45,1,481.49,3,2,3,323,Growing customers,Nurture and recommend next purchase
12398,Switzerland,1635.66,1,1394.0,1635.66,2011-10-25 10:27,2011-10-25 10:27,45,1,1635.66,3,2,4,324,Growing customers,Nurture and recommend next purchase
15345,United Kingdom,367.69,1,81.0,367.69,2011-10-25 11:28,2011-11-04 13:24,34,1,367.69,3,2,2,322,Growing customers,Nurture and recommend next purchase
16708,United Kingdom,656.63,1,285.0,656.63,2011-10-25 12:20,2011-10-25 12:20,45,1,656.63,3,2,3,323,Growing customers,Nurture and recommend next purchase
15963,United Kingdom,470.76,2,298.0,235.38,2011-10-25 13:05,2011-11-20 11:33,19,2,470.76,4,3,3,433,Loyal customers,Nurture and recommend next purchase
18045,United Kingdom,178.34,1,138.0,178.34,2011-10-25 13:07,2011-10-25 13:07,44,1,178.34,3,2,1,321,Growing customers,Nurture and recommend next purchase
13182,United Kingdom,121.18,1,201.0,121.18,2011-10-25 13:46,2011-10-25 13:46,44,1,121.18,3,2,1,321,Growing customers,Nurture and recommend next purchase
15158,United Kingdom,401.4,1,198.0,401.4,2011-10-25 13:53,2011-10-25 13:53,44,1,401.4,3,2,2,322,Growing customers,Nurture and recommend next purchase
13028,United Kingdom,659.68,2,798.0,329.84,2011-10-25 14:09,2011-11-17 11:10,22,2,659.68,4,3,3,433,Loyal customers,Nurture and recommend next purchase
13978,United Kingdom,196.79,2,315.0,98.39,2011-10-25 15:04,2011-11-25 11:36,14,2,196.79,4,3,1,431,Growing customers,Nurture and recommend next purchase
16056,United Kingdom,650.75,1,345.0,650.75,2011-10-25 15:19,2011-10-25 15:19,44,1,650.75,3,2,3,323,Growing customers,Nurture and recommend next purchase
12812,Japan,229.64,1,164.0,229.64,2011-10-26 09:54,2011-10-26 09:54,44,1,229.64,3,2,1,321,Growing customers,Nurture and recommend next purchase
16071,United Kingdom,326.24,1,180.0,326.24,2011-10-26 11:14,2011-10-26 11:14,44,1,326.24,3,2,2,322,Growing customers,Nurture and recommend next purchase
14539,United Kingdom,537.48,2,428.0,268.74,2011-10-26 12:03,2011-11-24 09:50,15,2,537.48,4,3,3,433,Loyal customers,Nurture and recommend next purchase
14550,United Kingdom,757.37,2,389.0,378.69,2011-10-26 12:14,2011-11-29 12:12,10,2,757.37,4,3,3,433,Loyal customers,Nurture and recommend next purchase
17712,United Kingdom,522.91,1,215.0,522.91,2011-10-26 12:28,2011-10-26 12:28,44,1,522.91,3,2,3,323,Growing customers,Nurture and recommend next purchase
14102,United Kingdom,1060.33,5,769.0,212.07,2011-10-26 12:46,2011-12-04 15:38,4,5,1060.33,5,5,4,554,Champions,Nurture and recommend next purchase
14598,United Kingdom,221.97,1,189.0,221.97,2011-10-26 13:19,2011-10-26 13:19,43,1,221.97,3,2,1,321,Growing customers,Nurture and recommend next purchase
15320,United Kingdom,267.13,1,326.0,267.13,2011-10-26 13:27,2011-10-26 13:27,43,1,267.13,3,2,2,322,Growing customers,Nurture and recommend next purchase
16415,United Kingdom,200.27,1,178.0,200.27,2011-10-26 13:35,2011-10-26 13:35,43,1,200.27,3,2,1,321,Growing customers,Nurture and recommend next purchase
12448,Spain,449.45,1,243.0,449.45,2011-10-26 13:46,2011-10-26 13:46,43,1,449.45,3,2,2,322,Growing customers,Nurture and recommend next purchase
12827,United Kingdom,430.15,3,197.0,143.38,2011-10-26 15:44,2011-12-04 12:17,5,3,430.15,5,4,2,542,Loyal customers,Nurture and recommend next purchase
16345,United Kingdom,565.46,1,288.0,565.46,2011-10-26 16:03,2011-10-26 16:03,43,1,565.46,3,2,3,323,Growing customers,Nurture and recommend next purchase
15993,United Kingdom,2736.92,7,2037.0,390.99,2011-10-26 16:21,2011-12-01 10:45,8,7,2736.92,5,5,5,555,Champions,Nurture and recommend next purchase
17895,United Kingdom,95.45,1,127.0,95.45,2011-10-26 17:00,2011-10-26 17:00,43,1,95.45,3,2,1,321,Growing customers,Nurture and recommend next purchase
15948,United Kingdom,955.24,2,567.0,477.62,2011-10-27 08:35,2011-12-01 15:32,7,2,955.24,5,3,4,534,Loyal customers,Nurture and recommend next purchase
15659,United Kingdom,306.45,1,111.0,306.45,2011-10-27 09:23,2011-10-27 09:23,43,1,306.45,3,2,2,322,Growing customers,Nurture and recommend next purchase
18154,United Kingdom,399.19,2,255.0,199.59,2011-10-27 10:40,2011-12-06 16:41,2,2,399.19,5,3,2,532,Loyal customers,Nurture and recommend next purchase
12630,Finland,1270.88,2,548.0,635.44,2011-10-27 10:41,2011-11-30 10:48,9,2,1270.88,5,3,4,534,Loyal customers,Nurture and recommend next purchase
13363,United Kingdom,992.5,2,710.0,496.25,2011-10-27 10:46,2011-11-22 12:40,17,2,992.5,4,3,4,434,Loyal customers,Nurture and recommend next purchase
18276,United Kingdom,323.36,1,186.0,323.36,2011-10-27 10:54,2011-11-18 17:01,20,1,323.36,4,2,2,422,Growing customers,Nurture and recommend next purchase
17684,United Kingdom,239.41,1,145.0,239.41,2011-10-27 11:10,2011-10-27 11:10,43,1,239.41,3,2,2,322,Growing customers,Nurture and recommend next purchase
17878,United Kingdom,379.45,1,401.0,379.45,2011-10-27 11:24,2011-10-27 11:24,43,1,379.45,3,2,2,322,Growing customers,Nurture and recommend next purchase
14752,United Kingdom,389.64,1,260.0,389.64,2011-10-27 11:55,2011-10-27 11:55,43,1,389.64,3,2,2,322,Growing customers,Nurture and recommend next purchase
16847,United Kingdom,193.44,1,78.0,193.44,2011-10-27 13:29,2011-10-27 13:29,42,1,193.44,3,2,1,321,Growing customers,Nurture and recommend next purchase
14971,United Kingdom,1097.98,3,639.0,365.99,2011-10-27 13:33,2011-11-04 17:07,34,3,1097.98,3,4,4,344,Loyal customers,Nurture and recommend next purchase
17545,United Kingdom,642.32,3,337.0,214.11,2011-10-27 13:48,2011-10-27 14:04,42,3,642.32,3,4,3,343,Loyal customers,Nurture and recommend next purchase
16026,United Kingdom,236.09,1,243.0,236.09,2011-10-27 13:53,2011-10-27 13:53,42,1,236.09,3,2,2,322,Growing customers,Nurture and recommend next purchase
16513,United Kingdom,874.59,4,407.0,218.65,2011-10-27 14:56,2011-12-05 10:18,4,4,874.59,5,4,3,543,Loyal customers,Nurture and recommend next purchase
12430,Norway,256.4,1,117.0,256.4,2011-10-27 15:09,2011-10-27 15:09,42,1,256.4,3,2,2,322,Growing customers,Nurture and recommend next purchase
14357,United Kingdom,225.12,1,147.0,225.12,2011-10-27 16:23,2011-10-27 16:23,42,1,225.12,3,2,1,321,Growing customers,Nurture and recommend next purchase
16855,United Kingdom,328.4,2,164.0,164.2,2011-10-27 16:31,2011-11-16 12:03,23,2,328.4,4,3,2,432,Growing customers,Nurture and recommend next purchase
16680,United Kingdom,183.7,1,94.0,183.7,2011-10-27 17:35,2011-10-27 17:35,42,1,183.7,3,2,1,321,Growing customers,Nurture and recommend next purchase
18035,United Kingdom,713.89,3,584.0,237.96,2011-10-27 17:48,2011-11-04 12:39,35,3,713.89,3,4,3,343,Loyal customers,Nurture and recommend next purchase
16648,United Kingdom,270.86,1,281.0,270.86,2011-10-28 08:58,2011-11-01 09:52,38,1,270.86,3,2,2,322,Growing customers,Nurture and recommend next purchase
16164,United Kingdom,802.53,3,433.0,267.51,2011-10-28 09:12,2011-11-22 15:04,16,3,802.53,4,4,3,443,Loyal customers,Nurture and recommend next purchase
14218,United Kingdom,169.48,1,160.0,169.48,2011-10-28 10:00,2011-10-28 10:00,42,1,169.48,3,2,1,321,Growing customers,Nurture and recommend next purchase
15096,United Kingdom,219.39,1,120.0,219.39,2011-10-28 10:27,2011-10-28 10:27,42,1,219.39,3,2,1,321,Growing customers,Nurture and recommend next purchase
18030,United Kingdom,220.7,2,67.0,110.35,2011-10-28 13:55,2011-12-05 16:37,3,2,220.7,5,3,1,531,Growing customers,Nurture and recommend next purchase
14416,United Kingdom,490.22,2,326.0,245.11,2011-10-28 15:10,2011-11-17 15:22,21,2,490.22,4,3,3,433,Loyal customers,Nurture and recommend next purchase
17839,United Kingdom,318.15,1,257.0,318.15,2011-10-28 17:27,2011-10-28 17:27,41,1,318.15,3,2,2,322,Growing customers,Nurture and recommend next purchase
16601,United Kingdom,242.7,1,133.0,242.7,2011-10-30 11:09,2011-10-30 11:09,40,1,242.7,3,2,2,322,Growing customers,Nurture and recommend next purchase
12912,United Kingdom,1662.3,5,670.0,332.46,2011-10-30 11:35,2011-12-07 08:55,2,5,1662.3,5,5,4,554,Champions,Nurture and recommend next purchase
13278,United Kingdom,542.73,1,537.0,542.73,2011-10-30 11:49,2011-10-30 11:49,40,1,542.73,3,2,3,323,Growing customers,Nurture and recommend next purchase
14582,United Kingdom,114.11,1,73.0,114.11,2011-10-30 11:56,2011-10-30 11:56,40,1,114.11,3,2,1,321,Growing customers,Nurture and recommend next purchase
15748,United Kingdom,144.36,1,50.0,144.36,2011-10-30 12:51,2011-10-30 12:51,39,1,144.36,3,2,1,321,Growing customers,Nurture and recommend next purchase
16079,United Kingdom,1352.0,3,864.0,450.67,2011-10-30 13:06,2011-11-23 12:48,16,3,1352.0,4,4,4,444,Loyal customers,Nurture and recommend next purchase
17590,United Kingdom,1468.02,3,822.0,489.34,2011-10-30 14:05,2011-12-07 12:55,1,3,1468.02,5,4,4,544,Champions,Nurture and recommend next purchase
15054,United Kingdom,302.1,2,198.0,151.05,2011-10-30 14:33,2011-11-27 15:02,11,2,302.1,4,3,2,432,Growing customers,Nurture and recommend next purchase
14158,United Kingdom,507.66,1,781.0,507.66,2011-10-30 15:08,2011-10-30 15:08,39,1,507.66,3,2,3,323,Growing customers,Nurture and recommend next purchase
15385,United Kingdom,316.88,1,161.0,316.88,2011-10-30 15:11,2011-10-30 15:11,39,1,316.88,3,2,2,322,Growing customers,Nurture and recommend next purchase
16506,United Kingdom,90.3,2,42.0,45.15,2011-10-30 15:50,2011-11-20 12:17,19,2,90.3,4,3,1,431,Growing customers,Nurture and recommend next purchase
13822,United Kingdom,632.0,2,611.0,316.0,2011-10-30 15:55,2011-12-04 12:13,5,2,632.0,5,3,3,533,Loyal customers,Nurture and recommend next purchase
18067,United Kingdom,396.33,1,189.0,396.33,2011-10-30 15:58,2011-10-30 15:58,39,1,396.33,3,2,2,322,Growing customers,Nurture and recommend next purchase
16190,United Kingdom,215.08,1,88.0,215.08,2011-10-30 15:59,2011-10-30 15:59,39,1,215.08,3,2,1,321,Growing customers,Nurture and recommend next purchase
15444,United Kingdom,1411.21,2,759.0,705.61,2011-10-30 16:12,2011-11-30 17:37,8,2,1411.21,5,3,4,534,Loyal customers,Nurture and recommend next purchase
13607,United Kingdom,675.51,1,288.0,675.51,2011-10-30 16:17,2011-10-30 16:17,39,1,675.51,3,2,3,323,Growing customers,Nurture and recommend next purchase
12581,Germany,197.71,1,161.0,197.71,2011-10-31 08:56,2011-10-31 08:56,39,1,197.71,3,2,1,321,Growing customers,Nurture and recommend next purchase
15360,United Kingdom,427.93,1,223.0,427.93,2011-10-31 09:35,2011-10-31 09:35,39,1,427.93,3,2,2,322,Growing customers,Nurture and recommend next purchase
13103,United Kingdom,243.94,1,82.0,243.94,2011-10-31 09:38,2011-10-31 09:38,39,1,243.94,3,2,2,322,Growing customers,Nurture and recommend next purchase
15667,United Kingdom,301.32,1,240.0,301.32,2011-10-31 10:56,2011-10-31 10:56,39,1,301.32,3,2,2,322,Growing customers,Nurture and recommend next purchase
13651,United Kingdom,94.2,2,33.0,47.1,2011-10-31 12:11,2011-11-04 14:59,34,2,94.2,3,3,1,331,Growing customers,Nurture and recommend next purchase
12552,Italy,437.82,2,88.0,218.91,2011-10-31 12:11,2011-11-01 10:02,38,2,437.82,3,3,2,332,Growing customers,Nurture and recommend next purchase
16127,United Kingdom,656.25,1,323.0,656.25,2011-10-31 13:58,2011-10-31 13:58,38,1,656.25,3,2,3,323,Growing customers,Nurture and recommend next purchase
12588,Finland,214.9,1,53.0,214.9,2011-10-31 15:01,2011-10-31 15:01,38,1,214.9,3,2,1,321,Growing customers,Nurture and recommend next purchase
15977,United Kingdom,1054.73,2,1016.0,527.37,2011-10-31 16:24,2011-11-22 13:29,16,2,1054.73,4,3,4,434,Loyal customers,Nurture and recommend next purchase
13697,United Kingdom,151.3,1,177.0,151.3,2011-11-01 09:14,2011-11-01 09:14,38,1,151.3,3,2,1,321,Growing customers,Nurture and recommend next purchase
14345,United Kingdom,108.98,1,50.0,108.98,2011-11-01 09:51,2011-11-01 09:51,38,1,108.98,3,2,1,321,Growing customers,Nurture and recommend next purchase
17503,United Kingdom,558.96,2,486.0,279.48,2011-11-01 11:12,2011-12-07 09:18,2,2,558.96,5,3,3,533,Loyal customers,Nurture and recommend next purchase
16830,United Kingdom,325.91,1,264.0,325.91,2011-11-01 11:35,2011-11-01 11:35,38,1,325.91,3,2,2,322,Growing customers,Nurture and recommend next purchase
17495,United Kingdom,497.56,2,229.0,248.78,2011-11-01 12:06,2011-12-02 12:08,7,2,497.56,5,3,3,533,Loyal customers,Nurture and recommend next purchase
12491,France,460.4,1,260.0,460.4,2011-11-01 12:18,2011-11-01 12:18,38,1,460.4,3,2,2,322,Growing customers,Nurture and recommend next purchase
14485,United Kingdom,162.8,1,70.0,162.8,2011-11-01 12:25,2011-11-01 12:25,38,1,162.8,3,2,1,321,Growing customers,Nurture and recommend next purchase
13868,United Kingdom,3192.54,2,1964.0,1596.27,2011-11-01 12:45,2011-12-02 16:32,6,2,3192.54,5,3,5,535,Champions,Nurture and recommend next purchase
15423,United Kingdom,43.5,1,101.0,43.5,2011-11-01 14:01,2011-11-01 14:01,37,1,43.5,3,2,1,321,Growing customers,Nurture and recommend next purchase
17668,United Kingdom,347.75,2,93.0,173.88,2011-11-01 14:45,2011-12-08 13:25,0,2,347.75,5,3,2,532,Loyal customers,Nurture and recommend next purchase
16971,United Kingdom,232.21,1,72.0,232.21,2011-11-01 15:06,2011-12-07 09:15,2,1,232.21,5,2,1,521,Growing customers,Nurture and recommend next purchase
16352,United Kingdom,494.44,2,300.0,247.22,2011-11-02 08:44,2011-11-22 10:32,17,2,494.44,4,3,3,433,Loyal customers,Nurture and recommend next purchase
16884,United Kingdom,429.84,2,320.0,214.92,2011-11-02 10:16,2011-11-02 11:52,37,2,429.84,3,3,2,332,Growing customers,Nurture and recommend next purchase
15830,United Kingdom,547.7,1,415.0,547.7,2011-11-02 10:40,2011-11-10 13:35,28,1,547.7,4,2,3,423,Growing customers,Nurture and recommend next purchase
14216,United Kingdom,1839.3,4,594.0,459.82,2011-11-02 10:51,2011-12-06 14:56,2,4,1839.3,5,4,4,544,Champions,Nurture and recommend next purchase
15275,United Kingdom,609.19,1,498.0,609.19,2011-11-02 11:20,2011-11-08 17:54,30,1,609.19,4,2,3,423,Growing customers,Nurture and recommend next purchase
16790,United Kingdom,1520.12,6,898.0,253.35,2011-11-02 11:23,2011-12-06 11:53,3,6,1520.12,5,5,4,554,Champions,Nurture and recommend next purchase
15576,United Kingdom,921.37,1,394.0,921.37,2011-11-02 12:03,2011-11-02 12:03,37,1,921.37,3,2,4,324,Growing customers,Nurture and recommend next purchase
18105,United Kingdom,113.48,1,46.0,113.48,2011-11-02 12:04,2011-11-02 12:04,37,1,113.48,3,2,1,321,Growing customers,Nurture and recommend next purchase
18164,United Kingdom,394.7,1,184.0,394.7,2011-11-02 12:56,2011-11-08 17:49,30,1,394.7,4,2,2,422,Growing customers,Nurture and recommend next purchase
14974,United Kingdom,89.94,1,37.0,89.94,2011-11-02 13:01,2011-11-02 13:01,36,1,89.94,3,2,1,321,Growing customers,Nurture and recommend next purchase
17947,United Kingdom,176.68,1,168.0,176.68,2011-11-02 13:05,2011-11-02 13:05,36,1,176.68,3,2,1,321,Growing customers,Nurture and recommend next purchase
13318,United Kingdom,640.76,3,304.0,213.59,2011-11-02 13:26,2011-12-08 18:51,0,3,640.76,5,4,3,543,Loyal customers,Nurture and recommend next purchase
18104,United Kingdom,754.64,1,362.0,754.64,2011-11-02 14:07,2011-11-02 14:07,36,1,754.64,3,2,3,323,Growing customers,Nurture and recommend next purchase
13271,United Kingdom,172.37,1,240.0,172.37,2011-11-02 14:31,2011-11-02 14:43,36,1,172.37,3,2,1,321,Growing customers,Nurture and recommend next purchase
17595,United Kingdom,386.69,2,228.0,193.34,2011-11-02 16:19,2011-11-27 16:08,11,2,386.69,4,3,2,432,Growing customers,Nurture and recommend next purchase
14528,United Kingdom,364.22,1,278.0,364.22,2011-11-02 17:09,2011-11-02 17:09,36,1,364.22,3,2,2,322,Growing customers,Nurture and recommend next purchase
17432,United Kingdom,365.76,2,207.0,182.88,2011-11-02 17:30,2011-11-21 17:33,17,2,365.76,4,3,2,432,Growing customers,Nurture and recommend next purchase
16337,United Kingdom,151.05,1,87.0,151.05,2011-11-03 10:03,2011-11-03 10:03,36,1,151.05,3,2,1,321,Growing customers,Nurture and recommend next purchase
14098,United Kingdom,147.35,1,104.0,147.35,2011-11-03 10:13,2011-11-03 10:13,36,1,147.35,3,2,1,321,Growing customers,Nurture and recommend next purchase
15551,United Kingdom,436.06,1,218.0,436.06,2011-11-03 12:37,2011-11-03 12:37,36,1,436.06,3,2,2,322,Growing customers,Nurture and recommend next purchase
16347,United Kingdom,847.45,2,341.0,423.73,2011-11-03 13:01,2011-11-28 13:14,10,2,847.45,4,3,3,433,Loyal customers,Nurture and recommend next purchase
13721,United Kingdom,524.14,1,316.0,524.14,2011-11-03 14:05,2011-11-03 14:05,35,1,524.14,3,2,3,323,Growing customers,Nurture and recommend next purchase
16322,United Kingdom,326.75,2,231.0,163.38,2011-11-03 14:33,2011-12-08 15:41,0,2,326.75,5,3,2,532,Loyal customers,Nurture and recommend next purchase
17403,United Kingdom,263.92,1,111.0,263.92,2011-11-03 15:18,2011-11-03 15:18,35,1,263.92,3,2,2,322,Growing customers,Nurture and recommend next purchase
16914,United Kingdom,183.76,1,112.0,183.76,2011-11-03 15:27,2011-11-03 15:27,35,1,183.76,3,2,1,321,Growing customers,Nurture and recommend next purchase
16602,United Kingdom,494.73,1,336.0,494.73,2011-11-03 15:54,2011-11-08 16:18,30,1,494.73,4,2,3,423,Growing customers,Nurture and recommend next purchase
12544,Spain,355.7,1,136.0,355.7,2011-11-03 16:15,2011-11-10 11:12,29,1,355.7,4,2,2,422,Growing customers,Nurture and recommend next purchase
13914,United Kingdom,613.95,2,380.0,306.98,2011-11-03 16:28,2011-12-06 10:54,3,2,613.95,5,3,3,533,Loyal customers,Nurture and recommend next purchase
13467,United Kingdom,1071.91,2,580.0,535.96,2011-11-03 16:56,2011-11-29 10:01,10,2,1071.91,4,3,4,434,Loyal customers,Nurture and recommend next purchase
17221,United Kingdom,334.48,2,287.0,167.24,2011-11-03 17:39,2011-12-02 13:35,6,2,334.48,5,3,2,532,Loyal customers,Nurture and recommend next purchase
17078,United Kingdom,378.2,2,788.0,189.1,2011-11-03 18:49,2011-11-03 19:17,35,2,378.2,3,3,2,332,Growing customers,Nurture and recommend next purchase
13447,United Kingdom,1104.23,3,584.0,368.08,2011-11-04 10:10,2011-11-16 13:38,22,3,1104.23,4,4,4,444,Loyal customers,Nurture and recommend next purchase
15010,United Kingdom,308.94,1,184.0,308.94,2011-11-04 12:42,2011-11-04 12:42,35,1,308.94,3,2,2,322,Growing customers,Nurture and recommend next purchase
18022,United Kingdom,612.72,1,703.0,612.72,2011-11-04 12:45,2011-11-04 12:45,35,1,612.72,3,2,3,323,Growing customers,Nurture and recommend next purchase
16318,United Kingdom,328.15,1,199.0,328.15,2011-11-04 13:05,2011-11-04 13:05,34,1,328.15,3,2,2,322,Growing customers,Nurture and recommend next purchase
17274,United Kingdom,107.82,1,77.0,107.82,2011-11-04 13:16,2011-11-04 13:16,34,1,107.82,3,2,1,321,Growing customers,Nurture and recommend next purchase
15597,United Kingdom,315.72,1,279.0,315.72,2011-11-04 13:26,2011-11-10 11:46,29,1,315.72,4,2,2,422,Growing customers,Nurture and recommend next purchase
17233,United Kingdom,190.88,1,131.0,190.88,2011-11-04 14:06,2011-11-04 14:06,34,1,190.88,3,2,1,321,Growing customers,Nurture and recommend next purchase
16887,United Kingdom,192.33,1,156.0,192.33,2011-11-04 14:07,2011-11-04 14:07,34,1,192.33,3,2,1,321,Growing customers,Nurture and recommend next purchase
13938,United Kingdom,71.66,1,70.0,71.66,2011-11-04 14:37,2011-11-04 14:37,34,1,71.66,3,2,1,321,Growing customers,Nurture and recommend next purchase
17084,United Kingdom,2747.99,2,1702.0,1373.99,2011-11-04 14:49,2011-11-04 14:54,34,2,2747.99,3,3,5,335,Loyal customers,Nurture and recommend next purchase
14882,United Kingdom,589.7,2,158.0,294.85,2011-11-06 10:15,2011-11-13 12:47,26,2,589.7,4,3,3,433,Loyal customers,Nurture and recommend next purchase
15017,United Kingdom,125.58,1,63.0,125.58,2011-11-06 10:33,2011-11-06 10:33,33,1,125.58,3,2,1,321,Growing customers,Nurture and recommend next purchase
12882,United Kingdom,1463.04,2,246.0,731.52,2011-11-06 11:22,2011-11-30 16:18,8,2,1463.04,5,3,4,534,Loyal customers,Nurture and recommend next purchase
17387,United Kingdom,746.81,2,522.0,373.4,2011-11-06 11:25,2011-11-20 11:00,19,2,746.81,4,3,3,433,Loyal customers,Nurture and recommend next purchase
13727,United Kingdom,333.48,2,162.0,166.74,2011-11-06 12:16,2011-11-11 09:46,28,2,333.48,4,3,2,432,Growing customers,Nurture and recommend next purchase
13532,United Kingdom,210.31,1,129.0,210.31,2011-11-06 12:25,2011-11-06 12:25,33,1,210.31,3,2,1,321,Growing customers,Nurture and recommend next purchase
16445,United Kingdom,230.51,1,111.0,230.51,2011-11-06 12:32,2011-11-06 12:32,33,1,230.51,3,2,1,321,Growing customers,Nurture and recommend next purchase
15156,United Kingdom,961.49,3,597.0,320.5,2011-11-06 12:41,2011-12-08 18:22,0,3,961.49,5,4,4,544,Champions,Nurture and recommend next purchase
16372,United Kingdom,355.73,2,158.0,177.87,2011-11-06 12:50,2011-11-06 13:08,32,2,355.73,3,3,2,332,Growing customers,Nurture and recommend next purchase
17608,United Kingdom,191.99,2,229.0,96.0,2011-11-06 13:00,2011-11-06 13:06,32,2,191.99,3,3,1,331,Growing customers,Nurture and recommend next purchase
12638,Sweden,671.69,1,577.0,671.69,2011-11-06 13:11,2011-11-06 13:11,32,1,671.69,3,2,3,323,Growing customers,Nurture and recommend next purchase
14174,United Kingdom,134.46,1,94.0,134.46,2011-11-06 13:17,2011-11-06 13:17,32,1,134.46,3,2,1,321,Growing customers,Nurture and recommend next purchase
14039,United Kingdom,152.2,1,92.0,152.2,2011-11-06 13:48,2011-11-06 13:48,32,1,152.2,3,2,1,321,Growing customers,Nurture and recommend next purchase
13040,United Kingdom,676.99,2,355.0,338.5,2011-11-06 13:53,2011-12-01 10:38,8,2,676.99,5,3,3,533,Loyal customers,Nurture and recommend next purchase
15883,United Kingdom,396.48,2,223.0,198.24,2011-11-06 14:50,2011-12-07 17:05,1,2,396.48,5,3,2,532,Loyal customers,Nurture and recommend next purchase
14664,United Kingdom,636.24,2,465.0,318.12,2011-11-06 14:56,2011-11-20 10:59,19,2,636.24,4,3,3,433,Loyal customers,Nurture and recommend next purchase
15526,United Kingdom,148.44,2,24.0,74.22,2011-11-06 15:01,2011-11-06 15:04,32,2,148.44,3,3,1,331,Growing customers,Nurture and recommend next purchase
17831,United Kingdom,35.4,1,12.0,35.4,2011-11-06 15:09,2011-11-06 15:09,32,1,35.4,3,2,1,321,Growing customers,Nurture and recommend next purchase
15025,United Kingdom,361.96,1,184.0,361.96,2011-11-06 15:20,2011-11-06 15:20,32,1,361.96,3,2,2,322,Growing customers,Nurture and recommend next purchase
12357,Switzerland,6207.67,1,2708.0,6207.67,2011-11-06 16:07,2011-11-06 16:07,32,1,6207.67,3,2,5,325,Loyal customers,Nurture and recommend next purchase
17761,United Kingdom,712.78,1,398.0,712.78,2011-11-07 10:23,2011-11-07 10:23,32,1,712.78,3,2,3,323,Growing customers,Nurture and recommend next purchase
15870,United Kingdom,351.44,1,333.0,351.44,2011-11-07 10:58,2011-11-07 10:58,32,1,351.44,3,2,2,322,Growing customers,Nurture and recommend next purchase
14080,United Kingdom,45.6,1,48.0,45.6,2011-11-07 11:09,2011-11-07 11:09,32,1,45.6,3,2,1,321,Growing customers,Nurture and recommend next purchase
17623,United Kingdom,527.05,1,265.0,527.05,2011-11-07 11:32,2011-11-07 11:32,32,1,527.05,3,2,3,323,Growing customers,Nurture and recommend next purchase
13673,United Kingdom,387.44,2,114.0,193.72,2011-11-07 15:40,2011-11-21 12:11,18,2,387.44,4,3,2,432,Growing customers,Nurture and recommend next purchase
14073,United Kingdom,139.54,1,130.0,139.54,2011-11-07 15:49,2011-11-18 16:14,20,1,139.54,4,2,1,421,Growing customers,Nurture and recommend next purchase
16070,United Kingdom,852.15,2,457.0,426.07,2011-11-07 16:36,2011-11-17 15:50,21,2,852.15,4,3,3,433,Loyal customers,Nurture and recommend next purchase
13066,United Kingdom,430.9,2,322.0,215.45,2011-11-07 17:06,2011-11-15 13:39,23,2,430.9,4,3,2,432,Growing customers,Nurture and recommend next purchase
14929,United Kingdom,223.88,1,136.0,223.88,2011-11-07 17:21,2011-11-07 17:21,31,1,223.88,3,2,1,321,Growing customers,Nurture and recommend next purchase
13710,United Kingdom,180.48,1,176.0,180.48,2011-11-08 08:16,2011-11-08 08:16,31,1,180.48,3,2,1,321,Growing customers,Nurture and recommend next purchase
16732,United Kingdom,603.75,1,317.0,603.75,2011-11-08 09:54,2011-11-08 09:54,31,1,603.75,3,2,3,323,Growing customers,Nurture and recommend next purchase
14140,United Kingdom,920.05,2,811.0,460.02,2011-11-08 11:20,2011-12-06 09:05,3,2,920.05,5,3,4,534,Loyal customers,Nurture and recommend next purchase
17219,United Kingdom,114.23,1,89.0,114.23,2011-11-08 11:25,2011-11-08 11:25,31,1,114.23,3,2,1,321,Growing customers,Nurture and recommend next purchase
16505,United Kingdom,777.6,1,576.0,777.6,2011-11-08 12:14,2011-11-08 12:14,31,1,777.6,3,2,3,323,Growing customers,Nurture and recommend next purchase
15957,United Kingdom,428.89,1,211.0,428.89,2011-11-08 12:14,2011-11-08 12:14,31,1,428.89,3,2,2,322,Growing customers,Nurture and recommend next purchase
18123,United Kingdom,574.44,2,582.0,287.22,2011-11-08 13:31,2011-11-15 14:23,23,2,574.44,4,3,3,433,Loyal customers,Nurture and recommend next purchase
15043,United Kingdom,537.0,1,300.0,537.0,2011-11-08 14:26,2011-11-08 14:26,30,1,537.0,4,2,3,423,Growing customers,Nurture and recommend next purchase
17313,United Kingdom,2288.13,1,1402.0,2288.13,2011-11-08 15:45,2011-11-22 09:23,17,1,2288.13,4,2,5,425,Loyal customers,Nurture and recommend next purchase
18216,United Kingdom,481.75,1,200.0,481.75,2011-11-08 16:55,2011-11-08 16:55,30,1,481.75,4,2,3,423,Growing customers,Nurture and recommend next purchase
17022,United Kingdom,71.0,1,108.0,71.0,2011-11-08 17:09,2011-11-08 17:09,30,1,71.0,4,2,1,421,Growing customers,Nurture and recommend next purchase
15153,United Kingdom,329.25,1,198.0,329.25,2011-11-08 17:09,2011-11-08 17:09,30,1,329.25,4,2,2,422,Growing customers,Nurture and recommend next purchase
16759,United Kingdom,772.84,3,609.0,257.61,2011-11-09 09:06,2011-12-02 12:42,7,3,772.84,5,4,3,543,Loyal customers,Nurture and recommend next purchase
16751,United Kingdom,1764.72,1,1031.0,1764.72,2011-11-09 10:48,2011-11-09 10:48,30,1,1764.72,4,2,4,424,Loyal customers,Nurture and recommend next purchase
12893,United Kingdom,176.55,1,90.0,176.55,2011-11-09 12:34,2011-11-09 12:34,30,1,176.55,4,2,1,421,Growing customers,Nurture and recommend next purchase
14836,United Kingdom,102.45,3,45.0,34.15,2011-11-09 13:26,2011-11-29 16:45,9,3,102.45,5,4,1,541,Loyal customers,Nurture and recommend next purchase
17011,United Kingdom,270.9,1,186.0,270.9,2011-11-09 13:30,2011-11-09 13:30,29,1,270.9,4,2,2,422,Growing customers,Nurture and recommend next purchase
12532,France,349.83,1,153.0,349.83,2011-11-09 13:47,2011-11-09 13:47,29,1,349.83,4,2,2,422,Growing customers,Nurture and recommend next purchase
17038,United Kingdom,112.4,1,28.0,112.4,2011-11-09 13:50,2011-11-09 13:50,29,1,112.4,4,2,1,421,Growing customers,Nurture and recommend next purchase
14968,United Kingdom,147.59,1,127.0,147.59,2011-11-09 13:58,2011-11-09 13:58,29,1,147.59,4,2,1,421,Growing customers,Nurture and recommend next purchase
12504,Germany,114.0,2,90.0,57.0,2011-11-09 14:56,2011-11-21 16:02,17,2,114.0,4,3,1,431,Growing customers,Nurture and recommend next purchase
16516,United Kingdom,101.7,1,58.0,101.7,2011-11-09 14:59,2011-11-09 14:59,29,1,101.7,4,2,1,421,Growing customers,Nurture and recommend next purchase
13522,United Kingdom,125.8,1,44.0,125.8,2011-11-09 15:11,2011-11-09 15:11,29,1,125.8,4,2,1,421,Growing customers,Nurture and recommend next purchase
15986,United Kingdom,168.12,1,268.0,168.12,2011-11-09 15:17,2011-11-09 15:17,29,1,168.12,4,2,1,421,Growing customers,Nurture and recommend next purchase
13992,United Kingdom,76.8,1,64.0,76.8,2011-11-09 15:23,2011-11-09 15:23,29,1,76.8,4,2,1,421,Growing customers,Nurture and recommend next purchase
14354,United Kingdom,163.62,2,210.0,81.81,2011-11-09 15:36,2011-12-04 11:32,5,2,163.62,5,3,1,531,Growing customers,Nurture and recommend next purchase
16986,United Kingdom,1873.2,2,1040.0,936.6,2011-11-09 15:52,2011-11-10 11:55,29,2,1873.2,4,3,4,434,Loyal customers,Nurture and recommend next purchase
16953,United Kingdom,20.8,1,10.0,20.8,2011-11-09 15:54,2011-11-09 15:54,29,1,20.8,4,2,1,421,Growing customers,Nurture and recommend next purchase
18274,United Kingdom,0.0,1,88.0,0.0,2011-11-09 17:03,2011-11-22 10:18,17,1,0.0,4,2,1,421,Growing customers,Nurture and recommend next purchase
15450,United Kingdom,429.84,1,376.0,429.84,2011-11-09 17:11,2011-11-09 17:11,29,1,429.84,4,2,2,422,Growing customers,Nurture and recommend next purchase
15531,United Kingdom,1972.39,2,1085.0,986.2,2011-11-09 17:47,2011-12-01 18:43,7,2,1972.39,5,3,4,534,Loyal customers,Nurture and recommend next purchase
17500,United Kingdom,1138.0,3,17.0,379.33,2011-11-10 09:08,2011-11-22 14:25,16,3,1138.0,4,4,4,444,Loyal customers,Nurture and recommend next purchase
17197,United Kingdom,1013.01,1,191.0,1013.01,2011-11-10 10:32,2011-11-10 10:32,29,1,1013.01,4,2,4,424,Loyal customers,Nurture and recommend next purchase
16025,United Kingdom,439.66,1,338.0,439.66,2011-11-10 11:45,2011-11-10 11:45,29,1,439.66,4,2,2,422,Growing customers,Nurture and recommend next purchase
12659,France,91.68,1,105.0,91.68,2011-11-10 11:53,2011-11-10 11:53,29,1,91.68,4,2,1,421,Growing customers,Nurture and recommend next purchase
17461,United Kingdom,735.82,3,770.0,245.27,2011-11-10 12:01,2011-11-17 10:21,22,3,735.82,4,4,3,443,Loyal customers,Nurture and recommend next purchase
17791,United Kingdom,106.1,1,46.0,106.1,2011-11-10 12:09,2011-11-10 12:09,29,1,106.1,4,2,1,421,Growing customers,Nurture and recommend next purchase
15463,United Kingdom,126.14,1,106.0,126.14,2011-11-10 12:57,2011-11-10 12:57,28,1,126.14,4,2,1,421,Growing customers,Nurture and recommend next purchase
17977,United Kingdom,288.14,1,342.0,288.14,2011-11-10 13:28,2011-11-10 13:28,28,1,288.14,4,2,2,422,Growing customers,Nurture and recommend next purchase
12617,France,352.98,1,210.0,352.98,2011-11-10 14:39,2011-11-10 14:39,28,1,352.98,4,2,2,422,Growing customers,Nurture and recommend next purchase
14863,United Kingdom,266.76,1,132.0,266.76,2011-11-10 15:04,2011-11-10 15:04,28,1,266.76,4,2,2,422,Growing customers,Nurture and recommend next purchase
16903,United Kingdom,363.2,1,247.0,363.2,2011-11-10 15:32,2011-11-10 15:32,28,1,363.2,4,2,2,422,Growing customers,Nurture and recommend next purchase
12508,France,397.88,2,271.0,198.94,2011-11-10 16:27,2011-11-13 15:37,25,2,397.88,4,3,2,432,Growing customers,Nurture and recommend next purchase
17502,United Kingdom,689.1,4,376.0,172.28,2011-11-10 16:39,2011-11-30 13:13,8,4,689.1,5,4,3,543,Loyal customers,Nurture and recommend next purchase
12538,Spain,363.95,1,191.0,363.95,2011-11-10 17:16,2011-11-10 17:16,28,1,363.95,4,2,2,422,Growing customers,Nurture and recommend next purchase
17901,United Kingdom,110.38,1,24.0,110.38,2011-11-10 17:29,2011-11-10 17:29,28,1,110.38,4,2,1,421,Growing customers,Nurture and recommend next purchase
14789,United Kingdom,197.64,1,116.0,197.64,2011-11-11 08:59,2011-11-11 08:59,28,1,197.64,4,2,1,421,Growing customers,Nurture and recommend next purchase
18209,United Kingdom,139.1,1,58.0,139.1,2011-11-11 12:07,2011-11-11 12:07,28,1,139.1,4,2,1,421,Growing customers,Nurture and recommend next purchase
12985,United Kingdom,1215.62,2,1533.0,607.81,2011-11-11 12:44,2011-12-09 10:46,0,2,1215.62,5,3,4,534,Loyal customers,Nurture and recommend next purchase
15557,United Kingdom,468.91,1,213.0,468.91,2011-11-11 12:46,2011-11-11 12:46,28,1,468.91,4,2,3,423,Growing customers,Nurture and recommend next purchase
16433,United Kingdom,184.26,1,106.0,184.26,2011-11-11 14:09,2011-11-11 14:09,27,1,184.26,4,2,1,421,Growing customers,Nurture and recommend next purchase
15692,United Kingdom,191.04,1,138.0,191.04,2011-11-11 14:12,2011-11-11 14:12,27,1,191.04,4,2,1,421,Growing customers,Nurture and recommend next purchase
17052,United Kingdom,399.09,1,251.0,399.09,2011-11-11 14:50,2011-11-11 14:50,27,1,399.09,4,2,2,422,Growing customers,Nurture and recommend next purchase
16368,United Kingdom,479.91,2,251.0,239.95,2011-11-11 15:08,2011-12-07 13:12,1,2,479.91,5,3,3,533,Loyal customers,Nurture and recommend next purchase
18014,United Kingdom,162.22,1,66.0,162.22,2011-11-11 15:28,2011-11-11 15:28,27,1,162.22,4,2,1,421,Growing customers,Nurture and recommend next purchase
13732,United Kingdom,491.86,1,498.0,491.86,2011-11-11 15:49,2011-11-11 15:49,27,1,491.86,4,2,3,423,Growing customers,Nurture and recommend next purchase
13091,United Kingdom,319.82,1,466.0,319.82,2011-11-11 15:54,2011-11-18 16:48,20,1,319.82,4,2,2,422,Growing customers,Nurture and recommend next purchase
14661,United Kingdom,107.95,1,35.0,107.95,2011-11-13 11:51,2011-11-13 11:51,26,1,107.95,4,2,1,421,Growing customers,Nurture and recommend next purchase
13170,United Kingdom,108.81,1,141.0,108.81,2011-11-13 12:19,2011-11-13 12:19,26,1,108.81,4,2,1,421,Growing customers,Nurture and recommend next purchase
15654,United Kingdom,922.53,2,475.0,461.26,2011-11-13 15:15,2011-11-30 13:08,8,2,922.53,5,3,4,534,Loyal customers,Nurture and recommend next purchase
13146,United Kingdom,228.91,1,154.0,228.91,2011-11-13 15:29,2011-11-13 15:29,25,1,228.91,4,2,1,421,Growing customers,Nurture and recommend next purchase
14788,United Kingdom,679.44,2,421.0,339.72,2011-11-13 15:52,2011-12-02 17:06,6,2,679.44,5,3,3,533,Loyal customers,Nurture and recommend next purchase
13603,United Kingdom,164.34,1,164.0,164.34,2011-11-13 15:57,2011-11-13 15:57,25,1,164.34,4,2,1,421,Growing customers,Nurture and recommend next purchase
14382,United Kingdom,615.49,1,1231.0,615.49,2011-11-13 16:18,2011-11-13 16:18,25,1,615.49,4,2,3,423,Growing customers,Nurture and recommend next purchase
16720,United Kingdom,152.95,1,180.0,152.95,2011-11-13 16:22,2011-11-13 16:22,25,1,152.95,4,2,1,421,Growing customers,Nurture and recommend next purchase
14904,United Kingdom,1025.44,2,1985.0,512.72,2011-11-14 09:13,2011-12-07 12:55,1,2,1025.44,5,3,4,534,Loyal customers,Nurture and recommend next purchase
14494,United Kingdom,139.56,1,92.0,139.56,2011-11-14 09:21,2011-11-14 09:21,25,1,139.56,4,2,1,421,Growing customers,Nurture and recommend next purchase
14902,United Kingdom,314.11,1,218.0,314.11,2011-11-14 10:34,2011-11-18 17:09,20,1,314.11,4,2,2,422,Growing customers,Nurture and recommend next purchase
16936,United Kingdom,261.9,1,171.0,261.9,2011-11-14 11:04,2011-11-14 11:04,25,1,261.9,4,2,2,422,Growing customers,Nurture and recommend next purchase
12938,United Kingdom,114.14,1,140.0,114.14,2011-11-14 11:21,2011-11-14 11:21,25,1,114.14,4,2,1,421,Growing customers,Nurture and recommend next purchase
15168,United Kingdom,106.56,1,52.0,106.56,2011-11-14 11:26,2011-11-14 11:26,25,1,106.56,4,2,1,421,Growing customers,Nurture and recommend next purchase
17538,United Kingdom,98.42,1,134.0,98.42,2011-11-14 12:12,2011-11-14 12:12,25,1,98.42,4,2,1,421,Growing customers,Nurture and recommend next purchase
18082,United Kingdom,680.84,1,608.0,680.84,2011-11-14 12:45,2011-11-14 12:45,25,1,680.84,4,2,3,423,Growing customers,Nurture and recommend next purchase
18117,United Kingdom,315.65,1,605.0,315.65,2011-11-14 12:47,2011-11-14 12:47,25,1,315.65,4,2,2,422,Growing customers,Nurture and recommend next purchase
15458,United Kingdom,161.64,1,156.0,161.64,2011-11-14 13:08,2011-11-14 13:08,24,1,161.64,4,2,1,421,Growing customers,Nurture and recommend next purchase
17566,United Kingdom,869.77,2,497.0,434.88,2011-11-14 13:42,2011-12-01 19:54,7,2,869.77,5,3,3,533,Loyal customers,Nurture and recommend next purchase
16207,United Kingdom,394.38,1,140.0,394.38,2011-11-14 13:51,2011-11-14 13:51,24,1,394.38,4,2,2,422,Growing customers,Nurture and recommend next purchase
12762,Portugal,1898.52,2,1227.0,949.26,2011-11-14 14:23,2011-12-02 10:23,7,2,1898.52,5,3,4,534,Loyal customers,Nurture and recommend next purchase
17793,United Kingdom,300.34,1,226.0,300.34,2011-11-14 14:24,2011-11-14 14:24,24,1,300.34,4,2,2,422,Growing customers,Nurture and recommend next purchase
14953,United Kingdom,285.67,1,224.0,285.67,2011-11-14 14:59,2011-11-14 14:59,24,1,285.67,4,2,2,422,Growing customers,Nurture and recommend next purchase
16504,United Kingdom,465.88,1,510.0,465.88,2011-11-14 15:18,2011-11-14 15:18,24,1,465.88,4,2,3,423,Growing customers,Nurture and recommend next purchase
12374,Austria,742.93,1,342.0,742.93,2011-11-14 15:37,2011-11-14 15:37,24,1,742.93,4,2,3,423,Growing customers,Nurture and recommend next purchase
15009,United Kingdom,1259.43,3,639.0,419.81,2011-11-14 17:40,2011-11-27 13:35,11,3,1259.43,4,4,4,444,Loyal customers,Nurture and recommend next purchase
16423,United Kingdom,346.12,1,230.0,346.12,2011-11-15 09:21,2011-11-15 09:21,24,1,346.12,4,2,2,422,Growing customers,Nurture and recommend next purchase
15419,United Kingdom,135.86,1,230.0,135.86,2011-11-15 09:23,2011-11-15 09:23,24,1,135.86,4,2,1,421,Growing customers,Nurture and recommend next purchase
17510,United Kingdom,308.48,1,214.0,308.48,2011-11-15 10:00,2011-11-15 10:00,24,1,308.48,4,2,2,422,Growing customers,Nurture and recommend next purchase
15758,United Kingdom,205.25,1,47.0,205.25,2011-11-15 10:48,2011-11-15 10:48,24,1,205.25,4,2,1,421,Growing customers,Nurture and recommend next purchase
15524,United Kingdom,440.0,1,4.0,440.0,2011-11-15 12:09,2011-11-15 12:09,24,1,440.0,4,2,2,422,Growing customers,Nurture and recommend next purchase
14725,United Kingdom,655.58,1,588.0,655.58,2011-11-15 12:42,2011-11-15 12:42,24,1,655.58,4,2,3,423,Growing customers,Nurture and recommend next purchase
14666,United Kingdom,195.25,1,161.0,195.25,2011-11-15 12:57,2011-11-15 12:57,23,1,195.25,4,2,1,421,Growing customers,Nurture and recommend next purchase
14714,United Kingdom,160.19,1,229.0,160.19,2011-11-15 13:07,2011-11-15 13:07,23,1,160.19,4,2,1,421,Growing customers,Nurture and recommend next purchase
17153,United Kingdom,213.78,1,104.0,213.78,2011-11-15 13:42,2011-11-15 13:42,23,1,213.78,4,2,1,421,Growing customers,Nurture and recommend next purchase
12950,United Kingdom,1843.0,3,1380.0,614.33,2011-11-15 13:48,2011-12-07 13:17,1,3,1843.0,5,4,4,544,Champions,Nurture and recommend next purchase
15720,United Kingdom,598.73,1,281.0,598.73,2011-11-15 14:48,2011-11-15 14:48,23,1,598.73,4,2,3,423,Growing customers,Nurture and recommend next purchase
18181,United Kingdom,366.85,1,133.0,366.85,2011-11-15 15:08,2011-11-15 15:08,23,1,366.85,4,2,2,422,Growing customers,Nurture and recommend next purchase
15556,United Kingdom,279.77,1,236.0,279.77,2011-11-15 16:08,2011-11-15 16:08,23,1,279.77,4,2,2,422,Growing customers,Nurture and recommend next purchase
17357,United Kingdom,384.39,2,152.0,192.19,2011-11-15 16:29,2011-11-15 16:30,23,2,384.39,4,3,2,432,Growing customers,Nurture and recommend next purchase
12890,United Kingdom,376.72,1,256.0,376.72,2011-11-15 17:26,2011-11-15 17:26,23,1,376.72,4,2,2,422,Growing customers,Nurture and recommend next purchase
13449,United Kingdom,291.88,1,222.0,291.88,2011-11-16 08:28,2011-11-16 08:28,23,1,291.88,4,2,2,422,Growing customers,Nurture and recommend next purchase
15269,United Kingdom,408.8,1,26.0,408.8,2011-11-16 09:32,2011-11-16 09:32,23,1,408.8,4,2,2,422,Growing customers,Nurture and recommend next purchase
14385,United Kingdom,202.11,3,159.0,67.37,2011-11-16 11:55,2011-11-30 15:36,8,3,202.11,5,4,1,541,Loyal customers,Nurture and recommend next purchase
15900,United Kingdom,337.28,1,216.0,337.28,2011-11-16 12:19,2011-11-16 12:19,23,1,337.28,4,2,2,422,Growing customers,Nurture and recommend next purchase
17680,United Kingdom,184.4,1,96.0,184.4,2011-11-16 12:42,2011-11-16 12:42,23,1,184.4,4,2,1,421,Growing customers,Nurture and recommend next purchase
13926,United Kingdom,223.85,1,104.0,223.85,2011-11-16 13:16,2011-11-16 13:16,22,1,223.85,4,2,1,421,Growing customers,Nurture and recommend next purchase
16204,United Kingdom,384.18,1,218.0,384.18,2011-11-16 13:40,2011-11-16 13:40,22,1,384.18,4,2,2,422,Growing customers,Nurture and recommend next purchase
17896,United Kingdom,256.32,1,288.0,256.32,2011-11-16 13:59,2011-11-16 13:59,22,1,256.32,4,2,2,422,Growing customers,Nurture and recommend next purchase
17835,United Kingdom,342.24,3,344.0,114.08,2011-11-16 16:30,2011-12-07 11:48,2,3,342.24,5,4,2,542,Loyal customers,Nurture and recommend next purchase
15432,United Kingdom,171.19,1,65.0,171.19,2011-11-16 16:30,2011-11-16 16:30,22,1,171.19,4,2,1,421,Growing customers,Nurture and recommend next purchase
18006,United Kingdom,444.68,1,220.0,444.68,2011-11-16 16:52,2011-11-16 16:52,22,1,444.68,4,2,2,422,Growing customers,Nurture and recommend next purchase
15657,United Kingdom,30.0,1,24.0,30.0,2011-11-17 12:19,2011-11-17 12:19,22,1,30.0,4,2,1,421,Growing customers,Nurture and recommend next purchase
17237,United Kingdom,314.69,2,105.0,157.34,2011-11-17 12:55,2011-11-28 15:02,10,2,314.69,4,3,2,432,Growing customers,Nurture and recommend next purchase
13160,United Kingdom,91.8,1,56.0,91.8,2011-11-17 13:07,2011-11-17 13:07,21,1,91.8,4,2,1,421,Growing customers,Nurture and recommend next purchase
12847,United Kingdom,843.64,1,873.0,843.64,2011-11-17 13:16,2011-11-17 13:16,21,1,843.64,4,2,3,423,Growing customers,Nurture and recommend next purchase
17397,United Kingdom,681.41,2,250.0,340.7,2011-11-17 13:58,2011-11-17 14:08,21,2,681.41,4,3,3,433,Loyal customers,Nurture and recommend next purchase
17985,United Kingdom,631.35,1,171.0,631.35,2011-11-17 14:24,2011-11-17 14:24,21,1,631.35,4,2,3,423,Growing customers,Nurture and recommend next purchase
14362,United Kingdom,151.5,1,96.0,151.5,2011-11-17 15:08,2011-11-17 15:08,21,1,151.5,4,2,1,421,Growing customers,Nurture and recommend next purchase
13828,United Kingdom,209.49,1,311.0,209.49,2011-11-17 16:02,2011-11-17 16:02,21,1,209.49,4,2,1,421,Growing customers,Nurture and recommend next purchase
15435,United Kingdom,149.29,1,54.0,149.29,2011-11-17 16:39,2011-11-17 16:39,21,1,149.29,4,2,1,421,Growing customers,Nurture and recommend next purchase
12445,Spain,133.4,1,62.0,133.4,2011-11-17 18:43,2011-11-17 18:43,21,1,133.4,4,2,1,421,Growing customers,Nurture and recommend next purchase
12603,Germany,739.2,1,64.0,739.2,2011-11-18 10:42,2011-11-18 10:42,21,1,739.2,4,2,3,423,Growing customers,Nurture and recommend next purchase
14641,United Kingdom,110.46,1,90.0,110.46,2011-11-18 10:42,2011-11-18 10:42,21,1,110.46,4,2,1,421,Growing customers,Nurture and recommend next purchase
12618,Italy,177.31,1,96.0,177.31,2011-11-18 11:10,2011-11-18 11:10,21,1,177.31,4,2,1,421,Growing customers,Nurture and recommend next purchase
15621,United Kingdom,1158.77,4,501.0,289.69,2011-11-18 11:49,2011-12-05 14:01,3,4,1158.77,5,4,4,544,Champions,Nurture and recommend next purchase
12391,Cyprus,439.66,1,293.0,439.66,2011-11-18 12:07,2011-11-18 12:07,21,1,439.66,4,2,2,422,Growing customers,Nurture and recommend next purchase
18034,United Kingdom,418.68,2,559.0,209.34,2011-11-18 12:08,2011-11-18 12:22,21,2,418.68,4,3,2,432,Growing customers,Nurture and recommend next purchase
17286,United Kingdom,151.37,1,117.0,151.37,2011-11-18 12:47,2011-11-18 12:47,21,1,151.37,4,2,1,421,Growing customers,Nurture and recommend next purchase
17904,United Kingdom,168.32,1,59.0,168.32,2011-11-18 12:57,2011-11-18 13:57,20,1,168.32,4,2,1,421,Growing customers,Nurture and recommend next purchase
17301,United Kingdom,163.24,1,137.0,163.24,2011-11-18 13:43,2011-11-18 13:43,20,1,163.24,4,2,1,421,Growing customers,Nurture and recommend next purchase
15368,United Kingdom,446.94,1,230.0,446.94,2011-11-18 14:42,2011-11-18 14:42,20,1,446.94,4,2,2,422,Growing customers,Nurture and recommend next purchase
14793,United Kingdom,214.14,1,91.0,214.14,2011-11-18 14:50,2011-12-05 16:25,3,1,214.14,5,2,1,521,Growing customers,Nurture and recommend next purchase
17650,United Kingdom,166.08,1,150.0,166.08,2011-11-18 14:52,2011-11-18 14:52,20,1,166.08,4,2,1,421,Growing customers,Nurture and recommend next purchase
12702,Germany,219.0,1,53.0,219.0,2011-11-20 10:36,2011-11-20 10:36,19,1,219.0,4,2,1,421,Growing customers,Nurture and recommend next purchase
14881,United Kingdom,255.4,1,316.0,255.4,2011-11-20 11:06,2011-11-20 11:06,19,1,255.4,4,2,2,422,Growing customers,Nurture and recommend next purchase
16784,United Kingdom,107.6,1,24.0,107.6,2011-11-20 12:20,2011-11-20 12:20,19,1,107.6,4,2,1,421,Growing customers,Nurture and recommend next purchase
14052,United Kingdom,225.36,1,89.0,225.36,2011-11-20 12:30,2011-11-20 12:30,19,1,225.36,4,2,1,421,Growing customers,Nurture and recommend next purchase
18110,United Kingdom,168.55,1,72.0,168.55,2011-11-20 12:34,2011-11-20 12:59,18,1,168.55,4,2,1,421,Growing customers,Nurture and recommend next purchase
17561,United Kingdom,165.12,1,144.0,165.12,2011-11-20 12:53,2011-11-20 12:53,18,1,165.12,4,2,1,421,Growing customers,Nurture and recommend next purchase
15988,United Kingdom,156.78,1,180.0,156.78,2011-11-20 13:23,2011-11-20 13:23,18,1,156.78,4,2,1,421,Growing customers,Nurture and recommend next purchase
17523,United Kingdom,652.74,4,872.0,163.19,2011-11-20 13:40,2011-11-28 13:20,10,4,652.74,4,4,3,443,Loyal customers,Nurture and recommend next purchase
14950,United Kingdom,361.25,1,136.0,361.25,2011-11-20 13:48,2011-12-01 09:42,8,1,361.25,5,2,2,522,Growing customers,Nurture and recommend next purchase
16666,United Kingdom,118.98,1,233.0,118.98,2011-11-20 14:01,2011-11-20 14:01,18,1,118.98,4,2,1,421,Growing customers,Nurture and recommend next purchase
14860,United Kingdom,168.62,1,232.0,168.62,2011-11-20 14:17,2011-12-01 09:44,8,1,168.62,5,2,1,521,Growing customers,Nurture and recommend next purchase
17636,United Kingdom,265.93,1,182.0,265.93,2011-11-20 14:40,2011-12-01 08:29,8,1,265.93,5,2,2,522,Growing customers,Nurture and recommend next purchase
13832,United Kingdom,40.95,1,28.0,40.95,2011-11-20 15:36,2011-11-22 12:31,17,1,40.95,4,2,1,421,Growing customers,Nurture and recommend next purchase
13142,United Kingdom,307.09,1,258.0,307.09,2011-11-20 16:07,2011-11-20 16:07,18,1,307.09,4,2,2,422,Growing customers,Nurture and recommend next purchase
16366,United Kingdom,327.3,1,256.0,327.3,2011-11-21 08:19,2011-11-21 08:19,18,1,327.3,4,2,2,422,Growing customers,Nurture and recommend next purchase
14300,United Kingdom,43.2,1,32.0,43.2,2011-11-21 08:57,2011-11-21 08:57,18,1,43.2,4,2,1,421,Growing customers,Nurture and recommend next purchase
12349,Italy,1757.55,1,631.0,1757.55,2011-11-21 09:51,2011-11-21 09:51,18,1,1757.55,4,2,4,424,Loyal customers,Nurture and recommend next purchase
12658,Germany,686.05,1,320.0,686.05,2011-11-21 10:22,2011-11-21 10:22,18,1,686.05,4,2,3,423,Growing customers,Nurture and recommend next purchase
12795,Portugal,430.48,1,68.0,430.48,2011-11-21 10:27,2011-11-21 10:27,18,1,430.48,4,2,2,422,Growing customers,Nurture and recommend next purchase
15567,United Kingdom,186.01,1,223.0,186.01,2011-11-21 10:48,2011-11-21 10:48,18,1,186.01,4,2,1,421,Growing customers,Nurture and recommend next purchase
15645,United Kingdom,612.01,1,256.0,612.01,2011-11-21 11:55,2011-11-21 11:55,18,1,612.01,4,2,3,423,Growing customers,Nurture and recommend next purchase
16406,United Kingdom,154.35,1,117.0,154.35,2011-11-21 11:57,2011-11-21 11:57,18,1,154.35,4,2,1,421,Growing customers,Nurture and recommend next purchase
15857,United Kingdom,297.0,1,308.0,297.0,2011-11-21 12:18,2011-11-21 12:18,18,1,297.0,4,2,2,422,Growing customers,Nurture and recommend next purchase
12984,United Kingdom,97.5,1,26.0,97.5,2011-11-21 12:37,2011-11-21 12:37,18,1,97.5,4,2,1,421,Growing customers,Nurture and recommend next purchase
17253,United Kingdom,178.26,1,43.0,178.26,2011-11-21 12:59,2011-11-21 12:59,17,1,178.26,4,2,1,421,Growing customers,Nurture and recommend next purchase
13739,United Kingdom,216.9,1,54.0,216.9,2011-11-21 13:35,2011-11-21 13:35,17,1,216.9,4,2,1,421,Growing customers,Nurture and recommend next purchase
18139,United Kingdom,8393.22,6,5557.0,1398.87,2011-11-21 14:06,2011-11-22 16:18,16,6,8393.22,4,5,5,455,Champions,Nurture and recommend next purchase
15274,United Kingdom,716.57,2,619.0,358.28,2011-11-21 14:17,2011-12-05 16:57,3,2,716.57,5,3,3,533,Loyal customers,Nurture and recommend next purchase
17010,United Kingdom,185.46,1,118.0,185.46,2011-11-21 14:49,2011-11-23 11:04,16,1,185.46,4,2,1,421,Growing customers,Nurture and recommend next purchase
15115,United Kingdom,340.11,1,157.0,340.11,2011-11-21 14:59,2011-11-21 14:59,17,1,340.11,4,2,2,422,Growing customers,Nurture and recommend next purchase
17100,United Kingdom,971.74,2,800.0,485.87,2011-11-21 16:36,2011-11-21 16:36,17,2,971.74,4,3,4,434,Loyal customers,Nurture and recommend next purchase
15699,United Kingdom,309.65,1,113.0,309.65,2011-11-22 08:26,2011-11-22 08:26,17,1,309.65,4,2,2,422,Growing customers,Nurture and recommend next purchase
13403,United Kingdom,75.0,1,44.0,75.0,2011-11-22 08:28,2011-11-22 08:28,17,1,75.0,4,2,1,421,Growing customers,Nurture and recommend next purchase
16956,United Kingdom,292.34,1,114.0,292.34,2011-11-22 08:56,2011-11-30 14:28,8,1,292.34,5,2,2,522,Growing customers,Nurture and recommend next purchase
17600,United Kingdom,161.67,1,144.0,161.67,2011-11-22 09:43,2011-11-22 09:43,17,1,161.67,4,2,1,421,Growing customers,Nurture and recommend next purchase
15877,United Kingdom,437.83,2,368.0,218.91,2011-11-22 11:18,2011-12-08 11:57,1,2,437.83,5,3,2,532,Loyal customers,Nurture and recommend next purchase
14424,United Kingdom,322.08,1,48.0,322.08,2011-11-22 11:48,2011-11-22 11:48,17,1,322.08,4,2,2,422,Growing customers,Nurture and recommend next purchase
13322,United Kingdom,199.48,1,117.0,199.48,2011-11-22 14:21,2011-11-22 14:21,16,1,199.48,4,2,1,421,Growing customers,Nurture and recommend next purchase
17297,United Kingdom,128.18,1,65.0,128.18,2011-11-22 14:43,2011-11-22 14:43,16,1,128.18,4,2,1,421,Growing customers,Nurture and recommend next purchase
13986,United Kingdom,320.46,1,430.0,320.46,2011-11-22 15:00,2011-11-22 15:00,16,1,320.46,4,2,2,422,Growing customers,Nurture and recommend next purchase
12920,United Kingdom,162.78,1,128.0,162.78,2011-11-22 15:05,2011-11-22 15:05,16,1,162.78,4,2,1,421,Growing customers,Nurture and recommend next purchase
18249,United Kingdom,95.34,1,128.0,95.34,2011-11-22 15:07,2011-11-22 15:07,16,1,95.34,4,2,1,421,Growing customers,Nurture and recommend next purchase
15634,United Kingdom,243.55,1,99.0,243.55,2011-11-22 16:28,2011-11-22 16:28,16,1,243.55,4,2,2,422,Growing customers,Nurture and recommend next purchase
16376,United Kingdom,965.47,2,691.0,482.74,2011-11-22 16:47,2011-12-01 11:38,8,2,965.47,5,3,4,534,Loyal customers,Nurture and recommend next purchase
16811,United Kingdom,547.07,2,477.0,273.53,2011-11-22 17:19,2011-12-05 11:39,4,2,547.07,5,3,3,533,Loyal customers,Nurture and recommend next purchase
12452,Switzerland,428.57,2,185.0,214.28,2011-11-23 08:05,2011-11-23 10:28,16,2,428.57,4,3,2,432,Growing customers,Nurture and recommend next purchase
14581,United Kingdom,138.6,1,217.0,138.6,2011-11-23 12:39,2011-11-23 12:39,16,1,138.6,4,2,1,421,Growing customers,Nurture and recommend next purchase
14675,United Kingdom,596.36,1,336.0,596.36,2011-11-23 12:58,2011-11-23 12:58,15,1,596.36,4,2,3,423,Growing customers,Nurture and recommend next purchase
17290,United Kingdom,513.01,2,397.0,256.5,2011-11-23 15:53,2011-12-06 12:38,3,2,513.01,5,3,3,533,Loyal customers,Nurture and recommend next purchase
16343,United Kingdom,328.58,2,175.0,164.29,2011-11-23 17:43,2011-11-23 17:45,15,2,328.58,4,3,2,432,Growing customers,Nurture and recommend next purchase
13638,United Kingdom,122.64,1,93.0,122.64,2011-11-24 10:38,2011-11-24 10:38,15,1,122.64,4,2,1,421,Growing customers,Nurture and recommend next purchase
16482,United Kingdom,220.62,1,346.0,220.62,2011-11-24 12:33,2011-11-24 12:33,15,1,220.62,4,2,1,421,Growing customers,Nurture and recommend next purchase
12784,Portugal,532.82,2,280.0,266.41,2011-11-24 12:53,2011-11-30 15:38,8,2,532.82,5,3,3,533,Loyal customers,Nurture and recommend next purchase
17458,United Kingdom,316.5,1,170.0,316.5,2011-11-24 13:01,2011-11-24 13:01,14,1,316.5,4,2,2,422,Growing customers,Nurture and recommend next purchase
14785,United Kingdom,77.4,2,84.0,38.7,2011-11-24 13:40,2011-11-29 13:21,9,2,77.4,5,3,1,531,Growing customers,Nurture and recommend next purchase
17254,United Kingdom,271.19,2,251.0,135.59,2011-11-24 14:09,2011-12-05 12:46,4,2,271.19,5,3,2,532,Loyal customers,Nurture and recommend next purchase
17767,United Kingdom,271.2,1,128.0,271.2,2011-11-24 14:42,2011-11-24 14:42,14,1,271.2,4,2,2,422,Growing customers,Nurture and recommend next purchase
15725,United Kingdom,415.25,1,221.0,415.25,2011-11-24 14:51,2011-11-24 14:51,14,1,415.25,4,2,2,422,Growing customers,Nurture and recommend next purchase
17247,United Kingdom,280.09,1,105.0,280.09,2011-11-24 15:21,2011-11-24 15:21,14,1,280.09,4,2,2,422,Growing customers,Nurture and recommend next purchase
18184,United Kingdom,49.8,1,60.0,49.8,2011-11-24 15:28,2011-11-24 15:28,14,1,49.8,4,2,1,421,Growing customers,Nurture and recommend next purchase
15428,United Kingdom,93.78,1,102.0,93.78,2011-11-24 16:54,2011-11-24 16:54,14,1,93.78,4,2,1,421,Growing customers,Nurture and recommend next purchase
17727,United Kingdom,1042.55,1,645.0,1042.55,2011-11-24 17:06,2011-11-30 15:21,8,1,1042.55,5,2,4,524,Loyal customers,Nurture and recommend next purchase
14756,United Kingdom,738.96,1,416.0,738.96,2011-11-24 18:13,2011-11-24 18:13,14,1,738.96,4,2,3,423,Growing customers,Nurture and recommend next purchase
16856,United Kingdom,35.4,1,12.0,35.4,2011-11-25 08:59,2011-11-25 08:59,14,1,35.4,4,2,1,421,Growing customers,Nurture and recommend next purchase
14703,United Kingdom,318.17,1,183.0,318.17,2011-11-25 09:23,2011-11-25 09:23,14,1,318.17,4,2,2,422,Growing customers,Nurture and recommend next purchase
17385,United Kingdom,256.11,1,197.0,256.11,2011-11-25 11:02,2011-11-25 11:02,14,1,256.11,4,2,2,422,Growing customers,Nurture and recommend next purchase
12531,Germany,125.22,1,45.0,125.22,2011-11-25 11:12,2011-11-25 11:12,14,1,125.22,4,2,1,421,Growing customers,Nurture and recommend next purchase
15872,United Kingdom,316.25,2,187.0,158.12,2011-11-25 11:54,2011-11-25 11:55,14,2,316.25,4,3,2,432,Growing customers,Nurture and recommend next purchase
14966,United Kingdom,183.02,1,179.0,183.02,2011-11-25 12:20,2011-11-25 12:20,14,1,183.02,4,2,1,421,Growing customers,Nurture and recommend next purchase
17232,United Kingdom,417.77,2,202.0,208.88,2011-11-25 12:24,2011-12-07 12:21,2,2,417.77,5,3,2,532,Loyal customers,Nurture and recommend next purchase
17468,United Kingdom,137.0,2,116.0,68.5,2011-11-25 12:52,2011-11-29 15:33,9,2,137.0,5,3,1,531,Growing customers,Nurture and recommend next purchase
13332,United Kingdom,350.9,1,179.0,350.9,2011-11-25 13:30,2011-11-25 13:30,13,1,350.9,4,2,2,422,Growing customers,Nurture and recommend next purchase
14946,United Kingdom,100.9,1,22.0,100.9,2011-11-25 13:33,2011-11-25 13:33,13,1,100.9,4,2,1,421,Growing customers,Nurture and recommend next purchase
13256,United Kingdom,0.0,1,12540.0,0.0,2011-11-25 15:57,2011-11-25 15:57,13,1,0.0,4,2,1,421,Growing customers,Nurture and recommend next purchase
13596,United Kingdom,664.11,2,384.0,332.06,2011-11-27 11:57,2011-12-04 12:01,5,2,664.11,5,3,3,533,Loyal customers,Nurture and recommend next purchase
16024,United Kingdom,251.03,1,397.0,251.03,2011-11-27 13:26,2011-11-27 13:26,11,1,251.03,4,2,2,422,Growing customers,Nurture and recommend next purchase
14954,United Kingdom,294.85,1,117.0,294.85,2011-11-27 14:30,2011-11-27 14:30,11,1,294.85,4,2,2,422,Growing customers,Nurture and recommend next purchase
17885,United Kingdom,156.34,1,110.0,156.34,2011-11-27 14:40,2011-11-27 14:40,11,1,156.34,4,2,1,421,Growing customers,Nurture and recommend next purchase
14093,United Kingdom,433.86,1,391.0,433.86,2011-11-27 16:27,2011-11-27 16:27,11,1,433.86,4,2,2,422,Growing customers,Nurture and recommend next purchase
14893,United Kingdom,1237.85,2,799.0,618.92,2011-11-28 10:49,2011-11-30 12:31,9,2,1237.85,5,3,4,534,Loyal customers,Nurture and recommend next purchase
15721,United Kingdom,471.4,1,388.0,471.4,2011-11-28 12:14,2011-11-28 12:14,11,1,471.4,4,2,3,423,Growing customers,Nurture and recommend next purchase
17852,United Kingdom,114.34,2,53.0,57.17,2011-11-28 12:31,2011-11-28 12:36,11,2,114.34,4,3,1,431,Growing customers,Nurture and recommend next purchase
13844,United Kingdom,361.62,1,196.0,361.62,2011-11-28 13:21,2011-11-28 13:21,10,1,361.62,4,2,2,422,Growing customers,Nurture and recommend next purchase
12479,Germany,477.3,1,385.0,477.3,2011-11-28 13:26,2011-12-06 09:25,3,1,477.3,5,2,3,523,Loyal customers,Nurture and recommend next purchase
12660,France,245.1,1,127.0,245.1,2011-11-28 13:26,2011-11-28 13:26,10,1,245.1,4,2,2,422,Growing customers,Nurture and recommend next purchase
15540,United Kingdom,213.3,1,200.0,213.3,2011-11-28 13:51,2011-11-28 13:51,10,1,213.3,4,2,1,421,Growing customers,Nurture and recommend next purchase
17379,United Kingdom,389.72,1,623.0,389.72,2011-11-28 13:56,2011-11-28 13:56,10,1,389.72,4,2,2,422,Growing customers,Nurture and recommend next purchase
16800,United Kingdom,1162.65,1,524.0,1162.65,2011-11-28 14:06,2011-11-28 14:06,10,1,1162.65,4,2,4,424,Loyal customers,Nurture and recommend next purchase
17806,United Kingdom,546.04,1,727.0,546.04,2011-11-28 14:12,2011-11-28 14:12,10,1,546.04,4,2,3,423,Growing customers,Nurture and recommend next purchase
17359,United Kingdom,127.86,1,161.0,127.86,2011-11-28 14:37,2011-11-28 14:37,10,1,127.86,4,2,1,421,Growing customers,Nurture and recommend next purchase
13188,United Kingdom,114.6,1,25.0,114.6,2011-11-28 15:28,2011-11-28 15:28,10,1,114.6,4,2,1,421,Growing customers,Nurture and recommend next purchase
14480,United Kingdom,279.05,1,143.0,279.05,2011-11-28 16:35,2011-11-28 16:35,10,1,279.05,4,2,2,422,Growing customers,Nurture and recommend next purchase
13349,United Kingdom,247.32,1,225.0,247.32,2011-11-29 08:07,2011-11-29 08:07,10,1,247.32,4,2,2,422,Growing customers,Nurture and recommend next purchase
15619,United Kingdom,336.4,1,136.0,336.4,2011-11-29 08:14,2011-11-29 08:14,10,1,336.4,4,2,2,422,Growing customers,Nurture and recommend next purchase
15148,United Kingdom,301.29,1,187.0,301.29,2011-11-29 08:21,2011-11-29 08:21,10,1,301.29,4,2,2,422,Growing customers,Nurture and recommend next purchase
14601,United Kingdom,213.96,1,168.0,213.96,2011-11-29 09:48,2011-11-29 09:48,10,1,213.96,4,2,1,421,Growing customers,Nurture and recommend next purchase
15783,United Kingdom,246.3,1,212.0,246.3,2011-11-29 09:50,2011-11-29 09:50,10,1,246.3,4,2,2,422,Growing customers,Nurture and recommend next purchase
17772,United Kingdom,173.45,2,55.0,86.72,2011-11-29 10:57,2011-11-29 11:05,10,2,173.45,4,3,1,431,Growing customers,Nurture and recommend next purchase
14126,United Kingdom,643.63,3,508.0,214.54,2011-11-29 12:21,2011-12-02 11:45,7,3,643.63,5,4,3,543,Loyal customers,Nurture and recommend next purchase
16479,United Kingdom,300.83,2,102.0,150.41,2011-11-29 13:04,2011-11-29 13:40,9,2,300.83,5,3,2,532,Loyal customers,Nurture and recommend next purchase
13428,United Kingdom,201.78,1,151.0,201.78,2011-11-29 14:20,2011-11-29 14:20,9,1,201.78,5,2,1,521,Growing customers,Nurture and recommend next purchase
15790,United Kingdom,218.75,1,113.0,218.75,2011-11-29 14:53,2011-11-29 14:53,9,1,218.75,5,2,1,521,Growing customers,Nurture and recommend next purchase
13521,United Kingdom,1071.73,3,718.0,357.24,2011-11-29 15:09,2011-12-08 13:50,0,3,1071.73,5,4,4,544,Champions,Nurture and recommend next purchase
14349,United Kingdom,133.5,1,86.0,133.5,2011-11-29 15:39,2011-11-29 15:39,9,1,133.5,5,2,1,521,Growing customers,Nurture and recommend next purchase
18058,United Kingdom,170.16,1,88.0,170.16,2011-11-30 08:38,2011-11-30 08:38,9,1,170.16,5,2,1,521,Growing customers,Nurture and recommend next purchase
12953,United Kingdom,329.85,1,84.0,329.85,2011-11-30 09:24,2011-11-30 09:24,9,1,329.85,5,2,2,522,Growing customers,Nurture and recommend next purchase
12966,United Kingdom,160.18,1,75.0,160.18,2011-11-30 12:38,2011-11-30 12:38,9,1,160.18,5,2,1,521,Growing customers,Nurture and recommend next purchase
15060,United Kingdom,294.25,4,257.0,73.56,2011-11-30 14:03,2011-12-01 13:47,7,4,294.25,5,4,2,542,Loyal customers,Nurture and recommend next purchase
17911,United Kingdom,366.23,1,223.0,366.23,2011-11-30 14:52,2011-11-30 14:52,8,1,366.23,5,2,2,522,Growing customers,Nurture and recommend next purchase
14804,United Kingdom,353.27,1,121.0,353.27,2011-12-01 11:20,2011-12-01 11:20,8,1,353.27,5,2,2,522,Growing customers,Nurture and recommend next purchase
15904,United Kingdom,164.68,1,84.0,164.68,2011-12-01 14:50,2011-12-01 14:50,7,1,164.68,5,2,1,521,Growing customers,Nurture and recommend next purchase
16789,United Kingdom,80.8,1,32.0,80.8,2011-12-01 15:12,2011-12-01 15:12,7,1,80.8,5,2,1,521,Growing customers,Nurture and recommend next purchase
12558,USA,0.0,1,196.0,0.0,2011-12-02 10:41,2011-12-08 10:14,1,1,0.0,5,2,1,521,Growing customers,Nurture and recommend next purchase
17942,United Kingdom,77.5,1,38.0,77.5,2011-12-02 10:45,2011-12-02 10:45,7,1,77.5,5,2,1,521,Growing customers,Nurture and recommend next purchase
12587,Finland,144.0,1,51.0,144.0,2011-12-02 12:47,2011-12-02 12:47,7,1,144.0,5,2,1,521,Growing customers,Nurture and recommend next purchase
13560,United Kingdom,171.42,1,63.0,171.42,2011-12-02 13:11,2011-12-02 13:11,6,1,171.42,5,2,1,521,Growing customers,Nurture and recommend next purchase
15539,United Kingdom,538.46,1,410.0,538.46,2011-12-02 13:36,2011-12-02 13:36,6,1,538.46,5,2,3,523,Loyal customers,Nurture and recommend next purchase
13017,United Kingdom,204.0,1,48.0,204.0,2011-12-02 15:53,2011-12-02 15:53,6,1,204.0,5,2,1,521,Growing customers,Nurture and recommend next purchase
18174,United Kingdom,104.0,1,50.0,104.0,2011-12-02 16:56,2011-12-02 16:56,6,1,104.0,5,2,1,521,Growing customers,Nurture and recommend next purchase
13153,United Kingdom,486.22,1,418.0,486.22,2011-12-04 12:14,2011-12-04 12:14,5,1,486.22,5,2,3,523,Loyal customers,Nurture and recommend next purchase
15773,United Kingdom,635.68,1,311.0,635.68,2011-12-04 12:48,2011-12-04 12:48,5,1,635.68,5,2,3,523,Loyal customers,Nurture and recommend next purchase
17936,United Kingdom,380.13,1,257.0,380.13,2011-12-04 13:32,2011-12-04 13:32,4,1,380.13,5,2,2,522,Growing customers,Nurture and recommend next purchase
16535,United Kingdom,593.75,1,356.0,593.75,2011-12-04 15:18,2011-12-04 15:18,4,1,593.75,5,2,3,523,Loyal customers,Nurture and recommend next purchase
16988,United Kingdom,126.12,1,43.0,126.12,2011-12-04 16:02,2011-12-04 16:02,4,1,126.12,5,2,1,521,Growing customers,Nurture and recommend next purchase
15097,United Kingdom,248.08,1,170.0,248.08,2011-12-05 14:03,2011-12-05 14:03,3,1,248.08,5,2,2,522,Growing customers,Nurture and recommend next purchase
18015,United Kingdom,120.03,1,157.0,120.03,2011-12-05 14:49,2011-12-05 14:49,3,1,120.03,5,2,1,521,Growing customers,Nurture and recommend next purchase
16597,United Kingdom,90.04,1,184.0,90.04,2011-12-05 15:44,2011-12-05 15:44,3,1,90.04,5,2,1,521,Growing customers,Nurture and recommend next purchase
13790,United Kingdom,348.8,1,748.0,348.8,2011-12-05 15:48,2011-12-05 15:48,3,1,348.8,5,2,2,522,Growing customers,Nurture and recommend next purchase
14219,United Kingdom,89.94,1,78.0,89.94,2011-12-05 16:23,2011-12-05 16:23,3,1,89.94,5,2,1,521,Growing customers,Nurture and recommend next purchase
12367,Denmark,168.9,1,173.0,168.9,2011-12-05 16:48,2011-12-05 16:48,3,1,168.9,5,2,1,521,Growing customers,Nurture and recommend next purchase
17383,United Kingdom,193.39,1,148.0,193.39,2011-12-05 17:36,2011-12-05 17:36,3,1,193.39,5,2,1,521,Growing customers,Nurture and recommend next purchase
12478,Greece,680.99,1,236.0,680.99,2011-12-06 09:56,2011-12-06 09:56,3,1,680.99,5,2,3,523,Loyal customers,Nurture and recommend next purchase
15992,United Kingdom,41.99,1,17.0,41.99,2011-12-06 11:00,2011-12-06 11:00,3,1,41.99,5,2,1,521,Growing customers,Nurture and recommend next purchase
15318,United Kingdom,312.62,1,642.0,312.62,2011-12-06 11:30,2011-12-06 11:30,3,1,312.62,5,2,2,522,Growing customers,Nurture and recommend next purchase
17914,United Kingdom,329.36,1,457.0,329.36,2011-12-06 11:58,2011-12-06 11:58,3,1,329.36,5,2,2,522,Growing customers,Nurture and recommend next purchase
16528,United Kingdom,244.41,1,171.0,244.41,2011-12-06 12:45,2011-12-06 12:45,3,1,244.41,5,2,2,522,Growing customers,Nurture and recommend next purchase
12442,Spain,172.06,1,182.0,172.06,2011-12-06 14:22,2011-12-06 14:22,2,1,172.06,5,2,1,521,Growing customers,Nurture and recommend next purchase
16569,United Kingdom,124.2,1,93.0,124.2,2011-12-06 15:32,2011-12-06 15:32,2,1,124.2,5,2,1,521,Growing customers,Nurture and recommend next purchase
12650,France,314.44,1,254.0,314.44,2011-12-06 16:34,2011-12-06 16:34,2,1,314.44,5,2,2,522,Growing customers,Nurture and recommend next purchase
14578,United Kingdom,168.63,1,240.0,168.63,2011-12-06 17:18,2011-12-06 17:18,2,1,168.63,5,2,1,521,Growing customers,Nurture and recommend next purchase
16000,United Kingdom,12393.7,3,5110.0,4131.23,2011-12-07 12:14,2011-12-07 12:17,2,3,12393.7,5,4,5,545,Champions,Nurture and recommend next purchase
15195,United Kingdom,3861.0,1,1404.0,3861.0,2011-12-07 12:20,2011-12-07 12:20,2,1,3861.0,5,2,5,525,Loyal customers,Nurture and recommend next purchase
14087,United Kingdom,178.72,1,250.0,178.72,2011-12-07 12:28,2011-12-07 12:41,2,1,178.72,5,2,1,521,Growing customers,Nurture and recommend next purchase
14204,United Kingdom,150.61,1,72.0,150.61,2011-12-07 13:38,2011-12-07 13:38,1,1,150.61,5,2,1,521,Growing customers,Nurture and recommend next purchase
15471,United Kingdom,454.48,1,256.0,454.48,2011-12-07 14:12,2011-12-07 14:12,1,1,454.48,5,2,2,522,Growing customers,Nurture and recommend next purchase
13436,United Kingdom,196.89,1,76.0,196.89,2011-12-08 10:33,2011-12-08 10:33,1,1,196.89,5,2,1,521,Growing customers,Nurture and recommend next purchase
15520,United Kingdom,343.5,1,314.0,343.5,2011-12-08 10:58,2011-12-08 10:58,1,1,343.5,5,2,2,522,Growing customers,Nurture and recommend next purchase
13298,United Kingdom,360.0,1,96.0,360.0,2011-12-08 13:11,2011-12-08 13:11,0,1,360.0,5,2,2,522,Growing customers,Nurture and recommend next purchase
14569,United Kingdom,227.39,1,79.0,227.39,2011-12-08 14:58,2011-12-08 14:58,0,1,227.39,5,2,1,521,Growing customers,Nurture and recommend next purchase
12713,Germany,848.55,1,508.0,848.55,2011-12-09 12:16,2011-12-09 12:16,0,1,848.55,5,2,3,523,Loyal customers,Nurture and recommend next purchase
