stock_code,description,revenue,quantity_sold,order_frequency,return_quantity,return_rate,country
DOT,DOTCOM POSTAGE,206248.77,1708,710,1,0.0006,United Kingdom
22423,REGENCY CAKESTAND 3 TIER,174156.54,13862,2172,908,0.0655,United Kingdom
23843,"PAPER CRAFT , LITTLE BIRDIE",168469.6,80995,2,80995,1.0,United Kingdom
85123A,WHITE HANGING HEART T-LIGHT HOLDER,104462.75,41645,2246,2834,0.0681,United Kingdom
47566,PARTY BUNTING,99445.23,18287,1706,277,0.0151,United Kingdom
85099B,JUMBO BAG RED RETROSPOT,94159.81,48375,2135,1115,0.023,United Kingdom
23166,MEDIUM CERAMIC TOP STORAGE JAR,81700.92,78033,257,74494,0.9546,United Kingdom
POST,POSTAGE,78101.88,6500,1254,147,0.0226,Germany
M,Manual,77750.27,6990,517,4066,0.5817,United Kingdom
23084,RABBIT NIGHT LIGHT,66870.03,31673,1025,1076,0.034,United Kingdom
22086,PAPER CHAIN KIT 50'S CHRISTMAS,64875.59,19329,1170,453,0.0234,United Kingdom
84879,ASSORTED COLOUR BIRD ORNAMENT,58927.62,36362,1468,240,0.0066,United Kingdom
79321,CHILLI LIGHTS,54096.36,10419,673,80,0.0077,United Kingdom
22502,PICNIC BASKET WICKER SMALL,51408.77,2045,478,175,0.0856,United Kingdom
22197,POPCORN HOLDER,51334.47,56898,1442,471,0.0083,United Kingdom
23298,SPOTTY BUNTING,43148.18,8637,1159,110,0.0127,United Kingdom
22386,JUMBO BAG PINK POLKADOT,42401.01,21448,1231,456,0.0213,United Kingdom
23203,JUMBO BAG VINTAGE DOILY,42030.34,20585,1249,590,0.0287,United Kingdom
21137,BLACK RECORD COVER FRAME,40633.38,11651,381,40,0.0034,United Kingdom
23284,DOORMAT KEEP CALM AND COME IN,38133.64,5500,739,240,0.0436,United Kingdom
22720,SET OF 3 CAKE TINS PANTRY DESIGN,38108.89,7497,1462,218,0.0291,United Kingdom
22960,JAM MAKING SET WITH JARS,37082.13,8706,1220,247,0.0284,United Kingdom
82484,WOOD BLACK BOARD ANT WHITE FINISH,35966.92,6012,696,24,0.004,United Kingdom
20725,LUNCH BAG RED RETROSPOT,35862.36,19432,1608,574,0.0295,United Kingdom
22178,VICTORIAN GLASS HANGING T-LIGHT,33146.82,24275,1062,450,0.0185,United Kingdom
22114,HOT WATER BOTTLE TEA AND SYMPATHY,32973.44,5885,652,301,0.0511,United Kingdom
22910,PAPER CHAIN KIT VINTAGE CHRISTMAS,32843.84,10594,832,351,0.0331,United Kingdom
22112,CHOCOLATE HOT WATER BOTTLE,32826.58,6018,866,128,0.0213,United Kingdom
85099F,JUMBO BAG STRAWBERRY,32495.59,17341,830,1342,0.0774,United Kingdom
22469,HEART OF WICKER SMALL,32094.6,17971,1214,188,0.0105,United Kingdom
23245,SET OF 3 REGENCY CAKE TINS,31118.55,6345,910,90,0.0142,United Kingdom
21931,JUMBO STORAGE BAG SUKI,30764.01,13651,1201,334,0.0245,United Kingdom
22727,ALARM CLOCK BAKELIKE RED,30644.87,7800,1081,71,0.0091,United Kingdom
23199,JUMBO BAG APPLES,30450.69,14908,999,723,0.0485,United Kingdom
22470,HEART OF WICKER LARGE,30098.11,9890,944,74,0.0075,United Kingdom
22355,CHARLOTTE BAG SUKI DESIGN,29254.15,18125,895,150,0.0083,United Kingdom
22699,ROSES REGENCY TEACUP AND SAUCER,29056.92,9865,1120,437,0.0443,United Kingdom
23355,HOT WATER BOTTLE KEEP CALM,28718.8,5816,790,96,0.0165,United Kingdom
22411,JUMBO SHOPPER VINTAGE RED PAISLEY,28577.1,12574,1187,354,0.0282,United Kingdom
20685,DOORMAT RED RETROSPOT,28049.54,4089,704,66,0.0161,United Kingdom
85099C,JUMBO  BAG BAROQUE BLACK WHITE,28047.74,13900,947,281,0.0202,United Kingdom
22457,NATURAL SLATE HEART CHALKBOARD,27991.61,9119,1266,52,0.0057,United Kingdom
23201,JUMBO BAG ALPHABET,27850.83,13366,920,594,0.0444,United Kingdom
22726,ALARM CLOCK BAKELIKE GREEN,27155.28,6420,1003,46,0.0072,United Kingdom
21175,GIN + TONIC DIET METAL SIGN,27029.97,12207,817,2048,0.1678,United Kingdom
84347,ROTATING SILVER ANGELS T-LIGHT HLDR,26425.58,9461,453,9376,0.991,United Kingdom
21915,RED  HARMONICA IN BOX,26294.08,22103,671,67,0.003,United Kingdom
22666,RECIPE BOX PANTRY YELLOW DESIGN,26219.95,8290,1164,151,0.0182,United Kingdom
84946,ANTIQUE SILVER T-LIGHT GLASS,25843.38,19209,932,335,0.0174,United Kingdom
22629,SPACEBOY LUNCH BOX,25719.02,14249,908,54,0.0038,United Kingdom
22961,JAM MAKING SET PRINTED,25637.78,16396,1174,331,0.0202,United Kingdom
48138,DOORMAT UNION FLAG,25534.15,3751,623,12,0.0032,United Kingdom
21181,PLEASE ONE PERSON METAL SIGN,25225.48,12692,862,147,0.0116,United Kingdom
23173,REGENCY TEAPOT ROSES,24879.13,2766,429,52,0.0188,United Kingdom
21621,VINTAGE UNION JACK BUNTING,24525.83,2887,483,558,0.1933,United Kingdom
22111,SCOTTIE DOG HOT WATER BOTTLE,24455.39,4655,778,129,0.0277,United Kingdom
22722,SET OF 6 SPICE TINS PANTRY DESIGN,24436.26,5967,848,51,0.0085,United Kingdom
22326,ROUND SNACK BOXES SET OF4 WOODLAND,24364.87,8535,749,40,0.0047,United Kingdom
22138,BAKING SET 9 PIECE RETROSPOT,24185.27,4937,961,68,0.0138,United Kingdom
48187,DOORMAT NEW ENGLAND,24108.39,3807,602,4,0.0011,United Kingdom
21731,RED TOADSTOOL LED NIGHT LIGHT,23919.78,14001,861,186,0.0133,United Kingdom
48185,DOORMAT FAIRY CAKE,23872.91,3615,369,731,0.2022,United Kingdom
23344,JUMBO BAG 50'S CHRISTMAS,23772.07,10285,723,262,0.0255,United Kingdom
23243,SET OF TEA COFFEE SUGAR TINS PANTRY,23489.42,4800,505,117,0.0244,United Kingdom
22189,CREAM HEART CARD HOLDER,23435.82,8284,529,8,0.001,United Kingdom
21733,RED HANGING HEART T-LIGHT HOLDER,23199.24,7872,754,57,0.0072,United Kingdom
21929,JUMBO BAG PINK VINTAGE PAISLEY,23179.06,11006,877,222,0.0202,United Kingdom
82482,WOODEN PICTURE FRAME WHITE FINISH,23057.06,8986,1118,233,0.0259,United Kingdom
20713,JUMBO BAG OWLS,23001.06,13309,674,4165,0.3129,United Kingdom
21623,VINTAGE UNION JACK MEMOBOARD,22980.24,3269,225,4,0.0012,United Kingdom
22139,RETROSPOT TEA SET CERAMIC 11 PC,22868.26,4597,983,47,0.0102,United Kingdom
22090,PAPER BUNTING RETROSPOT,22785.06,7586,806,72,0.0095,United Kingdom
22697,GREEN REGENCY TEACUP AND SAUCER,22755.5,7280,1057,143,0.0196,United Kingdom
85066,CREAM SWEETHEART MINI CHEST,22594.2,1784,544,41,0.023,United Kingdom
22383,LUNCH BAG SUKI DESIGN,22486.34,12519,1306,148,0.0118,United Kingdom
20727,LUNCH BAG  BLACK SKULL.,22346.96,12195,1295,128,0.0105,United Kingdom
15056N,EDWARDIAN PARASOL NATURAL,22152.69,3950,463,57,0.0144,United Kingdom
48194,DOORMAT HEARTS,22114.42,3418,595,3,0.0009,United Kingdom
20712,JUMBO BAG WOODLAND ANIMALS,22092.42,9773,872,240,0.0246,United Kingdom
84029E,RED WOOLLY HOTTIE WHITE HEART.,22025.73,4747,438,118,0.0249,United Kingdom
23202,JUMBO BAG VINTAGE LEAF,21810.43,11041,886,242,0.0219,United Kingdom
20724,RED RETROSPOT CHARLOTTE BAG,21773.39,17767,1050,223,0.0126,United Kingdom
20728,LUNCH BAG CARS BLUE,21699.48,11786,1173,214,0.0182,United Kingdom
22630,DOLLY GIRL LUNCH BOX,21609.79,11780,860,275,0.0233,United Kingdom
21523,DOORMAT FANCY FONT HOME SWEET HOME,21593.74,3245,505,5,0.0015,United Kingdom
23209,LUNCH BAG VINTAGE DOILY,21418.82,13270,1110,40,0.003,United Kingdom
21843,RED RETROSPOT CAKE STAND,21354.3,2012,582,385,0.1914,United Kingdom
21212,PACK OF 72 RETROSPOT CAKE CASES,21246.45,36396,1334,380,0.0104,United Kingdom
21928,JUMBO BAG SCANDINAVIAN BLUE PAISLEY,21144.41,10468,816,268,0.0256,United Kingdom
21166,COOK WITH WINE METAL SIGN,20874.44,10324,735,211,0.0204,United Kingdom
23206,LUNCH BAG APPLE DESIGN,20852.58,12147,1049,59,0.0049,United Kingdom
22659,LUNCH BOX I LOVE LONDON,20781.65,11504,725,322,0.028,United Kingdom
22728,ALARM CLOCK BAKELIKE PINK,20672.15,5356,799,41,0.0077,United Kingdom
71477,COLOUR GLASS. STAR T-LIGHT HOLDER,20650.66,6762,351,1228,0.1816,United Kingdom
21479,WHITE SKULL HOT WATER BOTTLE,20582.2,4668,504,185,0.0396,United Kingdom
84997D,CHILDRENS CUTLERY POLKADOT PINK,19728.2,5103,476,29,0.0057,United Kingdom
82494L,WOODEN FRAME ANTIQUE WHITE,19599.49,6902,931,608,0.0881,United Kingdom
22501,PICNIC BASKET WICKER LARGE,19302.26,1783,472,318,0.1784,United Kingdom
22328,ROUND SNACK BOXES SET OF 4 FRUITS,19094.97,6835,597,658,0.0963,United Kingdom
22467,GUMBALL COAT RACK,18798.67,8096,714,255,0.0315,United Kingdom
22969,HOMEMADE JAM SCENTED CANDLES,18771.15,12520,654,140,0.0112,United Kingdom
15036,ASSORTED COLOURS SILK FAN,18569.84,23826,523,1274,0.0535,United Kingdom
20914,SET/5 RED RETROSPOT LID GLASS BOWLS,18357.75,6361,914,107,0.0168,United Kingdom
82486,WOOD S/3 CABINET ANT WHITE FINISH,18343.92,2136,626,70,0.0328,United Kingdom
20726,LUNCH BAG WOODLAND,18283.78,9910,1037,82,0.0083,United Kingdom
21108,FAIRY CAKE FLANNEL ASSORTED COLOUR,18056.28,10241,265,3150,0.3076,United Kingdom
22382,LUNCH BAG SPACEBOY DESIGN,18031.31,10427,1170,159,0.0152,United Kingdom
22693,GROW A FLYTRAP OR SUNFLOWER IN TIN,17927.45,16244,307,72,0.0044,United Kingdom
22835,HOT WATER BOTTLE I AM SO POORLY,17892.96,3441,663,394,0.1145,United Kingdom
22865,HAND WARMER OWL DESIGN,17786.13,8490,667,183,0.0216,United Kingdom
21485,RETROSPOT HEART HOT WATER BOTTLE,17663.98,3524,631,20,0.0057,United Kingdom
22698,PINK REGENCY TEACUP AND SAUCER,17445.56,5789,802,199,0.0344,United Kingdom
22384,LUNCH BAG PINK POLKADOT,17388.99,10487,1110,152,0.0145,United Kingdom
22077,6 RIBBONS RUSTIC CHARM,17186.62,9172,961,34,0.0037,United Kingdom
22385,JUMBO BAG SPACEBOY DESIGN,17071.59,8679,692,118,0.0136,United Kingdom
23240,SET OF 4 KNICK KNACK TINS DOILY,17000.17,4177,553,50,0.012,United Kingdom
82583,HOT BATHS METAL SIGN,16946.26,7514,625,322,0.0429,United Kingdom
22492,MINI PAINT SET VINTAGE,16937.82,26633,390,196,0.0074,United Kingdom
21754,HOME BUILDING BLOCK WORD,16923.47,2759,787,20,0.0072,United Kingdom
20719,WOODLAND CHARLOTTE BAG,16744.45,13292,843,112,0.0084,United Kingdom
22993,SET OF 4 PANTRY JELLY MOULDS,16478.48,12649,1082,68,0.0054,United Kingdom
84978,HANGING HEART JAR T-LIGHT HOLDER,16453.78,12493,758,175,0.014,United Kingdom
22624,IVORY KITCHEN SCALES,16378.71,1910,724,17,0.0089,United Kingdom
84078A,SET/4 WHITE RETRO STORAGE CUBES,16363.3,415,163,35,0.0843,United Kingdom
23301,GARDENERS KNEELING PAD KEEP CALM,16327.35,8807,924,114,0.0129,United Kingdom
21232,STRAWBERRY CERAMIC TRINKET BOX,16248.8,11843,888,384,0.0324,United Kingdom
84029G,KNITTED UNION FLAG HOT WATER BOTTLE,16148.04,3599,464,14,0.0039,United Kingdom
84997B,CHILDRENS CUTLERY RETROSPOT RED,16045.97,4214,373,34,0.0081,United Kingdom
85152,HAND OVER THE CHOCOLATE   SIGN,15928.73,8248,682,80,0.0097,United Kingdom
15056BL,EDWARDIAN PARASOL BLACK,15828.84,2844,326,130,0.0457,United Kingdom
23313,VINTAGE CHRISTMAS BUNTING,15798.66,2990,403,13,0.0043,United Kingdom
22379,RECYCLING BAG RETROSPOT,15607.59,6896,753,64,0.0093,United Kingdom
82483,WOOD 2 DRAWER CABINET WHITE FINISH,15123.92,2404,586,228,0.0948,United Kingdom
22084,PAPER CHAIN KIT EMPIRE,15099.37,5258,447,247,0.047,United Kingdom
22900,SET 2 TEA TOWELS I LOVE LONDON,14938.43,4907,544,216,0.044,United Kingdom
84997C,CHILDRENS CUTLERY POLKADOT BLUE,14497.03,3783,338,747,0.1975,United Kingdom
22752,SET 7 BABUSHKA NESTING BOXES,14427.97,1787,385,124,0.0694,United Kingdom
22847,BREAD BIN DINER STYLE IVORY,14389.34,906,409,54,0.0596,United Kingdom
22866,HAND WARMER SCOTTY DOG DESIGN,14366.52,6619,558,175,0.0264,United Kingdom
48184,DOORMAT ENGLISH ROSE,14300.15,2044,414,6,0.0029,United Kingdom
22507,MEMO BOARD RETROSPOT  DESIGN,14193.35,2960,464,7,0.0024,United Kingdom
23200,JUMBO BAG PEARS,14188.96,7167,602,134,0.0187,United Kingdom
22625,RED KITCHEN SCALES,14082.2,1638,571,33,0.0201,United Kingdom
22867,HAND WARMER BIRD DESIGN,14061.89,6436,562,152,0.0236,United Kingdom
22083,PAPER CHAIN KIT RETROSPOT,14051.64,4616,615,56,0.0121,United Kingdom
21930,JUMBO STORAGE BAG SKULLS,14006.2,6438,708,3,0.0005,United Kingdom
23343,JUMBO BAG VINTAGE CHRISTMAS,13972.71,9978,488,1871,0.1875,United Kingdom
22622,BOX OF VINTAGE ALPHABET BLOCKS,13931.31,1342,272,13,0.0097,United Kingdom
20971,PINK BLUE FELT CRAFT TRINKET BOX,13828.1,10993,526,1321,0.1202,United Kingdom
84077,WORLD WAR 2 GLIDERS ASSTD DESIGNS,13814.01,54951,540,1200,0.0218,United Kingdom
22941,CHRISTMAS LIGHTS 10 REINDEER,13795.92,1670,331,51,0.0305,United Kingdom
AMAZONFEE,AMAZON FEE,13761.09,2,34,32,16.0,United Kingdom
23077,DOUGHNUT LIP GLOSS,13695.77,10395,347,60,0.0058,United Kingdom
22171,3 HOOK PHOTO SHELF ANTIQUE WHITE,13611.81,1953,401,110,0.0563,United Kingdom
22551,PLASTERS IN TIN SPACEBOY,13602.11,8074,681,29,0.0036,United Kingdom
21524,DOORMAT SPOTTY HOME SWEET HOME,13572.06,1752,483,6,0.0034,United Kingdom
23356,LOVE HOT WATER BOTTLE,13334.32,2359,478,9,0.0038,United Kingdom
22554,PLASTERS IN TIN WOODLAND ANIMALS,13328.27,7803,709,29,0.0037,United Kingdom
22558,CLOTHES PEGS RETROSPOT PACK 24,13325.87,8676,783,42,0.0048,United Kingdom
23207,LUNCH BAG ALPHABET DESIGN,13325.55,7830,753,448,0.0572,United Kingdom
23108,SET OF 10 LED DOLLY LIGHTS,13290.52,2219,390,64,0.0288,United Kingdom
23328,SET 6 SCHOOL MILK BOTTLES IN CRATE,13269.49,2841,410,8,0.0028,United Kingdom
22776,SWEETHEART CAKESTAND 3 TIER,13078.78,1244,576,93,0.0748,United Kingdom
82600,NO SINGING METAL SIGN,12833.18,6016,551,496,0.0824,United Kingdom
22499,WOODEN UNION JACK BUNTING,12792.25,2091,409,4,0.0019,United Kingdom
22113,GREY HEART HOT WATER BOTTLE,12763.08,3220,565,27,0.0084,United Kingdom
22427,ENAMEL FLOWER JUG CREAM,12647.26,2109,523,71,0.0337,United Kingdom
20750,RED RETROSPOT MINI CASES,12634.98,1747,389,6,0.0034,United Kingdom
20749,ASSORTED COLOUR MINI CASES,12550.57,1762,389,8,0.0045,United Kingdom
20723,STRAWBERRY CHARLOTTE BAG,12548.15,9793,734,75,0.0077,United Kingdom
22607,WOODEN ROUNDERS GARDEN SET,12531.57,1327,362,4,0.003,United Kingdom
21790,VINTAGE SNAP CARDS,12510.01,14521,929,85,0.0059,United Kingdom
22188,BLACK HEART CARD HOLDER,12483.22,4870,190,1,0.0002,United Kingdom
21755,LOVE BUILDING BLOCK WORD,12435.86,2011,631,4,0.002,United Kingdom
22568,FELTCRAFT CUSHION OWL,12413.89,3381,479,328,0.097,United Kingdom
22424,ENAMEL BREAD BIN CREAM,12358.33,873,471,28,0.0321,United Kingdom
22149,FELTCRAFT 6 FLOWER FRIENDS,12357.08,6150,560,709,0.1153,United Kingdom
23174,REGENCY SUGAR BOWL GREEN,12342.43,3055,339,88,0.0288,United Kingdom
21977,PACK OF 60 PINK PAISLEY CAKE CASES,12226.32,24820,875,101,0.0041,United Kingdom
48188,DOORMAT WELCOME PUPPIES,12107.02,2064,290,5,0.0024,United Kingdom
47590B,PINK HAPPY BIRTHDAY BUNTING,12050.12,2323,398,83,0.0357,United Kingdom
22273,FELTCRAFT DOLL MOLLY,12001.59,4509,336,1447,0.3209,United Kingdom
22191,IVORY DINER WALL CLOCK,11911.65,1445,431,344,0.2381,United Kingdom
21430,SET/3 RED GINGHAM ROSE STORAGE BOX,11905.95,3034,489,41,0.0135,United Kingdom
22087,PAPER BUNTING WHITE LACE,11872.58,4090,338,125,0.0306,United Kingdom
22193,RED DINER WALL CLOCK,11857.07,1400,469,24,0.0171,United Kingdom
22158,3 HEARTS HANGING DECORATION RUSTIC,11797.38,3413,312,145,0.0425,United Kingdom
23300,GARDENERS KNEELING PAD CUP OF TEA,11785.99,6809,765,152,0.0223,United Kingdom
21936,RED RETROSPOT PICNIC BAG,11665.19,3985,543,56,0.0141,United Kingdom
23581,JUMBO BAG PAISLEY PARK,11581.83,5020,342,122,0.0243,United Kingdom
22692,DOORMAT WELCOME TO OUR HOME,11539.06,1527,450,3,0.002,United Kingdom
21217,RED RETROSPOT ROUND CAKE TINS,11522.44,1088,351,9,0.0083,United Kingdom
22730,ALARM CLOCK BAKELIKE IVORY,11453.4,2885,583,50,0.0173,United Kingdom
21481,FAWN BLUE HOT WATER BOTTLE,11443.87,3308,497,88,0.0266,United Kingdom
22356,CHARLOTTE BAG PINK POLKADOT,11417.74,9718,760,266,0.0274,United Kingdom
21216,"SET 3 RETROSPOT TEA,COFFEE,SUGAR",11382.81,2128,440,16,0.0075,United Kingdom
22041,"RECORD FRAME 7"" SINGLE SIZE",11354.56,4374,365,38,0.0087,United Kingdom
21080,SET/20 RED RETROSPOT PAPER NAPKINS,11312.56,13204,988,17,0.0013,United Kingdom
21340,CLASSIC METAL BIRDCAGE PLANT HOLDER,11300.02,975,297,28,0.0287,United Kingdom
22605,WOODEN CROQUET GARDEN SET,11276.21,782,306,8,0.0102,United Kingdom
47566B,TEA TIME PARTY BUNTING,11275.27,3679,375,4024,1.0938,United Kingdom
22570,FELTCRAFT CUSHION RABBIT,11204.97,3133,394,351,0.112,United Kingdom
23170,REGENCY TEA PLATE ROSES,11097.25,6857,457,718,0.1047,United Kingdom
22413,METAL SIGN TAKE IT OR LEAVE IT,11095.94,3774,415,18,0.0048,United Kingdom
22662,LUNCH BAG DOLLY GIRL DESIGN,11060.88,6706,690,17,0.0025,United Kingdom
20711,JUMBO BAG TOYS,11014.62,5008,532,340,0.0679,United Kingdom
85014B,RED RETROSPOT UMBRELLA,10952.2,1910,352,2,0.001,United Kingdom
85048,15CM CHRISTMAS GLASS BALL 20 LIGHTS,10910.61,1359,283,41,0.0302,United Kingdom
71459,HANGING JAM JAR T-LIGHT HOLDER,10858.89,13605,451,129,0.0095,United Kingdom
22988,SOLDIERS EGG CUP,10858.31,9087,430,273,0.03,United Kingdom
22617,BAKING SET SPACEBOY DESIGN,10745.05,2210,481,2629,1.1896,United Kingdom
22846,BREAD BIN DINER STYLE RED,10676.62,665,296,26,0.0391,United Kingdom
22734,SET OF 6 RIBBONS VINTAGE CHRISTMAS,10610.04,3399,433,34,0.01,United Kingdom
21891,TRADITIONAL WOODEN SKIPPING ROPE,10504.85,8131,433,67,0.0082,United Kingdom
21791,VINTAGE HEADS AND TAILS CARD GAME,10504.4,7865,611,36,0.0046,United Kingdom
47590A,BLUE HAPPY BIRTHDAY BUNTING,10491.75,1990,393,24,0.0121,United Kingdom
84755,COLOUR GLASS T-LIGHT HOLDER HANGING,10487.05,16401,633,69,0.0042,United Kingdom
23208,LUNCH BAG VINTAGE LEAF DESIGN,10441.91,6308,672,73,0.0116,United Kingdom
22992,REVOLVER WOODEN RULER,10373.99,5233,356,716,0.1368,United Kingdom
22169,FAMILY ALBUM WHITE PICTURE FRAME,10345.76,1197,389,32,0.0267,United Kingdom
21914,BLUE HARMONICA IN BOX,10339.81,7876,605,36,0.0046,United Kingdom
84947,ANTIQUE SILVER TEA GLASS ENGRAVED,10229.77,8652,357,32,0.0037,United Kingdom
23582,VINTAGE DOILY JUMBO BAG RED,10206.41,4802,262,121,0.0252,United Kingdom
22970,LONDON BUS COFFEE MUG,10140.6,4334,320,16,0.0037,United Kingdom
21218,RED SPOTTY BISCUIT TIN,10116.49,2433,405,49,0.0201,United Kingdom
22569,FELTCRAFT CUSHION BUTTERFLY,10110.83,2759,352,278,0.1008,United Kingdom
22556,PLASTERS IN TIN CIRCUS PARADE,10061.86,6113,581,66,0.0108,United Kingdom
22621,TRADITIONAL KNITTING NANCY,10053.65,6148,613,51,0.0083,United Kingdom
23171,REGENCY TEA PLATE GREEN,10051.99,6247,386,97,0.0155,United Kingdom
22633,HAND WARMER UNION JACK,10023.72,4851,487,79,0.0163,United Kingdom
20679,EDWARDIAN PARASOL RED,10021.42,1710,329,9,0.0053,United Kingdom
48173C,DOORMAT BLACK FLOCK,10000.66,1799,192,59,0.0328,United Kingdom
22690,DOORMAT HOME SWEET HOME BLUE,9943.7,1621,290,6,0.0037,United Kingdom
23076,ICE CREAM SUNDAE LIP GLOSS,9935.76,8076,279,28,0.0035,United Kingdom
84997A,CHILDRENS CUTLERY POLKADOT GREEN,9933.88,2573,263,13,0.0051,United Kingdom
22619,SET OF 6 SOLDIER SKITTLES,9895.04,2563,448,4,0.0016,United Kingdom
22654,DELUXE SEWING KIT,9893.0,1411,342,33,0.0234,United Kingdom
22791,T-LIGHT GLASS FLUTED ANTIQUE,9873.88,7955,356,247,0.031,United Kingdom
22555,PLASTERS IN TIN STRONGMAN,9841.83,6010,519,21,0.0035,United Kingdom
21314,SMALL GLASS HEART TRINKET POT,9798.98,4246,581,139,0.0327,United Kingdom
22838,3 TIER CAKE TIN RED AND CREAM,9765.11,694,184,138,0.1988,United Kingdom
22766,PHOTO FRAME CORNICE,9755.09,3267,520,53,0.0162,United Kingdom
22561,WOODEN SCHOOL COLOURING SET,9741.57,5883,436,276,0.0469,United Kingdom
21559,STRAWBERRY LUNCH BOX WITH CUTLERY,9735.38,3935,585,14,0.0036,United Kingdom
22144,CHRISTMAS CRAFT LITTLE FRIENDS,9662.28,4073,547,44,0.0108,United Kingdom
22844,VINTAGE CREAM DOG FOOD CONTAINER,9661.32,1003,424,28,0.0279,United Kingdom
23175,REGENCY MILK JUG PINK,9587.15,3162,342,124,0.0392,United Kingdom
22560,TRADITIONAL MODELLING CLAY,9572.32,8144,390,1,0.0001,United Kingdom
22978,PANTRY ROLLING PIN,9564.98,2464,250,75,0.0304,United Kingdom
22456,NATURAL SLATE CHALKBOARD LARGE,9534.67,1727,508,68,0.0394,United Kingdom
35970,ZINC FOLKART SLEIGH BELLS,9512.73,5050,463,290,0.0574,United Kingdom
22952,60 CAKE CASES VINTAGE CHRISTMAS,9512.07,16056,623,312,0.0194,United Kingdom
21174,POTTERING IN THE SHED METAL SIGN,9405.76,4309,541,138,0.032,United Kingdom
85150,LADIES & GENTLEMEN METAL SIGN,9383.43,4155,483,5,0.0012,United Kingdom
84375,SET OF 20 KIDS COOKIE CUTTERS,9383.15,4312,520,13,0.003,United Kingdom
21155,RED RETROSPOT PEG BAG,9296.3,3155,498,238,0.0754,United Kingdom
23319,BOX OF 6 MINI 50'S CRACKERS,9219.53,3720,409,116,0.0312,United Kingdom
22749,FELTCRAFT PRINCESS CHARLOTTE DOLL,9216.16,2362,449,0,0.0,United Kingdom
22966,GINGERBREAD MAN COOKIE CUTTER,9202.15,7440,674,69,0.0093,United Kingdom
84991,60 TEATIME FAIRY CAKE CASES,9169.97,18189,836,174,0.0096,United Kingdom
23318,BOX OF 6 MINI VINTAGE CRACKERS,9162.41,3809,383,168,0.0441,United Kingdom
20972,PINK CREAM FELT CRAFT TRINKET BOX,9128.06,7337,618,24,0.0033,United Kingdom
23080,RED METAL BOX TOP SECRET,9117.62,1074,264,11,0.0102,United Kingdom
48116,DOORMAT MULTICOLOUR STRIPE,9080.68,1499,205,38,0.0254,United Kingdom
22729,ALARM CLOCK BAKELIKE ORANGE,9068.95,2330,463,31,0.0133,United Kingdom
22759,SET OF 3 NOTEBOOKS IN PARCEL,9027.44,5548,427,351,0.0633,United Kingdom
22989,SET 2 PANTRY DESIGN TEA TOWELS,8999.27,2811,376,24,0.0085,United Kingdom
22632,HAND WARMER RED RETROSPOT,8982.83,4473,402,113,0.0253,United Kingdom
22771,CLEAR DRAWER KNOB ACRYLIC EDWARDIAN,8930.44,6539,445,30,0.0046,United Kingdom
23322,LARGE WHITE HEART OF WICKER,8878.21,3069,573,103,0.0336,United Kingdom
82582,AREA PATROLLED METAL SIGN,8858.79,4365,442,149,0.0341,United Kingdom
23439,HAND WARMER RED LOVE HEART,8855.51,3986,397,0,0.0,United Kingdom
21889,WOODEN BOX OF DOMINOES,8847.29,6391,590,26,0.0041,United Kingdom
84945,MULTI COLOUR SILVER T-LIGHT HOLDER,8744.43,10545,366,103,0.0098,United Kingdom
22947,WOODEN ADVENT CALENDAR RED,8714.24,751,142,6,0.008,United Kingdom
23256,CHILDRENS CUTLERY SPACEBOY,8667.07,2113,376,88,0.0416,United Kingdom
22147,FELTCRAFT BUTTERFLY HEARTS,8621.14,6226,490,957,0.1537,United Kingdom
22652,TRAVEL SEWING KIT,8612.07,5092,473,126,0.0247,United Kingdom
23534,WALL ART STOP FOR TEA,8608.9,1387,261,7,0.005,United Kingdom
22795,SWEETHEART RECIPE BOOK STAND,8571.25,1211,372,20,0.0165,United Kingdom
23082,SET 6 PAPER TABLE LANTERN HEARTS,8558.76,2328,303,28,0.012,United Kingdom
23078,ICE CREAM PEN LIP GLOSS,8553.34,6831,259,48,0.007,United Kingdom
21035,SET/2 RED RETROSPOT TEA TOWELS,8536.85,2599,396,200,0.077,United Kingdom
84378,SET OF 3 HEART COOKIE CUTTERS,8518.4,6332,689,72,0.0114,United Kingdom
23493,VINTAGE DOILY TRAVEL SEWING KIT,8497.98,3964,418,6,0.0015,United Kingdom
21484,CHICK GREY HOT WATER BOTTLE,8495.42,2091,405,48,0.023,United Kingdom
23535,WALL ART BICYCLE SAFETY,8440.24,1324,216,1,0.0008,United Kingdom
23321,SMALL WHITE HEART OF WICKER,8438.54,4716,633,39,0.0083,United Kingdom
71053,WHITE METAL LANTERN,8419.32,1944,342,39,0.0201,United Kingdom
21213,PACK OF 72 SKULL CAKE CASES,8414.59,15169,664,48,0.0032,United Kingdom
21210,SET OF 72 RETROSPOT PAPER  DOILIES,8368.39,5808,459,310,0.0534,United Kingdom
22768,FAMILY PHOTO FRAME CORNICE,8258.59,867,285,36,0.0415,United Kingdom
72741,GRAND CHOCOLATECANDLE,8196.0,5958,300,25,0.0042,United Kingdom
22192,BLUE DINER WALL CLOCK,8189.29,954,373,30,0.0314,United Kingdom
22725,ALARM CLOCK BAKELIKE CHOCOLATE,8153.6,1980,441,48,0.0242,United Kingdom
84380,SET OF 3 BUTTERFLY COOKIE CUTTERS,8153.56,5799,696,75,0.0129,United Kingdom
22655,VINTAGE RED KITCHEN CABINET,8125.0,60,47,21,0.35,United Kingdom
22804,CANDLEHOLDER PINK HANGING HEART,8102.95,3131,483,432,0.138,United Kingdom
22667,RECIPE BOX RETROSPOT,8045.1,2882,486,111,0.0385,United Kingdom
22909,SET OF 20 VINTAGE CHRISTMAS NAPKINS,8041.18,8976,617,259,0.0289,United Kingdom
21121,SET/10 RED POLKADOT PARTY CANDLES,7998.85,6606,382,72,0.0109,United Kingdom
22616,PACK OF 12 LONDON TISSUES,7975.98,26323,515,24,0.0009,United Kingdom
21770,OPEN CLOSED METAL SIGN,7923.93,1638,389,6,0.0037,United Kingdom
22487,WHITE WOOD GARDEN PLANT LADDER,7909.28,784,446,25,0.0319,United Kingdom
22940,FELTCRAFT CHRISTMAS FAIRY,7890.25,1915,326,34,0.0178,United Kingdom
22352,LUNCH BOX WITH CUTLERY RETROSPOT,7860.97,3088,491,16,0.0052,United Kingdom
22968,ROSE COTTAGE KEEPSAKE BOX,7851.98,822,202,70,0.0852,United Kingdom
21136,PAINTED METAL PEARS ASSORTED,7793.14,4687,373,281,0.06,United Kingdom
23238,SET OF 4 KNICK KNACK TINS LONDON,7771.61,1849,282,16,0.0087,United Kingdom
22173,METAL 4 HOOK HANGER FRENCH CHATEAU,7767.8,2471,502,153,0.0619,United Kingdom
22557,PLASTERS IN TIN VINTAGE PAISLEY,7762.24,4712,570,27,0.0057,United Kingdom
21908,CHOCOLATE THIS WAY METAL SIGN,7752.22,3771,471,26,0.0069,United Kingdom
23204,CHARLOTTE BAG APPLES DESIGN,7741.94,7976,591,186,0.0233,United Kingdom
23007,SPACEBOY BABY GIFT SET,7741.75,498,187,6,0.012,United Kingdom
48111,DOORMAT 3 SMILEY CATS,7708.48,1173,235,2,0.0017,United Kingdom
21258,VICTORIAN SEWING BOX LARGE,7674.8,542,185,90,0.1661,United Kingdom
84406B,CREAM CUPID HEARTS COAT HANGER,7653.17,2015,293,594,0.2948,United Kingdom
84970S,HANGING HEART ZINC T-LIGHT HOLDER,7650.31,8879,543,25,0.0028,United Kingdom
84949,SILVER HANGING T-LIGHT HOLDER,7622.64,4789,325,263,0.0549,United Kingdom
21231,SWEETHEART CERAMIC TRINKET BOX,7617.28,6054,536,157,0.0259,United Kingdom
22991,GIRAFFE WOODEN RULER,7604.89,3887,280,714,0.1837,United Kingdom
21955,DOORMAT UNION JACK GUNS AND ROSES,7580.82,1228,206,0,0.0,United Kingdom
22585,PACK OF 6 BIRDY GIFT TAGS,7547.89,6222,398,45,0.0072,United Kingdom
22627,MINT KITCHEN SCALES,7521.89,863,378,26,0.0301,United Kingdom
22367,CHILDRENS APRON SPACEBOY DESIGN,7508.58,3752,563,35,0.0093,United Kingdom
22750,FELTCRAFT PRINCESS LOLA DOLL,7491.83,2001,415,6,0.003,United Kingdom
21668,RED STRIPE CERAMIC DRAWER KNOB,7481.16,5494,447,84,0.0153,United Kingdom
22381,TOY TIDY PINK POLKADOT,7433.74,3439,476,27,0.0079,United Kingdom
84836,ZINC METAL HEART DECORATION,7418.07,5937,537,35,0.0059,United Kingdom
22741,FUNKY DIVA PEN,7363.86,8547,236,51,0.006,United Kingdom
23382,BOX OF 6 CHRISTMAS CAKE DECORATIONS,7356.18,1875,223,17,0.0091,United Kingdom
21169,YOU'RE CONFUSING ME METAL SIGN,7301.77,4413,456,88,0.0199,United Kingdom
23083,SET 6 PAPER TABLE LANTERN STARS,7250.9,1932,249,63,0.0326,United Kingdom
20969,RED FLORAL FELTCRAFT SHOULDER BAG,7229.43,1960,307,145,0.074,United Kingdom
22179,SET 10 NIGHT OWL LIGHTS,7226.2,966,295,29,0.03,United Kingdom
22631,CIRCUS PARADE LUNCH BOX,7199.57,3680,402,33,0.009,United Kingdom
22485,SET OF 2 WOODEN MARKET CRATES,7190.35,526,212,6,0.0114,United Kingdom
22767,TRIPLE PHOTO FRAME CORNICE,7173.55,774,235,35,0.0452,United Kingdom
22634,CHILDS BREAKFAST SET SPACEBOY,7161.3,763,245,41,0.0537,United Kingdom
21787,RAIN PONCHO RETROSPOT,7161.1,8875,246,528,0.0595,United Kingdom
22553,PLASTERS IN TIN SKULLS,7132.12,4266,568,84,0.0197,United Kingdom
22950,36 DOILIES VINTAGE CHRISTMAS,7131.55,5209,189,325,0.0624,United Kingdom
22637,PIGGY BANK RETROSPOT,7111.18,2762,354,120,0.0434,United Kingdom
22834,HAND WARMER BABUSHKA DESIGN,7105.33,4941,375,203,0.0411,United Kingdom
21669,BLUE STRIPE CERAMIC DRAWER KNOB,7091.15,5252,435,80,0.0152,United Kingdom
22505,MEMO BOARD COTTAGE DESIGN,7084.42,1457,316,5,0.0034,United Kingdom
21259,VICTORIAN SEWING BOX SMALL,7077.2,1179,294,67,0.0568,United Kingdom
23236,STORAGE TIN VINTAGE DOILY,7059.97,2493,344,33,0.0132,United Kingdom
23320,GIANT 50'S CHRISTMAS CRACKER,7053.57,2661,335,13,0.0049,United Kingdom
22663,JUMBO BAG DOLLY GIRL DESIGN,7051.2,3419,452,11,0.0032,United Kingdom
C2,CARRIAGE,7051.0,292,144,2,0.0068,EIRE
21912,VINTAGE SNAKES & LADDERS,7047.7,1788,398,0,0.0,United Kingdom
22333,RETROSPOT PARTY BAG + STICKER SET,7043.94,4492,329,82,0.0183,United Kingdom
23215,JINGLE BELL HEART ANTIQUE SILVER,7038.4,3564,211,120,0.0337,United Kingdom
22946,WOODEN ADVENT CALENDAR CREAM,7030.22,453,145,38,0.0839,United Kingdom
23543,WALL ART KEEP CALM,7010.76,1236,103,0,0.0,United Kingdom
23283,DOORMAT VINTAGE LEAF,7003.38,1011,236,7,0.0069,United Kingdom
23293,SET OF 12 FAIRY CAKE BAKING CASES,6989.54,8471,557,32,0.0038,United Kingdom
22839,3 TIER CAKE TIN GREEN AND CREAM,6981.67,445,211,14,0.0315,United Kingdom
22170,PICTURE FRAME WOOD TRIPLE PORTRAIT,6977.6,1068,270,19,0.0178,United Kingdom
21922,UNION STRIPE WITH FRINGE  HAMMOCK,6944.36,899,209,0,0.0,United Kingdom
21165,BEWARE OF THE CAT METAL SIGN,6935.7,4154,452,86,0.0207,United Kingdom
21094,SET/6 RED SPOTTY PAPER PLATES,6933.26,8758,527,0,0.0,United Kingdom
21877,HOME SWEET HOME MUG,6932.78,5411,364,1052,0.1944,United Kingdom
22109,FULL ENGLISH BREAKFAST PLATE,6921.15,1641,302,33,0.0201,United Kingdom
22840,ROUND CAKE TIN VINTAGE RED,6903.79,913,286,20,0.0219,United Kingdom
23254,CHILDRENS CUTLERY DOLLY GIRL,6903.11,1703,307,20,0.0117,United Kingdom
21257,VICTORIAN SEWING BOX MEDIUM,6901.42,695,268,106,0.1525,United Kingdom
21326,AGED GLASS SILVER T-LIGHT HOLDER,6859.27,10535,345,21,0.002,United Kingdom
22580,ADVENT CALENDAR GINGHAM SACK,6848.19,1315,251,61,0.0464,United Kingdom
23103,JINGLE BELL HEART DECORATION,6846.16,4072,368,28,0.0069,United Kingdom
23109,PACK OF SIX LED TEA LIGHTS,6835.02,2386,269,96,0.0402,United Kingdom
23541,WALL ART CLASSIC PUDDINGS,6823.91,892,154,2,0.0022,United Kingdom
75049L,LARGE CIRCULAR MIRROR MOBILE,6812.98,7102,225,228,0.0321,United Kingdom
22294,HEART FILIGREE DOVE  SMALL,6805.08,5457,302,34,0.0062,United Kingdom
23297,SET 40 HEART SHAPE PETIT FOUR CASES,6792.23,4303,165,26,0.006,United Kingdom
22620,4 TRADITIONAL SPINNING TOPS,6782.21,4890,486,10,0.002,United Kingdom
21672,WHITE SPOT RED CERAMIC DRAWER KNOB,6776.0,4992,416,59,0.0118,United Kingdom
22943,CHRISTMAS LIGHTS 10 VINTAGE BAUBLES,6755.47,1379,223,67,0.0486,United Kingdom
23229,VINTAGE DONKEY TAIL GAME,6739.71,1869,261,11,0.0059,United Kingdom
23008,DOLLY GIRL BABY GIFT SET,6719.61,433,137,7,0.0162,United Kingdom
23480,MINI LIGHTS WOODLAND MUSHROOMS,6719.14,1799,217,20,0.0111,United Kingdom
23247,BISCUIT TIN 50'S CHRISTMAS,6681.25,2194,314,46,0.021,United Kingdom
21871,SAVE THE PLANET MUG,6679.56,5453,369,685,0.1256,United Kingdom
85014A,BLACK/BLUE POLKADOT UMBRELLA,6678.72,1163,279,6,0.0052,United Kingdom
22668,PINK BABY BUNTING,6677.97,2179,348,60,0.0275,United Kingdom
84988,SET OF 72 PINK HEART PAPER DOILIES,6671.25,7311,513,13,0.0018,United Kingdom
23169,CLASSIC GLASS COOKIE JAR,6662.84,1562,350,328,0.21,United Kingdom
21888,BINGO SET,6659.54,1692,387,72,0.0426,United Kingdom
21533,RETROSPOT LARGE MILK JUG,6651.72,1351,350,32,0.0237,United Kingdom
20718,RED RETROSPOT SHOPPER BAG,6604.29,4769,580,35,0.0073,United Kingdom
84992,72 SWEETHEART FAIRY CAKE CASES,6532.78,13319,619,130,0.0098,United Kingdom
22508,DOORSTOP RETROSPOT HEART,6525.88,1594,300,22,0.0138,United Kingdom
21122,SET/10 PINK POLKADOT PARTY CANDLES,6488.54,5325,347,49,0.0092,United Kingdom
23311,VINTAGE CHRISTMAS STOCKING,6488.2,2390,348,15,0.0063,United Kingdom
22141,CHRISTMAS CRAFT TREE TOP ANGEL,6463.79,2791,461,16,0.0057,United Kingdom
23188,VINTAGE  2 METER FOLDING RULER,6447.77,3471,336,14,0.004,United Kingdom
23553,LANDMARK FRAME CAMDEN TOWN,6444.65,568,68,0,0.0,United Kingdom
23134,LARGE ZINC HEART WALL ORGANISER,6431.11,1173,40,0,0.0,United Kingdom
84030E,ENGLISH ROSE HOT WATER BOTTLE,6414.69,1497,336,3,0.002,United Kingdom
22635,CHILDS BREAKFAST SET DOLLY GIRL,6412.33,681,201,84,0.1233,United Kingdom
84970L,SINGLE HEART ZINC T-LIGHT HOLDER,6411.52,6064,458,12,0.002,United Kingdom
23571,TRADITIONAL NAUGHTS & CROSSES,6406.91,2841,257,0,0.0,United Kingdom
22979,PANTRY WASHING UP BRUSH,6391.82,4090,386,91,0.0222,United Kingdom
20676,RED RETROSPOT BOWL,6374.81,5023,451,22,0.0044,United Kingdom
23307,SET OF 60 PANTRY DESIGN CAKE CASES,6371.89,12049,634,88,0.0073,United Kingdom
22784,LANTERN CREAM GAZEBO,6360.99,1272,328,80,0.0629,United Kingdom
23172,REGENCY TEA PLATE PINK,6344.41,3861,314,102,0.0264,United Kingdom
22303,COFFEE MUG APPLES DESIGN,6338.25,2816,271,74,0.0263,United Kingdom
22895,SET OF 2 TEA TOWELS APPLE AND PEARS,6334.3,2058,285,6,0.0029,United Kingdom
22151,PLACE SETTING WHITE HEART,6322.21,15126,337,890,0.0588,United Kingdom
21154,RED RETROSPOT OVEN GLOVE,6320.51,4034,455,212,0.0526,United Kingdom
21380,WOODEN HAPPY BIRTHDAY GARLAND,6307.51,2165,291,1,0.0005,United Kingdom
21935,SUKI  SHOULDER BAG,6298.61,3393,531,1,0.0003,United Kingdom
22826,LOVE SEAT ANTIQUE WHITE METAL,6210.0,58,45,4,0.069,United Kingdom
23192,BUNDLE OF 3 ALPHABET EXERCISE BOOKS,6114.24,3516,347,3,0.0009,United Kingdom
21975,PACK OF 60 DINOSAUR CAKE CASES,6102.51,12312,604,71,0.0058,United Kingdom
23118,PARISIENNE JEWELLERY DRAWER,6102.18,823,278,60,0.0729,United Kingdom
21156,RETROSPOT CHILDRENS APRON,6091.1,3170,366,39,0.0123,United Kingdom
21670,BLUE SPOT CERAMIC DRAWER KNOB,6083.99,4330,383,184,0.0425,United Kingdom
21671,RED SPOT CERAMIC DRAWER KNOB,6054.79,4402,383,152,0.0345,United Kingdom
47591D,PINK FAIRY CAKE CHILDRENS APRON,6052.45,3207,442,203,0.0633,United Kingdom
47556B,TEA TIME TEA TOWELS,6045.0,3900,4,69,0.0177,United Kingdom
21673,WHITE SPOT BLUE CERAMIC DRAWER KNOB,6041.2,4399,375,143,0.0325,United Kingdom
22366,DOORMAT AIRMAIL,6034.9,803,226,27,0.0336,United Kingdom
17003,BROCADE RING PURSE,6025.95,23020,242,3,0.0001,United Kingdom
23526,WALL ART DOG LICENCE,6021.4,1012,145,16,0.0158,United Kingdom
48129,DOORMAT TOPIARY,6009.84,904,209,23,0.0254,United Kingdom
21535,RED RETROSPOT SMALL MILK JUG,5986.01,2487,360,44,0.0177,United Kingdom
23296,SET OF 6 TEA TIME BAKING CASES,5985.55,4979,384,27,0.0054,United Kingdom
22174,PHOTO CUBE,5978.78,3218,321,0,0.0,United Kingdom
23312,VINTAGE CHRISTMAS GIFT SACK,5964.15,1423,215,1,0.0007,United Kingdom
22783,SET 3 WICKER OVAL BASKETS W LIDS,5961.25,465,34,0,0.0,United Kingdom
23052,RECYCLED ACAPULCO MAT TURQUOISE,5949.34,654,279,1,0.0015,United Kingdom
22584,PACK OF 6 PANNETONE GIFT BOXES,5946.96,2330,198,15,0.0064,United Kingdom
22150,3 STRIPEY MICE FELTCRAFT,5907.84,3021,472,11,0.0036,United Kingdom
23113,PANTRY CHOPPING BOARD,5868.5,1154,64,2386,2.0676,United Kingdom
22971,QUEENS GUARD COFFEE MUG,5849.29,2431,277,16,0.0066,United Kingdom
23485,BOTANICAL GARDENS WALL CLOCK,5843.92,262,96,18,0.0687,United Kingdom
23154,SET OF 4 JAM JAR MAGNETS,5842.88,2701,238,61,0.0226,United Kingdom
22207,FRYING PAN UNION FLAG,5833.59,1333,212,75,0.0563,United Kingdom
22751,FELTCRAFT PRINCESS OLIVIA DOLL,5801.47,1563,291,2,0.0013,United Kingdom
22740,POLKADOT PEN,5793.62,6931,173,1096,0.1581,United Kingdom
22779,WOODEN OWLS LIGHT GARLAND,5789.85,1537,155,25,0.0163,United Kingdom
22796,PHOTO FRAME 3 CLASSIC HANGING,5787.45,582,255,415,0.7131,United Kingdom
22365,DOORMAT RESPECTABLE HOUSE,5754.03,792,183,2,0.0025,United Kingdom
82001S,VINYL RECORD FRAME SILVER,5750.21,1582,131,7,0.0044,United Kingdom
23205,CHARLOTTE BAG VINTAGE ALPHABET,5726.38,5857,475,191,0.0326,United Kingdom
22595,GINGHAM HEART DECORATION,5720.21,6788,469,224,0.033,United Kingdom
62018,SOMBRERO,5716.85,4415,61,0,0.0,United Kingdom
21242,RED RETROSPOT PLATE,5699.71,3373,308,35,0.0104,United Kingdom
22646,CERAMIC STRAWBERRY CAKE MONEY BANK,5684.17,4162,401,31,0.0074,United Kingdom
22907,PACK OF 20 NAPKINS PANTRY DESIGN,5670.0,6573,676,52,0.0079,United Kingdom
22088,PAPER BUNTING COLOURED LACE,5661.05,1894,243,95,0.0502,United Kingdom
22837,HOT WATER BOTTLE BABUSHKA,5657.93,1234,186,187,0.1515,United Kingdom
22466,FAIRY TALE COTTAGE NIGHT LIGHT,5605.79,3069,212,21,0.0068,United Kingdom
22418,10 COLOUR SPACEBOY PEN,5585.45,6564,326,172,0.0262,United Kingdom
22488,NATURAL SLATE RECTANGLE CHALKBOARD,5573.68,3195,424,35,0.011,United Kingdom
22798,ANTIQUE GLASS DRESSING TABLE POT,5561.3,1798,284,45,0.025,United Kingdom
21558,SKULL LUNCH BOX WITH CUTLERY,5550.22,2131,416,4,0.0019,United Kingdom
23531,WALL ART BIG LOVE,5538.26,976,112,0,0.0,United Kingdom
23126,FELTCRAFT GIRL AMELIE KIT,5532.04,1109,297,16,0.0144,United Kingdom
23133,LARGE IVORY HEART WALL ORGANISER,5525.4,782,156,1,0.0013,United Kingdom
23177,TREASURE ISLAND BOOK BOX,5521.29,2532,272,20,0.0079,United Kingdom
23158,SET OF 5 LUCKY CAT MAGNETS,5513.83,2633,258,60,0.0228,United Kingdom
22429,ENAMEL MEASURING JUG CREAM,5507.18,1262,392,33,0.0261,United Kingdom
23583,LUNCH BAG PAISLEY PARK,5497.33,3385,326,10,0.003,United Kingdom
22464,HANGING METAL HEART LANTERN,5485.63,3406,363,122,0.0358,United Kingdom
22964,3 PIECE SPACEBOY COOKIE CUTTER SET,5472.69,2624,385,14,0.0053,United Kingdom
22904,CALENDAR PAPER CUT DESIGN,5467.26,1834,272,2,0.0011,United Kingdom
22297,HEART IVORY TRELLIS SMALL,5459.91,4164,378,0,0.0,United Kingdom
23135,SMALL ZINC HEART WALL ORGANISER,5416.18,1669,48,27,0.0162,United Kingdom
22827,RUSTIC  SEVENTEEN DRAWER SIDEBOARD,5415.0,39,31,11,0.2821,United Kingdom
22845,VINTAGE CREAM CAT FOOD CONTAINER,5396.93,802,325,14,0.0175,United Kingdom
22349,DOG BOWL CHASING BALL DESIGN,5381.52,1366,133,13,0.0095,United Kingdom
23494,VINTAGE DOILY DELUXE SEWING KIT,5354.01,809,216,65,0.0803,United Kingdom
21172,PARTY METAL SIGN,5338.63,3486,472,103,0.0295,United Kingdom
22998,TRAVEL CARD WALLET KEEP CALM,5262.82,12366,545,177,0.0143,United Kingdom
22296,HEART IVORY TRELLIS LARGE,5247.72,3140,319,1,0.0003,United Kingdom
22120,WELCOME  WOODEN BLOCK LETTERS,5247.09,523,190,12,0.0229,United Kingdom
22623,BOX OF VINTAGE JIGSAW BLOCKS,5236.31,938,241,16,0.0171,United Kingdom
22848,BREAD BIN DINER STYLE PINK,5208.45,326,139,27,0.0828,United Kingdom
22665,RECIPE BOX BLUE SKETCHBOOK DESIGN,5192.08,1523,371,46,0.0302,United Kingdom
22781,GUMBALL MAGAZINE RACK,5191.01,621,245,49,0.0789,United Kingdom
22689,DOORMAT MERRY CHRISTMAS RED,5176.25,720,151,52,0.0722,United Kingdom
21844,RED RETROSPOT MUG,5167.69,1847,167,20,0.0108,United Kingdom
21428,SET3 BOOK BOX GREEN GINGHAM FLOWER,5163.63,1207,268,35,0.029,United Kingdom
21164,HOME SWEET HOME METAL SIGN,5155.98,1766,283,6,0.0034,United Kingdom
22898,CHILDRENS APRON APPLES DESIGN,5150.92,2414,365,0,0.0,United Kingdom
23263,SET OF 3 WOODEN HEART DECORATIONS,5147.19,3863,450,47,0.0122,United Kingdom
23162,REGENCY TEA STRAINER,5143.69,1412,176,0,0.0,United Kingdom
23157,SET OF 6 NATIVITY MAGNETS,5143.06,3009,166,240,0.0798,United Kingdom
23165,LARGE CERAMIC TOP STORAGE JAR,5141.06,3114,298,102,0.0328,United Kingdom
23132,SMALL IVORY HEART WALL ORGANISER,5138.6,1020,155,4,0.0039,United Kingdom
22302,COFFEE MUG PEARS  DESIGN,5134.29,2329,215,12,0.0052,United Kingdom
37449,CERAMIC CAKE STAND + HANGING CAKES,5117.29,563,179,50,0.0888,United Kingdom
22772,PINK DRAWER KNOB ACRYLIC EDWARDIAN,5116.7,3793,256,3,0.0008,United Kingdom
23397,FOOT STOOL HOME SWEET HOME,5097.65,489,223,15,0.0307,United Kingdom
23234,BISCUIT TIN VINTAGE CHRISTMAS,5079.78,1938,283,16,0.0083,United Kingdom
21098,CHRISTMAS TOILET ROLL,5078.76,3846,254,399,0.1037,United Kingdom
23295,SET OF 12 MINI LOAF BAKING CASES,5073.45,6134,449,13,0.0021,United Kingdom
22371,AIRLINE BAG VINTAGE TOKYO 78,5072.32,1095,405,14,0.0128,United Kingdom
23198,PANTRY MAGNETIC  SHOPPING LIST,5062.6,3342,489,64,0.0192,United Kingdom
22780,LIGHT GARLAND BUTTERFILES PINK,5044.34,1346,140,25,0.0186,United Kingdom
22849,BREAD BIN DINER STYLE MINT,5027.73,323,137,15,0.0464,United Kingdom
21907,I'M ON HOLIDAY METAL SIGN,5027.18,2371,370,90,0.038,United Kingdom
22957,SET 3 PAPER VINTAGE CHICK PAPER EGG,5014.65,1775,218,26,0.0146,United Kingdom
23314,VINTAGE CHRISTMAS TABLECLOTH,5012.96,407,119,5,0.0123,United Kingdom
22636,CHILDS BREAKFAST SET CIRCUS PARADE,5009.56,596,212,29,0.0487,United Kingdom
22271,FELTCRAFT DOLL ROSIE,5007.35,1701,304,51,0.03,United Kingdom
21756,BATH BUILDING BLOCK WORD,5006.26,809,271,2,0.0025,United Kingdom
23310,BUBBLEGUM RING ASSORTED,4997.28,12050,245,0,0.0,United Kingdom
21932,SCANDINAVIAN PAISLEY PICNIC BAG,4995.38,2720,449,33,0.0121,United Kingdom
22301,COFFEE MUG CAT + BIRD DESIGN,4980.83,2208,266,24,0.0109,United Kingdom
21933,PINK VINTAGE PAISLEY PICNIC BAG,4957.43,2672,414,13,0.0049,United Kingdom
22142,CHRISTMAS CRAFT WHITE FAIRY,4946.19,3261,381,81,0.0248,United Kingdom
23556,LANDMARK FRAME COVENT GARDEN,4937.01,436,54,1,0.0023,United Kingdom
84212,"ASSORTED FLOWER COLOUR ""LEIS""",4934.87,10315,111,0,0.0,United Kingdom
23570,TRADITIONAL PICK UP STICKS GAME,4931.87,2772,276,0,0.0,United Kingdom
22110,BIRD HOUSE HOT WATER BOTTLE,4912.14,1172,280,2,0.0017,United Kingdom
21937,STRAWBERRY   PICNIC BAG,4898.85,1769,260,177,0.1001,United Kingdom
22748,POPPY'S PLAYHOUSE KITCHEN,4880.83,2117,440,17,0.008,United Kingdom
23010,CIRCUS PARADE BABY GIFT SET,4879.6,315,113,3,0.0095,United Kingdom
23351,ROLL WRAP 50'S CHRISTMAS,4875.65,3535,357,96,0.0272,United Kingdom
21124,SET/10 BLUE POLKADOT PARTY CANDLES,4863.05,4011,243,49,0.0122,United Kingdom
23503,PLAYING CARDS KEEP CALM & CARRY ON,4860.55,3643,337,2,0.0005,United Kingdom
21033,JUMBO BAG CHARLIE AND LOLA TOYS,4851.73,2031,307,517,0.2546,United Kingdom
21086,SET/6 RED SPOTTY PAPER CUPS,4851.5,7121,428,0,0.0,United Kingdom
21390,FILIGRIS HEART WITH BUTTERFLY,4848.13,3903,213,3,0.0008,United Kingdom
21876,POTTERING MUG,4825.36,3789,341,42,0.0111,United Kingdom
23554,LANDMARK FRAME OXFORD STREET,4805.53,422,57,0,0.0,United Kingdom
22549,PICTURE DOMINOES,4798.38,3188,356,0,0.0,United Kingdom
23555,LANDMARK FRAME NOTTING HILL,4780.57,421,50,0,0.0,United Kingdom
23184,BULL DOG BOTTLE OPENER,4764.5,874,268,13,0.0149,United Kingdom
84050,PINK HEART SHAPE EGG FRYING PAN,4753.53,3243,261,324,0.0999,United Kingdom
22243,5 HOOK HANGER RED MAGIC TOADSTOOL,4751.64,3098,134,11,0.0036,United Kingdom
23389,SPACEBOY MINI BACKPACK,4751.49,1115,238,2,0.0018,United Kingdom
23286,BLUE VINTAGE SPOT BEAKER,4747.62,5048,225,49,0.0097,United Kingdom
20677,PINK POLKADOT BOWL,4747.34,3674,334,5,0.0014,United Kingdom
21539,RED RETROSPOT BUTTER DISH,4743.9,976,257,134,0.1373,United Kingdom
20979,36 PENCILS TUBE RED RETROSPOT,4723.73,3734,341,160,0.0428,United Kingdom
23569,TRADTIONAL ALPHABET STAMP SET,4717.66,954,193,2,0.0021,United Kingdom
23159,SET OF 5 PANCAKE DAY MAGNETS,4713.52,2293,227,124,0.0541,United Kingdom
22645,CERAMIC HEART FAIRY CAKE MONEY BANK,4709.74,2355,356,17,0.0072,United Kingdom
23558,LANDMARK FRAME LONDON BRIDGE,4703.87,415,52,0,0.0,United Kingdom
23176,ABC TREASURE BOOK BOX,4693.08,2165,236,45,0.0208,United Kingdom
82552,WASHROOM METAL SIGN,4674.83,3012,364,0,0.0,United Kingdom
22504,CABIN BAG VINTAGE RETROSPOT,4674.62,247,72,5,0.0202,United Kingdom
22721,SET OF 3 CAKE TINS SKETCHBOOK,4671.81,1020,297,0,0.0,United Kingdom
23241,TREASURE TIN GYMKHANA DESIGN,4669.55,2165,368,7,0.0032,United Kingdom
22082,RIBBON REEL STRIPES DESIGN,4661.88,2680,411,20,0.0075,United Kingdom
22745,POPPY'S PLAYHOUSE BEDROOM,4661.79,2021,426,13,0.0064,United Kingdom
47599A,PINK PARTY BAGS,4649.5,2456,166,6,0.0024,United Kingdom
22813,PACK 3 BOXES BIRD PANNETONE,4640.78,2372,218,0,0.0,United Kingdom
22606,WOODEN SKITTLES GARDEN SET,4638.46,323,154,60,0.1858,United Kingdom
22628,PICNIC BOXES SET OF 3 RETROSPOT,4620.91,965,201,21,0.0218,United Kingdom
22295,HEART FILIGREE DOVE LARGE,4613.97,2789,251,12,0.0043,United Kingdom
21833,CAMOUFLAGE LED TORCH,4594.43,2726,172,140,0.0514,United Kingdom
23285,PINK VINTAGE SPOT BEAKER,4572.41,4807,192,2,0.0004,United Kingdom
22417,PACK OF 60 SPACEBOY CAKE CASES,4563.24,8420,522,46,0.0055,United Kingdom
23404,HOME SWEET HOME BLACKBOARD,4561.76,1052,184,29,0.0276,United Kingdom
23168,CLASSIC CAFE SUGAR DISPENSER,4558.67,3291,355,54,0.0164,United Kingdom
82551,LAUNDRY 15C METAL SIGN,4542.89,2918,355,114,0.0391,United Kingdom
20974,12 PENCILS SMALL TUBE SKULL,4527.43,6976,358,566,0.0811,United Kingdom
23275,SET OF 3 HANGING OWLS OLLIE BEAK,4521.72,3720,329,77,0.0207,United Kingdom
23163,REGENCY SUGAR TONGS,4515.22,1832,211,55,0.03,United Kingdom
23112,PARISIENNE CURIO CABINET,4507.08,546,260,33,0.0604,United Kingdom
23309,SET OF 60 I LOVE LONDON CAKE CASES,4495.85,8275,411,64,0.0077,United Kingdom
22938,CUPCAKE LACE PAPER SET 6,4488.63,2367,190,60,0.0253,United Kingdom
21934,SKULL SHOULDER BAG,4480.28,2421,412,10,0.0041,United Kingdom
23167,SMALL CERAMIC TOP STORAGE JAR,4476.01,5847,240,525,0.0898,United Kingdom
84987,SET OF 36 TEATIME PAPER DOILIES,4471.17,3051,337,15,0.0049,United Kingdom
21906,PHARMACIE FIRST AID TIN,4470.81,581,179,17,0.0293,United Kingdom
22775,PURPLE DRAWERKNOB ACRYLIC EDWARDIAN,4469.37,3105,240,68,0.0219,United Kingdom
22942,CHRISTMAS LIGHTS 10 SANTAS,4460.54,608,164,76,0.125,United Kingdom
22089,PAPER BUNTING VINTAGE PAISLEY,4457.43,1447,273,0,0.0,United Kingdom
23288,GREEN VINTAGE SPOT BEAKER,4444.23,4625,190,81,0.0175,United Kingdom
23530,WALL ART ONLY ONE PERSON,4436.27,1056,87,0,0.0,United Kingdom
22626,BLACK KITCHEN SCALES,4401.86,523,207,9,0.0172,United Kingdom
20975,12 PENCILS SMALL TUBE RED RETROSPOT,4383.27,6638,370,329,0.0496,United Kingdom
15056P,EDWARDIAN PARASOL PINK,4354.92,776,148,10,0.0129,United Kingdom
23349,ROLL WRAP VINTAGE CHRISTMAS,4342.6,3221,339,24,0.0075,United Kingdom
16014,SMALL CHINESE STYLE SCISSOR,4335.76,13328,54,0,0.0,United Kingdom
84692,BOX OF 24 COCKTAIL PARASOLS,4327.38,7910,590,31,0.0039,United Kingdom
22899,CHILDREN'S APRON DOLLY GIRL,4326.43,2070,317,5,0.0024,United Kingdom
21892,TRADITIONAL WOODEN CATCH CUP GAME,4317.16,3192,414,13,0.0041,United Kingdom
21498,RED RETROSPOT WRAP,4311.92,10526,338,50,0.0048,United Kingdom
22327,ROUND SNACK BOXES SET OF 4 SKULLS,4304.25,1169,295,15,0.0128,United Kingdom
23050,RECYCLED ACAPULCO MAT GREEN,4286.55,497,206,1,0.002,United Kingdom
23237,SET OF 4 KNICK KNACK TINS LEAF,4274.39,1053,187,17,0.0161,United Kingdom
22723,SET OF 6 HERB TINS SKETCHBOOK,4262.82,1164,297,2,0.0017,United Kingdom
22694,WICKER STAR,4251.72,1842,409,52,0.0282,United Kingdom
20970,PINK FLORAL FELTCRAFT SHOULDER BAG,4232.13,1116,264,3,0.0027,United Kingdom
22061,LARGE CAKE STAND  HANGING STRAWBERY,4218.06,582,161,16,0.0275,United Kingdom
23089,GLASS BON BON JAR,4215.78,2354,232,15,0.0064,United Kingdom
22661,CHARLOTTE BAG DOLLY GIRL DESIGN,4214.95,5194,419,13,0.0025,United Kingdom
22801,ANTIQUE GLASS PEDESTAL BOWL,4203.89,1027,231,19,0.0185,United Kingdom
23144,ZINC T-LIGHT HOLDER STARS SMALL,4197.83,5089,277,44,0.0086,United Kingdom
23012,GLASS APOTHECARY BOTTLE PERFUME,4197.11,1071,251,8,0.0075,United Kingdom
22550,HOLIDAY FUN LUDO,4194.89,1165,222,8,0.0069,United Kingdom
20682,RED RETROSPOT CHILDRENS UMBRELLA,4171.33,1239,246,20,0.0161,United Kingdom
23110,PARISIENNE KEY CABINET,4147.18,700,283,51,0.0729,United Kingdom
23486,ANTIQUE HEART SHELF UNIT,4145.47,275,80,13,0.0473,United Kingdom
72760B,VINTAGE CREAM 3 BASKET CAKE STAND,4145.39,409,155,2,0.0049,United Kingdom
21874,GIN AND TONIC MUG,4141.18,2974,302,22,0.0074,United Kingdom
22649,STRAWBERRY FAIRY CAKE TEAPOT,4132.88,798,223,40,0.0501,United Kingdom
23306,SET OF 36 DOILIES PANTRY DESIGN,4123.38,3538,283,793,0.2241,United Kingdom
22596,CHRISTMAS STAR WISH LIST CHALKBOARD,4110.42,3476,268,25,0.0072,United Kingdom
22841,ROUND CAKE TIN VINTAGE GREEN,4101.77,530,223,13,0.0245,United Kingdom
23255,CHILDRENS CUTLERY CIRCUS PARADE,4097.22,1014,161,9,0.0089,United Kingdom
23009,I LOVE LONDON BABY GIFT SET,4082.52,263,103,0,0.0,United Kingdom
23193,BUFFALO BILL TREASURE BOOK BOX,4079.28,1922,181,20,0.0104,United Kingdom
23194,GYMKHANA TREASURE BOOK BOX,4077.37,1835,222,37,0.0202,United Kingdom
22577,WOODEN HEART CHRISTMAS SCANDINAVIAN,4075.36,10608,541,401,0.0378,United Kingdom
22489,PACK OF 12 TRADITIONAL CRAYONS,4072.13,9719,445,2,0.0002,United Kingdom
21116,OWL DOORSTOP,4051.79,707,259,33,0.0467,United Kingdom
22896,PEG BAG APPLES DESIGN,4043.36,1584,290,18,0.0114,United Kingdom
21704,BAG 250g SWIRLY MARBLES,4039.28,5144,251,5,0.001,United Kingdom
23081,GREEN METAL BOX ARMY SUPPLIES,4038.25,483,142,6,0.0124,United Kingdom
23340,VINTAGE CHRISTMAS CAKE FRILL,4034.08,2500,151,0,0.0,United Kingdom
22219,LOVEBIRD HANGING DECORATION WHITE,4033.73,4133,548,576,0.1394,United Kingdom
72351B,SET/6 PINK  BUTTERFLY T-LIGHTS,4007.85,2096,189,3,0.0014,United Kingdom
23129,HEART SHAPED HOLLY WREATH,3999.5,950,173,1,0.0011,United Kingdom
22431,WATERING CAN BLUE ELEPHANT,3998.71,2060,339,8,0.0039,United Kingdom
22951,60 CAKE CASES DOLLY GIRL DESIGN,3990.2,7481,442,120,0.016,United Kingdom
23130,MISTLETOE HEART WREATH GREEN,3988.98,962,186,9,0.0094,United Kingdom
22493,PAINT YOUR OWN CANVAS SET,3986.64,2461,224,273,0.1109,United Kingdom
22956,36 FOIL HEART CAKE CASES,3983.39,2050,201,152,0.0741,United Kingdom
20675,BLUE POLKADOT BOWL,3983.12,3120,324,12,0.0038,United Kingdom
84792,ENCHANTED BIRD COATHANGER 5 HOOK,3974.32,833,245,29,0.0348,United Kingdom
22274,FELTCRAFT DOLL EMILY,3953.48,1340,269,7,0.0052,United Kingdom
22890,NOVELTY BISCUITS CAKE STAND 3 TIER,3939.87,385,177,29,0.0753,United Kingdom
22131,FOOD CONTAINER SET 3 LOVE HEART,3936.59,2031,292,1,0.0005,United Kingdom
23557,LANDMARK FRAME BAKER STREET,3930.27,350,32,0,0.0,United Kingdom
22148,EASTER CRAFT 4 CHICKS,3917.45,1933,188,15,0.0078,United Kingdom
22980,PANTRY SCRUBBING BRUSH,3910.01,2363,297,81,0.0343,United Kingdom
23049,RECYCLED ACAPULCO MAT RED,3896.84,456,188,3,0.0066,United Kingdom
22117,METAL SIGN HER DINNER IS SERVED,3896.45,1504,96,0,0.0,United Kingdom
21041,RED RETROSPOT OVEN GLOVE DOUBLE,3888.98,914,258,3,0.0033,United Kingdom
23552,BICYCLE PUNCTURE REPAIR KIT,3881.91,1863,116,0,0.0,United Kingdom
22222,CAKE PLATE LOVEBIRD WHITE,3880.2,1057,222,0,0.0,United Kingdom
21749,LARGE RED RETROSPOT WINDMILL,3877.09,1963,143,8,0.0041,United Kingdom
22578,WOODEN STAR CHRISTMAS SCANDINAVIAN,3876.54,10460,516,1183,0.1131,United Kingdom
21716,BOYS VINTAGE TIN SEASIDE BUCKET,3872.92,1425,245,8,0.0056,United Kingdom
23032,DRAWER KNOB CRACKLE GLAZE IVORY,3853.68,2328,211,106,0.0455,United Kingdom
23253,16 PIECE CUTLERY SET PANTRY DESIGN,3848.86,258,72,2,0.0078,United Kingdom
85049A,TRADITIONAL CHRISTMAS RIBBONS,3842.36,3001,324,12,0.004,United Kingdom
23111,PARISIENNE SEWING BOX,3839.24,312,154,24,0.0769,United Kingdom
37370,RETRO COFFEE MUGS ASSORTED,3839.01,2585,167,1399,0.5412,United Kingdom
23131,MISTLETOE HEART WREATH CREAM,3835.98,990,120,67,0.0677,United Kingdom
22738,RIBBON REEL SNOWY VILLAGE,3829.67,2173,277,130,0.0598,United Kingdom
21243,PINK  POLKADOT PLATE,3827.16,2285,211,8,0.0035,United Kingdom
22842,BISCUIT TIN VINTAGE RED,3823.21,590,177,19,0.0322,United Kingdom
22350,ILLUSTRATED CAT BOWL,3822.12,1413,124,1,0.0007,United Kingdom
21110,LARGE CAKE TOWEL PINK SPOTS,3815.7,1105,136,153,0.1385,United Kingdom
23542,WALL ART 70'S ALPHABET,3800.16,506,92,6,0.0119,United Kingdom
21244,BLUE POLKADOT PLATE,3789.32,2287,201,53,0.0232,United Kingdom
85049E,SCANDINAVIAN REDS RIBBONS,3783.61,2860,411,15,0.0052,United Kingdom
22809,SET OF 6 T-LIGHTS SANTA,3781.2,1240,207,30,0.0242,United Kingdom
23299,FOOD COVER WITH BEADS SET 2,3772.88,1012,148,8,0.0079,United Kingdom
21746,SMALL RED RETROSPOT WINDMILL,3766.93,3075,229,15,0.0049,United Kingdom
23127,FELTCRAFT GIRL NICOLE KIT,3759.0,736,197,13,0.0177,United Kingdom
23092,LARGE ANTIQUE WHITE PHOTO FRAME,3757.78,523,144,10,0.0191,United Kingdom
21527,RED RETROSPOT TRADITIONAL TEAPOT,3724.99,480,168,85,0.1771,United Kingdom
21260,FIRST AID TIN,3722.23,1161,168,43,0.037,United Kingdom
22195,LARGE HEART MEASURING SPOONS,3720.66,1976,374,1,0.0005,United Kingdom
23064,CINDERELLA CHANDELIER,3717.56,221,34,79,0.3575,United Kingdom
21658,GLASS  BEURRE DISH,3709.78,881,238,33,0.0375,United Kingdom
22854,CREAM SWEETHEART EGG HOLDER,3708.52,767,165,43,0.0561,United Kingdom
22212,FOUR HOOK  WHITE LOVEBIRDS,3700.94,1609,407,24,0.0149,United Kingdom
23182,TOILET SIGN OCCUPIED OR VACANT,3688.21,3741,439,14,0.0037,United Kingdom
22656,VINTAGE BLUE KITCHEN CABINET,3685.0,26,27,8,0.3077,United Kingdom
21531,RED RETROSPOT SUGAR JAM BOWL,3682.17,1518,258,15,0.0099,United Kingdom
23013,GLASS APOTHECARY BOTTLE TONIC,3674.16,924,226,6,0.0065,United Kingdom
21890,S/6 WOODEN SKITTLES IN COTTON BAG,3674.11,1147,237,146,0.1273,United Kingdom
22926,IVORY GIANT GARDEN THERMOMETER,3656.85,594,202,63,0.1061,United Kingdom
23091,ZINC HERB GARDEN CONTAINER,3656.32,582,215,22,0.0378,United Kingdom
23497,CLASSIC CHROME BICYCLE BELL,3656.02,2558,196,12,0.0047,United Kingdom
85053,FRENCH ENAMEL CANDLEHOLDER,3649.49,1693,331,28,0.0165,United Kingdom
22378,WALL TIDY RETROSPOT,3638.57,2283,294,1,0.0004,United Kingdom
22468,BABUSHKA LIGHTS STRING OF 10,3633.17,517,155,3,0.0058,United Kingdom
23191,BUNDLE OF 3 RETRO NOTE BOOKS,3628.89,2201,283,3,0.0014,United Kingdom
22236,CAKE STAND 3 TIER MAGIC GARDEN,3624.6,308,99,45,0.1461,United Kingdom
22812,PACK 3 BOXES CHRISTMAS PANNETONE,3608.3,1832,193,291,0.1588,United Kingdom
23294,SET OF 6 SNACK LOAF BAKING CASES,3607.81,4392,358,13,0.003,United Kingdom
22053,EMPIRE DESIGN ROSETTE,3606.42,4244,29,1,0.0002,United Kingdom
84968C,SET OF 16 VINTAGE PISTACHIO CUTLERY,3585.99,317,106,4,0.0126,United Kingdom
22348,TEA BAG PLATE RED RETROSPOT,3583.29,4084,359,12,0.0029,United Kingdom
23085,ANTIQUE SILVER BAUBLE LAMP,3583.23,376,83,13,0.0346,United Kingdom
21494,ROTATING LEAVES T-LIGHT HOLDER,3571.33,1928,314,2,0.001,United Kingdom
22908,PACK OF 20 NAPKINS RED APPLES,3569.58,4380,377,3,0.0007,United Kingdom
85132C,CHARLIE AND LOLA FIGURES TINS,3562.32,1520,216,114,0.075,United Kingdom
20717,STRAWBERRY SHOPPER BAG,3561.98,2855,414,22,0.0077,United Kingdom
22800,ANTIQUE TALL SWIRLGLASS TRINKET POT,3560.74,870,209,10,0.0115,United Kingdom
22669,RED BABY BUNTING,3559.0,1128,235,50,0.0443,United Kingdom
22739,RIBBON REEL CHRISTMAS SOCK BAUBLE,3556.97,1818,319,10,0.0055,United Kingdom
23210,WHITE ROCKING HORSE HAND PAINTED,3551.53,2849,196,200,0.0702,United Kingdom
21974,SET OF 36 PAISLEY FLOWER DOILIES,3545.6,2219,367,106,0.0478,United Kingdom
23332,IVORY WICKER HEART LARGE,3542.71,2059,288,2,0.001,United Kingdom
21703,BAG 125g SWIRLY MARBLES,3528.89,9390,300,87,0.0093,United Kingdom
22180,RETROSPOT LAMP,3521.54,331,169,35,0.1057,United Kingdom
22688,DOORMAT PEACE ON EARTH BLUE,3519.66,722,35,42,0.0582,United Kingdom
21992,VINTAGE PAISLEY STATIONERY SET,3510.72,1914,437,0,0.0,United Kingdom
23353,6 GIFT TAGS VINTAGE CHRISTMAS,3510.05,4007,329,24,0.006,United Kingdom
23189,SET OF 12 FORK CANDLES,3507.51,1249,142,1,0.0008,United Kingdom
21715,GIRLS VINTAGE TIN SEASIDE BUCKET,3507.17,1330,231,0,0.0,United Kingdom
22760,"TRAY, BREAKFAST IN BED",3491.86,275,86,6,0.0218,United Kingdom
21238,RED RETROSPOT CUP,3488.44,3969,396,51,0.0128,United Kingdom
21745,GAOLERS KEYS DECORATIVE GARDEN,3475.73,935,215,4,0.0043,United Kingdom
82580,BATHROOM METAL SIGN,3473.21,5881,636,290,0.0493,United Kingdom
22065,CHRISTMAS PUDDING TRINKET POT,3462.25,6741,250,22,0.0033,United Kingdom
84508A,CAMOUFLAGE DESIGN TEDDY,3448.05,1631,38,40,0.0245,United Kingdom
22435,SET OF 9 HEART SHAPED BALLOONS,3445.5,2757,268,446,0.1618,United Kingdom
23350,ROLL WRAP VINTAGE SPOT,3445.08,2712,307,24,0.0088,United Kingdom
23426,METAL SIGN DROP YOUR PANTS,3444.43,1275,207,6,0.0047,United Kingdom
21588,RETROSPOT GIANT TUBE MATCHES,3442.5,1494,133,1,0.0007,United Kingdom
21385,IVORY HANGING DECORATION  HEART,3442.45,3883,318,2,0.0005,United Kingdom
23536,WALL ART VILLAGE SHOW,3442.13,626,86,4,0.0064,United Kingdom
23232,WRAP VINTAGE LEAF DESIGN,3436.92,8526,241,51,0.006,United Kingdom
21463,MIRRORED DISCO BALL,3435.05,649,142,42,0.0647,United Kingdom
23388,WOODLAND MINI BACKPACK,3432.09,821,154,0,0.0,United Kingdom
23354,6 GIFT TAGS 50'S CHRISTMAS,3429.4,3740,325,60,0.016,United Kingdom
23065,LARGE DECO JEWELLERY STAND,3427.44,273,101,14,0.0513,United Kingdom
23156,SET OF 5 MINI GROCERY MAGNETS,3423.29,1665,207,24,0.0144,United Kingdom
23014,GLASS APOTHECARY BOTTLE ELIXIR,3419.58,856,212,9,0.0105,United Kingdom
84509A,SET OF 4 ENGLISH ROSE PLACEMATS,3417.28,896,233,9,0.01,United Kingdom
47567B,TEA TIME KITCHEN APRON,3414.5,602,138,8,0.0133,United Kingdom
22300,COFFEE MUG DOG + BALL DESIGN,3409.21,1529,202,13,0.0085,United Kingdom
21497,FANCY FONTS BIRTHDAY WRAP,3409.0,8550,230,0,0.0,United Kingdom
22311,OFFICE MUG WARMER BLACK+SILVER,3403.76,1132,144,7,0.0062,United Kingdom
22782,SET 3 WICKER STORAGE BASKETS,3399.95,241,74,0,0.0,United Kingdom
21429,RED GINGHAM ROSE JEWELLERY BOX,3391.15,1742,299,127,0.0729,United Kingdom
22029,SPACEBOY BIRTHDAY CARD,3387.57,8161,528,12,0.0015,United Kingdom
84032A,CHARLIE+LOLA PINK HOT WATER BOTTLE,3384.98,1003,315,28,0.0279,United Kingdom
22653,BUTTON BOX,3378.5,1876,252,30,0.016,United Kingdom
79000,MOROCCAN TEA GLASS,3357.34,4832,132,218,0.0451,United Kingdom
21993,FLORAL FOLK STATIONERY SET,3355.84,1937,426,12,0.0062,United Kingdom
22687,DOORMAT CHRISTMAS VILLAGE,3354.22,629,56,41,0.0652,United Kingdom
23239,SET OF 4 KNICK KNACK TINS POPPIES,3353.84,842,187,28,0.0333,United Kingdom
22563,HAPPY STENCIL CRAFT,3348.18,2823,282,1,0.0004,United Kingdom
22432,WATERING CAN PINK BUNNY,3342.82,1717,281,14,0.0082,United Kingdom
22165,"DIAMANTE HEART SHAPED WALL MIRROR,",3328.2,415,147,1,0.0024,United Kingdom
22079,RIBBON REEL HEARTS DESIGN,3325.29,1897,326,30,0.0158,United Kingdom
22855,FINE WICKER HEART,3301.73,2642,239,16,0.0061,United Kingdom
22962,JAM JAR WITH PINK LID,3288.11,3896,363,85,0.0218,United Kingdom
22244,3 HOOK HANGER MAGIC GARDEN,3276.21,1703,168,25,0.0147,United Kingdom
22460,EMBOSSED GLASS TEALIGHT HOLDER,3273.5,2546,217,19,0.0075,United Kingdom
23308,SET OF 60 VINTAGE LEAF CAKE CASES,3272.61,6139,382,0,0.0,United Kingdom
22967,SET 3 SONG BIRD PAPER EGGS ASSORTED,3271.41,1171,142,22,0.0188,United Kingdom
21868,POTTING SHED TEA MUG,3259.75,2637,318,221,0.0838,United Kingdom
23395,BELLE JARDINIERE CUSHION COVER,3257.08,748,216,33,0.0441,United Kingdom
23053,RECYCLED ACAPULCO MAT PINK,3254.32,364,165,1,0.0027,United Kingdom
22567,20 DOLLY PEGS RETROSPOT,3251.6,2448,228,40,0.0163,United Kingdom
22187,GREEN CHRISTMAS TREE CARD HOLDER,3245.68,1266,195,4,0.0032,United Kingdom
22430,ENAMEL WATERING CAN CREAM,3241.34,624,206,20,0.0321,United Kingdom
22746,POPPY'S PLAYHOUSE LIVINGROOM,3236.54,1447,330,12,0.0083,United Kingdom
23051,RECYCLED ACAPULCO MAT BLUE,3223.49,365,164,2,0.0055,United Kingdom
23230,WRAP ALPHABET DESIGN,3217.92,7976,238,75,0.0094,United Kingdom
20973,12 PENCIL SMALL TUBE WOODLAND,3210.27,4558,360,49,0.0108,United Kingdom
23393,HOME SWEET HOME CUSHION COVER,3207.91,801,235,21,0.0262,United Kingdom
21135,VICTORIAN  METAL POSTCARD SPRING,3206.0,2869,183,1752,0.6107,United Kingdom
23035,DRAWER KNOB CERAMIC IVORY,3199.99,2191,194,73,0.0333,United Kingdom
22360,GLASS JAR ENGLISH CONFECTIONERY,3192.82,1013,233,104,0.1027,United Kingdom
22491,PACK OF 12 COLOURED PENCILS,3183.63,3947,220,12,0.003,United Kingdom
23342,MINT DINER WALL CLOCK,3176.41,373,164,1,0.0027,United Kingdom
21115,ROSE CARAVAN DOORSTOP,3162.24,562,162,0,0.0,United Kingdom
22778,GLASS CLOCHE SMALL,3146.82,810,163,74,0.0914,United Kingdom
23323,WHITE WICKER STAR,3146.78,1469,297,3,0.002,United Kingdom
72807C,SET/3 VANILLA SCENTED CANDLE IN BOX,3145.05,721,170,1119,1.552,United Kingdom
22465,HANGING METAL STAR LANTERN,3141.54,2053,205,27,0.0132,United Kingdom
84968A,SET OF 16 VINTAGE ROSE CUTLERY,3139.3,267,101,10,0.0375,United Kingdom
21381,MINI WOODEN HAPPY BIRTHDAY GARLAND,3131.24,1811,226,25,0.0138,United Kingdom
21561,DINOSAUR LUNCH BOX WITH CUTLERY,3127.38,1282,216,2,0.0016,United Kingdom
23346,SPACEBOY BEAKER,3112.34,2628,185,6,0.0023,United Kingdom
21240,BLUE POLKADOT CUP,3110.26,3570,330,36,0.0101,United Kingdom
20754,RETROSPOT RED WASHING UP GLOVES,3088.86,1514,306,1,0.0007,United Kingdom
20828,GLITTER BUTTERFLY CLIPS,3074.78,1128,241,0,0.0,United Kingdom
22972,CHILDREN'S SPACEBOY MUG,3067.64,1795,237,34,0.0189,United Kingdom
22564,ALPHABET STENCIL CRAFT,3057.27,2697,188,437,0.162,United Kingdom
84997b,CHILDRENS CUTLERY RETROSPOT RED,3052.92,364,67,0,0.0,United Kingdom
23461,SWEETHEART BIRD HOUSE,3041.21,847,95,4,0.0047,United Kingdom
22604,SET OF 4 NAPKIN CHARMS CUTLERY,3039.66,1251,125,0,0.0,United Kingdom
23329,DECORATIVE WICKER HEART LARGE,3038.19,1767,234,3,0.0017,United Kingdom
22894,TABLECLOTH RED APPLES DESIGN,3027.38,305,122,0,0.0,United Kingdom
23390,DOLLY GIRL MINI BACKPACK,3025.59,747,164,1,0.0013,United Kingdom
23242,TREASURE TIN BUFFALO BILL,3024.63,1470,217,27,0.0184,United Kingdom
22810,SET OF 6 T-LIGHTS SNOWMEN,3022.08,977,169,79,0.0809,United Kingdom
22892,SET OF SALT AND PEPPER TOADSTOOLS,3021.6,2472,217,158,0.0639,United Kingdom
22592,CARDHOLDER HOLLY WREATH METAL,3021.12,658,137,2,0.003,United Kingdom
21714,CITRONELLA CANDLE GARDEN POT,3010.65,1651,230,20,0.0121,United Kingdom
22945,CHRISTMAS METAL TAGS ASSORTED,3008.92,2991,178,876,0.2929,United Kingdom
23231,WRAP DOILEY DESIGN,3008.34,7277,260,0,0.0,United Kingdom
21201,TROPICAL  HONEYCOMB PAPER GARLAND,2987.82,1240,103,391,0.3153,United Kingdom
22644,CERAMIC CHERRY CAKE MONEY BANK,2986.97,2215,281,9,0.0041,United Kingdom
85184C,S/4 VALENTINE DECOUPAGE HEART BOX,2985.84,1652,193,0,0.0,United Kingdom
21810,CHRISTMAS HANGING STAR WITH BELL,2981.84,5840,255,194,0.0332,United Kingdom
16161P,WRAP ENGLISH ROSE,2980.42,7201,249,25,0.0035,United Kingdom
22331,WOODLAND PARTY BAG + STICKER SET,2975.14,1840,185,2,0.0011,United Kingdom
21411,GINGHAM HEART  DOORSTOP RED,2961.83,785,242,6,0.0076,United Kingdom
22777,GLASS CLOCHE LARGE,2951.53,356,65,44,0.1236,United Kingdom
21918,SET 12 KIDS COLOUR  CHALK STICKS,2950.25,7209,374,359,0.0498,United Kingdom
22906,12 MESSAGE CARDS WITH ENVELOPES,2947.87,1733,252,1,0.0006,United Kingdom
21625,VINTAGE UNION JACK APRON,2939.51,407,169,0,0.0,United Kingdom
35004B,SET OF 3 BLACK FLYING DUCKS,2934.81,577,119,30,0.052,United Kingdom
23211,RED ROCKING HORSE HAND PAINTED,2930.57,2329,161,24,0.0103,United Kingdom
85174,S/4 CACTI CANDLES,2927.08,613,160,3,0.0049,United Kingdom
22078,RIBBON REEL LACE DESIGN,2923.21,1373,194,201,0.1464,United Kingdom
22990,COTTON APRON PANTRY DESIGN,2917.43,633,175,126,0.1991,United Kingdom
22965,3 TRADITIONAl BISCUIT CUTTERS  SET,2910.61,1371,241,38,0.0277,United Kingdom
22843,BISCUIT TIN VINTAGE GREEN,2904.52,452,136,10,0.0221,United Kingdom
23056,FLOWERS CHANDELIER T-LIGHT HOLDER,2898.12,963,47,789,0.8193,United Kingdom
21313,GLASS HEART T-LIGHT HOLDER,2893.77,3321,224,31,0.0093,United Kingdom
23290,SPACEBOY CHILDRENS BOWL,2890.35,2430,216,10,0.0041,United Kingdom
23345,DOLLY GIRL BEAKER,2886.25,2451,176,7,0.0029,United Kingdom
21112,"SWISS ROLL TOWEL, PINK  SPOTS",2885.13,1359,82,0,0.0,United Kingdom
22774,RED DRAWER KNOB ACRYLIC EDWARDIAN,2871.75,2254,143,16,0.0071,United Kingdom
21990,MODERN FLORAL STATIONERY SET,2870.0,1672,367,12,0.0072,United Kingdom
21976,PACK OF 60 MUSHROOM CAKE CASES,2869.9,5199,395,29,0.0056,United Kingdom
22354,RETROSPOT PADDED SEAT CUSHION,2860.98,750,84,1,0.0013,United Kingdom
23212,HEART WREATH DECORATION WITH BELL,2860.89,2296,189,60,0.0261,United Kingdom
23427,STOOL HOME SWEET HOME,2860.58,237,117,4,0.0169,United Kingdom
22426,ENAMEL WASH BOWL CREAM,2855.21,745,215,27,0.0362,United Kingdom
22797,CHEST OF DRAWERS GINGHAM HEART,2851.36,163,103,41,0.2515,United Kingdom
23504,PLAYING CARDS JUBILEE UNION JACK,2848.89,1927,208,0,0.0,United Kingdom
22930,BAKING MOULD HEART MILK CHOCOLATE,2846.8,1108,190,96,0.0866,United Kingdom
23196,VINTAGE LEAF MAGNETIC NOTEPAD,2842.24,1884,302,13,0.0069,United Kingdom
22476,EMPIRE UNION JACK TV DINNER TRAY,2839.21,881,127,8,0.0091,United Kingdom
85178,VICTORIAN SEWING KIT,2822.58,2518,145,289,0.1148,United Kingdom
47599B,BLUE PARTY BAGS,2822.32,1480,120,52,0.0351,United Kingdom
22380,TOY TIDY SPACEBOY,2815.46,1313,292,37,0.0282,United Kingdom
22072,RED RETROSPOT TEA CUP AND SAUCER,2811.17,849,172,19,0.0224,United Kingdom
21499,BLUE POLKADOT WRAP,2809.34,6927,219,225,0.0325,United Kingdom
21563,RED HEART SHAPE LOVE BUCKET,2803.13,1395,159,0,0.0,United Kingdom
22762,CUPBOARD 3 DRAWER MA CAMPAGNE,2786.03,171,119,18,0.1053,United Kingdom
22794,SWEETHEART WIRE MAGAZINE RACK,2784.9,326,186,5,0.0153,United Kingdom
22963,JAM JAR WITH GREEN LID,2777.99,3290,319,115,0.035,United Kingdom
22224,WHITE LOVEBIRD LANTERN,2764.06,834,166,4,0.0048,United Kingdom
21109,LARGE CAKE TOWEL CHOCOLATE SPOTS,2763.2,936,113,48,0.0513,United Kingdom
23190,BUNDLE OF 3 SCHOOL EXERCISE BOOKS,2761.9,1702,204,2,0.0012,United Kingdom
22925,BLUE GIANT GARDEN THERMOMETER,2757.47,451,190,28,0.0621,United Kingdom
22196,SMALL HEART MEASURING SPOONS,2754.16,2847,476,29,0.0102,United Kingdom
23147,SINGLE ANTIQUE ROSE HOOK IVORY,2752.2,1868,267,15,0.008,United Kingdom
23396,LE JARDIN BOTANIQUE CUSHION COVER,2750.53,654,197,4,0.0061,United Kingdom
22823,CHEST NATURAL WOOD 20 DRAWERS,2745.0,46,15,22,0.4783,United Kingdom
23266,SET OF 3 WOODEN STOCKING DECORATION,2743.82,2053,320,12,0.0058,United Kingdom
23341,PINK DINER WALL CLOCK,2741.35,307,121,0,0.0,United Kingdom
22773,GREEN DRAWER KNOB ACRYLIC EDWARDIAN,2739.4,2075,191,0,0.0,United Kingdom
23100,SILVER BELLS TABLE DECORATION,2739.38,2166,258,1,0.0005,United Kingdom
22974,CHILDRENS DOLLY GIRL MUG,2729.69,1598,211,20,0.0125,United Kingdom
21985,PACK OF 12 HEARTS DESIGN TISSUES,2729.51,8775,427,0,0.0,United Kingdom
22283,6 EGG HOUSE PAINTED WOOD,2726.43,299,157,4,0.0134,United Kingdom
20829,GLITTER HANGING BUTTERFLY STRING,2722.95,1314,200,120,0.0913,United Kingdom
23164,REGENCY CAKE SLICE,2718.65,578,93,1,0.0017,United Kingdom
84832,ZINC WILLIE WINKIE  CANDLE STICK,2712.7,2934,270,12,0.0041,United Kingdom
23407,SET OF 2 TRAYS HOME SWEET HOME,2709.43,267,137,6,0.0225,United Kingdom
23489,VINTAGE BELLS GARLAND,2709.23,913,159,0,0.0,United Kingdom
21239,PINK  POLKADOT CUP,2707.34,3016,309,21,0.007,United Kingdom
22927,GREEN GIANT GARDEN THERMOMETER,2704.71,431,158,59,0.1369,United Kingdom
22278,OVERNIGHT BAG VINTAGE ROSE PAISLEY,2704.35,405,181,6,0.0148,United Kingdom
23292,SPACEBOY CHILDRENS CUP,2703.33,2181,228,21,0.0096,United Kingdom
23333,IVORY WICKER HEART MEDIUM,2695.45,2089,234,12,0.0057,United Kingdom
22737,RIBBON REEL CHRISTMAS PRESENT,2694.15,1388,261,40,0.0288,United Kingdom
23264,SET OF 3 WOODEN SLEIGH DECORATIONS,2690.81,1963,300,1,0.0005,United Kingdom
72802C,VANILLA SCENT CANDLE JEWELLED BOX,2688.19,1396,114,634,0.4542,United Kingdom
22702,BLACK AND WHITE CAT BOWL,2684.65,1363,49,0,0.0,United Kingdom
21811,HANGING HEART WITH BELL,2682.4,4877,249,288,0.0591,United Kingdom
22660,DOORMAT I LOVE LONDON,2678.96,364,102,0,0.0,United Kingdom
22691,DOORMAT WELCOME SUNRISE,2678.77,371,122,3,0.0081,United Kingdom
84568,GIRLS ALPHABET IRON ON PATCHES,2678.33,12442,147,0,0.0,United Kingdom
22045,SPACEBOY GIFT WRAP,2673.34,6527,211,75,0.0115,United Kingdom
22433,WATERING CAN GREEN DINOSAUR,2667.5,1394,230,3,0.0022,United Kingdom
22130,PARTY CONE CHRISTMAS DECORATION,2664.63,2277,113,535,0.235,United Kingdom
22329,ROUND CONTAINER SET OF 5 RETROSPOT,2661.89,1603,241,17,0.0106,United Kingdom
21781,MA CAMPAGNE CUTLERY BOX,2661.8,168,111,62,0.369,United Kingdom
84997d,CHILDRENS CUTLERY POLKADOT PINK,2657.79,319,73,0,0.0,United Kingdom
22582,PACK OF 6 SWEETIE GIFT BOXES,2649.35,1061,103,12,0.0113,United Kingdom
23146,TRIPLE HOOK ANTIQUE IVORY ROSE,2645.26,798,249,50,0.0627,United Kingdom
22902,TOTE BAG I LOVE LONDON,2633.28,1288,138,24,0.0186,United Kingdom
35961,FOLKART ZINC HEART CHRISTMAS DEC,2629.81,2986,245,1,0.0003,United Kingdom
22792,FLUTED ANTIQUE CANDLE HOLDER,2622.93,2785,208,85,0.0305,United Kingdom
21012,ANTIQUE ALL GLASS CANDLESTICK,2614.05,1169,200,3,0.0026,United Kingdom
22830,UTILTY CABINET WITH HOOKS,2610.29,133,8,1,0.0075,United Kingdom
22241,GARLAND WOODEN HAPPY EASTER,2609.43,1952,242,4,0.002,United Kingdom
23054,RECYCLED ACAPULCO MAT LAVENDER,2604.93,295,131,1,0.0034,United Kingdom
22833,HALL CABINET WITH 3 DRAWERS,2603.53,77,7,1,0.013,United Kingdom
22700,BLACK AND WHITE DOG BOWL,2602.18,1196,57,70,0.0585,United Kingdom
22175,PINK OWL SOFT TOY,2594.23,877,173,2,0.0023,United Kingdom
21500,PINK POLKADOT WRAP,2593.0,6350,213,0,0.0,United Kingdom
22361,GLASS JAR DAISY FRESH COTTON WOOL,2592.33,731,276,12,0.0164,United Kingdom
22933,BAKING MOULD EASTER EGG MILK CHOC,2585.92,940,124,156,0.166,United Kingdom
47559B,TEA TIME OVEN GLOVE,2584.9,2077,290,114,0.0549,United Kingdom
22822,CREAM WALL PLANTER HEART SHAPED,2582.75,433,160,2,0.0046,United Kingdom
21735,TWO DOOR CURIO CABINET,2577.45,212,97,92,0.434,United Kingdom
22805,BLUE DRAWER KNOB ACRYLIC EDWARDIAN,2576.03,1890,197,13,0.0069,United Kingdom
22610,PENS ASSORTED FUNNY FACE,2571.4,9572,216,0,0.0,United Kingdom
22937,BAKING MOULD CHOCOLATE CUPCAKES,2563.24,972,162,13,0.0134,United Kingdom
22358,KINGS CHOICE TEA CADDY,2551.22,698,259,8,0.0115,United Kingdom
21452,TOADSTOOL MONEY BOX,2549.11,818,197,28,0.0342,United Kingdom
84596B,SMALL DOLLY MIX DESIGN ORANGE BOWL,2547.42,5023,523,16,0.0032,United Kingdom
22064,PINK DOUGHNUT TRINKET POT,2546.3,1729,256,35,0.0202,United Kingdom
21078,SET/20 STRAWBERRY PAPER NAPKINS,2531.04,2769,314,207,0.0748,United Kingdom
23681,LUNCH BAG RED VINTAGE DOILY,2525.04,1576,132,0,0.0,United Kingdom
22670,FRENCH WC SIGN BLUE METAL,2516.75,1882,303,5,0.0027,United Kingdom
21556,CERAMIC STRAWBERRY MONEY BOX,2515.52,981,117,1,0.001,United Kingdom
21730,GLASS STAR FROSTED T-LIGHT HOLDER,2514.43,517,139,14,0.0271,United Kingdom
22672,FRENCH BATHROOM SIGN BLUE METAL,2511.22,1476,222,16,0.0108,United Kingdom
23424,GINGHAM RECIPE BOOK BOX,2509.62,462,136,1,0.0022,United Kingdom
23316,RED REFECTORY CLOCK,2501.64,250,111,1,0.004,United Kingdom
72351A,SET/6 TURQUOISE BUTTERFLY T-LIGHTS,2498.75,1264,153,0,0.0,United Kingdom
21107,CREAM SLICE FLANNEL PINK SPOT,2492.71,901,97,0,0.0,United Kingdom
23367,SET 12 COLOUR PENCILS SPACEBOY,2491.2,3278,283,16,0.0049,United Kingdom
21903,MAN FLU METAL SIGN,2490.13,1160,182,13,0.0112,United Kingdom
22075,6 RIBBONS ELEGANT CHRISTMAS,2489.03,1773,201,12,0.0068,United Kingdom
22215,CAKE STAND WHITE TWO TIER LACE,2471.39,343,103,2,0.0058,United Kingdom
23352,ROLL WRAP 50'S RED CHRISTMAS,2459.2,1800,213,12,0.0067,United Kingdom
85062,PEARL CRYSTAL PUMPKIN T-LIGHT HLDR,2429.5,1462,161,4,0.0027,United Kingdom
21875,KINGS CHOICE MUG,2429.38,2055,153,28,0.0136,United Kingdom
22374,AIRLINE BAG VINTAGE JET SET RED,2427.52,552,229,4,0.0072,United Kingdom
22573,STAR WOODEN CHRISTMAS DECORATION,2423.0,2684,221,0,0.0,United Kingdom
23406,HOME SWEET HOME KEY HOLDER,2422.66,471,115,24,0.051,United Kingdom
84032B,CHARLIE + LOLA RED HOT WATER BOTTLE,2421.59,936,259,66,0.0705,United Kingdom
22811,SET OF 6 T-LIGHTS CACTI,2419.29,881,109,1,0.0011,United Kingdom
22807,SET OF 6 T-LIGHTS TOADSTOOLS,2417.73,818,195,0,0.0,United Kingdom
22437,SET OF 9 BLACK SKULL BALLOONS,2417.24,2848,228,10,0.0035,United Kingdom
21328,BALLOONS  WRITING SET,2410.43,1337,346,0,0.0,United Kingdom
23400,SHELF WITH 4 HOOKS HOME SWEET HOME,2409.34,462,110,21,0.0455,United Kingdom
22743,MAKE YOUR OWN FLOWERPOWER CARD KIT,2408.54,930,207,6,0.0065,United Kingdom
23265,SET OF 3 WOODEN TREE DECORATIONS,2404.79,1769,295,15,0.0085,United Kingdom
20978,36 PENCILS TUBE SKULLS,2395.05,1795,264,16,0.0089,United Kingdom
84796B,BLUE SAVANNAH PICNIC HAMPER FOR 2,2393.59,273,126,2,0.0073,United Kingdom
22939,APRON APPLE DELIGHT,2392.67,469,127,14,0.0299,United Kingdom
22167,OVAL WALL MIRROR DIAMANTE,2391.12,237,160,5,0.0211,United Kingdom
84969,BOX OF 6 ASSORTED COLOUR TEASPOONS,2389.52,559,214,52,0.093,United Kingdom
11001,ASSTD DESIGN RACING CAR PEN,2389.44,1615,118,185,0.1146,United Kingdom
22282,12 EGG HOUSE PAINTED WOOD,2378.52,149,100,1,0.0067,United Kingdom
23028,DRAWER KNOB CRACKLE GLAZE BLUE,2377.13,1369,141,56,0.0409,United Kingdom
22440,BALLOON WATER BOMB PACK OF 35,2375.04,6010,155,10,0.0017,United Kingdom
20983,12 PENCILS TALL TUBE RED RETROSPOT,2374.81,2737,271,7,0.0026,United Kingdom
84997c,CHILDRENS CUTLERY POLKADOT BLUE,2374.44,284,62,0,0.0,United Kingdom
23437,50'S CHRISTMAS GIFT BAG LARGE,2373.63,1939,132,2,0.001,United Kingdom
23498,CLASSIC BICYCLE CLIPS,2372.68,1640,99,0,0.0,United Kingdom
22851,SET 20 NAPKINS FAIRY CAKES DESIGN,2368.64,2741,352,13,0.0047,United Kingdom
23048,SET OF 10 LANTERNS FAIRY LIGHT STAR,2368.37,577,104,33,0.0572,United Kingdom
23436,VINTAGE CHRISTMAS GIFT BAG LARGE,2367.39,1979,116,15,0.0076,United Kingdom
37500,TEA TIME TEAPOT IN GIFT BOX,2360.68,380,116,3,0.0079,United Kingdom
21495,SKULLS AND CROSSBONES WRAP,2356.0,5800,166,25,0.0043,United Kingdom
23401,RUSTIC MIRROR WITH LACE HEART,2354.87,459,86,3,0.0065,United Kingdom
23412,HEART MIRROR ANTIQUE WHITE,2354.8,362,80,32,0.0884,United Kingdom
22070,SMALL RED RETROSPOT MUG IN BOX,2354.4,948,121,296,0.3122,United Kingdom
22548,HEADS AND TAILS SPORTING FUN,2348.94,1979,211,70,0.0354,United Kingdom
22425,ENAMEL COLANDER CREAM,2346.12,461,170,6,0.013,United Kingdom
21700,BIG DOUGHNUT FRIDGE MAGNETS,2334.94,1752,202,1352,0.7717,United Kingdom
16156S,WRAP PINK FAIRY CAKES,2331.0,5800,168,110,0.019,United Kingdom
20977,36 PENCILS TUBE WOODLAND,2328.64,1739,191,279,0.1604,United Kingdom
23371,SET 36 COLOUR PENCILS SPACEBOY,2304.78,1705,185,0,0.0,United Kingdom
23029,DRAWER KNOB CRACKLE GLAZE GREEN,2303.92,1352,165,48,0.0355,United Kingdom
23197,SKETCHBOOK MAGNETIC SHOPPING LIST,2303.5,1478,256,25,0.0169,United Kingdom
22483,RED GINGHAM TEDDY BEAR,2302.94,770,170,1,0.0013,United Kingdom
22736,RIBBON REEL MAKING SNOWMEN,2297.1,1222,225,13,0.0106,United Kingdom
84950,ASSORTED COLOUR T-LIGHT HOLDER,2297.03,3619,124,10,0.0028,United Kingdom
22829,SWEETHEART WIRE WALL TIDY,2295.43,232,113,10,0.0431,United Kingdom
22441,GROW YOUR OWN BASIL IN ENAMEL MUG,2292.91,1047,222,3,0.0029,United Kingdom
23330,DECORATIVE WICKER HEART MEDIUM,2286.97,1794,217,6,0.0033,United Kingdom
23360,SET 8 CANDLES VINTAGE DOILY,2286.4,1182,114,0,0.0,United Kingdom
21813,GARLAND WITH STARS AND BELLS,2280.47,549,114,7,0.0128,United Kingdom
85175,CACTI T-LIGHT CANDLES,2278.9,5341,153,2870,0.5374,United Kingdom
21896,POTTING SHED TWINE,2272.79,980,114,43,0.0439,United Kingdom
23252,VINTAGE RED ENAMEL TRIM JUG,2261.61,603,145,33,0.0547,United Kingdom
22914,BLUE COAT RACK PARIS FASHION,2261.21,467,158,5,0.0107,United Kingdom
23128,FELTCRAFT BOY JEAN-PAUL KIT,2258.66,448,141,7,0.0156,United Kingdom
22983,CARD BILLBOARD FONT,2256.56,5290,446,181,0.0342,United Kingdom
46000S,POLYESTER FILLER PAD 40x40cm,2256.2,2626,196,534,0.2034,United Kingdom
21069,VINTAGE BILLBOARD TEA MUG,2250.52,1955,88,701,0.3586,United Kingdom
23093,SMALL PARISIENNE HEART PHOTO FRAME,2239.24,939,144,3,0.0032,United Kingdom
22030,SWALLOWS GREETING CARD,2237.89,5527,275,635,0.1149,United Kingdom
23326,HANGING MINI COLOURED BOTTLES,2237.08,3442,76,0,0.0,United Kingdom
22185,SLATE TILE NATURAL HANGING,2235.94,1472,162,0,0.0,United Kingdom
21989,PACK OF 20 SKULL PAPER NAPKINS,2233.1,2409,335,0,0.0,United Kingdom
23079,TOADSTOOL BEDSIDE LIGHT,2225.45,251,113,14,0.0558,United Kingdom
21471,STRAWBERRY RAFFIA FOOD COVER,2220.59,639,166,4,0.0063,United Kingdom
22601,CHRISTMAS RETROSPOT ANGEL WOOD,2219.83,2479,204,24,0.0097,United Kingdom
23501,KEY RING BASEBALL BOOT UNION JACK,2217.87,1821,112,0,0.0,United Kingdom
21982,PACK OF 12 SUKI TISSUES,2215.61,7173,360,1,0.0001,United Kingdom
21794,CLASSIC FRENCH STYLE BASKET NATURAL,2213.42,532,109,3,0.0056,United Kingdom
82494l,WOODEN FRAME ANTIQUE WHITE,2211.6,264,61,0,0.0,United Kingdom
22478,BIRDHOUSE GARDEN MARKER,2210.62,1537,140,0,0.0,United Kingdom
23438,RED SPOT GIFT BAG LARGE,2209.92,1809,109,0,0.0,United Kingdom
37448,CERAMIC CAKE DESIGN SPOTTED MUG,2206.63,1451,199,45,0.031,United Kingdom
10135,COLOURING PENCILS BROWN TUBE,2204.89,2229,176,1,0.0004,United Kingdom
23403,LETTER HOLDER HOME SWEET HOME,2204.11,625,137,3,0.0048,United Kingdom
22574,HEART WOODEN CHRISTMAS DECORATION,2199.59,2333,223,192,0.0823,United Kingdom
21042,RED RETROSPOT APRON,2199.52,334,136,6,0.018,United Kingdom
21900,"KEY FOB , SHED",2197.17,3229,375,5,0.0015,United Kingdom
23020,GLASS  SONGBIRD STORAGE JAR,2191.84,180,83,10,0.0556,United Kingdom
22571,ROCKING HORSE RED CHRISTMAS,2185.48,2434,257,109,0.0448,United Kingdom
23302,KNEELING MAT HOUSEWORK  DESIGN,2181.42,1536,235,36,0.0234,United Kingdom
22763,KEY CABINET MA CAMPAGNE,2176.32,206,111,5,0.0243,United Kingdom
22357,KINGS CHOICE BISCUIT TIN,2175.04,482,192,18,0.0373,United Kingdom
21878,PACK OF 6 SANDCASTLE FLAGS ASSORTED,2172.2,2523,226,13,0.0052,United Kingdom
22377,BOTTLE BAG RETROSPOT,2171.53,1330,209,9,0.0068,United Kingdom
85038,6 CHOCOLATE LOVE HEART T-LIGHTS,2171.26,1061,142,0,0.0,United Kingdom
22732,3D VINTAGE CHRISTMAS STICKERS,2162.75,1645,188,0,0.0,United Kingdom
23445,ICE CREAM BUBBLES,2161.24,2668,102,20,0.0075,United Kingdom
21249,WOODLAND  HEIGHT CHART STICKERS,2160.0,724,119,0,0.0,United Kingdom
22121,NOEL WOODEN BLOCK LETTERS,2159.7,405,139,101,0.2494,United Kingdom
22704,WRAP RED APPLES,2158.26,5253,176,50,0.0095,United Kingdom
82581,TOILET METAL SIGN,2155.89,3883,410,21,0.0054,United Kingdom
22920,HERB MARKER BASIL,2153.34,3423,244,1527,0.4461,United Kingdom
22107,PIZZA PLATE IN BOX,2153.06,592,183,21,0.0355,United Kingdom
23031,DRAWER KNOB CRACKLE GLAZE PINK,2152.3,1278,164,20,0.0156,United Kingdom
23370,SET 36 COLOURING PENCILS DOILY,2151.6,1550,152,1,0.0006,United Kingdom
21592,RETROSPOT CIGAR BOX MATCHES,2149.07,2149,216,0,0.0,United Kingdom
23161,REGENCY CAKE FORK,2145.3,1715,99,12,0.007,United Kingdom
22588,CARD HOLDER GINGHAM HEART,2141.32,684,179,236,0.345,United Kingdom
23213,STAR WREATH DECORATION WITH BELL,2138.42,1682,153,12,0.0071,United Kingdom
23066,SMALL DECO JEWELLERY STAND,2137.81,259,87,14,0.0541,United Kingdom
40016,CHINESE DRAGON PAPER LANTERNS,2136.34,5556,100,1960,0.3528,United Kingdom
22973,CHILDREN'S CIRCUS PARADE MUG,2136.01,1255,149,22,0.0175,United Kingdom
22128,PARTY CONES CANDY ASSORTED,2127.53,1762,80,80,0.0454,United Kingdom
23005,TRAVEL CARD WALLET I LOVE LONDON,2126.55,4733,244,19201,4.0568,United Kingdom
22509,SEWING BOX RETROSPOT DESIGN,2124.54,209,88,16,0.0766,United Kingdom
84356,POMPOM CURTAIN,2124.15,424,82,0,0.0,United Kingdom
21980,PACK OF 12 RED RETROSPOT TISSUES,2121.18,6685,300,132,0.0197,United Kingdom
37450,CERAMIC CAKE BOWL + HANGING CAKES,2117.54,714,146,36,0.0504,United Kingdom
22498,WOODEN REGATTA BUNTING,2116.04,333,150,0,0.0,United Kingdom
21718,RED METAL BEACH SPADE,2113.39,1493,230,1,0.0007,United Kingdom
22156,HEART DECORATION WITH PEARLS,2113.13,2196,269,105,0.0478,United Kingdom
23046,PAPER LANTERN 9 POINT DELUXE STAR,2111.49,349,36,0,0.0,United Kingdom
22891,TEA FOR ONE POLKADOT,2108.18,420,186,30,0.0714,United Kingdom
23251,VINTAGE RED ENAMEL TRIM MUG,2105.75,1712,125,58,0.0339,United Kingdom
23233,WRAP POPPIES  DESIGN,2105.5,5175,159,25,0.0048,United Kingdom
22733,3D TRADITIONAL CHRISTMAS STICKERS,2095.08,1583,197,0,0.0,United Kingdom
22996,TRAVEL CARD WALLET VINTAGE TICKET,2094.93,4801,412,26,0.0054,United Kingdom
23315,IVORY REFECTORY CLOCK,2094.24,213,87,12,0.0563,United Kingdom
21609,SET 12 LAVENDER  BOTANICAL T-LIGHTS,2086.69,801,78,46,0.0574,United Kingdom
21506,"FANCY FONT BIRTHDAY CARD,",2085.89,4922,324,12,0.0024,United Kingdom
22593,CHRISTMAS GINGHAM STAR,2085.64,2263,199,144,0.0636,United Kingdom
22744,MAKE YOUR OWN MONSOON CARD KIT,2084.85,867,174,8,0.0092,United Kingdom
22055,MINI CAKE STAND  HANGING STRAWBERY,2083.19,1380,227,23,0.0167,United Kingdom
22059,CERAMIC STRAWBERRY DESIGN MUG,2081.54,1780,181,24,0.0135,United Kingdom
22747,POPPY'S PLAYHOUSE BATHROOM,2080.85,954,228,6,0.0063,United Kingdom
23152,IVORY SWEETHEART WIRE LETTER RACK,2080.65,554,163,30,0.0542,United Kingdom
22831,WHITE BROCANTE SOAP DISH,2070.9,706,121,0,0.0,United Kingdom
22863,SOAP DISH BROCANTE,2070.73,719,113,20,0.0278,United Kingdom
23227,FILIGREE HEART BUTTERFLY WHITE,2070.06,1642,119,6,0.0037,United Kingdom
22935,BAKING MOULD ROSE MILK CHOCOLATE,2066.82,690,66,72,0.1043,United Kingdom
23291,DOLLY GIRL CHILDRENS CUP,2059.03,1634,198,10,0.0061,United Kingdom
22955,36 FOIL STAR CAKE CASES,2053.35,1184,135,0,0.0,United Kingdom
22101,MIRROR MOSAIC VOTIVE HOLDER,2053.17,1438,70,324,0.2253,United Kingdom
47504K,ENGLISH ROSE GARDEN SECATEURS,2048.66,2090,216,308,0.1474,United Kingdom
21864,UNION JACK FLAG PASSPORT COVER,2041.69,828,185,20,0.0242,United Kingdom
20751,FUNKY WASHING UP GLOVES ASSORTED,2041.52,971,200,36,0.0371,United Kingdom
22414,DOORMAT NEIGHBOURHOOD WITCH,2038.39,282,100,2,0.0071,United Kingdom
23500,KEY RING BASEBALL BOOT ASSORTED,2038.33,1626,98,0,0.0,United Kingdom
22803,IVORY EMBROIDERED QUILT,2038.09,54,31,0,0.0,United Kingdom
23490,T-LIGHT HOLDER HANGING LOVE BIRD,2032.77,542,102,3,0.0055,United Kingdom
22788,BROCANTE COAT RACK,2025.96,220,64,6,0.0273,United Kingdom
22602,RETROSPOT WOODEN HEART DECORATION,2023.87,2215,275,40,0.0181,United Kingdom
22115,METAL SIGN EMPIRE TEA,2020.91,1549,228,0,0.0,United Kingdom
23268,SET OF 2 CERAMIC CHRISTMAS REINDEER,2018.14,1839,96,1452,0.7896,United Kingdom
20674,GREEN POLKADOT BOWL,2016.23,1563,206,6,0.0038,United Kingdom
22959,WRAP CHRISTMAS VILLAGE,2014.42,4926,148,475,0.0964,United Kingdom
23289,DOLLY GIRL CHILDRENS BOWL,2013.7,1622,195,12,0.0074,United Kingdom
22897,OVEN MITT APPLES DESIGN,2013.1,1350,216,42,0.0311,United Kingdom
84880,WHITE WIRE EGG HOLDER,2012.74,312,79,14,0.0449,United Kingdom
23529,WALL ART DOLLY GIRL,2011.99,637,37,0,0.0,United Kingdom
22503,CABIN BAG VINTAGE PAISLEY,2010.12,99,37,19,0.1919,United Kingdom
23358,HOT STUFF HOT WATER BOTTLE,2008.38,594,91,38,0.064,United Kingdom
23274,STAR T-LIGHT HOLDER WILLIE WINKIE,2005.0,1180,122,3,0.0025,United Kingdom
22080,RIBBON REEL POLKADOTS,2003.48,1207,158,288,0.2386,United Kingdom
22859,EASTER TIN BUNNY BOUQUET,2003.07,1203,164,32,0.0266,United Kingdom
22364,GLASS JAR DIGESTIVE BISCUITS,2001.32,621,182,67,0.1079,United Kingdom
22932,BAKING MOULD TOFFEE CUP CHOCOLATE,2000.88,884,74,120,0.1357,United Kingdom
51014A,"FEATHER PEN,HOT PINK",2000.06,3842,240,72,0.0187,United Kingdom
85049G,CHOCOLATE BOX RIBBONS,1999.19,1608,260,14,0.0087,United Kingdom
22186,RED STAR CARD HOLDER,1997.48,848,153,53,0.0625,United Kingdom
21591,COSY HOUR CIGAR BOX MATCHES,1996.14,1374,149,321,0.2336,United Kingdom
22928,YELLOW GIANT GARDEN THERMOMETER,1993.75,288,119,6,0.0208,United Kingdom
72802B,OCEAN SCENT CANDLE IN JEWELLED BOX,1993.48,1028,91,744,0.7237,United Kingdom
22579,WOODEN TREE CHRISTMAS SCANDINAVIAN,1988.02,5182,343,154,0.0297,United Kingdom
21622,VINTAGE UNION JACK CUSHION COVER,1982.64,380,112,813,2.1395,United Kingdom
23357,HOT WATER BOTTLE SEX BOMB,1982.05,450,102,0,0.0,United Kingdom
23145,ZINC T-LIGHT HOLDER STAR LARGE,1979.48,2084,171,11,0.0053,United Kingdom
15039,SANDALWOOD FAN,1978.64,2090,148,26,0.0124,United Kingdom
37446,MINI CAKE STAND WITH HANGING CAKES,1976.09,1354,195,69,0.051,United Kingdom
21916,SET 12 RETRO WHITE CHALK STICKS,1973.49,4599,360,24,0.0052,United Kingdom
22477,WATERING CAN GARDEN MARKER,1967.9,1364,128,1,0.0007,United Kingdom
23068,ALUMINIUM STAMPED HEART,1966.93,809,136,0,0.0,United Kingdom
22931,BAKING MOULD HEART WHITE CHOCOLATE,1963.3,813,129,0,0.0,United Kingdom
23374,RED SPOT PAPER GIFT BAG,1962.83,2456,134,16,0.0065,United Kingdom
23075,PARLOUR CERAMIC WALL HOOK,1960.3,472,86,34,0.072,United Kingdom
23228,FILIGREE HEART BIRD WHITE,1960.0,1492,126,144,0.0965,United Kingdom
84031A,CHARLIE+LOLA RED HOT WATER BOTTLE,1959.91,430,166,20,0.0465,United Kingdom
85123a,WHITE HANGING HEART T-LIGHT HOLDER,1952.48,292,67,0,0.0,United Kingdom
23235,STORAGE TIN VINTAGE LEAF,1950.66,736,112,14,0.019,United Kingdom
22312,OFFICE MUG WARMER POLKADOT,1950.49,645,133,26,0.0403,United Kingdom
20992,JAZZ HEARTS PURSE NOTEBOOK,1944.63,4425,277,0,0.0,United Kingdom
84596F,SMALL MARSHMALLOWS PINK BOWL,1943.62,3732,436,16,0.0043,United Kingdom
22824,3 TIER SWEETHEART GARDEN SHELF,1938.25,55,44,1,0.0182,United Kingdom
22639,SET OF 4 NAPKIN CHARMS HEARTS,1935.16,805,148,0,0.0,United Kingdom
22412,METAL SIGN NEIGHBOURHOOD WITCH,1931.85,911,149,39,0.0428,United Kingdom
22199,FRYING PAN RED RETROSPOT,1926.59,467,169,8,0.0171,United Kingdom
23094,LE GRAND TRAY CHIC SET,1924.92,152,81,2,0.0132,United Kingdom
21192,WHITE BELL HONEYCOMB PAPER,1923.29,1140,90,164,0.1439,United Kingdom
22183,CAKE STAND VICTORIAN FILIGREE MED,1916.01,322,131,2,0.0062,United Kingdom
20963,APPLE BATH SPONGE,1911.17,1336,229,0,0.0,United Kingdom
22291,HANGING CHICK CREAM DECORATION,1906.02,1289,121,24,0.0186,United Kingdom
22594,CHRISTMAS GINGHAM TREE,1905.77,2006,197,1,0.0005,United Kingdom
84968F,SET OF 16 VINTAGE SKY BLUE CUTLERY,1905.68,177,66,20,0.113,United Kingdom
23155,KNICKERBOCKERGLORY MAGNET ASSORTED,1904.77,2221,150,253,0.1139,United Kingdom
23491,VINTAGE JINGLE BELLS HEART,1897.76,228,79,1,0.0044,United Kingdom
16169E,WRAP 50'S  CHRISTMAS,1892.46,4563,152,438,0.096,United Kingdom
21068,VINTAGE BILLBOARD LOVE/HATE MUG,1890.33,1638,201,42,0.0256,United Kingdom
35004C,SET OF 3 COLOURED  FLYING DUCKS,1888.1,394,49,246,0.6244,United Kingdom
15058B,PINK POLKADOT GARDEN PARASOL,1885.27,228,100,66,0.2895,United Kingdom
23434,3 RAFFIA RIBBONS 50'S CHRISTMAS,1884.17,2095,200,10,0.0048,United Kingdom
85061W,WHITE JEWELLED HEART DECORATION,1882.15,2146,165,398,0.1855,United Kingdom
20982,12 PENCILS TALL TUBE SKULLS,1880.67,2151,259,4,0.0019,United Kingdom
21534,DAIRY MAID LARGE MILK JUG,1879.18,370,163,13,0.0351,United Kingdom
23394,POSTE FRANCE CUSHION COVER,1877.65,435,150,0,0.0,United Kingdom
22027,TEA PARTY BIRTHDAY CARD,1873.71,4368,365,168,0.0385,United Kingdom
22534,MAGIC DRAWING SLATE SPACEBOY,1871.12,4496,262,2,0.0004,United Kingdom
22198,LARGE POPCORN HOLDER,1870.91,1025,103,152,0.1483,United Kingdom
23090,VINTAGE GLASS T-LIGHT HOLDER,1870.03,2237,151,347,0.1551,United Kingdom
23359,SET OF 12 T-LIGHTS VINTAGE DOILY,1866.46,990,79,0,0.0,United Kingdom
70006,LOVE HEART POCKET WARMER,1863.98,2702,120,0,0.0,United Kingdom
23525,WALL ART BUFFALO BILL,1863.82,582,54,6,0.0103,United Kingdom
21988,PACK OF 6 SKULL PAPER PLATES,1862.75,2321,193,0,0.0,United Kingdom
22858,EASTER TIN KEEPSAKE,1860.78,1126,139,10,0.0089,United Kingdom
22428,ENAMEL FIRE BUCKET CREAM,1854.76,253,118,3,0.0119,United Kingdom
21870,I CAN ONLY PLEASE ONE PERSON MUG,1851.46,1407,167,52,0.037,United Kingdom
22220,CAKE STAND LOVEBIRD 2 TIER WHITE,1849.25,231,95,22,0.0952,United Kingdom
72807A,SET/3 ROSE CANDLE IN JEWELLED BOX,1845.57,394,116,793,2.0127,United Kingdom
22944,CHRISTMAS METAL POSTCARD WITH BELLS,1843.64,3375,114,55,0.0163,United Kingdom
21557,SET OF 6 FUNKY BEAKERS,1843.61,551,162,0,0.0,United Kingdom
23378,PACK OF 12 50'S CHRISTMAS TISSUES,1840.08,3997,176,0,0.0,United Kingdom
22651,GENTLEMAN SHIRT REPAIR KIT,1837.47,2166,170,0,0.0,United Kingdom
21873,IF YOU CAN'T STAND THE HEAT MUG,1834.3,1618,120,91,0.0562,United Kingdom
21564,PINK  HEART SHAPE LOVE BUCKET,1831.62,1042,126,3,0.0029,United Kingdom
72807B,SET/3 OCEAN SCENT CANDLE JEWEL BOX,1822.21,395,114,924,2.3392,United Kingdom
22712,CARD DOLLY GIRL,1822.2,4435,316,45,0.0101,United Kingdom
22223,CAKE PLATE LOVEBIRD PINK,1821.61,441,78,0,0.0,United Kingdom
15044D,RED PAPER PARASOL,1819.76,644,86,2,0.0031,United Kingdom
21713,CITRONELLA CANDLE FLOWERPOT,1817.74,786,162,16,0.0204,United Kingdom
23148,MINIATURE ANTIQUE ROSE HOOK IVORY,1816.31,2139,254,13,0.0061,United Kingdom
22200,FRYING PAN PINK POLKADOT,1809.48,398,141,4,0.0101,United Kingdom
15060B,FAIRY CAKE DESIGN UMBRELLA,1807.55,460,134,53,0.1152,United Kingdom
22536,MAGIC DRAWING SLATE PURDEY,1803.95,4752,158,131,0.0276,United Kingdom
85034C,3 ROSE MORRIS BOXED CANDLES,1800.0,1129,163,20,0.0177,United Kingdom
23160,REGENCY TEA SPOON,1794.48,1450,78,6,0.0041,United Kingdom
21832,CHOCOLATE CALCULATOR,1790.1,954,199,25,0.0262,United Kingdom
21245,GREEN POLKADOT PLATE,1787.2,1075,128,0,0.0,United Kingdom
21034,REX CASH+CARRY JUMBO SHOPPER,1784.1,1878,874,21,0.0112,United Kingdom
22832,BROCANTE SHELF WITH HOOKS,1781.82,162,81,7,0.0432,United Kingdom
21114,LAVENDER SCENTED FABRIC HEART,1778.08,1341,139,10,0.0075,United Kingdom
23317,BLUE REFECTORY CLOCK,1777.46,173,82,0,0.0,United Kingdom
22710,WRAP I LOVE LONDON,1774.42,4501,106,50,0.0111,United Kingdom
23057,BEADED CHANDELIER T-LIGHT HOLDER,1768.67,773,52,713,0.9224,United Kingdom
21439,BASKET OF TOADSTOOLS,1767.15,1430,131,408,0.2853,United Kingdom
21056,DOCTOR'S BAG SOFT TOY,1765.4,184,74,2,0.0109,United Kingdom
21055,TOOL BOX SOFT TOY,1764.64,178,106,6,0.0337,United Kingdom
22562,MONSTERS STENCIL CRAFT,1763.37,1413,211,0,0.0,United Kingdom
85035C,ROSE 3 WICK MORRIS BOX CANDLE,1760.66,1137,131,24,0.0211,United Kingdom
22452,MEASURING TAPE BABUSHKA PINK,1760.31,722,146,64,0.0886,United Kingdom
22314,OFFICE MUG WARMER CHOC+BLUE,1759.12,570,134,2,0.0035,United Kingdom
21899,GARAGE KEY FOB,1757.97,2681,284,43,0.016,United Kingdom
22852,DOG BOWL VINTAGE CREAM,1757.88,390,127,5,0.0128,United Kingdom
23372,SET 36 COLOUR PENCILS DOLLY GIRL,1750.29,1389,148,16,0.0115,United Kingdom
21812,GARLAND WITH HEARTS AND BELLS,1746.27,393,103,14,0.0356,United Kingdom
23399,HOME SWEET HOME HANGING HEART,1745.55,1914,225,0,0.0,United Kingdom
20961,STRAWBERRY BATH SPONGE,1745.43,1232,229,50,0.0406,United Kingdom
21584,RETROSPOT SMALL TUBE MATCHES,1743.35,1059,147,1,0.0009,United Kingdom
20981,12 PENCILS TALL TUBE WOODLAND,1740.57,1974,253,19,0.0096,United Kingdom
23101,SILVER STARS TABLE DECORATION,1739.63,2031,213,0,0.0,United Kingdom
23096,PETIT TRAY CHIC,1736.69,1033,146,0,0.0,United Kingdom
22119,PEACE WOODEN BLOCK LETTERS,1734.87,345,107,1,0.0029,United Kingdom
23244,ROUND STORAGE TIN VINTAGE LEAF,1733.98,936,117,9,0.0096,United Kingdom
23181,BULL DOG BOTTLE TOP WALL CLOCK,1733.57,201,86,4,0.0199,United Kingdom
47570B,TEA TIME TABLE CLOTH,1727.23,186,33,70,0.3763,United Kingdom
23122,PARTY CHARMS 50 PIECES,1726.09,2251,135,3,0.0013,United Kingdom
21329,DINOSAURS  WRITING SET,1723.69,941,287,0,0.0,United Kingdom
21586,KINGS CHOICE GIANT TUBE MATCHES,1721.85,839,71,160,0.1907,United Kingdom
21845,DAIRY MAID STRIPE MUG,1720.3,1906,90,52,0.0273,United Kingdom
22526,WHEELBARROW FOR CHILDREN,1720.26,127,85,6,0.0472,United Kingdom
85015,SET OF 12  VINTAGE POSTCARD SET,1718.54,2180,143,0,0.0,United Kingdom
22544,MINI JIGSAW SPACEBOY,1714.92,4518,176,43,0.0095,United Kingdom
22986,WRAP GINGHAM ROSE,1712.1,4105,156,25,0.0061,United Kingdom
22227,HANGING HEART MIRROR DECORATION,1708.07,2341,291,2,0.0009,United Kingdom
22934,BAKING MOULD EASTER EGG WHITE CHOC,1707.47,589,79,3,0.0051,United Kingdom
23073,GEORGIAN TRINKET BOX,1706.5,143,62,1,0.007,United Kingdom
21917,SET 12 KIDS  WHITE CHALK STICKS,1701.93,4151,227,13,0.0031,United Kingdom
37340,MULTICOLOUR SPRING FLOWER MUG,1695.86,2544,138,21,0.0083,United Kingdom
22037,ROBOT BIRTHDAY CARD,1695.32,3929,354,0,0.0,United Kingdom
23214,JINGLE BELL HEART ANTIQUE GOLD,1695.04,789,103,0,0.0,United Kingdom
22674,FRENCH TOILET SIGN BLUE METAL,1692.72,1346,189,13,0.0097,United Kingdom
22816,CARD MOTORBIKE SANTA,1691.76,3987,266,0,0.0,United Kingdom
51008,AFGHAN SLIPPER SOCK PAIR,1690.55,519,24,112,0.2158,United Kingdom
21544,SKULLS  WATER TRANSFER TATTOOS,1687.68,1972,174,0,0.0,United Kingdom
16161U,WRAP SUKI AND FRIENDS,1687.5,4075,135,25,0.0061,United Kingdom
21207,SKULL AND CROSSBONES  GARLAND,1684.85,1067,132,0,0.0,United Kingdom
23368,SET 12 COLOUR PENCILS DOLLY GIRL,1679.55,2379,234,6,0.0025,United Kingdom
22332,SKULLS PARTY BAG + STICKER SET,1678.0,1032,152,24,0.0233,United Kingdom
22913,RED COAT RACK PARIS FASHION,1673.15,352,114,4,0.0114,United Kingdom
22419,LIPSTICK PEN RED,1673.1,3338,273,6,0.0018,United Kingdom
22335,HEART DECORATION PAINTED ZINC,1668.89,2380,225,0,0.0,United Kingdom
15058A,BLUE POLKADOT GARDEN PARASOL,1668.49,220,95,35,0.1591,United Kingdom
23366,SET 12 COLOURING PENCILS DOILY,1667.95,2249,195,0,0.0,United Kingdom
22076,6 RIBBONS EMPIRE,1667.88,1259,225,0,0.0,United Kingdom
21577,SAVE THE PLANET COTTON TOTE BAG,1664.9,720,177,7,0.0097,United Kingdom
84968D,SET OF 16 VINTAGE RED CUTLERY,1661.47,157,56,1,0.0064,United Kingdom
22479,DAISY GARDEN MARKER,1658.57,1139,98,0,0.0,United Kingdom
21578,WOODLAND DESIGN  COTTON TOTE BAG,1657.76,962,132,284,0.2952,United Kingdom
22789,T-LIGHT HOLDER SWEETHEART HANGING,1657.02,844,139,1,0.0012,United Kingdom
22853,CAT BOWL VINTAGE CREAM,1655.96,472,117,6,0.0127,United Kingdom
21981,PACK OF 12 WOODLAND TISSUES,1651.3,5468,272,7,0.0013,United Kingdom
23505,PLAYING CARDS I LOVE LONDON,1651.29,1200,115,0,0.0,United Kingdom
47566b,TEA TIME PARTY BUNTING,1651.15,199,102,0,0.0,United Kingdom
21111,"SWISS ROLL TOWEL, CHOCOLATE  SPOTS",1651.02,900,94,0,0.0,United Kingdom
23273,HEART T-LIGHT HOLDER WILLIE WINKIE,1649.05,969,116,4,0.0041,United Kingdom
23270,SET OF 2 CERAMIC PAINTED HEARTS,1646.32,1270,128,2886,2.2724,United Kingdom
22161,HEART DECORATION RUSTIC HANGING,1645.75,5083,341,24,0.0047,United Kingdom
22154,ANGEL DECORATION 3 BUTTONS,1636.67,3745,165,7,0.0019,United Kingdom
23483,HANGING  BUTTERFLY T-LIGHT HOLDER,1636.36,1328,77,22,0.0166,United Kingdom
22474,SPACEBOY TV DINNER TRAY,1636.27,305,135,32,0.1049,United Kingdom
23348,CHILDRENS TOY COOKING UTENSIL SET,1633.81,1545,183,80,0.0518,United Kingdom
35953,FOLKART STAR CHRISTMAS DECORATIONS,1633.67,3581,132,24,0.0067,United Kingdom
84510A,SET OF 4 ENGLISH ROSE COASTERS,1630.32,1196,240,1,0.0008,United Kingdom
85034B,3 WHITE CHOC MORRIS BOXED CANDLES,1628.78,945,120,0,0.0,United Kingdom
23391,I LOVE LONDON MINI BACKPACK,1628.17,389,87,0,0.0,United Kingdom
22375,AIRLINE BAG VINTAGE JET SET BROWN,1626.54,351,170,0,0.0,United Kingdom
22975,SPACEBOY CHILDRENS EGG CUP,1624.63,1204,187,1,0.0008,United Kingdom
22799,SWEETHEART WIRE FRUIT BOWL,1623.08,207,89,0,0.0,United Kingdom
22473,TV DINNER TRAY VINTAGE PAISLEY,1623.04,505,114,0,0.0,United Kingdom
37495,FAIRY CAKE BIRTHDAY CANDLE SET,1622.24,440,104,49,0.1114,United Kingdom
21706,FOLDING UMBRELLA RED/WHITE POLKADOT,1616.81,346,120,0,0.0,United Kingdom
22445,PENCIL CASE LIFE IS BEAUTIFUL,1615.91,534,131,62,0.1161,United Kingdom
22166,WALL MIRROR RECTANGLE DIAMANTE PINK,1614.4,207,89,3,0.0145,United Kingdom
23280,FOLDING BUTTERFLY MIRROR HOT PINK,1614.16,2023,158,2,0.001,United Kingdom
23217,LAUREL HEART ANTIQUE SILVER,1613.82,1309,97,0,0.0,United Kingdom
21206,STRAWBERRY HONEYCOMB  GARLAND,1610.92,1290,110,2,0.0016,United Kingdom
22671,FRENCH LAUNDRY SIGN BLUE METAL,1608.7,962,145,1,0.001,United Kingdom
85040A,S/4 PINK FLOWER CANDLES IN BOWL,1607.32,888,172,17,0.0191,United Kingdom
23462,ROCOCO WALL MIRROR WHITE,1607.04,80,59,52,0.65,United Kingdom
22095,LADS ONLY TISSUE BOX,1605.96,1643,145,9,0.0055,United Kingdom
22305,COFFEE MUG PINK PAISLEY DESIGN,1604.58,693,52,1,0.0014,United Kingdom
22292,HANGING CHICK  YELLOW DECORATION,1604.51,1136,112,0,0.0,United Kingdom
21394,RED POLKADOT BEAKER,1603.77,3908,138,57,0.0146,United Kingdom
23287,RED VINTAGE SPOT BEAKER,1603.39,1879,200,51,0.0271,United Kingdom
22948,METAL DECORATION NAUGHTY CHILDREN,1603.29,1599,139,120,0.075,United Kingdom
22284,HEN HOUSE DECORATION,1597.07,927,133,13,0.014,United Kingdom
23226,FILIGREE HEART DAISY WHITE,1596.67,1247,99,48,0.0385,United Kingdom
18097C,WHITE TALL PORCELAIN T-LIGHT HOLDER,1591.01,695,71,292,0.4201,United Kingdom
22475,SKULL DESIGN TV DINNER TRAY,1590.82,321,140,0,0.0,United Kingdom
22398,MAGNETS PACK OF 4 SWALLOWS,1589.12,2575,252,84,0.0326,United Kingdom
15056n,EDWARDIAN PARASOL NATURAL,1585.28,127,84,0,0.0,United Kingdom
21626,VINTAGE UNION JACK PENNANT,1584.8,794,104,22,0.0277,United Kingdom
22449,SILK PURSE BABUSHKA PINK,1583.95,491,145,131,0.2668,United Kingdom
46000M,POLYESTER FILLER PAD 45x45cm,1582.55,1701,144,101,0.0594,United Kingdom
21967,PACK OF 12 SKULL TISSUES,1582.15,5271,232,0,0.0,United Kingdom
23369,SET 36 COLOUR PENCILS LOVE LONDON,1581.06,1105,126,0,0.0,United Kingdom
22676,FRENCH BLUE METAL DOOR SIGN 1,1578.39,1181,209,11,0.0093,United Kingdom
21509,COWBOYS AND INDIANS BIRTHDAY CARD,1572.28,3741,274,0,0.0,United Kingdom
22494,EMERGENCY FIRST AID TIN,1572.27,1088,252,40,0.0368,United Kingdom
22208,WOOD STAMP SET THANK YOU,1571.49,1509,282,13,0.0086,United Kingdom
22434,BALLOON PUMP WITH 10 BALLOONS,1570.41,793,126,18,0.0227,United Kingdom
22583,PACK OF 6 HANDBAG GIFT BOXES,1570.4,573,113,2,0.0035,United Kingdom
85206A,CREAM FELT EASTER EGG BASKET,1568.93,978,116,77,0.0787,United Kingdom
22085,PAPER CHAIN KIT SKULLS,1566.99,548,97,0,0.0,United Kingdom
21913,VINTAGE SEASIDE JIGSAW PUZZLES,1565.83,398,150,3,0.0075,United Kingdom
84279P,CHERRY BLOSSOM  DECORATIVE FLASK,1565.71,461,135,120,0.2603,United Kingdom
22313,OFFICE MUG WARMER PINK,1564.83,565,66,250,0.4425,United Kingdom
85132A,CHARLIE + LOLA BISCUITS TINS,1561.77,545,113,99,0.1817,United Kingdom
21744,SNOWFLAKE PORTABLE TABLE LIGHT,1557.65,529,128,21,0.0397,United Kingdom
23524,WALL ART HORSE & PONY,1557.63,481,64,6,0.0125,United Kingdom
21528,DAIRY MAID TRADITIONAL TEAPOT,1557.57,215,121,14,0.0651,United Kingdom
22675,FRENCH KITCHEN SIGN BLUE METAL,1555.16,1240,167,27,0.0218,United Kingdom
22818,CARD CHRISTMAS VILLAGE,1550.4,3633,247,96,0.0264,United Kingdom
20665,RED RETROSPOT PURSE,1546.27,482,159,64,0.1328,United Kingdom
22982,PANTRY PASTRY BRUSH,1543.77,1154,214,24,0.0208,United Kingdom
22600,CHRISTMAS RETROSPOT STAR WOOD,1543.23,1698,196,28,0.0165,United Kingdom
22318,FIVE HEART HANGING DECORATION,1541.62,462,144,7,0.0152,United Kingdom
21898,POTTING SHED ROSE CANDLE,1541.11,559,28,83,0.1485,United Kingdom
20985,HEART CALCULATOR,1540.59,1179,134,16,0.0136,United Kingdom
84971S,SMALL HEART FLOWERS HOOK,1540.45,1761,173,1,0.0006,United Kingdom
10133,COLOURING PENCILS BROWN TUBE,1539.6,2856,198,92,0.0322,United Kingdom
22176,BLUE OWL SOFT TOY,1536.88,513,119,30,0.0585,United Kingdom
84828,JUNGLE POPSICLES ICE LOLLY MOULDS,1536.36,1099,183,24,0.0218,United Kingdom
22731,3D CHRISTMAS STAMPS STICKERS,1536.24,1172,144,14,0.0119,United Kingdom
23267,SET OF 4 SANTA PLACE SETTINGS,1531.95,1202,109,48,0.0399,United Kingdom
21200,MULTICOLOUR HONEYCOMB PAPER GARLAND,1531.14,1119,75,0,0.0,United Kingdom
23250,VINTAGE RED TRIM ENAMEL BOWL,1531.03,1179,118,121,0.1026,United Kingdom
22828,REGENCY MIRROR WITH SHUTTERS,1530.0,10,7,0,0.0,United Kingdom
22472,TV DINNER TRAY DOLLY GIRL,1527.01,321,110,2,0.0062,United Kingdom
84968E,SET OF 16 VINTAGE BLACK CUTLERY,1522.53,134,47,35,0.2612,United Kingdom
22530,MAGIC DRAWING SLATE DOLLY GIRL,1516.46,3628,234,24,0.0066,United Kingdom
85049C,ROMANTIC PINKS RIBBONS,1515.69,1215,224,0,0.0,United Kingdom
22770,MIRROR CORNICE,1515.68,94,66,4,0.0426,United Kingdom
21352,EUCALYPTUS & PINECONE  WREATH,1511.26,378,80,32,0.0847,United Kingdom
22591,CARDHOLDER GINGHAM CHRISTMAS TREE,1509.41,449,93,59,0.1314,United Kingdom
21361,LOVE LARGE WOOD LETTERS,1505.96,106,73,21,0.1981,United Kingdom
23528,WALL ART SPACEBOY,1504.49,479,50,0,0.0,United Kingdom
22905,CALENDAR IN SEASON DESIGN,1502.29,581,110,0,0.0,United Kingdom
22471,TV DINNER TRAY AIR HOSTESS,1502.02,419,106,1,0.0024,United Kingdom
20668,DISCO BALL CHRISTMAS DECORATION,1501.4,12883,215,0,0.0,United Kingdom
22985,WRAP BILLBOARD FONTS DESIGN,1500.44,3782,99,0,0.0,United Kingdom
21792,CLASSIC FRENCH STYLE BASKET GREEN,1497.72,344,79,17,0.0494,United Kingdom
23271,CHRISTMAS TABLE SILVER CANDLE SPIKE,1496.89,1731,104,0,0.0,United Kingdom
22285,HANGING HEN ON NEST DECORATION,1493.25,870,120,0,0.0,United Kingdom
23334,IVORY WICKER HEART SMALL,1491.75,2271,130,0,0.0,United Kingdom
37342,POLKADOT COFFEE CUP & SAUCER PINK,1489.01,1571,114,122,0.0777,United Kingdom
72349B,SET/6 PURPLE BUTTERFLY T-LIGHTS,1486.69,729,114,0,0.0,United Kingdom
35924,HANGING FAIRY CAKE DECORATION,1484.3,820,77,179,0.2183,United Kingdom
21327,SKULLS WRITING SET,1484.13,864,252,0,0.0,United Kingdom
22203,MILK PAN RED RETROSPOT,1483.13,404,148,2,0.005,United Kingdom
84580,MOUSE TOY WITH PINK T-SHIRT,1482.43,389,165,0,0.0,United Kingdom
23559,WOODLAND BUNNIES LOLLY MAKERS,1482.41,649,124,0,0.0,United Kingdom
21447,12 IVORY ROSE PEG PLACE SETTINGS,1478.1,969,151,119,0.1228,United Kingdom
21619,4 VANILLA BOTANICAL CANDLES,1476.4,974,165,94,0.0965,United Kingdom
23392,SPACEBOY ROCKET LOLLY MAKERS,1475.03,662,114,24,0.0363,United Kingdom
22802,FAUX FUR CHOCOLATE THROW,1474.74,87,49,0,0.0,United Kingdom
22664,TOY TIDY DOLLY GIRL DESIGN,1472.85,713,165,12,0.0168,United Kingdom
21470,FLOWER VINE RAFFIA FOOD COVER,1470.32,381,142,5,0.0131,United Kingdom
23365,SET 12 COLOUR PENCILS LOVE LONDON,1463.08,1857,169,0,0.0,United Kingdom
21705,BAG 500g SWIRLY MARBLES,1462.17,1459,144,20,0.0137,United Kingdom
84818,DANISH ROSE PHOTO FRAME,1460.81,1423,107,165,0.116,United Kingdom
21829,DINOSAUR KEYRINGS ASSORTED,1460.74,6777,181,2437,0.3596,United Kingdom
23470,CARD HOLDER LOVE BIRD LARGE,1460.5,232,92,12,0.0517,United Kingdom
21872,GLAMOROUS  MUG,1454.98,1292,144,16,0.0124,United Kingdom
22461,SAVOY ART DECO CLOCK,1453.58,239,67,59,0.2469,United Kingdom
22696,WICKER WREATH LARGE,1452.55,735,152,0,0.0,United Kingdom
21191,LARGE WHITE HONEYCOMB PAPER BELL,1451.82,562,95,0,0.0,United Kingdom
23086,ZINC  STAR T-LIGHT HOLDER,1451.43,1225,48,16,0.0131,United Kingdom
23034,DRAWER KNOB CERAMIC BLACK,1448.67,979,89,6,0.0061,United Kingdom
15044A,PINK PAPER PARASOL,1439.02,458,103,1,0.0022,United Kingdom
22713,CARD I LOVE LONDON,1437.36,3441,218,8,0.0023,United Kingdom
84031B,CHARLIE LOLA BLUE HOT WATER BOTTLE,1435.72,303,144,21,0.0693,United Kingdom
85054,FRENCH ENAMEL POT W LID,1430.63,614,120,43,0.07,United Kingdom
15058C,ICE CREAM DESIGN GARDEN PARASOL,1429.82,240,73,30,0.125,United Kingdom
21620,SET OF 4 ROSE BOTANICAL CANDLES,1429.49,887,168,1499,1.69,United Kingdom
23527,WALL ART ANIMALS AND NATURE,1428.56,420,50,7,0.0167,United Kingdom
23249,VINTAGE RED ENAMEL TRIM PLATE,1426.1,842,88,55,0.0653,United Kingdom
22922,FRIDGE MAGNETS US DINER ASSORTED,1422.9,1587,108,276,0.1739,United Kingdom
22458,CAST IRON HOOK GARDEN FORK,1421.83,523,24,65,0.1243,United Kingdom
21407,BROWN CHECK CAT DOORSTOP,1421.11,290,140,20,0.069,United Kingdom
22182,CAKE STAND VICTORIAN FILIGREE SMALL,1420.58,372,124,3,0.0081,United Kingdom
21507,"ELEPHANT, BIRTHDAY CARD,",1420.24,3320,264,24,0.0072,United Kingdom
22949,36 DOILIES DOLLY GIRL,1417.55,956,107,14,0.0146,United Kingdom
22306,SILVER MUG BONE CHINA TREE OF LIFE,1415.85,1162,115,17,0.0146,United Kingdom
22714,CARD BIRTHDAY COWBOY,1415.73,3487,226,12,0.0034,United Kingdom
22576,SWALLOW WOODEN CHRISTMAS DECORATION,1414.46,1538,175,36,0.0234,United Kingdom
22531,MAGIC DRAWING SLATE CIRCUS PARADE,1412.41,3382,200,0,0.0,United Kingdom
84536A,ENGLISH ROSE NOTEBOOK A7 SIZE,1409.9,3138,342,32,0.0102,United Kingdom
82567,"AIRLINE LOUNGE,METAL SIGN",1408.07,711,292,73,0.1027,United Kingdom
22915,ASSORTED BOTTLE TOP  MAGNETS,1406.42,3152,189,294,0.0933,United Kingdom
51014C,"FEATHER PEN,COAL BLACK",1405.73,2687,178,110,0.0409,United Kingdom
23104,IVORY CAFE HANGING LAMP,1405.42,118,46,0,0.0,United Kingdom
21363,HOME SMALL WOOD LETTERS,1403.94,243,132,33,0.1358,United Kingdom
23119,PACK OF 6 LARGE FRUIT STRAWS,1401.7,2282,153,36,0.0158,United Kingdom
21424,WOODLAND STORAGE BOX LARGE,1401.02,346,76,45,0.1301,United Kingdom
22436,12 COLOURED PARTY BALLOONS,1398.51,2134,164,20,0.0094,United Kingdom
23055,IVORY CHANDELIER T-LIGHT HOLDER,1395.18,657,44,830,1.2633,United Kingdom
23040,PAPER LANTERN 9 POINT SNOW STAR,1394.03,253,41,0,0.0,United Kingdom
84813,SET OF 4 DIAMOND NAPKIN RINGS,1393.79,166,39,1,0.006,United Kingdom
22443,GROW YOUR OWN HERBS SET OF 3,1391.74,164,93,9,0.0549,United Kingdom
84795B,SUNSET CHECK HAMMOCK,1390.64,176,48,0,0.0,United Kingdom
21519,GIN & TONIC DIET GREETING CARD,1389.22,3299,250,116,0.0352,United Kingdom
22677,FRENCH BLUE METAL DOOR SIGN 2,1389.07,1018,195,11,0.0108,United Kingdom
22976,CIRCUS PARADE CHILDRENS EGG CUP,1389.01,1066,145,13,0.0122,United Kingdom
21537,RED RETROSPOT PUDDING BOWL,1387.96,332,69,135,0.4066,United Kingdom
22299,PIG KEYRING WITH LIGHT & SOUND,1386.97,1379,83,52,0.0377,United Kingdom
23376,PACK OF 12 VINTAGE CHRISTMAS TISSUE,1384.91,3039,156,24,0.0079,United Kingdom
22071,SMALL WHITE RETROSPOT MUG IN BOX,1384.3,729,91,286,0.3923,United Kingdom
21123,SET/10 IVORY POLKADOT PARTY CANDLES,1380.84,1143,155,24,0.021,United Kingdom
22363,GLASS JAR MARMALADE,1380.8,483,88,130,0.2692,United Kingdom
21071,VINTAGE BILLBOARD DRINK ME MUG,1380.28,992,180,88,0.0887,United Kingdom
22735,RIBBON REEL SOCKS AND MITTENS,1379.21,741,136,0,0.0,United Kingdom
23414,ZINC BOX SIGN HOME,1378.75,141,65,4,0.0284,United Kingdom
21382,SET/4 SPRING FLOWER DECORATION,1376.53,1143,129,8,0.007,United Kingdom
22047,EMPIRE GIFT WRAP,1373.5,3375,107,25,0.0074,United Kingdom
21820,GLITTER HEART GARLAND WITH BELLS,1368.47,329,94,240,0.7295,United Kingdom
23000,TRAVEL CARD WALLET TRANSPORT,1368.28,3169,282,39,0.0123,United Kingdom
22609,PENS ASSORTED SPACEBALL,1368.1,5874,156,36,0.0061,United Kingdom
22063,CERAMIC BOWL WITH STRAWBERRY DESIGN,1367.45,583,125,6,0.0103,United Kingdom
23546,WRAP PAISLEY PARK,1365.0,3250,120,0,0.0,United Kingdom
23221,REINDEER HEART DECORATION SILVER,1363.04,1536,148,58,0.0378,United Kingdom
22716,CARD CIRCUS PARADE,1360.91,3201,288,0,0.0,United Kingdom
85227,SET OF 6 3D KIT CARDS FOR KIDS,1359.4,1477,223,0,0.0,United Kingdom
22911,PAPER CHAIN KIT LONDON,1358.09,463,97,6,0.013,United Kingdom
85232B,SET OF 3 BABUSHKA STACKING TINS,1356.3,280,21,256,0.9143,United Kingdom
23469,CARD HOLDER LOVE BIRD SMALL,1355.24,332,74,4,0.012,United Kingdom
21039,RED RETROSPOT SHOPPING BAG,1353.69,523,92,12,0.0229,United Kingdom
22304,COFFEE MUG BLUE PAISLEY DESIGN,1352.88,761,61,0,0.0,United Kingdom
21686,MEDINA STAMPED METAL STOOL,1351.64,37,22,1,0.027,United Kingdom
22754,SMALL RED BABUSHKA NOTEBOOK,1350.47,1951,266,0,0.0,United Kingdom
21615,4 LAVENDER BOTANICAL DINNER CANDLES,1347.92,891,136,26,0.0292,United Kingdom
22421,LIPSTICK PEN FUSCHIA,1347.1,2597,214,2,0.0008,United Kingdom
22399,MAGNETS PACK OF 4 CHILDHOOD MEMORY,1347.08,1152,101,24,0.0208,United Kingdom
21987,PACK OF 6 SKULL PAPER CUPS,1346.65,2113,173,13,0.0062,United Kingdom
22912,YELLOW COAT RACK PARIS FASHION,1342.39,287,102,6,0.0209,United Kingdom
22917,HERB MARKER ROSEMARY,1340.22,1937,241,12,0.0062,United Kingdom
21246,RED RETROSPOT BIG BOWL,1336.78,286,100,96,0.3357,United Kingdom
22073,RED RETROSPOT STORAGE JAR,1336.14,334,72,68,0.2036,United Kingdom
22293,HANGING CHICK GREEN DECORATION,1335.87,903,122,0,0.0,United Kingdom
23061,VINTAGE EMBOSSED HEART,1332.68,1015,118,3,0.003,United Kingdom
21624,VINTAGE UNION JACK DOORSTOP,1331.56,216,97,5,0.0231,United Kingdom
72802A,ROSE SCENT CANDLE IN JEWELLED BOX,1329.91,377,70,360,0.9549,United Kingdom
23538,WALL ART VINTAGE HEART,1329.54,331,32,0,0.0,United Kingdom
22362,GLASS JAR PEACOCK BATH SALTS,1329.44,414,144,33,0.0797,United Kingdom
22742,MAKE YOUR OWN PLAYTIME CARD KIT,1323.57,639,102,2,0.0031,United Kingdom
85183B,CHARLIE & LOLA WASTEPAPER BIN FLORA,1323.37,996,118,0,0.0,United Kingdom
22650,CERAMIC PIRATE CHEST MONEY BANK,1320.7,852,146,3,0.0035,United Kingdom
21818,GLITTER HEART DECORATION,1320.41,2737,164,130,0.0475,United Kingdom
22916,HERB MARKER THYME,1314.21,1905,238,12,0.0063,United Kingdom
21179,NO JUNK MAIL METAL SIGN,1313.79,1940,269,86,0.0443,United Kingdom
23373,VINTAGE CHRISTMAS PAPER GIFT BAG,1313.39,1608,100,0,0.0,United Kingdom
37447,CERAMIC CAKE DESIGN SPOTTED PLATE,1313.28,820,121,17,0.0207,United Kingdom
23405,HOME SWEET HOME 2 DRAWER CABINET,1311.48,252,71,1,0.004,United Kingdom
90057,DIAMANTE RING ASSORTED IN BOX.,1311.36,1008,23,380,0.377,United Kingdom
21195,PINK  HONEYCOMB PAPER BALL,1308.56,693,82,31,0.0447,United Kingdom
22686,FRENCH BLUE METAL DOOR SIGN No,1308.38,1019,167,24,0.0236,United Kingdom
22028,PENNY FARTHING BIRTHDAY CARD,1304.14,3042,265,62,0.0204,United Kingdom
85199S,SMALL HANGING IVORY/RED WOOD BIRD,1302.31,2660,262,24,0.009,United Kingdom
21627,ELEPHANT CARNIVAL POUFFE,1299.83,63,48,32,0.5079,United Kingdom
21793,CLASSIC FRENCH STYLE BASKET BROWN,1296.61,304,75,40,0.1316,United Kingdom
22310,IVORY KNITTED MUG COSY,1296.23,668,109,0,0.0,United Kingdom
21422,PORCELAIN ROSE SMALL,1295.0,1607,66,59,0.0367,United Kingdom
22439,6 ROCKET BALLOONS,1293.22,1898,200,68,0.0358,United Kingdom
21866,UNION JACK FLAG LUGGAGE TAG,1292.38,747,193,0,0.0,United Kingdom
22372,AIRLINE BAG VINTAGE WORLD CHAMPION,1289.49,282,151,1,0.0035,United Kingdom
21616,4 PEAR BOTANICAL DINNER CANDLES,1288.34,822,138,0,0.0,United Kingdom
84012,MAGIC SHEEP WOOL GROWING FROM PAPER,1283.99,1265,116,120,0.0949,United Kingdom
21408,SPOTTY PINK DUCK DOORSTOP,1282.81,285,118,2,0.007,United Kingdom
21064,BOOM BOX SPEAKER BOYS,1281.2,296,101,0,0.0,United Kingdom
21901,"KEY FOB , BACK DOOR",1277.89,1829,310,9,0.0049,United Kingdom
22918,HERB MARKER PARSLEY,1275.35,1869,239,12,0.0064,United Kingdom
21090,SET/6 COLLAGE PAPER PLATES,1274.19,2413,221,228,0.0945,United Kingdom
47480,HANGING PHOTO CLIP ROPE LADDER,1274.17,746,86,0,0.0,United Kingdom
23072,MARIE ANTOINETTE TRINKET BOX SILVER,1273.76,334,33,122,0.3653,United Kingdom
85059,FRENCH ENAMEL WATER BASIN,1273.11,411,130,8,0.0195,United Kingdom
21211,SET OF 72 SKULL PAPER  DOILIES,1270.07,883,103,0,0.0,United Kingdom
21897,POTTING SHED CANDLE CITRONELLA,1268.19,465,5,22,0.0473,United Kingdom
21902,"KEY FOB , FRONT  DOOR",1262.37,1962,212,9,0.0046,United Kingdom
47503A,ASS FLORAL PRINT MULTI SCREWDRIVER,1254.12,2855,168,41,0.0144,United Kingdom
22977,DOLLY GIRL CHILDRENS EGG CUP,1252.61,950,136,1,0.0011,United Kingdom
22999,TRAVEL CARD WALLET VINTAGE LEAF,1252.59,2894,224,3,0.001,United Kingdom
23511,EMBROIDERED RIBBON REEL EMILY,1252.01,571,99,5,0.0088,United Kingdom
22597,MUSICAL ZINC HEART DECORATION,1247.49,2821,188,34,0.0121,United Kingdom
22572,ROCKING HORSE GREEN CHRISTMAS,1244.67,1380,180,335,0.2428,United Kingdom
22442,GROW YOUR OWN FLOWERS SET OF 3,1241.3,296,85,11,0.0372,United Kingdom
22074,6 RIBBONS SHIMMERING PINKS,1239.67,1402,200,12,0.0086,United Kingdom
71038,WHITE HANGING BEADS CANDLE HOLDER,1239.5,405,51,21,0.0519,United Kingdom
23067,HANGING ENGRAVED METAL HEART,1236.66,294,78,0,0.0,United Kingdom
22603,CHRISTMAS RETROSPOT TREE WOOD,1235.38,1387,173,13,0.0094,United Kingdom
22338,STAR DECORATION PAINTED ZINC,1233.91,4679,182,21,0.0045,United Kingdom
21262,WHITE GOOSE FEATHER CHRISTMAS TREE,1233.21,332,81,5,0.0151,United Kingdom
72817,SET OF 2 CHRISTMAS DECOUPAGE CANDLE,1232.27,1255,166,91,0.0725,United Kingdom
23138,SINGLE WIRE HOOK IVORY HEART,1231.51,879,83,12,0.0137,United Kingdom
23539,WALL ART LOVES' SECRET,1227.95,247,41,0,0.0,United Kingdom
22129,PARTY CONES CANDY DECORATION,1226.42,1188,100,0,0.0,United Kingdom
22613,PACK OF 20 SPACEBOY NAPKINS,1222.61,1538,146,10,0.0065,United Kingdom
22919,HERB MARKER MINT,1221.86,1753,241,12,0.0068,United Kingdom
23142,IVORY WIRE KITCHEN ORGANISER,1220.82,121,42,2,0.0165,United Kingdom
22315,200 RED + WHITE BENDY STRAWS,1218.93,916,172,0,0.0,United Kingdom
82578,KITCHEN METAL SIGN,1217.85,2058,306,12,0.0058,United Kingdom
82599,FANNY'S REST STOPMETAL SIGN,1217.73,510,144,301,0.5902,United Kingdom
22575,METAL MERRY CHRISTMAS WREATH,1216.22,636,92,136,0.2138,United Kingdom
23598,PAPER BUNTING VINTAGE PARTY,1215.53,427,47,0,0.0,United Kingdom
22589,CARDHOLDER GINGHAM STAR,1212.82,379,79,0,0.0,United Kingdom
22416,SET OF 36 DOILIES SPACEBOY DESIGN,1210.82,868,77,6,0.0069,United Kingdom
21846,PINK DIAMANTE PEN IN GIFT BOX,1206.97,424,104,12,0.0283,United Kingdom
72800E,4 IVORY DINNER CANDLES SILVER FLOCK,1205.64,538,136,0,0.0,United Kingdom
22168,ORGANISER WOOD ANTIQUE WHITE,1205.3,150,89,33,0.22,United Kingdom
23071,MARIE ANTOINETTE TRINKET BOX GOLD,1205.1,315,24,141,0.4476,United Kingdom
22711,WRAP CIRCUS PARADE,1202.84,2902,105,50,0.0172,United Kingdom
84884A,ANT WHITE WIRE HEART SPIRAL,1201.91,301,79,1,0.0033,United Kingdom
23444,Next Day Carriage,1200.0,279,81,1,0.0036,United Kingdom
22929,SCHOOL DESK AND CHAIR,1199.75,19,15,3,0.1579,United Kingdom
23026,DRAWER KNOB VINTAGE GLASS STAR,1198.96,556,64,14,0.0252,United Kingdom
21986,PACK OF 12 PINK POLKADOT TISSUES,1197.73,4067,189,0,0.0,United Kingdom
22755,SMALL PURPLE BABUSHKA NOTEBOOK,1187.96,1687,251,0,0.0,United Kingdom
22453,MEASURING TAPE BABUSHKA BLUE,1185.79,442,80,13,0.0294,United Kingdom
21070,VINTAGE BILLBOARD MUG,1184.98,1106,107,0,0.0,United Kingdom
22921,HERB MARKER CHIVES,1180.87,1716,210,12,0.007,United Kingdom
23041,PAPER LANTERN 9 POINT SNOW STAR,1178.48,272,55,24,0.0882,United Kingdom
22081,RIBBON REEL FLORA + FAUNA,1176.5,644,139,10,0.0155,United Kingdom
23225,CHERUB HEART DECORATION SILVER,1176.17,1355,92,84,0.062,United Kingdom
85039B,S/4 IVORY MINI ROSE CANDLE IN BOWL,1174.63,806,172,0,0.0,United Kingdom
23523,WALL ART TREASURE AHOY,1173.81,360,42,6,0.0167,United Kingdom
23431,NATURAL HANGING QUILTED HEARTS,1171.23,1449,75,16,0.011,United Kingdom
22757,LARGE RED BABUSHKA NOTEBOOK,1167.74,1096,164,1,0.0009,United Kingdom
21742,LARGE ROUND WICKER PLATTER,1167.58,194,91,0,0.0,United Kingdom
20984,12 PENCILS TALL TUBE POSY,1166.07,3963,174,70,0.0177,United Kingdom
23418,LAVENDER TOILETTE BOTTLE,1166.0,557,79,0,0.0,United Kingdom
84313C,ORANGE TV TRAY TABLE,1165.91,510,46,13,0.0255,United Kingdom
23515,EMBROIDERED RIBBON REEL DAISY,1164.98,579,71,0,0.0,United Kingdom
23508,MINI PLAYING CARDS DOLLY GIRL,1163.45,2627,121,2,0.0008,United Kingdom
21628,TRIANGULAR POUFFE VINTAGE,1161.65,63,34,2,0.0317,United Kingdom
22334,DINOSAUR PARTY BAG + STICKER SET,1160.71,707,101,0,0.0,United Kingdom
21065,BOOM BOX SPEAKER GIRLS,1160.58,562,90,0,0.0,United Kingdom
22708,WRAP DOLLY GIRL,1160.0,2800,101,25,0.0089,United Kingdom
20801,LARGE PINK GLASS SUNDAE DISH,1157.8,1019,84,32,0.0314,United Kingdom
22680,FRENCH BLUE METAL DOOR SIGN 5,1157.79,854,161,30,0.0351,United Kingdom
23566,EGG CUP MILKMAID HEIDI,1156.93,881,84,4,0.0045,United Kingdom
85132B,CHARLIE AND LOLA TABLE TINS,1156.17,529,76,42,0.0794,United Kingdom
23507,MINI PLAYING CARDS BUFFALO BILL,1155.67,2882,119,0,0.0,United Kingdom
22924,FRIDGE MAGNETS LA VIE EN ROSE,1154.6,1295,93,259,0.2,United Kingdom
21773,DECORATIVE ROSE BATHROOM BOTTLE,1154.17,1170,163,0,0.0,United Kingdom
23269,SET OF 2 CERAMIC CHRISTMAS TREES,1152.98,779,95,1440,1.8485,United Kingdom
21774,DECORATIVE CATS BATHROOM BOTTLE,1152.4,1095,187,1,0.0009,United Kingdom
22678,FRENCH BLUE METAL DOOR SIGN 3,1151.56,864,169,11,0.0127,United Kingdom
23402,HOME SWEET HOME 3 PEG HANGER,1147.28,296,68,0,0.0,United Kingdom
22320,BIRDS MOBILE VINTAGE DESIGN,1147.27,189,77,9,0.0476,United Kingdom
20956,PORCELAIN T-LIGHT HOLDERS ASSORTED,1146.52,1110,106,880,0.7928,United Kingdom
22325,MOBILE VINTAGE HEARTS,1146.35,249,99,13,0.0522,United Kingdom
85106,CUT GLASS HEXAGON T-LIGHT HOLDER,1142.31,669,23,562,0.8401,United Kingdom
22497,SET OF 2 TINS VINTAGE BATHROOM,1140.9,224,101,17,0.0759,United Kingdom
21043,APRON MODERN VINTAGE COTTON,1139.86,492,92,50,0.1016,United Kingdom
21947,SET OF 6 HEART CHOPSTICKS,1139.65,811,152,0,0.0,United Kingdom
21395,BLUE POLKADOT BEAKER,1139.06,2838,94,48,0.0169,United Kingdom
22581,WOOD STOCKING CHRISTMAS SCANDISPOT,1137.28,1569,178,2,0.0013,United Kingdom
22446,PIN CUSHION BABUSHKA PINK,1135.18,439,133,0,0.0,United Kingdom
22094,RED RETROSPOT TISSUE BOX,1135.0,2166,205,65,0.03,United Kingdom
85159B,"WHITE TEA,COFFEE,SUGAR JARS",1134.5,622,72,38,0.0611,United Kingdom
22155,STAR DECORATION RUSTIC,1133.61,2452,144,118,0.0481,United Kingdom
22376,AIRLINE BAG VINTAGE JET SET WHITE,1133.2,253,123,0,0.0,United Kingdom
84912B,GREEN ROSE WASHBAG,1132.85,323,162,107,0.3313,United Kingdom
22923,FRIDGE MAGNETS LES ENFANTS ASSORTED,1130.77,1366,88,188,0.1376,United Kingdom
85087,CANDY SPOT CUSHION COVER,1129.99,339,127,17,0.0501,United Kingdom
47585A,PINK FAIRY CAKE CUSHION COVER,1129.44,264,83,0,0.0,United Kingdom
22539,MINI JIGSAW DOLLY GIRL,1129.32,2918,136,0,0.0,United Kingdom
23506,MINI PLAYING CARDS SPACEBOY,1129.12,2723,146,0,0.0,United Kingdom
22211,WOOD STAMP SET FLOWERS,1122.39,1008,197,48,0.0476,United Kingdom
84944,SET OF 6 KASHMIR FOLKART BAUBLES,1120.26,949,91,105,0.1106,United Kingdom
22815,CARD PSYCHEDELIC APPLES,1118.84,2628,268,0,0.0,United Kingdom
23510,MINI PLAYING CARDS GYMKHANA,1118.8,2521,120,0,0.0,United Kingdom
23411,TRELLIS COAT RACK,1118.61,227,57,1,0.0044,United Kingdom
21809,CHRISTMAS HANGING TREE WITH BELL,1117.92,2036,120,140,0.0688,United Kingdom
21466,RED FLOWER CROCHET FOOD COVER,1116.89,304,112,0,0.0,United Kingdom
47580,TEA TIME DES TEA COSY,1116.72,388,112,12,0.0309,United Kingdom
22817,CARD SUKI BIRTHDAY,1114.81,2639,290,0,0.0,United Kingdom
22608,PENS ASSORTED FUNKY JEWELED,1114.64,5211,145,7,0.0013,United Kingdom
23513,EMBROIDERED RIBBON REEL SUSIE,1114.26,566,71,6,0.0106,United Kingdom
21984,PACK OF 12 PINK PAISLEY TISSUES,1112.6,3458,214,60,0.0174,United Kingdom
22342,HOME GARLAND PAINTED ZINC,1111.58,997,130,36,0.0361,United Kingdom
22060,LARGE CAKE STAND HANGING HEARTS,1111.05,231,42,33,0.1429,United Kingdom
22758,LARGE PURPLE BABUSHKA NOTEBOOK,1110.25,1195,178,0,0.0,United Kingdom
22153,ANGEL DECORATION STARS ON DRESS,1109.05,2593,134,70,0.027,United Kingdom
23433,HANGING QUILTED PATCHWORK APPLES,1108.58,1258,92,47,0.0374,United Kingdom
21693,SMALL HAMMERED SILVER CANDLEPOT,1107.91,361,51,87,0.241,United Kingdom
21830,ASSORTED CREEPY CRAWLIES,1107.07,3053,108,1889,0.6187,United Kingdom
85116,BLACK CANDELABRA T-LIGHT HOLDER,1106.88,941,91,30,0.0319,United Kingdom
22444,GROW YOUR OWN PLANT IN A CAN,1106.62,1382,65,42,0.0304,United Kingdom
85127,SMALL SQUARE CUT GLASS CANDLESTICK,1106.54,193,54,11,0.057,United Kingdom
85114A,BLACK ENCHANTED FOREST PLACEMAT,1105.21,649,56,0,0.0,United Kingdom
22819,"BIRTHDAY CARD, RETRO SPOT",1104.81,2608,270,0,0.0,United Kingdom
22221,CAKE STAND LOVEBIRD 2 TIER PINK,1104.54,131,53,2,0.0153,United Kingdom
21824,PAINTED METAL STAR WITH HOLLY BELLS,1102.42,1916,119,127,0.0663,United Kingdom
21688,SILVER PLATE CANDLE BOWL SMALL,1101.28,348,58,337,0.9684,United Kingdom
23375,50'S CHRISTMAS PAPER GIFT BAG,1100.69,1342,104,1,0.0007,United Kingdom
22984,CARD GINGHAM ROSE,1096.09,2693,163,0,0.0,United Kingdom
22997,TRAVEL CARD WALLET UNION JACK,1094.93,2545,230,78,0.0306,United Kingdom
22309,TEA COSY RED  STRIPE,1091.05,369,121,0,0.0,United Kingdom
23087,ZINC  HEART T-LIGHT HOLDER,1090.66,868,70,15,0.0173,United Kingdom
23432,PRETTY HANGING QUILTED HEARTS,1088.36,1276,74,0,0.0,United Kingdom
22785,SQUARECUSHION COVER PINK UNION JACK,1087.57,245,74,0,0.0,United Kingdom
15056bl,EDWARDIAN PARASOL BLACK,1086.88,87,62,0,0.0,United Kingdom
21469,POLKA DOT RAFFIA FOOD COVER,1085.32,290,91,2,0.0069,United Kingdom
21991,BOHEMIAN COLLAGE STATIONERY SET,1080.82,635,212,12,0.0189,United Kingdom
21224,SET/4 SKULL BADGES,1080.0,914,167,12,0.0131,United Kingdom
84459B,YELLOW METAL CHICKEN HEART,1079.67,738,94,7,0.0095,United Kingdom
23347,I LOVE LONDON BEAKER,1077.3,860,100,34,0.0395,United Kingdom
22611,VINTAGE UNION JACK SHOPPING BAG,1077.03,225,46,0,0.0,United Kingdom
23102,SILVER HEARTS TABLE DECORATION,1075.03,1274,157,0,0.0,United Kingdom
22245,"HOOK, 1 HANGER ,MAGIC GARDEN",1070.0,1262,102,152,0.1204,United Kingdom
51014L,"FEATHER PEN,LIGHT PINK",1069.14,2059,151,84,0.0408,United Kingdom
22123,PING MICROWAVE APRON,1068.38,508,122,0,0.0,United Kingdom
85036C,ROSE 1 WICK MORRIS BOXED CANDLE,1066.86,742,89,1757,2.3679,United Kingdom
35648,VINTAGE BEAD PINK PURSE,1066.66,979,132,81,0.0827,United Kingdom
21819,GLITTER CHRISTMAS STAR,1066.65,2470,125,14,0.0057,United Kingdom
23331,DECORATIVE WICKER HEART SMALL,1062.28,1596,109,0,0.0,United Kingdom
21288,STRIPEY CHOCOLATE NESTING BOXES,1061.41,355,112,46,0.1296,United Kingdom
20931,BLUE POT PLANT CANDLE,1060.9,299,71,15,0.0502,United Kingdom
23033,DRAWER KNOB CERAMIC RED,1058.9,714,74,0,0.0,United Kingdom
22995,TRAVEL CARD WALLET SUKI,1058.64,2381,269,49,0.0206,United Kingdom
23516,EMBROIDERED RIBBON REEL SOPHIE,1058.6,296,42,0,0.0,United Kingdom
84459A,PINK METAL CHICKEN HEART,1058.18,716,94,60,0.0838,United Kingdom
22190,LOCAL CAFE MUG,1057.71,676,116,0,0.0,United Kingdom
21391,FRENCH LAVENDER SCENT HEART,1055.59,1069,109,371,0.3471,United Kingdom
21464,DISCO BALL ROTATOR BATTERY OPERATED,1055.25,249,109,9,0.0361,United Kingdom
21949,SET OF 6 STRAWBERRY CHOPSTICKS,1054.44,801,144,0,0.0,United Kingdom
85035B,CHOCOLATE 3 WICK MORRIS BOX CANDLE,1054.1,619,71,36,0.0582,United Kingdom
16016,LARGE CHINESE STYLE SCISSOR,1053.45,1273,65,0,0.0,United Kingdom
22152,PLACE SETTING WHITE STAR,1053.08,2407,108,183,0.076,United Kingdom
23327,HANGING CLEAR MINI BOTTLE,1051.14,1734,43,8,0.0046,United Kingdom
16237,SLEEPING CAT ERASERS,1047.93,4991,291,60,0.012,United Kingdom
22066,LOVE HEART TRINKET POT,1044.81,2239,137,5,0.0022,United Kingdom
23419,HOME SWEET HOME BOTTLE,1043.72,473,87,1,0.0021,United Kingdom
22163,HEART STRING MEMO HOLDER HANGING,1042.78,875,125,115,0.1314,United Kingdom
85180A,RED HEARTS LIGHT CHAIN,1042.66,503,64,6,0.0119,United Kingdom
21508,VINTAGE KID DOLLY CARD,1041.94,2478,214,12,0.0048,United Kingdom
22808,SET OF 6 T-LIGHTS EASTER CHICKS,1038.87,345,76,18,0.0522,United Kingdom
79302M,"ART LIGHTS,FUNK MONKEY",1037.54,443,63,0,0.0,United Kingdom
21821,GLITTER STAR GARLAND WITH BELLS,1037.05,251,63,12,0.0478,United Kingdom
22438,BALLOON ART MAKE YOUR OWN FLOWERS,1034.9,1009,98,0,0.0,United Kingdom
23088,ZINC HEART FLOWER T-LIGHT HOLDER,1033.28,795,79,0,0.0,United Kingdom
22402,MAGNETS PACK OF 4 VINTAGE COLLAGE,1033.16,1719,153,12,0.007,United Kingdom
22091,EMPIRE TISSUE BOX,1030.1,1983,168,7,0.0035,United Kingdom
21788,KIDS RAIN MAC BLUE,1029.24,1293,88,22,0.017,United Kingdom
21679,SKULLS  STICKERS,1028.58,1140,138,0,0.0,United Kingdom
20967,GREY FLORAL FELTCRAFT SHOULDER BAG,1027.94,266,85,77,0.2895,United Kingdom
22231,JIGSAW TREE WITH BIRDHOUSE,1027.72,998,153,69,0.0691,United Kingdom
23545,WRAP RED VINTAGE DOILY,1025.6,2480,84,0,0.0,United Kingdom
22614,PACK OF 12 SPACEBOY TISSUES,1024.22,3032,223,37,0.0122,United Kingdom
22024,RAINY LADIES BIRTHDAY CARD,1023.73,2406,215,62,0.0258,United Kingdom
22679,FRENCH BLUE METAL DOOR SIGN 4,1023.03,761,160,10,0.0131,United Kingdom
15044C,PURPLE PAPER PARASOL,1022.99,313,90,3,0.0096,United Kingdom
20966,SANDWICH BATH SPONGE,1022.8,720,101,194,0.2694,United Kingdom
22286,DECORATION WOBBLY RABBIT METAL,1022.49,1123,116,47,0.0419,United Kingdom
21188,3D HEARTS  HONEYCOMB PAPER GARLAND,1021.9,326,50,0,0.0,United Kingdom
23452,HEART MINI PORTRAIT FRAME,1021.76,518,88,1,0.0019,United Kingdom
23153,ZINC SWEETHEART WIRE LETTER RACK,1020.69,263,91,4,0.0152,United Kingdom
22459,CAST IRON HOOK GARDEN TROWEL,1018.19,451,28,268,0.5942,United Kingdom
22860,EASTER TIN CHICKS PINK DAISY,1017.77,589,109,15,0.0255,United Kingdom
22673,FRENCH GARDEN SIGN BLUE METAL,1016.08,791,132,12,0.0152,United Kingdom
21803,CHRISTMAS TREE STAR DECORATION,1016.02,2373,200,38,0.016,United Kingdom
23544,WALL ART MID CENTURY MODERN,1015.78,164,21,1,0.0061,United Kingdom
85039A,SET/4 RED MINI ROSE CANDLE IN BOWL,1010.62,704,163,1,0.0014,United Kingdom
23107,WHITE HEARTS WIRE PLANT POT HOLDER,1009.51,359,73,0,0.0,United Kingdom
21617,4 LILY  BOTANICAL DINNER CANDLES,1009.26,525,102,0,0.0,United Kingdom
21354,TOAST ITS - BEST MUM,1007.71,799,95,0,0.0,United Kingdom
23460,SWEETHEART WALL TIDY,1007.08,108,47,5,0.0463,United Kingdom
21198,WHITE HEART CONFETTI IN TUBE,1006.82,1028,73,72,0.07,United Kingdom
72816,SET/3 CHRISTMAS DECOUPAGE CANDLES,1005.32,892,72,61,0.0684,United Kingdom
21467,CHERRY CROCHET FOOD COVER,1004.39,264,106,2,0.0076,United Kingdom
22279,POCKET BAG BLUE PAISLEY RED SPOT,1003.4,831,129,1,0.0012,United Kingdom
22098,BOUDOIR SQUARE TISSUE BOX,1001.55,1992,178,75,0.0377,United Kingdom
22695,WICKER WREATH SMALL,1001.49,741,123,0,0.0,United Kingdom
23281,FOLDING BUTTERFLY MIRROR RED,1000.82,1280,101,0,0.0,United Kingdom
23121,PACK OF 6 COCKTAIL PARASOL STRAWS,1000.44,2501,111,0,0.0,United Kingdom
23533,WALL ART GARDEN HAVEN,998.64,215,36,0,0.0,United Kingdom
23517,EMBROIDERED RIBBON REEL REBECCA,996.38,334,63,0,0.0,United Kingdom
22242,5 HOOK HANGER MAGIC TOADSTOOL,994.38,650,40,87,0.1338,United Kingdom
10125,MINI FUNKY DESIGN TAPES,993.99,1295,91,0,0.0,United Kingdom
22069,BROWN  PIRATE TREASURE CHEST,993.5,414,146,0,0.0,United Kingdom
21355,TOAST ITS - I LOVE YOU,992.58,879,122,217,0.2469,United Kingdom
85232D,SET/3 DECOUPAGE STACKING TINS,992.52,337,73,121,0.3591,United Kingdom
84558A,3D DOG PICTURE PLAYING CARDS,987.41,333,81,0,0.0,United Kingdom
20886,BOX OF 9 PEBBLE CANDLES,986.23,495,106,71,0.1434,United Kingdom
35651,VINTAGE BEAD PINK SCARF,985.84,451,59,12,0.0266,United Kingdom
20802,SMALL GLASS SUNDAE DISH CLEAR,984.47,739,65,39,0.0528,United Kingdom
23380,PACK OF 12 VINTAGE DOILY TISSUES,983.5,2344,123,36,0.0154,United Kingdom
21648,ASSORTED TUTTI FRUTTI SMALL PURSE,982.79,729,68,131,0.1797,United Kingdom
23518,EMBROIDERED RIBBON REEL RACHEL,980.41,361,45,6,0.0166,United Kingdom
35471D,SET OF 3 BIRD LIGHT PINK FEATHER,979.11,1848,225,2,0.0011,United Kingdom
21948,SET OF 6 CAKE CHOPSTICKS,978.23,640,153,0,0.0,United Kingdom
23514,EMBROIDERED RIBBON REEL SALLY,977.39,478,75,6,0.0126,United Kingdom
85064,CREAM SWEETHEART LETTER RACK,976.25,216,35,15,0.0694,United Kingdom
23512,EMBROIDERED RIBBON REEL ROSIE,975.24,500,57,0,0.0,United Kingdom
22681,FRENCH BLUE METAL DOOR SIGN 6,973.15,728,134,12,0.0165,United Kingdom
84843,WHITE SOAP RACK WITH 2 BOTTLES,969.8,172,49,1,0.0058,United Kingdom
22307,GOLD MUG BONE CHINA TREE OF LIFE,969.64,770,79,39,0.0506,United Kingdom
22599,CHRISTMAS MUSICAL ZINC STAR,967.76,1953,124,24,0.0123,United Kingdom
23183,MOTHER'S KITCHEN SPOON REST,967.17,226,87,8,0.0354,United Kingdom
22500,SET OF 2 TINS JARDIN DE PROVENCE,967.05,248,96,0,0.0,United Kingdom
22857,ASSORTED EASTER GIFT TAGS,965.86,1145,62,48,0.0419,United Kingdom
21058,PARTY INVITES WOODLAND,965.66,1154,123,12,0.0104,United Kingdom
47504H,ENGLISH ROSE SPIRIT LEVEL,964.38,978,119,4,0.0041,United Kingdom
21389,IVORY HANGING DECORATION  BIRD,964.23,1113,129,1,0.0009,United Kingdom
22209,WOOD STAMP SET HAPPY BIRTHDAY,964.22,945,174,12,0.0127,United Kingdom
22246,MAGIC GARDEN FELT GARLAND,962.77,431,91,12,0.0278,United Kingdom
22540,MINI JIGSAW CIRCUS PARADE,960.86,2519,92,1,0.0004,United Kingdom
22210,WOOD STAMP SET BEST WISHES,958.04,1017,187,0,0.0,United Kingdom
20846,ZINC HEART LATTICE T-LIGHT HOLDER,957.32,716,88,0,0.0,United Kingdom
22994,TRAVEL CARD WALLET RETROSPOT,956.94,2194,224,30,0.0137,United Kingdom
70007,HI TEC ALPINE HAND WARMER,956.36,841,108,12,0.0143,United Kingdom
20733,GOLD MINI TAPE MEASURE,956.36,1234,206,300,0.2431,United Kingdom
84913A,SOFT PINK ROSE TOWEL,952.83,273,125,75,0.2747,United Kingdom
84819,DANISH ROSE ROUND SEWING BOX,951.79,811,64,4,0.0049,United Kingdom
84509G,SET OF 4 FAIRY CAKE PLACEMATS,950.49,517,66,0,0.0,United Kingdom
22262,FELT EGG COSY CHICKEN,950.46,1023,139,5,0.0049,United Kingdom
84596G,SMALL CHOCOLATES PINK BOWL,949.08,2143,247,365,0.1703,United Kingdom
21683,MEDIUM MEDINA STAMPED METAL BOWL,948.7,310,59,38,0.1226,United Kingdom
23540,WALL ART THE MAGIC FOREST,947.06,150,14,0,0.0,United Kingdom
21717,EASTER TIN BUCKET,946.93,413,43,42,0.1017,United Kingdom
15044B,BLUE PAPER PARASOL,946.83,321,62,28,0.0872,United Kingdom
47593B,SCOTTIE DOGS BABY BIB,946.13,1987,245,0,0.0,United Kingdom
22270,HAPPY EASTER HANGING DECORATION,942.2,243,56,7,0.0288,United Kingdom
22132,RED LOVE HEART SHAPE CUP,939.03,1038,155,12,0.0116,United Kingdom
35646,VINTAGE BEAD PINK EVENING BAG,937.25,619,94,0,0.0,United Kingdom
23178,JAM CLOCK MAGNET,936.89,327,71,5,0.0153,United Kingdom
21462,"NURSERY A,B,C PAINTED LETTERS",932.4,198,73,0,0.0,United Kingdom
22893,MINI CAKE STAND T-LIGHT HOLDER,931.02,1872,148,63,0.0337,United Kingdom
21682,LARGE MEDINA STAMPED METAL BOWL,930.96,326,58,159,0.4877,United Kingdom
23179,CLOCK MAGNET MUM'S KITCHEN,930.48,324,53,0,0.0,United Kingdom
22281,EASTER TREE YELLOW BIRDS,929.44,131,63,0,0.0,United Kingdom
22046,TEA PARTY  WRAPPING PAPER,929.0,2250,77,34,0.0151,United Kingdom
23099,FRENCH CARRIAGE LANTERN,925.35,137,62,8,0.0584,United Kingdom
85103,SILVER T-LIGHT SETTING,924.29,143,30,69,0.4825,United Kingdom
22701,PINK DOG BOWL,922.89,549,120,16,0.0291,United Kingdom
20686,DOLLY MIXTURE CHILDREN'S UMBRELLA,922.67,267,78,95,0.3558,United Kingdom
17091J,VANILLA INCENSE IN TIN,920.67,2084,95,0,0.0,United Kingdom
20752,BLUE POLKADOT WASHING UP GLOVES,920.45,407,152,52,0.1278,United Kingdom
85114C,RED ENCHANTED FOREST PLACEMAT,920.22,516,75,0,0.0,United Kingdom
21802,CHRISTMAS TREE HEART DECORATION,919.14,2122,181,1,0.0005,United Kingdom
21786,POLKADOT RAIN HAT,916.99,2081,229,231,0.111,United Kingdom
72799E,IVORY PILLAR CANDLE SILVER FLOCK,916.99,451,77,6,0.0133,United Kingdom
23338,EGG FRYING PAN RED,915.4,431,110,6,0.0139,United Kingdom
23002,TRAVEL CARD WALLET SKULLS,914.37,2119,200,128,0.0604,United Kingdom
85034A,3 GARDENIA MORRIS BOXED CANDLES,911.4,522,79,88,0.1686,United Kingdom
82001s,SILVER RECORD COVER FRAME,910.12,122,27,0,0.0,United Kingdom
23413,VINTAGE COFFEE GRINDER BOX,909.31,173,59,12,0.0694,United Kingdom
22103,MIRROR MOSAIC T-LIGHT HOLDER ROUND,908.24,1248,29,482,0.3862,United Kingdom
37501,TEA TIME TEA SET IN GIFT BOX,906.83,134,52,15,0.1119,United Kingdom
22519,CHILDS GARDEN BRUSH PINK,906.75,413,91,19,0.046,United Kingdom
84519A,TOMATO CHARLIE+LOLA COASTER SET,905.55,512,88,0,0.0,United Kingdom
23004,TRAVEL CARD WALLET PANTRY,903.16,2002,225,184,0.0919,United Kingdom
85114B,IVORY ENCHANTED FOREST PLACEMAT,902.49,477,78,2,0.0042,United Kingdom
21894,POTTING SHED SEED ENVELOPES,902.08,592,131,40,0.0676,United Kingdom
23532,WALL ART WORK REST AND PLAY,901.58,210,31,0,0.0,United Kingdom
85131A,BEADED PEARL HEART WHITE ON STICK,901.48,996,122,13,0.0131,United Kingdom
85185B,PINK HORSE SOCK PUPPET,900.39,527,76,287,0.5446,United Kingdom
22106,MIRROR MOSAIC HURRICANE LAMP,898.38,349,49,121,0.3467,United Kingdom
21465,PINK FLOWER CROCHET FOOD COVER,897.8,237,79,0,0.0,United Kingdom
22277,COSMETIC BAG VINTAGE ROSE PAISLEY,897.74,417,100,0,0.0,United Kingdom
22682,FRENCH BLUE METAL DOOR SIGN 7,896.75,689,121,11,0.016,United Kingdom
23502,PLAYING CARDS VINTAGE DOILY,896.41,714,94,0,0.0,United Kingdom
21631,HIPPY CHIC DECORATIVE PARASOL,896.01,169,27,0,0.0,United Kingdom
22936,BAKING MOULD ROSE WHITE CHOCOLATE,895.97,279,51,72,0.2581,United Kingdom
22719,GUMBALL MONOCHROME COAT RACK,895.72,657,119,326,0.4962,United Kingdom
21633,SUNFLOWER DECORATIVE PARASOL,895.46,125,43,1,0.008,United Kingdom
22761,CHEST 7 DRAWER MA CAMPAGNE,895.38,36,27,2,0.0556,United Kingdom
22118,JOY WOODEN BLOCK LETTERS,895.26,230,89,0,0.0,United Kingdom
23472,NINE DRAWER OFFICE TIDY,894.42,58,33,0,0.0,United Kingdom
84823,DANISH ROSE FOLDING CHAIR,890.4,113,27,3,0.0265,United Kingdom
22251,BIRDHOUSE DECORATION MAGIC GARDEN,889.49,712,140,16,0.0225,United Kingdom
21189,WHITE HONEYCOMB PAPER GARLAND,888.67,355,72,0,0.0,United Kingdom
22814,CARD PARTY GAMES,888.47,2129,235,0,0.0,United Kingdom
21199,PINK  HEART CONFETTI IN TUBE,888.33,966,79,48,0.0497,United Kingdom
84536B,FAIRY CAKES NOTEBOOK A7 SIZE,888.14,2102,180,48,0.0228,United Kingdom
21743,STAR PORTABLE TABLE LIGHT,887.65,299,52,89,0.2977,United Kingdom
21209,MULTICOLOUR HONEYCOMB FAN,886.24,1224,94,19,0.0155,United Kingdom
22524,CHILDRENS GARDEN GLOVES BLUE,883.2,648,87,62,0.0957,United Kingdom
46776F,WOVEN ROSE GARDEN CUSHION COVER,883.12,210,89,0,0.0,United Kingdom
85176,SEWING SUSAN 21 NEEDLE SET,880.47,918,173,1,0.0011,United Kingdom
22317,FIVE CATS HANGING DECORATION,879.67,286,89,0,0.0,United Kingdom
84997a,CHILDRENS CUTLERY POLKADOT GREEN,878.74,106,65,0,0.0,United Kingdom
84030e,ENGLISH ROSE HOT WATER BOTTLE,877.76,108,41,0,0.0,United Kingdom
22308,TEA COSY BLUE STRIPE,877.38,250,105,0,0.0,United Kingdom
23423,PANTRY 3 HOOK ROLLING PIN HANGER,876.9,219,69,5,0.0228,United Kingdom
22343,PARTY PIZZA DISH RED RETROSPOT,873.33,1974,95,18,0.0091,United Kingdom
22565,FELTCRAFT HAIRBANDS PINK AND WHITE,872.67,933,148,0,0.0,United Kingdom
23479,WIRE EGG BASKET,872.38,113,44,0,0.0,United Kingdom
22683,FRENCH BLUE METAL DOOR SIGN 8,871.49,663,129,12,0.0181,United Kingdom
21399,BLUE POLKADOT COFFEE MUG,869.61,2054,75,227,0.1105,United Kingdom
23220,REINDEER HEART DECORATION GOLD,869.15,993,104,12,0.0121,United Kingdom
85049H,URBAN BLACK RIBBONS,869.1,848,184,0,0.0,United Kingdom
21204,DAISIES  HONEYCOMB GARLAND,868.44,499,85,0,0.0,United Kingdom
21708,FOLDING UMBRELLA CREAM POLKADOT,863.11,190,65,1,0.0053,United Kingdom
22321,BIRD DECORATION RED RETROSPOT,860.93,893,133,1,0.0011,United Kingdom
84849D,HOT BATHS SOAP HOLDER,859.0,595,118,102,0.1714,United Kingdom
21880,RED RETROSPOT TAPE,858.78,1903,241,12,0.0063,United Kingdom
21695,SMALL SILVER FLOWER CANDLE POT,857.68,284,41,0,0.0,United Kingdom
22068,BLACK PIRATE TREASURE CHEST,856.39,526,145,13,0.0247,United Kingdom
85135C,RED DRAGONFLY HELICOPTER,856.38,142,70,50,0.3521,United Kingdom
21823,PAINTED METAL HEART WITH HOLLY BELL,854.35,1382,100,100,0.0724,United Kingdom
85183A,CHARLIE & LOLA WASTEPAPER BIN BLUE,852.04,667,88,2,0.003,United Kingdom
84535B,FAIRY CAKES NOTEBOOK A6 SIZE,850.2,1348,158,95,0.0705,United Kingdom
84006,MAGIC TREE -PAPER FLOWERS,848.7,918,106,1,0.0011,United Kingdom
22706,WRAP COWBOYS,847.94,2057,72,25,0.0122,United Kingdom
22105,MIRROR MOSAIC GOBLET CANDLE HOLDER,847.82,574,34,240,0.4181,United Kingdom
21359,RELAX LARGE WOOD LETTERS,844.28,130,33,32,0.2462,United Kingdom
22537,MAGIC DRAWING SLATE DINOSAUR,844.0,1929,172,48,0.0249,United Kingdom
23564,EGG CUP MILKMAID INGRID,841.31,644,76,0,0.0,United Kingdom
22162,HEART GARLAND RUSTIC PADDED,841.24,266,96,115,0.4323,United Kingdom
20839,FRENCH PAISLEY CUSHION COVER,840.44,575,106,80,0.1391,United Kingdom
21694,SMALL REGAL  SILVER CANDLEPOT,840.33,307,24,0,0.0,United Kingdom
37327,ASSTD MULTICOLOUR CIRCLES MUG,840.08,1584,87,230,0.1452,United Kingdom
15034,PAPER POCKET TRAVELING FAN,840.02,6591,142,1385,0.2101,United Kingdom
23551,PACK OF 12 PAISLEY PARK TISSUES,839.84,1840,136,0,0.0,United Kingdom
22276,WASH BAG VINTAGE ROSE PAISLEY,838.86,290,88,66,0.2276,United Kingdom
22254,FELT TOADSTOOL LARGE,836.8,657,61,0,0.0,United Kingdom
22102,MIRROR MOSAIC T-LIGHT HOLDER,831.84,1622,32,720,0.4439,United Kingdom
22217,T-LIGHT HOLDER HANGING LACE,831.26,839,84,195,0.2324,United Kingdom
21125,SET 6 FOOTBALL CELEBRATION CANDLES,830.98,657,105,2,0.003,United Kingdom
21642,ASSORTED TUTTI FRUTTI PEN,830.73,2471,108,256,0.1036,United Kingdom
22587,FELTCRAFT HAIRBAND RED AND BLUE,830.52,918,162,41,0.0447,United Kingdom
21804,WHITE CHRISTMAS GARLAND STARS TREES,830.03,319,70,84,0.2633,United Kingdom
20986,BLUE CALCULATOR RULER,829.74,654,113,0,0.0,United Kingdom
22341,LOVE GARLAND PAINTED ZINC,827.63,453,78,0,0.0,United Kingdom
22862,LOVE HEART NAPKIN BOX,826.95,171,67,33,0.193,United Kingdom
23017,APOTHECARY MEASURING JAR,826.28,67,23,1,0.0149,United Kingdom
21294,ETCHED GLASS COASTER,825.49,1718,74,235,0.1368,United Kingdom
85194L,HANGING SPRING FLOWER EGG LARGE,822.89,947,76,28,0.0296,United Kingdom
22093,MOTORING TISSUE BOX,822.13,1830,161,12,0.0066,United Kingdom
72818,CHRISTMAS DECOUPAGE CANDLE,821.98,1846,81,113,0.0612,United Kingdom
21905,MORE BUTTER METAL SIGN,821.61,760,160,0,0.0,United Kingdom
21291,SMALL POLKADOT CHOCOLATE GIFT BAG,819.64,943,52,0,0.0,United Kingdom
23186,FRENCH STYLE STORAGE JAR CAFE,819.46,1982,72,12,0.0061,United Kingdom
23324,RUSTIC STRAWBERRY JAM POT LARGE,816.04,399,46,35,0.0877,United Kingdom
23106,ZINC HEARTS PLANT POT HOLDER,815.59,291,54,12,0.0412,United Kingdom
85169A,IVORY LOVE BIRD CANDLE,813.02,812,89,12,0.0148,United Kingdom
22249,DECORATION WHITE CHICK MAGIC GARDEN,812.86,928,146,4,0.0043,United Kingdom
85049a,TRADITIONAL CHRISTMAS RIBBONS,812.84,244,36,0,0.0,United Kingdom
79191C,RETRO PLASTIC ELEPHANT TRAY,812.53,1105,78,158,0.143,United Kingdom
23022,SMALL BONNE JAM JAR  T-LIGHT HOLDER,808.16,422,24,30,0.0711,United Kingdom
84509B,SET OF 4 FAIRY CAKE PLACEMATS,806.04,217,79,0,0.0,United Kingdom
21789,KIDS RAIN MAC PINK,803.65,925,94,20,0.0216,United Kingdom
22268,DECORATION SITTING BUNNY,802.34,2009,162,136,0.0677,United Kingdom
23409,PHOTO FRAME LINEN AND LACE LARGE,801.68,215,45,7,0.0326,United Kingdom
22099,CARAVAN SQUARE TISSUE BOX,800.59,1440,154,9,0.0063,United Kingdom
22546,MINI JIGSAW PURDEY,799.98,2103,87,1,0.0005,United Kingdom
85170D,SET/6 PINK BIRD T-LIGHT CANDLES,796.99,451,102,5,0.0111,United Kingdom
79160,HEART SHAPE WIRELESS DOORBELL,795.83,444,52,8,0.018,United Kingdom
23487,SWEET HEART CAKE CARRIER,795.58,80,50,9,0.1125,United Kingdom
85173,SET/6 FROG PRINCE T-LIGHT CANDLES,795.02,479,87,5,0.0104,United Kingdom
23521,WALL ART CAT AND BIRD,793.37,413,44,0,0.0,United Kingdom
21162,TOXIC AREA  DOOR HANGER,792.98,1462,162,0,0.0,United Kingdom
23519,EMBROIDERED RIBBON REEL CLAIRE,792.31,224,24,0,0.0,United Kingdom
22705,WRAP GREEN PEARS,790.86,1883,78,25,0.0133,United Kingdom
23335,EGG FRYING PAN IVORY,790.78,377,98,12,0.0318,United Kingdom
22566,FELTCRAFT HAIRBAND PINK AND PURPLE,789.78,873,150,0,0.0,United Kingdom
23568,EGG CUP HENRIETTA HEN CREAM,787.52,630,49,1,0.0016,United Kingdom
22340,NOEL GARLAND PAINTED ZINC,787.21,1398,129,12,0.0086,United Kingdom
21680,WOODLAND  STICKERS,786.31,868,103,0,0.0,United Kingdom
85163B,BLACK BAROQUE WALL CLOCK,783.68,84,37,1,0.0119,United Kingdom
22518,CHILDS GARDEN BRUSH BLUE,783.54,365,84,30,0.0822,United Kingdom
84660A,WHITE STITCHED WALL CLOCK,783.45,858,47,25,0.0291,United Kingdom
85159A,"BLACK TEA,COFFEE,SUGAR JARS",783.35,453,53,40,0.0883,United Kingdom
85035A,GARDENIA 3 WICK MORRIS BOXED CANDLE,782.3,276,85,65,0.2355,United Kingdom
21158,MOODY GIRL DOOR HANGER,781.87,1469,171,24,0.0163,United Kingdom
22685,FRENCH BLUE METAL DOOR SIGN 0,780.8,603,105,10,0.0166,United Kingdom
21504,SKULLS GREETING CARD,778.89,1891,116,80,0.0423,United Kingdom
22228,BUNNY WOODEN PAINTED WITH BIRD,777.78,1000,148,2,0.002,United Kingdom
21983,PACK OF 12 BLUE PAISLEY TISSUES,777.67,2301,156,24,0.0104,United Kingdom
85231B,CINAMMON SET OF 9 T-LIGHTS,777.58,868,152,11,0.0127,United Kingdom
21272,SALLE DE BAIN HOOK,777.57,566,108,214,0.3781,United Kingdom
85032A,ROMANTIC IMAGES GIFT WRAP SET,776.49,789,135,0,0.0,United Kingdom
22422,TOOTHPASTE TUBE PEN,776.1,1273,205,0,0.0,United Kingdom
84509a,SET OF 4 ENGLISH ROSE PLACEMATS,775.84,104,68,0,0.0,United Kingdom
22451,SILK PURSE BABUSHKA RED,775.8,241,57,33,0.1369,United Kingdom
84279B,CHERRY BLOSSOM DECORATIVE FLASK,774.7,384,74,8,0.0208,United Kingdom
22586,FELTCRAFT HAIRBAND PINK AND BLUE,774.55,856,164,78,0.0911,United Kingdom
84519B,CARROT CHARLIE+LOLA COASTER SET,773.3,471,126,0,0.0,United Kingdom
21084,SET/6 COLLAGE PAPER CUPS,773.14,2610,182,24,0.0092,United Kingdom
22522,CHILDS GARDEN FORK BLUE,772.59,931,131,138,0.1482,United Kingdom
21927,BLUE/CREAM STRIPE CUSHION COVER,771.15,631,108,39,0.0618,United Kingdom
22133,PINK LOVE HEART SHAPE CUP,770.73,816,133,0,0.0,United Kingdom
84609,TALL ROCOCO CANDLE HOLDER,770.59,93,22,31,0.3333,United Kingdom
23115,RED APPLES CHOPPING BOARD,770.32,152,46,1440,9.4737,United Kingdom
21530,DAIRY MAID TOASTRACK,769.57,777,112,61,0.0785,United Kingdom
21618,4 WILDFLOWER BOTANICAL CANDLES,768.37,404,93,56,0.1386,United Kingdom
23140,TRIPLE WIRE HOOK IVORY HEART,766.1,182,53,12,0.0659,United Kingdom
22786,CUSHION COVER PINK UNION JACK,764.63,123,47,0,0.0,United Kingdom
21707,FOLDING UMBRELLA BLACKBLUE POLKADOT,763.66,160,74,0,0.0,United Kingdom
23550,WRAP ALPHABET POSTER,763.1,1855,64,0,0.0,United Kingdom
23006,TRAVEL CARD WALLET FLOWER MEADOW,762.75,1758,178,78,0.0444,United Kingdom
23458,DOLLY CABINET 3 DRAWERS,762.45,51,34,5,0.098,United Kingdom
22252,BIRDCAGE DECORATION TEALIGHT HOLDER,761.57,643,68,6,0.0093,United Kingdom
22025,RING OF ROSES BIRTHDAY CARD,761.05,1835,132,42,0.0229,United Kingdom
23025,DRAWER KNOB VINTAGE GLASS BALL,760.8,350,55,6,0.0171,United Kingdom
85130B,BEADED CRYSTAL HEART GREEN LARGE,760.43,834,62,0,0.0,United Kingdom
85125,SMALL ROUND CUT GLASS CANDLESTICK,760.39,164,35,64,0.3902,United Kingdom
17084R,ASSORTED INCENSE PACK,760.32,4032,27,0,0.0,United Kingdom
21287,SCENTED VELVET LOUNGE CANDLE,760.15,1790,55,0,0.0,United Kingdom
10002,INFLATABLE POLITICAL GLOBE,759.89,1040,73,3,0.0029,United Kingdom
23123,COCKTAIL SWORDS 50 PIECES,759.57,935,97,6,0.0064,United Kingdom
22753,SMALL YELLOW BABUSHKA NOTEBOOK,758.13,1010,217,0,0.0,United Kingdom
23282,FOLDING BUTTERFLY MIRROR IVORY,757.86,812,135,0,0.0,United Kingdom
22454,MEASURING TAPE BABUSHKA RED,757.02,266,43,28,0.1053,United Kingdom
22480,RED TEA TOWEL CLASSIC DESIGN,755.96,630,74,24,0.0381,United Kingdom
84913B,MINT GREEN ROSE TOWEL,754.07,196,86,0,0.0,United Kingdom
22336,DOVE DECORATION PAINTED ZINC,754.03,2381,82,208,0.0874,United Kingdom
23124,18PC WOODEN CUTLERY SET DISPOSABLE,751.38,567,43,0,0.0,United Kingdom
21383,PACK OF 12 STICKY BUNNIES,751.28,991,168,2,0.002,United Kingdom
20748,KENSINGTON COFFEE SET,751.17,109,36,0,0.0,United Kingdom
22523,CHILDS GARDEN FORK PINK,750.81,865,138,102,0.1179,United Kingdom
23223,CHRISTMAS TREE HANGING SILVER,750.19,801,89,12,0.015,United Kingdom
21126,SET OF 6 GIRLS CELEBRATION CANDLES,748.95,592,126,0,0.0,United Kingdom
22495,SET OF 2 ROUND TINS CAMEMBERT,748.82,282,99,6,0.0213,United Kingdom
84763,ZINC FINISH 15CM PLANTER POTS,748.34,601,59,155,0.2579,United Kingdom
22322,BIRD DECORATION GREEN POLKADOT,747.81,820,140,12,0.0146,United Kingdom
22481,BLACK TEA TOWEL CLASSIC DESIGN,747.3,825,129,288,0.3491,United Kingdom
21215,IVORY PAPER CUP CAKE CASES,744.35,1087,124,0,0.0,United Kingdom
22258,FELT FARM ANIMAL RABBIT,743.89,912,79,7,0.0077,United Kingdom
21643,ASSORTED TUTTI FRUTTI MIRROR,743.31,550,62,21,0.0382,United Kingdom
22316,200 BENDY SKULL STRAWS,742.37,660,56,1,0.0015,United Kingdom
23325,RUSTIC STRAWBERRY JAM POT SMALL,740.94,462,38,18,0.039,United Kingdom
85212,MINI PAINTED GARDEN DECORATION,740.15,2451,79,0,0.0,United Kingdom
85032B,BLOSSOM IMAGES GIFT WRAP SET,739.99,786,133,0,0.0,United Kingdom
23114,VINTAGE LEAF CHOPPING BOARD,737.95,149,48,1443,9.6846,United Kingdom
21677,HEARTS  STICKERS,737.84,835,120,12,0.0144,United Kingdom
22264,FELT FARM ANIMAL WHITE BUNNY,736.98,1561,96,0,0.0,United Kingdom
22393,PAPERWEIGHT VINTAGE COLLAGE,736.88,510,73,4,0.0078,United Kingdom
79030G,TUMBLER NEW ENGLAND,733.49,1403,69,429,0.3058,United Kingdom
84660B,BLACK STITCHED WALL CLOCK,733.28,707,40,0,0.0,United Kingdom
23454,THREE MINI HANGING FRAMES,733.2,174,53,2,0.0115,United Kingdom
23435,3 RAFFIA RIBBONS VINTAGE CHRISTMAS,732.42,824,99,0,0.0,United Kingdom
22097,SWALLOW SQUARE TISSUE BOX,732.39,1596,146,10,0.0063,United Kingdom
22250,DECORATION  BUTTERFLY  MAGIC GARDEN,730.95,819,148,4,0.0049,United Kingdom
21398,RED POLKADOT COFFEE  MUG,729.6,1532,64,9,0.0059,United Kingdom
22856,ASSORTED EASTER DECORATIONS  BELLS,729.57,569,30,51,0.0896,United Kingdom
22400,MAGNETS PACK OF 4 HOME SWEET HOME,729.09,1393,151,1,0.0007,United Kingdom
23522,WALL ART DOG AND BALL,727.44,354,32,0,0.0,United Kingdom
20996,JAZZ HEARTS ADDRESS BOOK,726.89,3191,225,0,0.0,United Kingdom
22684,FRENCH BLUE METAL DOOR SIGN 9,726.07,539,106,13,0.0241,United Kingdom
84754,S/15 SILVER GLASS BAUBLES IN BAG,725.52,558,64,386,0.6918,United Kingdom
21883,STARS GIFT TAPE,725.42,1653,134,1,0.0006,United Kingdom
90200D,PINK SWEETHEART BRACELET,725.32,175,78,0,0.0,United Kingdom
85131D,BEADED CRYSTAL HEART PINK ON STICK,725.26,850,206,0,0.0,United Kingdom
23562,SET OF 6 RIBBONS PERFECTLY PRETTY,724.59,251,43,0,0.0,United Kingdom
22821,GIFT BAG PSYCHEDELIC APPLES,722.67,1171,140,12,0.0102,United Kingdom
72803A,ROSE SCENT CANDLE JEWELLED DRAWER,722.47,646,45,162,0.2508,United Kingdom
46775D,SUNSET COLOUR CHUNKY KNITTED THROW,720.93,66,42,15,0.2273,United Kingdom
79067,CORONA MEXICAN TRAY,719.69,172,40,150,0.8721,United Kingdom
21822,GLITTER CHRISTMAS TREE WITH BELLS,719.3,698,99,3,0.0043,United Kingdom
85032C,CURIOUS IMAGES GIFT WRAP SET,718.54,683,141,12,0.0176,United Kingdom
23222,CHRISTMAS TREE HANGING GOLD,718.53,799,77,24,0.03,United Kingdom
21630,FLOOR CUSHION ELEPHANT CARNIVAL,718.14,69,36,1,0.0145,United Kingdom
22718,CARD CAT AND TREE,717.23,1633,170,24,0.0147,United Kingdom
21775,DECORATIVE FLORE BATHROOM BOTTLE,716.86,515,140,3,0.0058,United Kingdom
22287,DECORATION WOBBLY CHICKEN,716.86,794,81,12,0.0151,United Kingdom
22201,FRYING PAN BLUE POLKADOT,716.8,194,90,2,0.0103,United Kingdom
85036A,GARDENIA 1 WICK MORRIS BOXED CANDLE,714.35,211,62,83,0.3934,United Kingdom
22026,BANQUET BIRTHDAY  CARD,712.08,1644,161,12,0.0073,United Kingdom
23042,PAPER LANTERN 7 POINT SNOW STAR,711.51,103,29,10,0.0971,United Kingdom
84817,DANISH ROSE DECORATIVE PLATE,710.64,951,61,37,0.0389,United Kingdom
84581,DOG TOY WITH PINK CROCHET SKIRT,709.71,187,92,43,0.2299,United Kingdom
20866,BLUE ROSE FABRIC MIRROR,709.7,597,92,350,0.5863,United Kingdom
23070,EDWARDIAN HEART PHOTO FRAME,709.54,160,44,0,0.0,United Kingdom
21289,LARGE STRIPES CHOCOLATE GIFT BAG,708.75,567,51,20,0.0353,United Kingdom
21143,ANTIQUE GLASS HEART DECORATION,707.23,351,41,43,0.1225,United Kingdom
21636,MADRAS NOTEBOOK MEDIUM,705.16,913,74,22,0.0241,United Kingdom
22514,CHILDS GARDEN SPADE BLUE,704.45,308,104,0,0.0,United Kingdom
22981,PANTRY APPLE CORER,704.13,471,107,6,0.0127,United Kingdom
21356,TOAST ITS - FAIRY FLOWER,703.3,642,151,0,0.0,United Kingdom
21739,COSY SLIPPER SHOES SMALL GREEN,703.08,254,111,0,0.0,United Kingdom
21106,CREAM SLICE FLANNEL CHOCOLATE SPOT,702.51,237,53,0,0.0,United Kingdom
21476,STEEL SWEETHEART ROUND TABLE CREAM,699.63,41,24,0,0.0,United Kingdom
21208,PASTEL COLOUR HONEYCOMB FAN,697.77,945,88,41,0.0434,United Kingdom
20704,MR ROBOT SOFT TOY,697.7,216,45,4,0.0185,United Kingdom
79164,BLACK WINE GLASS,697.62,1751,25,1562,0.8921,United Kingdom
85078,SCANDINAVIAN 3 HEARTS NAPKIN RING,696.8,1932,125,840,0.4348,United Kingdom
16235,RECYCLED PENCIL WITH RABBIT ERASER,695.4,3068,169,1,0.0003,United Kingdom
84707A,SILVER JEWELLED MIRROR TRINKET TRAY,695.23,95,45,0,0.0,United Kingdom
23187,FRENCH STYLE STORAGE JAR BONBONS,695.06,2338,79,99,0.0423,United Kingdom
85049D,BRIGHT BLUES RIBBONS,694.99,549,112,128,0.2332,United Kingdom
21066,VINTAGE RED MUG,693.47,702,55,12,0.0171,United Kingdom
84660C,PINK STITCHED WALL CLOCK,693.32,662,47,21,0.0317,United Kingdom
21650,ASSORTED TUTTI FRUTTI BRACELET,692.85,2550,133,24,0.0094,United Kingdom
35923,CANDY HEART HANGING DECORATION,690.52,1318,64,43,0.0326,United Kingdom
16225,RATTLE SNAKE EGGS,689.35,813,102,0,0.0,United Kingdom
79066K,RETRO MOD TRAY,689.34,783,149,12,0.0153,United Kingdom
22403,MAGNETS PACK OF 4 VINTAGE LABELS,689.28,1322,127,12,0.0091,United Kingdom
22324,BLUE POLKADOT KIDS BAG,688.3,286,74,0,0.0,United Kingdom
20902,VINTAGE KEEPSAKE BOX PARIS DAYS,686.86,112,57,3,0.0268,United Kingdom
85071B,RED CHARLIE+LOLA PERSONAL DOORSIGN,684.62,1290,126,2,0.0016,United Kingdom
21317,GLASS SPHERE CANDLE STAND MEDIUM,684.08,111,35,1,0.009,United Kingdom
22339,CHRISTMAS TREE PAINTED ZINC,683.31,2468,86,91,0.0369,United Kingdom
85019B,BLOSSOM  IMAGES NOTEBOOK SET,682.97,527,37,0,0.0,United Kingdom
23120,PACK OF 6 SMALL FRUIT STRAWS,682.39,1685,102,72,0.0427,United Kingdom
21163,DO NOT TOUCH MY STUFF DOOR HANGER,680.55,1196,129,71,0.0594,United Kingdom
46776B,WOVEN BERRIES CUSHION COVER,679.67,161,88,0,0.0,United Kingdom
22136,LOVE HEART SOCK HANGER,679.28,378,86,24,0.0635,United Kingdom
23597,PAPER BUNTING PAISLEY PARK,679.07,249,32,6,0.0241,United Kingdom
22062,CERAMIC BOWL WITH LOVE HEART DESIGN,677.86,656,78,6,0.0091,United Kingdom
35001G,HAND OPEN SHAPE GOLD,677.34,198,30,0,0.0,United Kingdom
21205,MULTICOLOUR 3D BALLS GARLAND,677.19,253,71,20,0.0791,United Kingdom
22806,SET OF 6 T-LIGHTS WEDDING CAKE,677.04,260,38,0,0.0,United Kingdom
84659A,WHITE TRAVEL ALARM CLOCK,676.27,299,91,1,0.0033,United Kingdom
23428,IVORY RETRO KITCHEN WALL CLOCK,675.91,77,34,2,0.026,United Kingdom
40001,WHITE BAMBOO RIBS LAMPSHADE,675.23,821,63,259,0.3155,United Kingdom
22267,EASTER DECORATION EGG BUNNY,673.17,836,83,0,0.0,United Kingdom
21351,CINAMMON & ORANGE WREATH,672.88,104,37,227,2.1827,United Kingdom
21696,SMALL SILVER TRELLIS CANDLEPOT,672.4,224,35,332,1.4821,United Kingdom
47591d,PINK FAIRY CAKE CHILDRENS APRON,672.24,134,56,0,0.0,United Kingdom
21261,GREEN GOOSE FEATHER CHRISTMAS TREE,672.09,187,45,0,0.0,United Kingdom
21629,SQUARE FLOOR CUSHION VINTAGE RED,672.05,71,42,0,0.0,United Kingdom
84923,PINK BUTTERFLY HANDBAG W BOBBLES,671.62,162,98,0,0.0,United Kingdom
22618,COOKING SET RETROSPOT,671.53,69,32,1701,24.6522,United Kingdom
22535,MAGIC DRAWING SLATE BUNNIES,669.75,1763,135,48,0.0272,United Kingdom
22204,MILK PAN BLUE POLKADOT,669.54,197,81,5,0.0254,United Kingdom
22057,CERAMIC PLATE STRAWBERRY DESIGN,667.92,584,65,48,0.0822,United Kingdom
23024,LARGE BONNE JAM JAR  T-LIGHT HOLDER,667.85,255,12,2,0.0078,United Kingdom
47574A,ENGLISH ROSE SCENTED HANGING FLOWER,665.2,548,116,63,0.115,United Kingdom
85199L,LARGE HANGING IVORY & RED WOOD BIRD,663.43,977,98,263,0.2692,United Kingdom
37475,SET/4 COLOURFUL MIXING BOWLS,661.98,70,43,0,0.0,United Kingdom
21613,S/12 VANILLA  BOTANICAL T-LIGHTS,661.93,227,43,47,0.207,United Kingdom
23547,WRAP FLOWER SHOP,661.5,1575,62,0,0.0,United Kingdom
23482,PEARLISED IVORY HEART LARGE,661.02,418,39,0,0.0,United Kingdom
22615,PACK OF 12 CIRCUS PARADE TISSUES,660.15,2073,103,12,0.0058,United Kingdom
18098C,PORCELAIN BUTTERFLY OIL BURNER,658.75,231,53,140,0.6061,United Kingdom
72349b,SET/6 PURPLE BUTTERFLY T-LIGHTS,658.51,159,82,0,0.0,United Kingdom
22450,SILK PURSE BABUSHKA BLUE,657.76,194,59,1,0.0052,United Kingdom
22756,LARGE YELLOW BABUSHKA NOTEBOOK,656.52,599,123,0,0.0,United Kingdom
22448,PIN CUSHION BABUSHKA RED,656.43,201,45,0,0.0,United Kingdom
20767,BLUE PAISLEY JOURNAL,656.06,250,79,0,0.0,United Kingdom
20658,RED RETROSPOT LUGGAGE TAG,652.11,433,107,90,0.2079,United Kingdom
46776A,WOVEN BUBBLE GUM CUSHION COVER,651.95,155,70,0,0.0,United Kingdom
23224,CHERUB HEART DECORATION GOLD,649.02,738,73,14,0.019,United Kingdom
22525,CHILDRENS GARDEN GLOVES PINK,648.97,492,77,61,0.124,United Kingdom
21187,WHITE BELL HONEYCOMB PAPER GARLAND,648.45,369,49,97,0.2629,United Kingdom
22953,BIRTHDAY PARTY CORDON BARRIER TAPE,647.11,502,98,0,0.0,United Kingdom
22715,CARD WEDDING DAY,645.64,1543,130,0,0.0,United Kingdom
21747,SMALL SKULL WINDMILL,645.61,485,55,12,0.0247,United Kingdom
23408,PHOTO FRAME LINEN AND LACE SMALL,644.8,310,62,14,0.0452,United Kingdom
22533,MAGIC DRAWING SLATE BAKE A CAKE,644.39,1842,91,104,0.0565,United Kingdom
85177,BASKET OF FLOWERS SEWING KIT,644.21,812,64,1,0.0012,United Kingdom
22389,PAPERWEIGHT SAVE THE PLANET,641.55,338,46,100,0.2959,United Kingdom
84789,ENCHANTED BIRD PLANT CAGE,640.72,187,50,2,0.0107,United Kingdom
35810A,ENAMEL PINK COFFEE CONTAINER,640.09,633,76,78,0.1232,United Kingdom
84800L,LARGE WHITE/PINK ROSE ART FLOWER,639.36,360,25,197,0.5472,United Kingdom
22067,CHOC TRUFFLE GOLD TRINKET POT,638.62,408,73,6,0.0147,United Kingdom
21808,"CHRISTMAS GARLAND STARS,TREES",637.83,185,49,0,0.0,United Kingdom
84929,ASSTD FRUIT+FLOWERS FRIDGE MAGNETS,637.56,3012,71,1130,0.3752,United Kingdom
23492,VINTAGE JINGLE BELLS WREATH,635.38,76,28,0,0.0,United Kingdom
21054,NURSE'S BAG SOFT TOY,634.53,71,31,30,0.4225,United Kingdom
23456,MEDIUM PARLOUR PICTURE FRAME,634.1,158,37,2,0.0127,United Kingdom
21640,ASSORTED TUTTI FRUTTI  FOB NOTEBOOK,633.83,650,78,0,0.0,United Kingdom
21784,SHOE SHINE BOX,633.07,65,50,14,0.2154,United Kingdom
17021,NAMASTE SWAGAT INCENSE,632.34,2391,47,0,0.0,United Kingdom
20840,FRENCH FLORAL CUSHION COVER,632.32,533,76,42,0.0788,United Kingdom
21446,12 RED ROSE PEG PLACE SETTINGS,630.92,449,106,50,0.1114,United Kingdom
23216,LAUREL HEART ANTIQUE GOLD,630.73,525,44,0,0.0,United Kingdom
22396,MAGNETS PACK OF 4 RETRO PHOTO,630.37,1226,130,12,0.0098,United Kingdom
72232,FENG SHUI PILLAR CANDLE,630.23,3317,65,0,0.0,United Kingdom
21417,COCKLE SHELL DISH,629.8,340,69,1,0.0029,United Kingdom
84596L,BISCUITS SMALL BOWL LIGHT BLUE,629.38,1254,173,21,0.0167,United Kingdom
23019,SMALL APOTHECARY MEASURING JAR,629.05,81,28,0,0.0,United Kingdom
20932,PINK POT PLANT CANDLE,628.79,204,37,10,0.049,United Kingdom
23027,DRAWER KNOB VINTAGE GLASS HEXAGON,627.95,295,30,0,0.0,United Kingdom
79163,BLACK CHAMPAGNE GLASS,626.55,1544,42,191,0.1237,United Kingdom
22559,SEASIDE FLYING DISC,626.53,507,83,0,0.0,United Kingdom
20735,BLACK MINI TAPE MEASURE,625.8,624,114,472,0.7564,United Kingdom
22194,BLACK DINER WALL CLOCK,625.69,68,48,15,0.2206,United Kingdom
84665,SQUARE CHERRY BLOSSOM CABINET,624.75,105,21,35,0.3333,United Kingdom
21426,WOODLAND STORAGE BOX SMALL,624.58,256,49,4,0.0156,United Kingdom
84086C,PINK/PURPLE RETRO RADIO,622.27,218,53,0,0.0,United Kingdom
22520,CHILDS GARDEN TROWEL BLUE,622.1,722,117,101,0.1399,United Kingdom
22269,EGG CUP NATURAL CHICKEN,621.49,932,125,0,0.0,United Kingdom
23425,STORAGE TIN HOME SWEET HOME,621.44,275,59,7,0.0255,United Kingdom
20772,GARDEN PATH JOURNAL,621.19,247,66,1,0.004,United Kingdom
23180,MUM'S KITCHEN CLOCK,621.09,122,50,1,0.0082,United Kingdom
22116,METAL SIGN HIS DINNER IS SERVED,620.42,575,149,12,0.0209,United Kingdom
85141,JARDIN ETCHED GLASS FRUITBOWL,619.94,123,44,16,0.1301,United Kingdom
84637,KITCHEN FLOWER POTS WALL PLAQUE,619.59,116,83,0,0.0,United Kingdom
21865,PINK UNION JACK  PASSPORT COVER,618.93,271,107,40,0.1476,United Kingdom
21473,SWEETHEART CREAM STEEL TABLE RECT,618.66,27,21,0,0.0,United Kingdom
22035,VINTAGE CARAVAN GREETING CARD,617.32,1508,142,160,0.1061,United Kingdom
22288,HANGING METAL RABBIT DECORATION,616.95,474,58,0,0.0,United Kingdom
23471,SIX DRAWER OFFICE TIDY,616.79,65,27,0,0.0,United Kingdom
23453,OVAL  MINI PORTRAIT FRAME,615.98,316,47,0,0.0,United Kingdom
21171,BATHROOM METAL SIGN,613.14,438,74,30,0.0685,United Kingdom
23018,LARGE APOTHECARY MEASURING JAR,612.16,51,21,0,0.0,United Kingdom
21684,SMALL MEDINA STAMPED METAL BOWL,612.1,771,48,62,0.0804,United Kingdom
22420,LIPSTICK PEN BABY PINK,611.3,1333,126,0,0.0,United Kingdom
22021,BLUE FELT EASTER EGG BASKET,610.45,365,72,20,0.0548,United Kingdom
20893,HANGING BAUBLE T-LIGHT HOLDER SMALL,609.02,268,29,288,1.0746,United Kingdom
22515,CHILDS GARDEN SPADE PINK,608.95,272,88,2,0.0074,United Kingdom
85170C,SET/6 EAU DE NIL BIRD T-LIGHTS,608.53,335,72,0,0.0,United Kingdom
21769,VINTAGE POST OFFICE CABINET,607.65,11,3,5,0.4545,United Kingdom
21709,FOLDING UMBRELLA CHOCOLATE POLKADOT,607.23,133,59,0,0.0,United Kingdom
22233,JIGSAW RABBIT AND BIRDHOUSE,607.14,596,109,21,0.0352,United Kingdom
72598,SET/12 TAPER CANDLES,605.89,607,93,0,0.0,United Kingdom
22359,GLASS JAR KINGS CHOICE,605.77,188,87,3,0.016,United Kingdom
84625A,PINK NEW BAROQUECANDLESTICK CANDLE,605.48,478,44,20,0.0418,United Kingdom
22232,JIGSAW TOADSTOOLS 3 PIECE,604.46,690,88,64,0.0928,United Kingdom
20764,ABSTRACT CIRCLES SKETCHBOOK,603.31,142,76,0,0.0,United Kingdom
22255,FELT TOADSTOOL  SMALL,602.63,629,77,0,0.0,United Kingdom
21159,MOODY BOY  DOOR HANGER,601.79,1126,125,40,0.0355,United Kingdom
35971,ROSE FOLKART HEART DECORATIONS,600.93,462,90,17,0.0368,United Kingdom
23520,EMBROIDERED RIBBON REEL RUBY,600.55,167,32,0,0.0,United Kingdom
85017B,ENVELOPE 50 BLOSSOM IMAGES,600.29,1088,162,222,0.204,United Kingdom
21014,SWISS CHALET TREE DECORATION,598.82,1385,120,90,0.065,United Kingdom
22642,SET OF 4 NAPKIN CHARMS STARS,596.36,269,51,0,0.0,United Kingdom
17012B,ORIGAMI JASMINE INCENSE/CANDLE SET,595.85,525,87,72,0.1371,United Kingdom
22266,EASTER DECORATION HANGING BUNNY,595.85,1887,92,0,0.0,United Kingdom
21292,SMALL STRIPES CHOCOLATE GIFT BAG,594.51,867,28,0,0.0,United Kingdom
21448,12 DAISY PEGS IN WOOD BOX,592.62,344,78,40,0.1163,United Kingdom
23377,PACK OF 12 DOLLY GIRL TISSUES,592.45,1351,134,8,0.0059,United Kingdom
22247,BUNNY DECORATION MAGIC GARDEN,591.44,668,113,0,0.0,United Kingdom
21581,SKULLS  DESIGN  COTTON TOTE BAG,590.67,252,80,12,0.0476,United Kingdom
21253,SET OF PICTURE FRAME  STICKERS,590.42,134,62,0,0.0,United Kingdom
21015,DARK BIRD HOUSE TREE DECORATION,589.55,1483,143,4,0.0027,United Kingdom
85180B,PINK HEARTS LIGHT CHAIN,587.2,271,48,0,0.0,United Kingdom
23565,EGG CUP MILKMAID HELGA,586.31,410,65,5,0.0122,United Kingdom
23499,SET 12 VINTAGE DOILY CHALK,586.23,1312,110,0,0.0,United Kingdom
21576,LETS GO SHOPPING COTTON TOTE BAG,585.34,252,78,0,0.0,United Kingdom
22825,DECORATIVE PLANT POT WITH FRIEZE,584.37,73,29,2,0.0274,United Kingdom
22096,PINK PAISLEY SQUARE TISSUE BOX,584.09,1366,118,6,0.0044,United Kingdom
22703,PINK CAT BOWL,583.33,360,123,0,0.0,United Kingdom
85071A,BLUE CHARLIE+LOLA PERSONAL DOORSIGN,583.23,1041,113,152,0.146,United Kingdom
85144,JARDIN ETCHED GLASS CHEESE DISH,582.7,220,42,38,0.1727,United Kingdom
85036B,CHOCOLATE 1 WICK MORRIS BOX CANDLE,581.43,361,52,1313,3.6371,United Kingdom
23537,WALL ART I LOVE LONDON,581.13,111,34,0,0.0,United Kingdom
21096,SET/6 FRUIT SALAD  PAPER PLATES,581.09,1259,105,0,0.0,United Kingdom
22260,FELT EGG COSY BLUE RABBIT,577.44,552,105,4,0.0072,United Kingdom
84352,SILVER CHRISTMAS TREE BAUBLE STAND,577.35,34,27,56,1.6471,United Kingdom
22820,GIFT BAG BIRTHDAY,575.42,940,78,2,0.0021,United Kingdom
23016,GLASS TWIST BON BON JAR,575.25,74,25,3,0.0405,United Kingdom
23125,6PC WOOD PLATE SET DISPOSABLE,574.88,459,38,0,0.0,United Kingdom
22337,ANGEL DECORATION PAINTED ZINC,574.54,912,77,0,0.0,United Kingdom
20702,PINK PADDED MOBILE,573.54,145,43,0,0.0,United Kingdom
20832,RED FLOCK LOVE HEART PHOTO FRAME,572.67,1177,84,1,0.0008,United Kingdom
85136A,YELLOW SHARK HELICOPTER,572.41,71,54,77,1.0845,United Kingdom
22319,HAIRCLIPS FORTIES FABRIC ASSORTED,572.26,1322,62,6,0.0045,United Kingdom
21468,BUTTERFLY CROCHET FOOD COVER,572.23,148,66,0,0.0,United Kingdom
21264,WHITE GOOSE FEATHER TREE 60CM,571.65,283,50,8,0.0283,United Kingdom
21277,FRENCH STYLE EMBOSSED HEART CABINET,571.43,26,24,2,0.0769,United Kingdom
84748,FOLK FELT HANGING MULTICOL GARLAND,570.86,204,62,52,0.2549,United Kingdom
47310M,SMALL POP BOX FUNKY MONKEY,570.45,410,121,0,0.0,United Kingdom
85172,HYACINTH BULB T-LIGHT CANDLES,569.68,1314,49,2101,1.5989,United Kingdom
23455,SMALL PARLOUR PICTURE FRAME,569.43,207,35,0,0.0,United Kingdom
85130D,BEADED CRYSTAL HEART PINK LARGE,569.29,565,62,0,0.0,United Kingdom
21251,DINOSAUR HEIGHT CHART STICKER SET,568.98,182,46,0,0.0,United Kingdom
85161,ACRYLIC GEOMETRIC LAMP,568.65,35,21,20,0.5714,United Kingdom
23219,LAUREL STAR ANTIQUE SILVER,568.6,430,61,0,0.0,United Kingdom
21675,BUTTERFLIES STICKERS,568.26,628,111,12,0.0191,United Kingdom
84796A,PINK HAWAIIAN PICNIC HAMPER FOR 2,568.13,61,43,0,0.0,United Kingdom
21488,RED WHITE SCARF  HOT WATER BOTTLE,566.17,77,18,50,0.6494,United Kingdom
22482,BLUE TEA TOWEL CLASSIC DESIGN,565.86,478,54,66,0.1381,United Kingdom
22272,FELTCRAFT DOLL MARIA,564.92,241,52,156,0.6473,United Kingdom
85019A,ROMANTIC IMAGES NOTEBOOK SET,564.35,414,33,0,0.0,United Kingdom
23381,PACK OF 12 VINTAGE LEAF TISSUES,562.88,1496,80,0,0.0,United Kingdom
23272,TREE T-LIGHT HOLDER WILLIE WINKIE,562.22,364,44,0,0.0,United Kingdom
21219,SET/4 BADGES BALLOON GIRL,561.84,448,89,0,0.0,United Kingdom
85032D,YULETIDE IMAGES GIFT WRAP SET,561.34,858,96,13,0.0152,United Kingdom
84569D,PACK 6 HEART/ICE-CREAM PATCHES,560.62,467,99,70,0.1499,United Kingdom
84912A,PINK ROSE WASHBAG,560.62,228,76,0,0.0,United Kingdom
85016,SET OF 6 VINTAGE NOTELETS KIT,560.11,568,44,46,0.081,United Kingdom
85163A,WHITE BAROQUE WALL CLOCK,559.0,66,32,0,0.0,United Kingdom
71279,PINK GLASS CANDLEHOLDER,558.37,175,43,79,0.4514,United Kingdom
90062,CARNIVAL BRACELET,558.03,44,27,1,0.0227,United Kingdom
21662,VINTAGE GLASS COFFEE CADDY,557.3,87,28,17,0.1954,United Kingdom
85187,S/12 MINI RABBIT EASTER,556.53,337,69,0,0.0,United Kingdom
23069,EDWARDIAN PHOTO FRAME,556.21,88,32,0,0.0,United Kingdom
23451,SQUARE MINI PORTRAIT FRAME,556.17,277,52,0,0.0,United Kingdom
21194,PINK  HONEYCOMB PAPER FAN,555.97,498,68,10,0.0201,United Kingdom
85025B,EAU DE NILE HEART SHAPE PHOTO FRAME,555.12,329,39,1,0.003,United Kingdom
84951B,SET OF 4 BLACK LOVEBIRD COASTERS,554.78,451,82,0,0.0,United Kingdom
17129F,BLUE GLASS GEMS IN BAG,553.83,588,58,2,0.0034,United Kingdom
35599D,PINK AND WHITE CHRISTMAS TREE 120CM,553.07,201,34,0,0.0,United Kingdom
84951A,SET OF 4 PISTACHIO LOVEBIRD COASTER,553.01,475,94,24,0.0505,United Kingdom
23473,WOODLAND SMALL RED FELT HEART,552.02,678,51,0,0.0,United Kingdom
47563A,RETRO LONGBOARD IRONING BOARD COVER,551.51,285,106,4,0.014,United Kingdom
35965,FOLKART HEART NAPKIN RINGS,551.13,461,83,58,0.1258,United Kingdom
35599B,BLACK CHRISTMAS TREE 120CM,551.13,217,27,0,0.0,United Kingdom
22903,CALENDAR FAMILY FAVOURITES,550.6,193,59,0,0.0,United Kingdom
21397,BLUE POLKADOT EGG CUP,550.43,1075,66,57,0.053,United Kingdom
23457,LARGE PARLOUR PICTURE FRAME,549.88,112,31,0,0.0,United Kingdom
21849,SILVER DIAMANTE PEN IN GIFT BOX,548.93,173,66,0,0.0,United Kingdom
23549,WRAP BIRD GARDEN,548.1,1305,52,0,0.0,United Kingdom
21638,ASSORTED TUTTI FRUTTI NOTEBOOK,547.76,247,41,33,0.1336,United Kingdom
23484,HEART TRELLIS TRIPLE T-LIGHT HOLDER,547.35,185,35,0,0.0,United Kingdom
23074,EMBOSSED HEART TRINKET BOX,547.27,246,49,6,0.0244,United Kingdom
17012D,ORIGAMI ROSE INCENSE/CANDLE SET,547.24,461,97,0,0.0,United Kingdom
21128,GOLD FISHING GNOME,546.6,68,36,0,0.0,United Kingdom
84598,BOYS ALPHABET IRON ON PATCHES,546.04,1975,101,3288,1.6648,United Kingdom
22261,FELT EGG COSY WHITE RABBIT,544.71,579,108,4,0.0069,United Kingdom
23043,PAPER LANTERN 9 POINT HOLLY STAR L,543.51,81,23,0,0.0,United Kingdom
85107,CUT GLASS T-LIGHT HOLDER OCTAGON,541.39,688,29,0,0.0,United Kingdom
22513,DOORSTOP FOOTBALL DESIGN,539.9,152,67,0,0.0,United Kingdom
22023,EMPIRE BIRTHDAY CARD,538.72,1206,147,12,0.01,United Kingdom
84625C,BLUE NEW BAROQUE CANDLESTICK CANDLE,536.41,449,41,81,0.1804,United Kingdom
22717,CARD DOG AND BALL,535.78,1229,131,0,0.0,United Kingdom
23398,HANGING HEART BONHEUR,535.35,606,70,1,0.0017,United Kingdom
22496,SET OF 2 ROUND TINS DUTCH CHEESE,535.11,253,80,4,0.0158,United Kingdom
85088,CANDY SPOT HAND BAG,534.83,259,52,2,0.0077,United Kingdom
85114c,RED ENCHANTED FOREST PLACEMAT,534.66,162,35,0,0.0,United Kingdom
23660,HENRIETTA HEN MUG,534.66,306,46,16,0.0523,United Kingdom
82613D,METAL SIGN CUPCAKE SINGLE HOOK,534.24,696,112,20,0.0287,United Kingdom
22543,MINI JIGSAW BAKE A CAKE,530.8,1453,55,0,0.0,United Kingdom
17012F,ORIGAMI SANDLEWOOD INCENSE/CAND SET,530.6,462,95,0,0.0,United Kingdom
35241,ENAMEL BLUE RIM BISCUIT BIN,530.49,103,45,40,0.3883,United Kingdom
21801,CHRISTMAS TREE DECORATION WITH BELL,530.26,1256,128,74,0.0589,United Kingdom
21270,ANTIQUE CREAM CUTLERY CUPBOARD,530.19,50,36,0,0.0,United Kingdom
75131,METAL TUBE CHIME ON BAMBOO,529.21,490,16,48,0.098,United Kingdom
23139,SINGLE WIRE HOOK PINK HEART,528.7,414,28,12,0.029,United Kingdom
22709,WRAP WEDDING DAY,528.5,1325,39,0,0.0,United Kingdom
21059,PARTY INVITES DINOSAURS,528.23,611,95,12,0.0196,United Kingdom
23060,HEART BEADED TRELLIS DECORATION,528.17,249,42,0,0.0,United Kingdom
22707,WRAP MONSTER FUN,527.94,1257,49,0,0.0,United Kingdom
22275,WEEKEND BAG VINTAGE ROSE PAISLEY,527.85,69,1,0,0.0,United Kingdom
85104,SILVER GLASS T-LIGHT SET,525.75,201,19,358,1.7811,United Kingdom
22521,CHILDS GARDEN TROWEL PINK,525.51,610,107,99,0.1623,United Kingdom
22248,DECORATION  PINK CHICK MAGIC GARDEN,525.09,593,111,20,0.0337,United Kingdom
85135B,BLUE DRAGONFLY HELICOPTER,524.55,123,51,68,0.5528,United Kingdom
20785,FUSCHIA RETRO BAR STOOL,523.3,14,6,2,0.1429,United Kingdom
22861,EASTER TIN CHICKS IN GARDEN,522.93,305,50,0,0.0,United Kingdom
85131B,BEADED CRYSTAL HEART GREEN ON STICK,521.11,623,172,0,0.0,United Kingdom
85025C,PINK HEART SHAPE PHOTO FRAME,520.91,465,42,231,0.4968,United Kingdom
84816,DANISH ROSE BEDSIDE CABINET,519.35,13,16,27,2.0769,United Kingdom
23336,EGG FRYING PAN PINK,519.25,225,85,0,0.0,United Kingdom
84313B,BLUE TV TRAY TABLE,518.61,127,40,32,0.252,United Kingdom
21455,PAINTED YELLOW WOODEN DAISY,516.79,612,118,13,0.0212,United Kingdom
21711,FOLDING UMBRELLA WHITE/RED POLKADOT,513.02,104,36,0,0.0,United Kingdom
22216,T-LIGHT HOLDER WHITE LACE,512.93,588,68,0,0.0,United Kingdom
23136,IVORY WIRE SWEETHEART LETTER TRAY,511.89,135,49,0,0.0,United Kingdom
21926,RED/CREAM STRIPE CUSHION COVER,509.9,414,62,14,0.0338,United Kingdom
22280,POCKET BAG PINK PAISELY BROWN SPOT,509.59,468,95,0,0.0,United Kingdom
72819,CUPID DESIGN SCENTED CANDLES,509.07,225,43,0,0.0,United Kingdom
84520B,PACK 20 ENGLISH ROSE PAPER NAPKINS,508.37,554,81,61,0.1101,United Kingdom
20681,PINK POLKADOT CHILDRENS UMBRELLA,506.96,140,50,157,1.1214,United Kingdom
20761,BLUE PAISLEY SKETCHBOOK,505.97,120,63,0,0.0,United Kingdom
20998,ROSE DU SUD OVEN GLOVE,505.2,185,70,11,0.0595,United Kingdom
22127,PARTY CONES CARNIVAL ASSORTED,504.88,404,24,750,1.8564,United Kingdom
21654,RIDGED GLASS FINGER BOWL,504.68,974,60,3,0.0031,United Kingdom
84687,BEACH HUT SHELF W 3 DRAWERS,504.43,81,34,4,0.0494,United Kingdom
84616,SILVER ROCCOCO CHANDELIER,504.32,14,11,3,0.2143,United Kingdom
21067,VINTAGE RED TEATIME MUG,504.15,349,84,93,0.2665,United Kingdom
21925,UNION STRIPE CUSHION COVER,503.75,403,69,6,0.0149,United Kingdom
82616B,FRAPPUCINO SCARF KNITTING KIT,502.74,343,74,9,0.0262,United Kingdom
21710,FOLDING UMBRELLA PINKWHITE POLKADOT,501.98,107,45,0,0.0,United Kingdom
82616C,MIDNIGHT GLAMOUR SCARF KNITTING KIT,501.44,324,86,3,0.0093,United Kingdom
85231G,ORANGE SCENTED SET/9 T-LIGHTS,501.27,595,84,120,0.2017,United Kingdom
23117,POPPY FIELDS CHOPPING BOARD,501.23,93,47,1441,15.4946,United Kingdom
22181,SNOWSTORM PHOTO FRAME FRIDGE MAGNET,500.91,591,60,119,0.2014,United Kingdom
23021,GLASS BONNE JAM JAR,500.82,120,27,0,0.0,United Kingdom
82613B,"METAL SIGN,CUPCAKE SINGLE HOOK",500.24,583,113,91,0.1561,United Kingdom
23560,SET OF 6 RIBBONS COUNTRY STYLE,499.18,172,26,0,0.0,United Kingdom
21972,SET OF 36 DINOSAUR PAPER DOILIES,499.08,335,67,2,0.006,United Kingdom
84509C,SET OF 4 POLKADOT PLACEMATS,498.94,130,51,0,0.0,United Kingdom
22050,PINK PAISLEY ROSE GIFT WRAP,498.5,1250,43,125,0.1,United Kingdom
23466,TUSCAN VILLA DOVECOTE BIRD FEEDER,498.03,55,28,1,0.0182,United Kingdom
23045,PAPER LANTERN 5 POINT STAR MOON,497.98,118,26,20,0.1695,United Kingdom
84970s,HANGING HEART ZINC T-LIGHT HOLDER,496.49,238,66,0,0.0,United Kingdom
22511,RETROSPOT BABUSHKA DOORSTOP,495.2,251,55,1,0.004,United Kingdom
22516,CHILDS GARDEN RAKE BLUE,494.89,207,63,0,0.0,United Kingdom
20766,GARDEN PATH SKETCHBOOK,493.57,122,57,0,0.0,United Kingdom
21358,TOAST ITS - HAPPY BIRTHDAY,493.29,411,108,0,0.0,United Kingdom
35598D,PINK/WHITE CHRISTMAS TREE 60CM,493.01,684,43,1,0.0015,United Kingdom
46776C,WOVEN FROST CUSHION COVER,492.79,117,59,0,0.0,United Kingdom
21632,VINTAGE PINK DECORATIVE PARASOL,489.74,96,26,41,0.4271,United Kingdom
85194S,HANGING SPRING FLOWER EGG SMALL,489.17,1197,75,29,0.0242,United Kingdom
21850,BLUE  DIAMANTE PEN IN GIFT BOX,488.13,129,55,36,0.2791,United Kingdom
35809A,ENAMEL PINK TEA CONTAINER,488.06,420,63,13,0.031,United Kingdom
21202,DOLLY HONEYCOMB GARLAND,485.46,474,25,0,0.0,United Kingdom
21454,PAINTED PINK RABBIT,485.16,572,136,0,0.0,United Kingdom
84820,DANISH ROSE TRINKET TRAYS,483.05,259,32,4,0.0154,United Kingdom
23218,LAUREL STAR ANTIQUE GOLD,483.03,379,40,0,0.0,United Kingdom
21634,ASSORTED MINI MADRAS NOTEBOOK,481.95,976,29,169,0.1732,United Kingdom
22638,SET OF 4 NAPKIN CHARMS CROWNS,481.88,300,53,1,0.0033,United Kingdom
17012C,ORIGAMI LAVENDER INCENSE/CANDL SET,481.8,420,86,22,0.0524,United Kingdom
23691,WRAP KEEP CALM BIRTHDAY,481.5,1175,38,0,0.0,United Kingdom
22230,JIGSAW TREE WITH WATERING CAN,480.63,1047,105,16,0.0153,United Kingdom
90209C,PINK ENAMEL+GLASS HAIR COMB,480.5,267,36,78,0.2921,United Kingdom
21867,PINK UNION JACK  LUGGAGE TAG,480.25,348,121,0,0.0,United Kingdom
21741,COSY SLIPPER SHOES LARGE GREEN,480.17,147,40,0,0.0,United Kingdom
84849B,FAIRY SOAP SOAP HOLDER,478.83,266,77,1,0.0038,United Kingdom
23422,PANTRY HOOK BALLOON WHISK,477.89,213,47,0,0.0,United Kingdom
85049F,BABY BOOM RIBBONS,477.34,378,89,130,0.3439,United Kingdom
21472,LADYBIRD + BEE RAFFIA FOOD COVER,476.41,124,40,141,1.1371,United Kingdom
20803,SMALL PINK GLASS SUNDAE DISH,476.38,939,43,108,0.115,United Kingdom
23561,SET OF 6 RIBBONS PARTY,476.0,170,16,0,0.0,United Kingdom
21587,COSY HOUR GIANT TUBE MATCHES,475.65,243,28,53,0.2181,United Kingdom
85093,CANDY SPOT EGG WARMER HARE,475.18,708,88,0,0.0,United Kingdom
22184,CAKE STAND VICTORIAN FILIGREE LARGE,471.86,56,38,15,0.2679,United Kingdom
21366,MIRRORED WALL ART PHOTO FRAMES,470.17,89,46,0,0.0,United Kingdom
20716,PARTY FOOD SHOPPER BAG,469.63,404,75,82,0.203,United Kingdom
20707,CRAZY DAISY HEART DECORATION,468.39,464,150,1,0.0022,United Kingdom
20615,BLUE POLKADOT PASSPORT COVER,466.99,313,97,0,0.0,United Kingdom
84674,FLYING PIG WATERING CAN,466.95,193,48,4,0.0207,United Kingdom
20831,GOLD PHOTO FRAME,466.53,216,39,0,0.0,United Kingdom
84917,WHITE HAND TOWEL WITH BUTTERFLY,466.3,185,30,58,0.3135,United Kingdom
22647,CERAMIC LOVE HEART MONEY BANK,466.18,733,47,12,0.0164,United Kingdom
23379,PACK OF 12 RED APPLE TISSUES,465.36,1220,76,0,0.0,United Kingdom
21374,MIRRORED WALL ART SKULLS,463.79,304,46,0,0.0,United Kingdom
20838,FRENCH LATTICE CUSHION COVER,461.45,385,58,12,0.0312,United Kingdom
35598B,BLACK CHRISTMAS TREE 60CM,460.64,558,25,0,0.0,United Kingdom
21003,ROSE DU SUD CUSHION COVER,460.58,78,46,0,0.0,United Kingdom
22344,PARTY PIZZA DISH PINK POLKADOT,459.81,1225,76,0,0.0,United Kingdom
21063,PARTY INVITES JAZZ HEARTS,458.31,528,102,0,0.0,United Kingdom
21062,PARTY INVITES SPACEMAN,457.38,538,74,0,0.0,United Kingdom
17096,ASSORTED LAQUERED INCENSE HOLDERS,455.98,2545,26,48,0.0189,United Kingdom
21851,LILAC DIAMANTE PEN IN GIFT BOX,454.99,141,63,0,0.0,United Kingdom
35004G,SET OF 3 GOLD FLYING DUCKS,454.65,127,22,2,0.0157,United Kingdom
84916,HAND TOWEL PALE BLUE W FLOWERS,453.39,223,30,32,0.1435,United Kingdom
85169C,EAU DE NIL LOVE BIRD CANDLE,452.86,429,47,12,0.028,United Kingdom
21061,PARTY INVITES FOOTBALL,451.7,488,83,0,0.0,United Kingdom
21641,ASSORTED TUTTI FRUTTI KEYRING BALL,451.59,1153,50,49,0.0425,United Kingdom
23548,WRAP MAGIC FOREST,451.5,1075,43,0,0.0,United Kingdom
23509,MINI PLAYING CARDS FUN FAIR,451.46,1062,65,0,0.0,United Kingdom
48189,DOORMAT FRIENDSHIP,451.11,29,19,18,0.6207,United Kingdom
84872A,TEATIME FUNKY FLOWER BACKPACK FOR 2,450.08,43,36,16,0.3721,United Kingdom
22517,CHILDS GARDEN RAKE PINK,447.63,199,69,0,0.0,United Kingdom
20669,RED HEART LUGGAGE TAG,447.34,304,97,25,0.0822,United Kingdom
20770,ABSTRACT CIRCLE JOURNAL,447.25,184,72,0,0.0,United Kingdom
21365,MIRRORED WALL ART STARS,447.09,363,52,0,0.0,United Kingdom
84600,NEW BAROQUE JEWELLERY BOX,446.89,53,26,1,0.0189,United Kingdom
22640,SET OF 4 NAPKIN CHARMS 3 KEYS,446.84,237,57,0,0.0,United Kingdom
22486,PLASMATRONIC LAMP,446.45,71,28,6,0.0845,United Kingdom
84920,PINK FLOWER FABRIC PONY,446.23,115,50,30,0.2609,United Kingdom
22598,CHRISTMAS MUSICAL ZINC TREE,446.2,990,96,6,0.0061,United Kingdom
84976,RECTANGULAR SHAPED MIRROR,446.15,512,40,80,0.1562,United Kingdom
21415,CLAM SHELL SMALL,446.02,219,46,0,0.0,United Kingdom
21220,SET/4 BADGES DOGS,445.01,338,89,0,0.0,United Kingdom
21656,RIDGED GLASS POSY VASE,444.58,219,48,19,0.0868,United Kingdom
21580,RABBIT  DESIGN  COTTON TOTE BAG,444.07,181,62,0,0.0,United Kingdom
82613C,"METAL SIGN,CUPCAKE SINGLE HOOK",443.38,537,97,20,0.0372,United Kingdom
20903,VINTAGE KEEPSAKE BOX TRAVELOGUE,441.89,82,57,33,0.4024,United Kingdom
22643,SET OF 4 NAPKIN CHARMS LEAVES,441.83,238,48,0,0.0,United Kingdom
35637A,IVORY STRING CURTAIN WITH POLE,440.62,170,28,0,0.0,United Kingdom
22390,PAPERWEIGHT CHILDHOOD MEMORIES,440.34,266,36,0,0.0,United Kingdom
20619,TROPICAL PASSPORT COVER,439.65,262,99,0,0.0,United Kingdom
20768,GREEN FERN JOURNAL,438.57,176,55,0,0.0,United Kingdom
23023,RIDGED BONNE JAM JAR T-LIGHT HOLDER,437.82,274,26,2,0.0073,United Kingdom
85111,SILVER GLITTER FLOWER VOTIVE HOLDER,437.59,1409,58,117,0.083,United Kingdom
85130C,BEADED CRYSTAL HEART BLUE  LARGE,437.22,482,46,0,0.0,United Kingdom
21828,EIGHT PIECE SNAKE  SET,435.79,330,84,0,0.0,United Kingdom
22545,MINI JIGSAW BUNNIES,435.67,1142,76,1,0.0009,United Kingdom
84360,TABLE LAMP WHITE SHADE WOOD BASE,434.12,78,20,0,0.0,United Kingdom
17107D,"FLOWER FAIRY,5 SUMMER B'DRAW LINERS",433.5,170,46,0,0.0,United Kingdom
35653,VINTAGE BEAD NOTEBOOK,433.19,183,54,0,0.0,United Kingdom
85168B,BLACK BAROQUE CARRIAGE CLOCK,432.79,51,35,0,0.0,United Kingdom
22229,BUNNY WOODEN PAINTED WITH FLOWER,432.46,568,102,2,0.0035,United Kingdom
23058,CHRISTMAS HANGING SNOWFLAKE,430.86,490,48,0,0.0,United Kingdom
20705,MRS ROBOT SOFT TOY,428.85,143,29,1,0.007,United Kingdom
21002,ROSE DU SUD DRAWSTRING BAG,428.66,125,66,0,0.0,United Kingdom
21088,SET/6 FRUIT SALAD PAPER CUPS,428.28,1678,104,12,0.0072,United Kingdom
85071C,"CHARLIE+LOLA""EXTREMELY BUSY"" SIGN",428.0,683,105,0,0.0,United Kingdom
21758,VINTAGE SHELLS PRINT,427.46,50,33,9,0.18,United Kingdom
77101A,UNION FLAG WINDSOCK,426.94,391,24,87,0.2225,United Kingdom
20934,SET/3 POT PLANT CANDLES,424.46,68,37,29,0.4265,United Kingdom
84931B,BLUE SCOTTIE DOG W FLOWER PATTERN,424.08,177,50,3,0.0169,United Kingdom
90200E,GREEN SWEETHEART BRACELET,423.41,103,44,0,0.0,United Kingdom
23044,PAPER LANTERN 9 POINT HOLLY STAR S,423.29,101,25,0,0.0,United Kingdom
21318,GLASS CHALICE BLUE SMALL,421.78,694,55,79,0.1138,United Kingdom
90154,LAZER CUT NECKLACE W PASTEL BEADS,421.75,57,5,0,0.0,United Kingdom
85136C,RED SHARK HELICOPTER,421.18,52,37,36,0.6923,United Kingdom
72799F,IVORY PILLAR CANDLE GOLD FLOCK,421.13,144,32,51,0.3542,United Kingdom
20762,GREEN FERN SKETCHBOOK,420.08,106,56,0,0.0,United Kingdom
21129,SILVER FISHING GNOME,419.52,52,28,2,0.0385,United Kingdom
22134,MINI LADLE LOVE HEART RED,419.0,889,162,0,0.0,United Kingdom
84970l,SINGLE HEART ZINC T-LIGHT HOLDER,418.98,201,50,0,0.0,United Kingdom
90114,SUMMER DAISIES BAG CHARM,417.96,167,88,0,0.0,United Kingdom
85208,SET/12 FUNKY FELT FLOWER PEG IN BAG,416.91,223,49,22,0.0987,United Kingdom
22214,CANDLE PLATE LACE WHITE,416.6,193,56,0,0.0,United Kingdom
20765,CHRYSANTHEMUM SKETCHBOOK,416.05,102,59,0,0.0,United Kingdom
21147,JINGLE BELLS TREE DECORATION,415.77,375,80,200,0.5333,United Kingdom
22405,MONEY BOX POCKET MONEY DESIGN,415.36,372,71,1,0.0027,United Kingdom
22108,PING! MICROWAVE PLATE,415.09,152,63,0,0.0,United Kingdom
21285,RETROSPOT CANDLE  MEDIUM,413.88,365,44,24,0.0658,United Kingdom
21884,CAKES AND BOWS GIFT  TAPE,413.76,1166,93,0,0.0,United Kingdom
90161C,ANT COPPER LIME BOUDICCA BRACELET,412.74,83,50,0,0.0,United Kingdom
23459,DOLLY CABINET 2 DRAWERS,412.5,33,21,3,0.0909,United Kingdom
15056p,EDWARDIAN PARASOL PINK,412.48,33,26,0,0.0,United Kingdom
84658,WHITE STITCHED CUSHION COVER,412.23,57,22,0,0.0,United Kingdom
23415,HOME SWEET HOME HOOK,412.18,328,48,5,0.0152,United Kingdom
84596E,SMALL LICORICE DES PINK BOWL,411.68,569,81,153,0.2689,United Kingdom
84806B,WHITE CANDYSTUFT ARTIFICIAL FLOWER,411.56,308,20,0,0.0,United Kingdom
21817,GLITTER CHRISTMAS TREE,410.91,906,60,88,0.0971,United Kingdom
22447,PIN CUSHION BABUSHKA BLUE,410.81,137,45,0,0.0,United Kingdom
20830,SILVER PHOTO FRAME,409.83,136,38,1,0.0074,United Kingdom
21579,LOLITA  DESIGN  COTTON TOTE BAG,409.72,176,53,10,0.0568,United Kingdom
22051,BLUE SCANDINAVIAN PAISLEY WRAP,409.5,975,40,300,0.3077,United Kingdom
85203,HANGING WOOD AND FELT BUTTERFLY,408.99,895,127,0,0.0,United Kingdom
16219,HOUSE SHAPE PENCIL SHARPENER,407.72,3048,101,48,0.0157,United Kingdom
84821,DANISH ROSE DELUXE COASTER,407.15,935,41,12,0.0128,United Kingdom
35964,FOLKART CLIP ON STARS,404.08,783,100,0,0.0,United Kingdom
22406,MONEY BOX KINGS CHOICE DESIGN,403.46,346,85,1,0.0029,United Kingdom
22510,GINGHAM BABUSHKA DOORSTOP,402.74,210,42,0,0.0,United Kingdom
23339,EGG FRYING PAN BLUE,400.84,173,76,0,0.0,United Kingdom
23576,SNACK TRAY RED VINTAGE DOILY,400.04,198,37,0,0.0,United Kingdom
23429,RED RETRO KITCHEN WALL CLOCK,400.01,47,23,0,0.0,United Kingdom
23039,T-LIGHT HOLDER SILVER HEART HANDLE,399.71,199,29,6,0.0302,United Kingdom
22345,PARTY PIZZA DISH BLUE POLKADOT,399.05,1117,72,18,0.0161,United Kingdom
37476,CONDIMENT TRAY 4 BOWLS AND 4 SPOONS,399.02,37,28,9,0.2432,United Kingdom
21131,GOLD STANDING GNOME,398.02,106,28,0,0.0,United Kingdom
18007,ESSENTIAL BALM 3.5g TIN IN ENVELOPE,395.61,5884,31,2834,0.4816,United Kingdom
23661,MILK MAIDS MUG,393.59,219,37,20,0.0913,United Kingdom
22048,BIRTHDAY BANQUET GIFT WRAP,393.5,975,33,25,0.0256,United Kingdom
20867,PINK ROSE FABRIC MIRROR,393.47,331,63,271,0.8187,United Kingdom
47421,ASSORTED COLOUR LIZARD SUCTION HOOK,393.0,994,55,0,0.0,United Kingdom
90200B,BLACK SWEETHEART BRACELET,392.83,93,48,1,0.0108,United Kingdom
23150,IVORY SWEETHEART SOAP DISH,390.75,148,50,1,0.0068,United Kingdom
85232A,SET/3 POLKADOT STACKING TINS,389.55,78,31,17,0.2179,United Kingdom
84826,ASSTD DESIGN 3D PAPER STICKERS,389.38,13702,33,60,0.0044,United Kingdom
21373,MIRRORED WALL ART SNOWFLAKES,389.04,512,48,12,0.0234,United Kingdom
23337,EGG FRYING PAN MINT,388.75,180,69,0,0.0,United Kingdom
35095A,BLUE VICTORIAN FABRIC OVAL BOX,388.57,925,100,0,0.0,United Kingdom
84974,S/2 ZINC HEART DESIGN PLANTERS,388.05,39,28,0,0.0,United Kingdom
22256,FELT FARM ANIMAL CHICKEN,387.9,286,50,0,0.0,United Kingdom
21879,HEARTS GIFT TAPE,385.47,1176,94,0,0.0,United Kingdom
84247E,PACK OF 12 CHRISTMAS FUN CARDS,384.09,187,53,23,0.123,United Kingdom
21881,CUTE CATS TAPE,383.11,1102,79,0,0.0,United Kingdom
20854,BLUE PATCH PURSE PINK HEART,383.02,242,44,96,0.3967,United Kingdom
21197,MULTICOLOUR  CONFETTI IN TUBE,382.96,284,28,21,0.0739,United Kingdom
23116,VEGETABLE GARDEN CHOPPING BOARD,382.44,76,23,1440,18.9474,United Kingdom
84919,BLUE CUSHION COVER WITH FLOWER,381.78,58,30,17,0.2931,United Kingdom
22346,PARTY PIZZA DISH GREEN POLKADOT,381.09,1034,59,0,0.0,United Kingdom
85179A,GREEN BITTY LIGHT CHAIN,380.79,193,59,0,0.0,United Kingdom
21562,HAWAIIAN GRASS SKIRT,380.36,324,28,0,0.0,United Kingdom
16045,POPART WOODEN PENCILS ASST,380.0,8900,70,4567,0.5131,United Kingdom
46776D,WOVEN SUNSET CUSHION COVER,378.29,89,37,0,0.0,United Kingdom
90161B,ANT COPPER TURQ BOUDICCA BRACELET,377.88,76,37,0,0.0,United Kingdom
21051,RIBBONS PURSE,377.2,432,54,27,0.0625,United Kingdom
90160C,TURQ+RED BOUDICCA LARGE BRACELET,377.04,54,26,0,0.0,United Kingdom
47367B,PAIR PADDED HANGERS PINK CHECK,376.27,112,43,0,0.0,United Kingdom
17012A,ORIGAMI VANILLA INCENSE/CANDLE SET,375.93,323,66,86,0.2663,United Kingdom
84559A,3D SHEET OF DOG STICKERS,375.61,397,94,0,0.0,United Kingdom
21635,MADRAS NOTEBOOK LARGE,374.96,272,18,8,0.0294,United Kingdom
21284,RETROSPOT CANDLE  SMALL,374.49,403,44,36,0.0893,United Kingdom
84663A,GRASS HOPPER WOODEN WALL CLOCK,374.12,303,40,14,0.0462,United Kingdom
21945,STRAWBERRIES  DESIGN FLANNEL,373.34,358,105,0,0.0,United Kingdom
84915,HAND TOWEL PINK FLOWER AND DAISY,372.33,217,23,0,0.0,United Kingdom
21689,SILVER VANILLA  FLOWER CANDLE POT,369.87,95,27,323,3.4,United Kingdom
84563A,PINK & WHITE BREAKFAST TRAY,369.84,96,37,14,0.1458,United Kingdom
20782,CAMOUFLAGE EAR MUFF HEADPHONES,368.08,53,27,0,0.0,United Kingdom
23575,SNACK TRAY PAISLEY PARK,367.35,179,32,0,0.0,United Kingdom
16011,ANIMAL STICKERS,367.29,1749,46,0,0.0,United Kingdom
22532,MAGIC DRAWING SLATE LEAP FROG,366.75,1072,73,0,0.0,United Kingdom
22769,CHALKBOARD KITCHEN ORGANISER,366.73,11,11,16,1.4545,United Kingdom
21320,GLASS CHALICE GREEN  LARGE,364.22,197,22,93,0.4721,United Kingdom
22265,EASTER DECORATION NATURAL CHICK,363.55,536,64,0,0.0,United Kingdom
21286,RETROSPOT CANDLE  LARGE,362.12,273,30,0,0.0,United Kingdom
35957,SMALLFOLKART BAUBLE CHRISTMAS DEC,361.81,723,44,1035,1.4315,United Kingdom
21348,PINK SPOTS CHOCOLATE NESTING BOXES,361.56,148,7,0,0.0,United Kingdom
21000,ROSE DU SUD COSMETICS BAG,360.84,96,53,41,0.4271,United Kingdom
85049e,SCANDINAVIAN REDS RIBBONS,360.71,109,42,0,0.0,United Kingdom
16008,SMALL FOLDING SCISSOR(POINTED EDGE),360.71,2892,71,1510,0.5221,United Kingdom
84632,DECORATIVE HANGING SHELVING UNIT,359.7,6,6,1,0.1667,United Kingdom
21060,PARTY INVITES BALLOON GIRL,359.29,405,71,0,0.0,United Kingdom
23579,SNACK TRAY I LOVE LONDON,358.75,177,38,0,0.0,United Kingdom
20856,DENIM PATCH PURSE PINK BUTTERFLY,357.29,216,63,150,0.6944,United Kingdom
82095,HEART BUTTONS JEWELLERY BOX,356.11,68,31,5,0.0735,United Kingdom
85169D,PINK LOVE BIRD CANDLE,356.08,351,51,1,0.0028,United Kingdom
85169B,BLACK LOVE BIRD CANDLE,356.06,329,62,0,0.0,United Kingdom
84569A,PACK 3 IRON ON DOG PATCHES,355.84,294,66,18,0.0612,United Kingdom
21724,PANDA AND BUNNIES STICKER SHEET,355.83,408,81,0,0.0,United Kingdom
90209B,GREEN ENAMEL+GLASS HAIR COMB,355.64,185,55,0,0.0,United Kingdom
22100,SKULLS SQUARE TISSUE BOX,354.82,755,59,0,0.0,United Kingdom
35095B,RED VICTORIAN FABRIC OVAL BOX,352.25,862,98,0,0.0,United Kingdom
23420,PANTRY HOOK TEA STRAINER,351.37,164,32,0,0.0,United Kingdom
35954,SMALL FOLKART STAR CHRISTMAS DEC,350.48,1269,58,744,0.5863,United Kingdom
21555,CERAMIC STRAWBERRY TRINKET TRAY,350.47,369,70,0,0.0,United Kingdom
79030D,TUMBLER BAROQUE,350.23,594,50,665,1.1195,United Kingdom
21664,RIDGED GLASS STORAGE JAR CREAM LID,350.22,118,19,0,0.0,United Kingdom
21723,ALPHABET HEARTS STICKER SHEET,350.08,397,59,0,0.0,United Kingdom
37482P,CUBIC MUG PINK POLKADOT,349.35,494,48,93,0.1883,United Kingdom
23421,PANTRY HOOK SPATULA,349.2,160,33,0,0.0,United Kingdom
21263,GREEN GOOSE FEATHER TREE 60CM,349.17,167,43,2,0.012,United Kingdom
22529,MAGIC DRAWING SLATE GO TO THE FAIR,349.03,851,70,0,0.0,United Kingdom
84924A,WAKE UP COCKEREL CALENDAR SIGN,348.59,81,33,0,0.0,United Kingdom
21421,PORCELAIN ROSE LARGE,348.43,435,17,5,0.0115,United Kingdom
21001,ROSE DU SUD WASHBAG,348.19,73,50,0,0.0,United Kingdom
21222,SET/4 BADGES BEETLES,348.19,265,73,0,0.0,United Kingdom
20652,BLUE POLKADOT LUGGAGE TAG,346.86,269,81,37,0.1375,United Kingdom
84563B,BLUE & WHITE BREAKFAST TRAY,346.3,94,39,11,0.117,United Kingdom
20700,GREEN CAT FLORAL CUSHION COVER,345.17,73,55,121,1.6575,United Kingdom
47591B,SCOTTIES CHILDRENS APRON,344.79,211,59,207,0.981,United Kingdom
84849A,HELLO SAILOR BLUE SOAP HOLDER,344.34,180,54,16,0.0889,United Kingdom
22104,MIRROR MOSAIC CANDLE PLATE,343.71,288,59,0,0.0,United Kingdom
90149,SILVER FLOWR PINK SHELL NECKLACE,342.76,53,4,0,0.0,United Kingdom
85129D,BEADED CRYSTAL HEART PINK SMALL,342.74,207,65,0,0.0,United Kingdom
47559b,TEA TIME OVEN GLOVE,342.65,103,28,0,0.0,United Kingdom
84766,SILVER ROCOCO CANDLE STICK,340.7,146,18,52,0.3562,United Kingdom
84631,FRUIT TREE AND BIRDS WALL PLAQUE,340.58,40,29,35,0.875,United Kingdom
21221,SET/4 BADGES CUTE CREATURES,340.22,261,54,0,0.0,United Kingdom
23015,CORDIAL GLASS JUG,338.38,40,21,7,0.175,United Kingdom
22547,MINI JIGSAW DINOSAUR,338.23,809,102,2,0.0025,United Kingdom
21167,WHITE SAGE INCENSE,337.14,1432,68,50,0.0349,United Kingdom
72122,COFFEE SCENT PILLAR CANDLE,335.79,324,61,0,0.0,United Kingdom
71270,PHOTO CLIP LINE,334.98,236,49,0,0.0,United Kingdom
23047,PAPER LANTERN 5 POINT SEQUIN STAR,333.5,58,25,0,0.0,United Kingdom
85230B,CINNAMON SCENTED VOTIVE CANDLE,333.2,1288,39,0,0.0,United Kingdom
22259,FELT FARM ANIMAL HEN,332.84,481,44,0,0.0,United Kingdom
84952B,BLACK LOVE BIRD T-LIGHT HOLDER,332.14,186,30,3,0.0161,United Kingdom
84638,SMALL KITCHEN FLOWER POTS PLAQUE,331.5,50,38,18,0.36,United Kingdom
21248,DOOR HANGER  MUM + DADS ROOM,330.72,205,68,19,0.0927,United Kingdom
85213,MINI  ZINC GARDEN DECORATIONS,330.55,931,37,13,0.014,United Kingdom
90200A,PURPLE SWEETHEART BRACELET,328.44,78,50,0,0.0,United Kingdom
84926E,FLOWERS TILE COASTER,327.8,968,39,0,0.0,United Kingdom
16259,PIECE OF CAMO STATIONERY SET,326.56,3380,33,3275,0.9689,United Kingdom
84708B,PINK JEWELLED PHOTO FRAME,326.35,62,20,5,0.0806,United Kingdom
85204,HANGING WOOD AND FELT FLOWER,325.36,2050,106,1132,0.5522,United Kingdom
23037,CANDLE HOLDER SILVER MADELINE,325.16,196,20,0,0.0,United Kingdom
23478,WOODLAND LARGE PINK FELT HEART,324.4,285,13,0,0.0,United Kingdom
90147,CHUNKY SILVER NECKLACE PASTEL FLOWE,324.01,32,24,2,0.0625,United Kingdom
85205B,PINK FELT EASTER RABBIT GARLAND,323.15,122,29,0,0.0,United Kingdom
22135,MINI LADLE LOVE HEART PINK,322.38,567,179,0,0.0,United Kingdom
84509c,SET OF 4 POLKADOT PLACEMATS,322.22,43,27,0,0.0,United Kingdom
21403,BLUE EGG  SPOON,322.18,1857,106,0,0.0,United Kingdom
16238,PARTY TIME PENCIL ERASERS,321.67,1396,134,0,0.0,United Kingdom
22092,BLUE PAISLEY TISSUE BOX,321.4,670,91,0,0.0,United Kingdom
21425,SKULLS STORAGE BOX LARGE,320.49,87,30,0,0.0,United Kingdom
16236,KITTY PENCIL ERASERS,320.09,1438,136,0,0.0,United Kingdom
21371,MIRRORED WALL ART POPPIES,319.71,287,38,0,0.0,United Kingdom
20936,FORKED CACTUS CANDLE,319.66,100,35,1,0.01,United Kingdom
22202,MILK PAN PINK POLKADOT,319.35,67,42,116,1.7313,United Kingdom
90161D,ANT COPPER PINK BOUDICCA BRACELET,318.89,64,34,0,0.0,United Kingdom
72586,SET OF 6 HALLOWEEN GHOST T-LIGHTS,317.83,691,84,36,0.0521,United Kingdom
84884a,ANT WHITE WIRE HEART SPIRAL,317.72,38,26,0,0.0,United Kingdom
84931A,PINK SCOTTIE DOG W FLOWER PATTERN,317.44,133,51,0,0.0,United Kingdom
46118,FUNKY MONKEY CUSHION COVER,317.17,232,46,0,0.0,United Kingdom
22765,NEWSPAPER STAND,316.95,27,6,1,0.037,United Kingdom
85170B,SET/6 BLACK BIRD T-LIGHT CANDLES,316.75,215,40,1,0.0047,United Kingdom
35915C,PEACH KNITTED HEN,316.46,345,62,43,0.1246,United Kingdom
84876B,GREEN HEART COMPACT MIRROR,315.81,284,35,59,0.2077,United Kingdom
21026,SPACE OWL,315.75,255,68,0,0.0,United Kingdom
90198A,VINTAGE ROSE BEAD BRACELET RASPBERR,315.73,75,44,0,0.0,United Kingdom
47594B,SCOTTIES DESIGN WASHBAG,314.55,170,59,4,0.0235,United Kingdom
84584,PINK GINGHAM CAT WITH SCARF,314.51,144,32,53,0.3681,United Kingdom
17084N,FAIRY DREAMS INCENSE,313.31,1264,101,0,0.0,United Kingdom
23695,DOILY THANK YOU CARD,313.24,741,57,0,0.0,United Kingdom
85202,HANGING WOOD AND FELT HEART,313.13,672,106,0,0.0,United Kingdom
85014b,RED RETROSPOT UMBRELLA,313.06,25,23,0,0.0,United Kingdom
21942,SKULLS DESIGN FLANNEL,313.01,287,104,12,0.0418,United Kingdom
21375,LARGE CAMPHOR WOOD FIELD MUSHROOM,312.77,41,27,0,0.0,United Kingdom
20780,BLACK EAR MUFF HEADPHONES,312.7,47,28,0,0.0,United Kingdom
84358,FLOOR LAMP SHADE WOOD BASE,312.7,33,13,0,0.0,United Kingdom
21841,BABY MOUSE RED GINGHAM DRESS,310.25,154,24,1,0.0065,United Kingdom
21944,KITTENS DESIGN FLANNEL,310.19,337,100,0,0.0,United Kingdom
47021G,SET/6 BEAD COASTERS GAUZE BAG GOLD,309.3,870,29,52,0.0598,United Kingdom
21442,GREEN BIRDHOUSE DECORATION,307.94,437,59,0,0.0,United Kingdom
21719,LOVELY BONBON STICKER SHEET,307.44,345,58,0,0.0,United Kingdom
23495,SET OF 3 PANTRY WOODEN SPOONS,306.66,225,41,0,0.0,United Kingdom
22124,SET OF 2 TEA TOWELS PING MICROWAVE,306.16,149,76,0,0.0,United Kingdom
22043,CHRISTMAS CARD SCREEN PRINT,304.5,1238,66,49,0.0396,United Kingdom
22040,BOTANICAL ROSE GIFT WRAP,304.5,725,28,0,0.0,United Kingdom
22641,SET OF 4 NAPKIN CHARMS INSTRUMENT,303.73,139,37,0,0.0,United Kingdom
20622,VIPPASSPORT COVER,303.7,185,51,0,0.0,United Kingdom
23430,BLUE RETRO KITCHEN WALL CLOCK,301.88,36,18,0,0.0,United Kingdom
35912B,WHITE/PINK CHICK DECORATION,301.26,252,20,0,0.0,United Kingdom
84661B,BLACK SQUARE TABLE CLOCK,300.24,115,29,0,0.0,United Kingdom
22409,MONEY BOX BISCUITS DESIGN,299.72,228,59,21,0.0921,United Kingdom
21761,WOOD AND GLASS MEDICINE CABINET,299.5,10,11,2,0.2,United Kingdom
23440,PAINT YOUR OWN EGGS IN CRATE,299.36,164,5,0,0.0,United Kingdom
20897,VINTAGE NOTEBOOK PARIS DAYS,298.27,107,26,12,0.1121,United Kingdom
90184B,AMETHYST CHUNKY BEAD BRACELET W STR,297.94,33,21,0,0.0,United Kingdom
84596J,MIXED NUTS LIGHT GREEN BOWL,296.45,638,70,3,0.0047,United Kingdom
20655,QUEEN OF SKIES LUGGAGE TAG,292.29,197,99,0,0.0,United Kingdom
35911A,MULTICOLOUR RABBIT EGG WARMER,292.07,339,71,0,0.0,United Kingdom
21441,BLUE BIRDHOUSE DECORATION,292.03,421,62,0,0.0,United Kingdom
23567,EGG CUP HENRIETTA HEN PINK,291.58,211,38,1,0.0047,United Kingdom
22049,WRAP CHRISTMAS SCREEN PRINT,291.5,1050,35,125,0.119,United Kingdom
23410,CURIO CABINET LINEN AND LACE,290.1,36,19,1,0.0278,United Kingdom
16015,MEDIUM CHINESE STYLE SCISSOR,289.98,1062,27,689,0.6488,United Kingdom
85024B,EAU DE NILE JEWELLED PHOTOFRAME,289.65,193,12,0,0.0,United Kingdom
79051A,SMOKEY GREY COLOUR D.O.F. GLASS,289.55,823,42,6,0.0073,United Kingdom
21503,TOYBOX  WRAP,288.92,726,26,225,0.3099,United Kingdom
46776E,WOVEN CANDY CUSHION COVER,288.43,67,38,0,0.0,United Kingdom
79190B,RETRO PLASTIC POLKA TRAY,288.36,707,59,16,0.0226,United Kingdom
20618,QUEEN OF THE SKIES PASSPORT COVER,286.39,148,76,0,0.0,United Kingdom
72800B,4 PURPLE FLOCK DINNER CANDLES,285.7,142,38,0,0.0,United Kingdom
21386,IVORY HANGING DECORATION  EGG,285.64,709,51,0,0.0,United Kingdom
37413,ICON MUG REVOLUTIONARY,284.49,6271,82,0,0.0,United Kingdom
71403,"PINK/WHITE ""KEEP CLEAN"" BULLET BIN",283.96,76,33,0,0.0,United Kingdom
18094C,WHITE AND BLUE CERAMIC OIL BURNER,283.93,192,43,67,0.349,United Kingdom
21666,RIDGED GLASS T-LIGHT HOLDER,283.51,412,43,0,0.0,United Kingdom
16218,CARTOON  PENCIL SHARPENERS,283.31,3821,64,0,0.0,United Kingdom
20794,BLUE  TILE HOOK,282.79,99,29,9,0.0909,United Kingdom
20777,CHRYSANTHEMUM NOTEBOOK,282.49,169,80,0,0.0,United Kingdom
84341B,SMALL PINK MAGIC CHRISTMAS TREE,282.38,645,42,181,0.2806,United Kingdom
84872a,TEATIME FUNKY FLOWER BACKPACK FOR 2,282.15,26,21,0,0.0,United Kingdom
23481,PEARLISED IVORY HEART SMALL,281.17,228,29,0,0.0,United Kingdom
22257,FELT FARM ANIMAL SHEEP,280.42,373,42,0,0.0,United Kingdom
71101E,STANDING FAIRY POLE SUPPORT,278.5,346,22,0,0.0,United Kingdom
85188A,GREEN METAL SWINGING BUNNY,278.17,319,43,3,0.0094,United Kingdom
21725,SWEETIES  STICKERS,277.24,301,50,0,0.0,United Kingdom
16169M,WRAP DAISY CARPET,277.2,660,25,0,0.0,United Kingdom
21293,MIRRORED DOVE WALL DECORATION,276.72,116,24,0,0.0,United Kingdom
84926D,LA PALMIERA TILE COASTER,276.53,709,34,0,0.0,United Kingdom
85049g,CHOCOLATE BOX RIBBONS,276.42,113,51,0,0.0,United Kingdom
23137,ZINC WIRE SWEETHEART LETTER TRAY,275.62,83,23,0,0.0,United Kingdom
21250,SET OF SKULL WALL STICKERS,274.37,95,20,0,0.0,United Kingdom
85186A,EASTER BUNNY GARLAND OF FLOWERS,273.64,567,79,0,0.0,United Kingdom
22052,VINTAGE CARAVAN GIFT WRAP,273.0,650,31,150,0.2308,United Kingdom
84859A,SILVER DISCO HANDBAG,272.99,129,35,0,0.0,United Kingdom
23141,TRIPLE WIRE HOOK PINK HEART,272.91,79,25,0,0.0,United Kingdom
20734,SILVER MINI TAPE MEASURE,271.22,160,29,11,0.0688,United Kingdom
20755,BLUE PAISLEY POCKET BOOK,271.17,306,62,0,0.0,United Kingdom
85214,TUB 24 PINK FLOWER PEGS,271.04,234,60,0,0.0,United Kingdom
23474,WOODLAND SMALL BLUE FELT HEART,270.96,312,37,0,0.0,United Kingdom
85019C,CURIOUS  IMAGES NOTEBOOK SET,270.72,182,13,120,0.6593,United Kingdom
20684,STRAWBERRY DREAM CHILDS UMBRELLA,270.56,81,38,46,0.5679,United Kingdom
21815,STAR  T-LIGHT HOLDER,270.23,158,30,300,1.8987,United Kingdom
21275,ZINC TOP  2 DOOR WOODEN SHELF,270.08,16,17,40,2.5,United Kingdom
35001W,HAND OPEN SHAPE DECO.WHITE,270.02,92,7,37,0.4022,United Kingdom
22512,DOORSTOP RACING CAR DESIGN,269.71,123,38,0,0.0,United Kingdom
85186C,BUNNY EGG GARLAND,269.17,528,79,20,0.0379,United Kingdom
21785,RAIN PONCHO,268.76,411,7,147,0.3577,United Kingdom
21644,ASSORTED TUTTI FRUTTI HEART BOX,268.75,386,36,25,0.0648,United Kingdom
21332,MOROCCAN BEATEN METAL MIRROR,268.1,19,14,25,1.3158,United Kingdom
17013D,ORIGAMI ROSE INCENSE IN TUBE,267.82,535,15,29,0.0542,United Kingdom
21445,12 PINK ROSE PEG PLACE SETTINGS,267.5,217,25,4,0.0184,United Kingdom
85230E,STRAWBRY SCENTED VOTIVE CANDLE,267.45,1101,26,226,0.2053,United Kingdom
21265,PINK GOOSE FEATHER TREE 60CM,267.21,131,19,0,0.0,United Kingdom
20771,CHRYSANTHEMUM  JOURNAL,267.13,102,40,0,0.0,United Kingdom
84795b,SUNSET CHECK HAMMOCK,266.78,16,14,0,0.0,United Kingdom
21279,VINTAGE KITCHEN PRINT FRUITS,266.15,99,31,3,0.0303,United Kingdom
20699,MOUSEY LONG LEGS SOFT TOY,266.03,97,42,16,0.1649,United Kingdom
85039C,S/4 BLACK MINI ROSE CANDLE IN BOWL,265.77,305,68,1,0.0033,United Kingdom
90160A,PURPLE BOUDICCA LARGE BRACELET,264.94,38,16,7,0.1842,United Kingdom
23476,WOODLAND LARGE RED FELT HEART,264.72,205,22,0,0.0,United Kingdom
90160D,PINK BOUDICCA LARGE BRACELET,264.7,38,12,0,0.0,United Kingdom
84952A,CLEAR LOVE BIRD T-LIGHT HOLDER,264.47,92,26,0,0.0,United Kingdom
85124B,BLUE JUICY FRUIT PHOTO FRAME,264.06,93,40,6,0.0645,United Kingdom
22889,NUMBER TILE VINTAGE FONT No,263.8,169,33,0,0.0,United Kingdom
18098c,PORCELAIN BUTTERFLY OIL BURNER,263.12,52,12,0,0.0,United Kingdom
85124C,GREEN JUICY FRUIT PHOTO FRAME,261.89,94,40,8,0.0851,United Kingdom
84858C,PINK RIVIERA HANDBAG,261.68,232,8,10,0.0431,United Kingdom
79337,BLUE FLOCK GLASS CANDLEHOLDER,259.96,645,13,14,0.0217,United Kingdom
72800C,4 PINK DINNER CANDLE SILVER FLOCK,259.72,130,35,0,0.0,United Kingdom
21324,HANGING MEDINA LANTERN SMALL,259.67,88,31,18,0.2045,United Kingdom
20997,ROSE DU SUD CUSHION COVER,257.61,59,34,0,0.0,United Kingdom
35915B,BLUE KNITTED HEN,257.22,220,50,0,0.0,United Kingdom
85230G,ORANGE VOTIVE CANDLE,257.04,1032,26,48,0.0465,United Kingdom
21458,2 PICTURE BOOK EGGS EASTER BUNNY,256.54,182,36,0,0.0,United Kingdom
78124,MAGAZINE RACK GEBRA ASSORTED,256.5,198,18,0,0.0,United Kingdom
21427,SKULLS STORAGE BOX SMALL,256.44,96,44,3,0.0312,United Kingdom
16012,FOOD/DRINK SPONGE STICKERS,256.2,1220,35,0,0.0,United Kingdom
84952C,MIRROR LOVE BIRD T-LIGHT HOLDER,255.0,163,14,38,0.2331,United Kingdom
21269,ANTIQUE CREAM CUTLERY SHELF,254.98,42,20,0,0.0,United Kingdom
21547,CERAMIC BIRDHOUSE CRESTED TIT SMALL,253.53,79,23,12,0.1519,United Kingdom
48173c,DOORMAT BLACK FLOCK,252.95,15,7,0,0.0,United Kingdom
90201B,BLACK ENAMEL FLOWER RING,252.9,86,25,7,0.0814,United Kingdom
35967,FOLK ART METAL STAR T-LIGHT HOLDER,252.33,485,67,0,0.0,United Kingdom
23149,ANTIQUE IVORY WIRE BOWL SMALL,251.45,99,23,11,0.1111,United Kingdom
21882,SKULLS TAPE,251.17,704,70,0,0.0,United Kingdom
22164,STRING OF STARS CARD HOLDER,250.22,78,16,80,1.0256,United Kingdom
85071D,CHARLIE+LOLA MY ROOM DOOR SIGN,249.49,403,84,0,0.0,United Kingdom
23465,TUSCAN VILLA BIRD FEEDER,247.63,29,16,0,0.0,United Kingdom
22410,MONEY BOX HOUSEKEEPING DESIGN,247.42,237,58,0,0.0,United Kingdom
84678,CLASSICAL ROSE SMALL VASE,247.04,142,16,36,0.2535,United Kingdom
20659,ECONOMY LUGGAGE TAG,246.84,158,62,0,0.0,United Kingdom
21379,CAMPHOR WOOD PORTOBELLO MUSHROOM,246.83,178,50,0,0.0,United Kingdom
47422,ASSORTED MONKEY SUCTION CUP HOOK,246.18,617,46,1,0.0016,United Kingdom
22869,NUMBER TILE COTTAGE GARDEN 1,246.14,96,45,1,0.0104,United Kingdom
90175A,WHITE GLASS CHUNKY CHARM BRACELET,245.63,27,25,0,0.0,United Kingdom
22391,PAPERWEIGHT HOME SWEET HOME,245.58,158,29,0,0.0,United Kingdom
21676,FLOWERS  STICKERS,245.36,257,61,0,0.0,United Kingdom
21190,PINK HEARTS PAPER GARLAND,245.2,216,10,130,0.6019,United Kingdom
20819,SILVER TEDDY BEAR,244.72,64,27,0,0.0,United Kingdom
90143,SILVER BRACELET W PASTEL FLOWER,244.68,32,20,1,0.0312,United Kingdom
84422,PINK/BLUE DISC/MIRROR STRING,244.17,566,17,78,0.1378,United Kingdom
20616,CHERRY BLOSSOM PASSPORT COVER,243.53,194,71,0,0.0,United Kingdom
85095,THREE CANVAS LUGGAGE TAGS,243.49,150,48,0,0.0,United Kingdom
23475,WOODLAND SMALL PINK FELT HEART,242.18,286,31,0,0.0,United Kingdom
85094,CANDY SPOT EGG WARMER RABBIT,242.13,640,90,0,0.0,United Kingdom
22954,HEN PARTY CORDON BARRIER TAPE,241.38,197,41,1,0.0051,United Kingdom
84592,CROCHET ROSE PURSE WITH SUEDE BACK,241.24,76,22,0,0.0,United Kingdom
22870,NUMBER TILE COTTAGE GARDEN 2,240.29,93,39,0,0.0,United Kingdom
23143,ZINC WIRE KITCHEN ORGANISER,239.97,30,16,0,0.0,United Kingdom
21028,NINJA RABBIT BLACK,239.24,187,58,0,0.0,United Kingdom
47469,ASSORTED SHAPES PHOTO CLIP SILVER,238.61,469,13,24,0.0512,United Kingdom
22137,BATHROOM SET LOVE HEART DESIGN,237.98,82,14,0,0.0,United Kingdom
72131,COLUMBIAN CANDLE RECTANGLE,236.4,136,18,0,0.0,United Kingdom
21360,JOY LARGE WOOD LETTERS,236.17,39,17,4,0.1026,United Kingdom
85023B,EAU DE NILE JEWELLED PHOTOFRAME,235.35,105,15,73,0.6952,United Kingdom
23580,SNACK TRAY HAPPY FOREST,234.92,116,25,0,0.0,United Kingdom
47351B,BLUE  VOILE LAMPSHADE,234.5,86,10,48,0.5581,United Kingdom
16216,LETTER SHAPE PENCIL SHARPENER,234.0,3333,45,0,0.0,United Kingdom
20775,DAISY NOTEBOOK,233.54,134,65,64,0.4776,United Kingdom
21025,SPACE FROG,233.52,174,56,0,0.0,United Kingdom
90058B,CRYSTAL STUD EARRINGS ASSORTED COL,232.56,612,16,36,0.0588,United Kingdom
23036,T-LIGHT HOLDER SILVER PETIT FOUR,232.42,184,16,0,0.0,United Kingdom
84857C,PINK MONTE CARLO HANDBAG,232.33,122,13,25,0.2049,United Kingdom
85099f,JUMBO BAG STRAWBERRY,232.06,46,10,0,0.0,United Kingdom
23447,PINK BUNNY EASTER EGG BASKET,231.9,158,4,0,0.0,United Kingdom
84712B,PINK JEWELLED PHOTO FRAME,231.56,30,20,0,0.0,United Kingdom
20696,FLORAL SOFT CAR TOY,230.81,54,30,0,0.0,United Kingdom
22394,PAPERWEIGHT KINGS CHOICE,230.68,168,24,6,0.0357,United Kingdom
21973,SET OF 36 MUSHROOM PAPER DOILIES,230.55,299,32,1,0.0033,United Kingdom
23446,BLUE BUNNY EASTER EGG BASKET,230.25,157,3,0,0.0,United Kingdom
21161,KEEP OUT BOYS DOOR HANGER,229.92,143,46,168,1.1748,United Kingdom
85040B,SET/4 BLUE FLOWER CANDLES IN BOWL,229.47,137,39,5,0.0365,United Kingdom
85200,BUNNY EGG BOX,228.75,189,27,0,0.0,United Kingdom
90010E,AMBER GLASS/SILVER BRACELET,227.89,25,16,0,0.0,United Kingdom
72800D,4 BLUE DINNER CANDLES SILVER FLOCK,226.67,90,33,18,0.2,United Kingdom
23003,TRAVEL CARD WALLET VINTAGE ROSE,226.2,542,54,9058,16.7122,United Kingdom
90201D,GREEN ENAMEL FLOWER RING,225.84,77,31,0,0.0,United Kingdom
22031,BOTANICAL LAVENDER BIRTHDAY CARD,225.59,504,81,12,0.0238,United Kingdom
21157,RED RETROSPOT WASHBAG,225.5,78,34,0,0.0,United Kingdom
85014a,BLACK/BLUE POLKADOT UMBRELLA,225.32,18,14,0,0.0,United Kingdom
90206C,CRYSTAL DIAMANTE STAR BROOCH,224.73,45,31,0,0.0,United Kingdom
21647,ASSORTED TUTTI FRUTTI LARGE PURSE,224.7,107,26,1,0.0093,United Kingdom
90158,ST TROPEZ NECKLACE,224.12,45,35,0,0.0,United Kingdom
21657,MILK BOTTLE WITH GLASS STOPPER,223.46,30,17,0,0.0,United Kingdom
84218,BOX/12 CHICK & EGG IN BASKET,223.11,123,42,2,0.0163,United Kingdom
21364,PEACE SMALL WOOD LETTERS,222.96,30,25,1,0.0333,United Kingdom
21456,2 PICTURE BOOK EGGS EASTER CHICKS,222.22,171,26,1,0.0058,United Kingdom
84711A,SILVER OVAL SHAPE TRINKET BOX,221.8,25,17,0,0.0,United Kingdom
22395,PAPERWEIGHT VINTAGE PAISLEY,220.04,152,33,0,0.0,United Kingdom
20868,SILVER FABRIC MIRROR,219.35,458,46,0,0.0,United Kingdom
75178,ASSTD COL BUTTERFLY/CRYSTAL W/CHIME,218.87,459,13,0,0.0,United Kingdom
35914,PINK CHICK EGG WARMER + EGG CUP,218.81,209,43,0,0.0,United Kingdom
21378,SMALL TALL CAMPHOR WOOD TOADSTOOL,217.89,142,34,0,0.0,United Kingdom
90014A,SILVER/MOP ORBIT NECKLACE,217.59,27,22,12,0.4444,United Kingdom
20847,ZINC HEART LATTICE CHARGER LARGE,217.58,52,18,0,0.0,United Kingdom
20769,DAISY JOURNAL,217.56,80,34,0,0.0,United Kingdom
84876D,BLUE HEART COMPACT MIRROR,217.5,128,17,2,0.0156,United Kingdom
21132,SILVER STANDING GNOME,217.36,44,22,0,0.0,United Kingdom
84559B,3D SHEET OF CAT STICKERS,217.29,237,57,162,0.6835,United Kingdom
21377,SMALL CAMPHOR WOOD FIELD  MUSHROOM,215.68,121,41,0,0.0,United Kingdom
84051,ASS COLOUR GLOWING TIARAS,215.21,281,25,0,0.0,United Kingdom
90120C,GREEN MURANO TWIST BRACELET,215.2,51,22,0,0.0,United Kingdom
21316,SMALL CHUNKY GLASS ROMAN  BOWL,214.73,159,17,6,0.0377,United Kingdom
21520,BOOZE & WOMEN GREETING CARD,214.19,504,59,2,0.004,United Kingdom
22882,NUMBER TILE VINTAGE FONT 3,213.7,108,43,1,0.0093,United Kingdom
20781,GOLD EAR MUFF HEADPHONES,212.26,35,26,1,0.0286,United Kingdom
90200C,BLUE SWEETHEART BRACELET,211.43,54,28,33,0.6111,United Kingdom
84510C,SET OF 4 POLKADOT COASTERS,211.33,132,54,0,0.0,United Kingdom
72127,COLUMBIAN CANDLE ROUND,210.61,193,32,53,0.2746,United Kingdom
84877B,GREEN ROUND COMPACT MIRROR,210.56,144,22,27,0.1875,United Kingdom
84707B,PINK JEWELLED MIRROR TRINKET TRAY,210.55,34,18,0,0.0,United Kingdom
84926A,WAKE UP COCKEREL TILE COASTER,210.52,604,35,0,0.0,United Kingdom
90175D,TIGRIS EYE CHUNKY CHARM BRACELET,210.04,23,20,0,0.0,United Kingdom
90160B,RED BOUDICCA LARGE BRACELET,209.73,30,12,0,0.0,United Kingdom
90192,JADE DROP EARRINGS W FILIGREE,209.1,42,26,2,0.0476,United Kingdom
21750,LARGE SKULL WINDMILL,207.51,90,24,0,0.0,United Kingdom
16048,TEATIME ROUND PENCIL SHARPENER,205.3,1460,67,0,0.0,United Kingdom
90119,METALIC LEAVES BAG CHARMS,205.06,83,36,0,0.0,United Kingdom
20763,DAISY SKETCHBOOK,205.04,73,27,0,0.0,United Kingdom
21726,MULTI HEARTS  STICKERS,204.69,237,42,0,0.0,United Kingdom
22878,NUMBER TILE COTTAGE GARDEN No,204.19,75,34,1,0.0133,United Kingdom
84875B,GREEN SQUARE COMPACT MIRROR,203.51,131,20,0,0.0,United Kingdom
85230A,OPIUM SCENTED VOTIVE CANDLE,203.28,840,18,0,0.0,United Kingdom
21911,GARDEN METAL SIGN,203.21,116,33,39,0.3362,United Kingdom
84688,BEACH HUT DESIGN BLACKBOARD,203.07,68,18,13,0.1912,United Kingdom
90201A,PURPLE ENAMEL FLOWER RING,202.51,69,29,4,0.058,United Kingdom
22541,MINI JIGSAW LEAP FROG,201.95,503,35,0,0.0,United Kingdom
85179C,PINK BITTY LIGHT CHAIN,201.31,106,36,0,0.0,United Kingdom
84968e,SET OF 16 VINTAGE BLACK CUTLERY,200.21,8,6,0,0.0,United Kingdom
44235,ASSORTED COLOURED CIRCLE MOBILE,200.04,538,13,0,0.0,United Kingdom
47594A,CAROUSEL DESIGN WASHBAG,199.84,108,55,9,0.0833,United Kingdom
16156L,WRAP CAROUSEL,199.5,475,18,0,0.0,United Kingdom
22038,BOTANICAL LAVENDER GIFT WRAP,199.5,475,19,0,0.0,United Kingdom
21367,MIRRORED WALL ART GENTS,199.49,171,43,0,0.0,United Kingdom
21651,HANGING GLASS ETCHED TEALIGHT,198.57,197,13,6,0.0305,United Kingdom
22881,NUMBER TILE VINTAGE FONT 2,197.56,102,34,0,0.0,United Kingdom
47578A,ENGLISH ROSE SMALL SCENTED FLOWER,197.43,213,45,0,0.0,United Kingdom
90019A,SILVER M.O.P ORBIT BRACELET,197.09,38,27,0,0.0,United Kingdom
22880,NUMBER TILE VINTAGE FONT 1,196.69,97,32,0,0.0,United Kingdom
22044,CHRISTMAS CARD STACK OF PRESENTS,196.44,816,37,240,0.2941,United Kingdom
71143,SILVER BOOK MARK WITH BEADS,196.36,178,39,45,0.2528,United Kingdom
22263,FELT EGG COSY LADYBIRD,195.97,326,52,49,0.1503,United Kingdom
90013A,MIDNIGHT BLUE VINTAGE EARRINGS,195.32,52,33,8,0.1538,United Kingdom
84926F,PSYCHEDELIC TILE COASTER,195.22,430,29,24,0.0558,United Kingdom
20617,FIRST CLASS PASSPORT COVER,194.94,93,43,0,0.0,United Kingdom
23697,A PRETTY THANK YOU CARD,194.58,456,35,0,0.0,United Kingdom
22884,NUMBER TILE VINTAGE FONT 5,194.05,99,36,0,0.0,United Kingdom
20654,FIRST CLASS LUGGAGE TAG,193.59,152,49,0,0.0,United Kingdom
22289,HANGING METAL CHICKEN DECORATION,193.52,148,34,0,0.0,United Kingdom
90018A,SILVER M.O.P ORBIT DROP EARRINGS,193.33,46,38,1,0.0217,United Kingdom
90082A,DIAMANTE BOW BROOCH GREEN COLOUR,193.2,30,18,0,0.0,United Kingdom
21376,LARGE  TALL CAMPHOR WOOD TOADSTOOL,192.81,33,17,0,0.0,United Kingdom
21306,SET/4 DAISY MIRROR MAGNETS,192.74,494,46,19,0.0385,United Kingdom
84910A,PINK PAISLEY CUSHION COVER,192.14,26,18,16,0.6154,United Kingdom
22883,NUMBER TILE VINTAGE FONT 4,191.48,100,33,1,0.01,United Kingdom
85045,GREEN CHRISTMAS TREE STRING 20LIGHT,191.1,64,14,4,0.0625,United Kingdom
90030B,RED KUKUI COCONUT SEED NECKLACE,190.73,122,25,0,0.0,United Kingdom
90184C,BLACK CHUNKY BEAD BRACELET W STRAP,190.52,21,17,0,0.0,United Kingdom
47471,RAINBOW PEGS PHOTO CLIP STRING,189.88,290,39,0,0.0,United Kingdom
21418,STARFISH SOAP DISH,189.75,74,25,0,0.0,United Kingdom
21196,ROUND WHITE CONFETTI IN TUBE,189.68,108,13,0,0.0,United Kingdom
21807,WHITE CHRISTMAS STAR DECORATION,189.0,438,32,65,0.1484,United Kingdom
85020,ROUND PINK HEART MIRROR,188.81,85,22,0,0.0,United Kingdom
84804B,BLUE DELPHINIUM ARTIFICIAL FLOWER,188.37,99,7,96,0.9697,United Kingdom
21027,NINJA RABBIT PINK,187.79,221,45,70,0.3167,United Kingdom
20694,FLORAL PINK MONSTER,187.54,43,17,110,2.5581,United Kingdom
84711B,PINK OVAL SHAPE TRINKET BOX,186.64,20,13,0,0.0,United Kingdom
84535A,ENGLISH ROSE NOTEBOOK A6 SIZE,186.56,863,24,65,0.0753,United Kingdom
21402,RED  EGG  SPOON,185.52,1369,93,147,0.1074,United Kingdom
90201C,RED ENAMEL FLOWER RING,185.42,63,22,6,0.0952,United Kingdom
78033,FLAG OF ST GEORGE CHAIR,185.3,38,10,3,0.0789,United Kingdom
21826,EIGHT PIECE DINOSAUR SET,185.18,127,37,4,0.0315,United Kingdom
72801d,4 SKY BLUE DINNER CANDLES,184.7,75,44,0,0.0,United Kingdom
23416,CHAMBRE HOOK,184.68,132,25,0,0.0,United Kingdom
90016B,GOLD/M.O.P PENDANT ORBIT NECKLACE,184.66,22,19,0,0.0,United Kingdom
85055,FRENCH ENAMEL UTENSIL HOLDER,183.71,45,16,0,0.0,United Kingdom
84509E,SET OF 4 CAROUSEL PLACEMATS,183.45,91,23,0,0.0,United Kingdom
84927F,PSYCHEDELIC TILE HOOK,182.95,299,45,5,0.0167,United Kingdom
84429A,MEDIUM PINK BUDDHA HEAD,182.5,54,21,0,0.0,United Kingdom
22032,BOTANICAL LILY GREETING CARD,181.98,427,60,0,0.0,United Kingdom
21311,SET/4 BIRD MIRROR MAGNETS,181.33,555,55,144,0.2595,United Kingdom
84907,PINK YELLOW PATCH CUSHION COVER,180.93,29,24,3,0.1034,United Kingdom
85215,ASSORTED CHEESE FRIDGE MAGNETS,180.71,343,20,29,0.0845,United Kingdom
72801C,4 ROSE PINK DINNER CANDLES,180.65,145,20,10,0.069,United Kingdom
84804A,CREAM DELPHINIUM ARTIFICIAL FLOWER,180.58,70,9,125,1.7857,United Kingdom
84859C,PINK DISCO HANDBAG,180.52,84,23,153,1.8214,United Kingdom
22157,ANGEL DECORATION WITH LACE PADDED,180.2,243,12,0,0.0,United Kingdom
21721,CANDY SHOP  STICKER SHEET,179.46,195,33,0,0.0,United Kingdom
79190A,RETRO PLASTIC 70'S TRAY,179.36,384,64,3,0.0078,United Kingdom
40003,WHITE BAMBOO RIBS LAMPSHADE,179.23,155,16,11,0.071,United Kingdom
16258A,SWIRLY CIRCULAR RUBBERS IN BAG,178.97,472,60,1,0.0021,United Kingdom
21847,GREEN  DIAMANTE PEN IN GIFT BOX,178.89,76,33,0,0.0,United Kingdom
85131C,BEADED CRYSTAL HEART BLUE ON STICK,178.85,193,50,0,0.0,United Kingdom
22872,NUMBER TILE COTTAGE GARDEN 4,177.46,72,30,0,0.0,United Kingdom
84685,BEACH HUT KEY CABINET,177.33,48,23,1,0.0208,United Kingdom
21319,GLASS CHALICE GREEN  SMALL,175.78,164,21,1,0.0061,United Kingdom
84507C,BLUE CIRCLES DESIGN MONKEY DOLL,175.73,70,31,7,0.1,United Kingdom
gift_0001_30,Dotcomgiftshop Gift Voucher £30.00,175.53,37,8,0,0.0,United Kingdom
85211,S/4 GROOVY CAT MAGNETS,175.16,152,28,6,0.0395,United Kingdom
22764,"RUSTIC WOODEN CABINET, GLASS DOORS",174.77,8,5,1,0.125,United Kingdom
90197B,BLACK GLASS BRACELET W HEART CHARMS,174.73,35,27,0,0.0,United Kingdom
84691,PACK 20 DOLLY PEGS,174.5,244,5,0,0.0,United Kingdom
84800M,MEDIUM WHITE/PINK ROSE ART FLOWER,174.31,127,13,127,1.0,United Kingdom
35810B,ENAMEL BLUE RIM COFFEE CONTAINER,174.09,164,30,17,0.1037,United Kingdom
84905,PINK BUTTERFLY CUSHION COVER,173.48,35,22,5,0.1429,United Kingdom
16168M,FUNKY MONKEY GIFT BAG MEDIUM,173.12,415,42,0,0.0,United Kingdom
22885,NUMBER TILE VINTAGE FONT 6,172.78,96,29,1,0.0104,United Kingdom
82011C,BATHROOM SCALES FOOTPRINTS IN SAND,172.05,51,20,0,0.0,United Kingdom
84963A,PINK PAINTED KASHMIRI CHAIR,171.8,4,1,0,0.0,France
47481,50CM METAL STRING WITH  7 CLIPS,171.79,225,23,0,0.0,United Kingdom
62086A,PINK RETRO BIG FLOWER BAG,171.6,88,14,0,0.0,United Kingdom
85146,JARDIN ETCHED GLASS SMALL BELL JAR,171.11,53,10,0,0.0,United Kingdom
21763,VINTAGE WOODEN BAR STOOL,169.75,7,7,7,1.0,United Kingdom
85129B,BEADED CRYSTAL HEART GREEN SMALL,168.59,119,31,0,0.0,United Kingdom
22042,CHRISTMAS CARD SINGING ANGEL,168.33,399,41,209,0.5238,United Kingdom
21333,CLASSIC WHITE FRAME,168.16,56,16,0,0.0,United Kingdom
90145,SILVER HOOP EARRINGS WITH FLOWER,168.0,28,18,0,0.0,United Kingdom
84661A,WHITE SQUARE TABLE CLOCK,167.79,104,20,0,0.0,United Kingdom
gift_0001_50,Dotcomgiftshop Gift Voucher £50.00,167.56,4,4,0,0.0,United Kingdom
90010A,MIDNIGHT BLUE GLASS/SILVER BRACELET,167.3,43,16,0,0.0,United Kingdom
gift_0001_20,Dotcomgiftshop Gift Voucher £20.00,167.05,20,10,0,0.0,United Kingdom
21457,2 PICTURE BOOK EGGS EASTER DUCKS,165.89,124,25,0,0.0,United Kingdom
21280,VINTAGE KITCHEN PRINT VEGETABLES,165.75,65,12,0,0.0,United Kingdom
21331,MOROCCAN BEATEN METAL DISH LARGE,165.74,12,8,0,0.0,United Kingdom
72225C,LAVENDER SCENT CAKE CANDLE,165.6,624,19,226,0.3622,United Kingdom
23694,PAISLEY PARK CARD,165.08,376,41,0,0.0,United Kingdom
BANK CHARGES,Bank Charges,165.0,12,36,25,2.0833,United Kingdom
22538,MINI JIGSAW GO TO THE FAIR,164.42,402,40,0,0.0,United Kingdom
21698,MOCK LOBSTER FRIDGE MAGNET,164.17,296,45,0,0.0,United Kingdom
90120B,BLUE MURANO TWIST BRACELET,164.12,39,15,0,0.0,United Kingdom
90191,SILVER LARIAT 40CM,163.82,26,11,60,2.3077,United Kingdom
90209A,PURPLE ENAMEL+GLASS HAIR COMB,163.8,84,5,6,0.0714,United Kingdom
85145,JARDIN ETCHED GLASS LARGE BELL JAR,163.75,46,14,0,0.0,United Kingdom
22871,NUMBER TILE COTTAGE GARDEN 3,163.35,67,25,0,0.0,United Kingdom
16207A,PINK STRAWBERRY HANDBAG,163.1,63,36,0,0.0,United Kingdom
22408,MONEY BOX CONFECTIONERY DESIGN,162.44,145,29,0,0.0,United Kingdom
21100,CHARLIE AND LOLA CHARLOTTE BAG,162.21,65,28,6,0.0923,United Kingdom
84683,CLASSICAL ROSE CANDLESTAND,162.2,194,14,8,0.0412,United Kingdom
85114a,BLACK ENCHANTED FOREST PLACEMAT,161.7,49,15,0,0.0,United Kingdom
21369,MIRRORED WALL ART SPLODGES,161.49,101,16,0,0.0,United Kingdom
85027L,FRENCH CHATEAU LARGE PLATTER,160.5,78,20,5,0.0641,United Kingdom
84799,SPRIG LAVENDER ARTIFICIAL FLOWER,160.48,224,13,406,1.8125,United Kingdom
21344,MOROCCAN BEATEN METAL DISH,160.09,15,7,3,0.2,United Kingdom
23305,SET 4 PICNIC CUTLERY BLUEBERRY,159.9,82,9,0,0.0,United Kingdom
21030,SPACE CADET RED,159.7,131,33,0,0.0,United Kingdom
84993A,75 GREEN PETIT FOUR CASES,159.69,343,55,0,0.0,United Kingdom
90082B,DIAMANTE BOW BROOCH RED COLOUR,158.75,28,11,0,0.0,United Kingdom
90014B,GOLD M PEARL  ORBIT NECKLACE,158.74,17,16,1,0.0588,United Kingdom
84247G,"DECOUPAGE,GREETING CARD,",158.63,357,32,0,0.0,United Kingdom
90013C,GREEN VINTAGE EARRINGS,158.08,39,28,0,0.0,United Kingdom
17038,PORCELAIN BUDAH INCENSE HOLDER,158.06,1525,34,0,0.0,United Kingdom
90134,OLD ROSE COMBO BEAD NECKLACE,157.5,54,45,0,0.0,United Kingdom
23417,BATHROOM HOOK,157.5,146,27,0,0.0,United Kingdom
84882,GREEN WIRE STANDING CANDLE HOLDER,157.34,38,18,0,0.0,United Kingdom
35649,VINTAGE BEAD COSMETIC BAG,156.85,57,36,43,0.7544,United Kingdom
23468,TUSCAN VILLA BIRD TABLE,156.75,19,11,0,0.0,United Kingdom
84673B,BLUE FLY SWAT,156.63,179,66,0,0.0,United Kingdom
21349,IVY HEART WREATH,155.6,24,15,48,2.0,United Kingdom
84508C,BLUE CIRCLES DESIGN TEDDY,154.95,56,26,21,0.375,United Kingdom
44234,ASSORTED CIRCULAR MOBILE,154.77,693,34,2,0.0029,United Kingdom
84595E,LARGE TORTILLA DESIGN RED BOWL,154.68,88,24,1,0.0114,United Kingdom
23496,PANTRY KITCHEN THERMOMETER,154.52,112,31,0,0.0,United Kingdom
21614,SET OF 12 ROSE BOTANICAL T-LIGHTS,153.29,102,11,0,0.0,United Kingdom
84827,ASS DES PHONE SPONGE CRAFT STICKER,153.09,509,14,0,0.0,United Kingdom
22353,LUNCH BOX WITH CUTLERY FAIRY CAKES,153.0,121,27,28,0.2314,United Kingdom
21145,ANTIQUE GLASS PLACE SETTING,152.5,165,10,0,0.0,United Kingdom
90198B,VINTAGE ROSE BEAD BRACELET BLACK,152.4,36,17,0,0.0,United Kingdom
72128,COLUMBIAN CANDLE ROUND,152.05,193,36,0,0.0,United Kingdom
21401,BLUE PUDDING SPOON,151.19,1052,82,0,0.0,United Kingdom
22415,WHITE TISSUE REAM,151.05,19,14,31,1.6316,United Kingdom
85135A,YELLOW DRAGONFLY HELICOPTER,151.05,35,11,7,0.2,United Kingdom
84877D,BLUE ROUND COMPACT MIRROR,150.93,97,21,204,2.1031,United Kingdom
22874,NUMBER TILE COTTAGE GARDEN 6,150.81,65,21,0,0.0,United Kingdom
DCGSSBOY,BOYS PARTY BAG,150.55,47,11,0,0.0,United Kingdom
21459,YELLOW EASTER EGG HUNT START POST,150.38,76,21,8,0.1053,United Kingdom
84629,WHITE 3 FRAME BIRDS AND TREE,150.0,20,12,3,0.15,United Kingdom
84963B,BLUE PAINTED KASHMIRI CHAIR,149.85,3,1,0,0.0,United Kingdom
90013B,BLACK VINTAGE EARRINGS,149.41,36,31,0,0.0,United Kingdom
46000R,POLYESTER FILLER PAD 45x30cm,149.35,103,38,0,0.0,United Kingdom
22875,NUMBER TILE COTTAGE GARDEN 7,149.09,63,25,0,0.0,United Kingdom
90185D,CRYSTAL DIAMANTE EXPANDABLE RING,148.63,35,11,0,0.0,United Kingdom
84576,BLUE CAT BISCUIT BARREL PINK HEART,148.32,66,19,13,0.197,United Kingdom
21486,PINK HEART DOTS HOT WATER BOTTLE,147.88,36,12,77,2.1389,United Kingdom
82011B,BATHROOM SCALES RUBBER DUCKS,146.85,43,21,0,0.0,United Kingdom
22886,NUMBER TILE VINTAGE FONT 7,146.43,87,25,0,0.0,United Kingdom
84865,NEW BAROQUE BLACK PHOTO ALBUM,146.21,27,15,7,0.2593,United Kingdom
84870B,BLUE GEISHA GIRL,146.08,44,26,1,0.0227,United Kingdom
84870C,GREEN GEISHA GIRL,146.05,46,28,0,0.0,United Kingdom
90116,FRUIT SALAD BAG CHARM,145.52,64,45,0,0.0,United Kingdom
22873,NUMBER TILE COTTAGE GARDEN 5,145.5,60,26,0,0.0,United Kingdom
47343A,FUSCHIA FLOWER PURSE WITH BEADS,145.17,159,15,16,0.1006,United Kingdom
22868,NUMBER TILE COTTAGE GARDEN 0,144.65,63,20,0,0.0,United Kingdom
21738,COSY SLIPPER SHOES SMALL  RED,144.58,48,23,5,0.1042,United Kingdom
85118,HEART T-LIGHT HOLDER,144.52,146,14,54,0.3699,United Kingdom
DCGSSGIRL,GIRLS PARTY BAG,144.43,47,13,0,0.0,United Kingdom
21082,SET/20 FRUIT SALAD PAPER NAPKINS,143.44,91,26,0,0.0,United Kingdom
21368,MIRRORED WALL ART LADIES,143.28,163,33,0,0.0,United Kingdom
84508B,STRIPES DESIGN TEDDY,142.8,56,32,29,0.5179,United Kingdom
20837,FRENCH FLORAL CUSHION COVER,142.47,141,15,0,0.0,United Kingdom
37479P,CUBIC MUG FLOCK PINK ON BROWN,142.23,163,34,214,1.3129,United Kingdom
22033,BOTANICAL ROSE GREETING CARD,141.95,337,23,50,0.1484,United Kingdom
21117,BLOND DOLL DOORSTOP,141.75,109,14,0,0.0,United Kingdom
20774,GREEN FERN NOTEBOOK,141.24,98,48,29,0.2959,United Kingdom
20661,BLUE POLKADOT PURSE,141.15,44,33,0,0.0,United Kingdom
84796a,PINK HAWAIIAN PICNIC HAMPER FOR 2,141.11,17,12,0,0.0,United Kingdom
20836,FRENCH PAISLEY CUSHION COVER,141.1,170,18,12,0.0706,United Kingdom
90164B,WHITE  ROSEBUD PEARL BRACELET,140.98,38,16,14,0.3684,United Kingdom
16054,POPART RECT PENCIL SHARPENER ASST,140.52,1166,34,108,0.0926,United Kingdom
90170,DAISY HAIR BAND,140.33,85,38,12,0.1412,United Kingdom
84744,S/6 SEW ON CROCHET FLOWERS,140.02,110,20,0,0.0,United Kingdom
22125,UNION JACK HOT WATER BOTTLE,139.86,14,4,0,0.0,United Kingdom
23463,VINTAGE ZINC WATERING CAN,139.4,13,8,0,0.0,United Kingdom
22876,NUMBER TILE COTTAGE GARDEN 8,138.81,61,20,0,0.0,United Kingdom
75011,BLUE DAISY MOBILE,138.76,172,12,0,0.0,United Kingdom
84192,ASSORTED COLOUR METAL CAT,138.75,111,25,0,0.0,United Kingdom
35922,EASTER BUNNY WREATH,138.6,28,11,30,1.0714,United Kingdom
23304,SET 4 PICNIC CUTLERY CHERRY,138.45,71,9,0,0.0,United Kingdom
79191B,RETRO PLASTIC POLKA TRAY,138.3,159,31,12,0.0755,United Kingdom
22877,NUMBER TILE COTTAGE GARDEN 9,138.11,63,20,1,0.0159,United Kingdom
90181B,AMETHYST GLASS/SHELL/PEARL NECKLACE,137.63,15,14,0,0.0,United Kingdom
21736,GOLD SCROLL GLASS T-LIGHT HOLDER,137.22,119,8,3,0.0252,United Kingdom
20757,RED DAISY POCKET BOOK,136.64,158,33,0,0.0,United Kingdom
21637,ASSORTED SANSKRIT MINI NOTEBOOK,136.25,109,7,139,1.2752,United Kingdom
20758,ABSTRACT CIRCLES POCKET BOOK,135.15,159,43,54,0.3396,United Kingdom
84660c,PINK STITCHED WALL CLOCK,134.92,18,16,0,0.0,United Kingdom
90073,VINTAGE ENAMEL & CRYSTAL EARRINGS,134.7,27,18,0,0.0,United Kingdom
90115,SUMMER BUTTERFLIES BAG CHARM,134.53,54,31,0,0.0,United Kingdom
21943,CAKES AND RABBITS DESIGN FLANNEL,134.49,119,50,0,0.0,United Kingdom
90028,NEW BAROQUE LARGE NECKLACE BLK/WHIT,134.16,16,14,0,0.0,United Kingdom
46000U,POLYESTER FILLER PAD 30CMx30CM,133.75,117,27,0,0.0,United Kingdom
72130,COLUMBIAN CANDLE ROUND,133.34,219,27,0,0.0,United Kingdom
35921,EASTER BUNNY HANGING GARLAND,133.23,68,24,1,0.0147,United Kingdom
90208,PAIR OF PINK FLOWER CLUSTER SLIDE,132.7,53,38,6,0.1132,United Kingdom
62096A,PINK/YELLOW FLOWERS HANDBAG,132.5,106,9,88,0.8302,United Kingdom
21518,BANK ACCOUNT  GREETING  CARD,132.44,318,39,31,0.0975,United Kingdom
90210D,PURPLE ACRYLIC FACETED BANGLE,132.05,107,9,28,0.2617,United Kingdom
85039a,SET/4 RED MINI ROSE CANDLE IN BOWL,131.81,40,29,0,0.0,United Kingdom
90185A,AMBER DIAMANTE EXPANDABLE RING,131.03,31,14,6,0.1935,United Kingdom
90164A,PINK ROSEBUD PEARL BRACELET,130.67,27,15,15,0.5556,United Kingdom
90210C,RED   ACRYLIC FACETED BANGLE,130.51,99,11,10,0.101,United Kingdom
84510a,SET OF 4 ENGLISH ROSE COASTERS,130.48,53,40,0,0.0,United Kingdom
37467,PIG MUG IN TWO COLOUR DESIGNS,130.27,310,20,177,0.571,United Kingdom
90000D,COPPER/OLIVE GREEN FLOWER NECKLACE,129.85,21,14,0,0.0,United Kingdom
21281,VINTAGE KITCHEN PRINT SEAFOOD,129.63,43,15,31,0.7209,United Kingdom
20823,GOLD WINE GOBLET,129.56,164,9,102,0.622,United Kingdom
47590b,PINK HAPPY BIRTHDAY BUNTING,129.48,12,9,0,0.0,United Kingdom
72799C,PINK PILLAR CANDLE SILVER FLOCK,129.47,81,19,0,0.0,United Kingdom
21400,RED PUDDING SPOON,128.63,881,72,0,0.0,United Kingdom
20826,SILVER APERITIF GLASS,128.4,276,10,169,0.6123,United Kingdom
35638B,PINK/BLUE STRING CURTAIN,128.33,57,5,0,0.0,United Kingdom
90180A,BLACK+WHITE NECKLACE W TASSEL,127.24,17,10,32,1.8824,United Kingdom
85130A,BEADED PEARL HEART WHITE LARGE,127.05,77,11,23,0.2987,United Kingdom
79190D,RETRO PLASTIC DAISY TRAY,126.98,265,47,0,0.0,United Kingdom
22887,NUMBER TILE VINTAGE FONT 8,126.78,78,23,0,0.0,United Kingdom
23303,SET 4 PICNIC CUTLERY FONDANT,126.75,65,6,0,0.0,United Kingdom
85067,CREAM SWEETHEART WALL CABINET,126.65,7,7,9,1.2857,United Kingdom
84846A,SCENTED CANDLE IN DIGITALIS TIN,126.04,56,14,8,0.1429,United Kingdom
23578,SNACK TRAY RED GINGHAM,125.72,60,14,0,0.0,United Kingdom
84968a,SET OF 16 VINTAGE ROSE CUTLERY,125.33,5,3,0,0.0,United Kingdom
22888,NUMBER TILE VINTAGE FONT 9,124.98,76,21,0,0.0,United Kingdom
84228,HEN HOUSE W CHICK STANDING,124.09,297,29,5,0.0168,United Kingdom
23477,WOODLAND LARGE BLUE FELT HEART,123.47,92,13,0,0.0,United Kingdom
37343,POLKADOT MUG PINK,123.3,72,14,2,0.0278,United Kingdom
90058A,CRYSTAL STUD EARRINGS CLEAR DISPLAY,123.12,324,8,36,0.1111,United Kingdom
84906,PINK B'FLY C/COVER W BOBBLES,123.02,42,15,1,0.0238,United Kingdom
90195A,PURPLE GEMSTONE BRACELET,122.84,19,11,45,2.3684,United Kingdom
90070,RUBY GLASS CLUSTER BRACELET,122.64,20,15,3,0.15,United Kingdom
85086A,CANDY SPOT HEART DECORATION,122.08,152,53,36,0.2368,United Kingdom
90129B,TURQUOISE GLASS TASSLE BAG CHARM,121.38,57,20,0,0.0,United Kingdom
37333,"RETRO ""TEA FOR ONE""",120.99,25,20,1,0.04,United Kingdom
20845,ZINC HEART LATTICE 2 WALL PLANTER,120.65,19,11,0,0.0,United Kingdom
21420,OYSTER TRINKET BOX,120.41,53,19,0,0.0,United Kingdom
90173,PAIR BUTTERFLY HAIR CLIPS,120.34,32,18,28,0.875,United Kingdom
90199C,5 STRAND GLASS NECKLACE CRYSTAL,120.29,19,11,1,0.0526,United Kingdom
23467,VINTAGE ZINC PLANTER,120.08,32,11,0,0.0,United Kingdom
84800S,SMALL WHITE/PINK ROSE ART FLOWER,120.07,107,10,2,0.0187,United Kingdom
35972,DAISY FOLKART HEART DECORATION,120.0,96,18,48,0.5,United Kingdom
90161A,ANT COPPER RED BOUDICCA BRACELET,119.91,24,21,0,0.0,United Kingdom
90124B,BLUE MURANO TWIST NECKLACE,119.89,12,11,0,0.0,United Kingdom
90003C,MIDNIGHT BLUE PAIR HEART HAIR SLIDE,119.84,32,25,4,0.125,United Kingdom
90122C,TURQUOISE CRYSTAL+GLASS BRACELET,119.23,24,11,0,0.0,United Kingdom
10080,GROOVY CACTUS INFLATABLE,119.09,495,24,0,0.0,United Kingdom
84709B,PINK OVAL JEWELLED MIRROR,119.0,26,12,0,0.0,United Kingdom
85114b,IVORY ENCHANTED FOREST PLACEMAT,118.86,36,14,0,0.0,United Kingdom
21095,SET/6 POSIES PAPER PLATES,118.73,180,16,0,0.0,United Kingdom
84507B,STRIPES DESIGN MONKEY DOLL,118.73,59,23,0,0.0,United Kingdom
84569B,PACK 3 FIRE ENGINE/CAR PATCHES,118.4,85,21,37,0.4353,United Kingdom
21032,SPACE CADET WHITE,117.78,97,30,0,0.0,United Kingdom
90184A,AMBER CHUNKY BEAD BRACELET W STRAP,117.73,13,9,0,0.0,United Kingdom
90183A,AMBER DROP EARRINGS W LONG BEADS,117.24,40,24,6,0.15,United Kingdom
84741C,CITRUS GARLAND FELT FLOWERS,117.0,68,16,2,0.0294,United Kingdom
72780,BLACK SILOUETTE CANDLE PLATE,116.45,137,20,0,0.0,United Kingdom
51020A,SUMMER FUN DESIGN SHOWER CAP,116.33,366,20,2,0.0055,United Kingdom
72812,LARGE ZINC GLASS CANDLEHOLDER,116.06,34,11,0,0.0,United Kingdom
84809A,WHITE CHRYSANTHEMUMS ART FLOWER,115.5,55,10,128,2.3273,United Kingdom
16052,TEATIME PUSH DOWN RUBBER,115.3,479,14,16,0.0334,United Kingdom
23185,FRENCH STYLE STORAGE JAR JAM,114.85,317,31,1,0.0032,United Kingdom
23151,ZINC SWEETHEART SOAP DISH,114.33,61,21,0,0.0,United Kingdom
90130B,TURQ STONE/CRYSTAL EARRINGS,113.97,39,31,0,0.0,United Kingdom
47518F,ICON PLACEMAT POP ART ELVIS,113.64,827,28,0,0.0,United Kingdom
72801D,4 SKY BLUE DINNER CANDLES,113.21,75,18,0,0.0,United Kingdom
20795,LARGE BLUE PROVENCAL CERAMIC BALL,113.05,49,13,6,0.1224,United Kingdom
84457,SET/3 RABBITS FLOWER SKIPPPING ROPE,112.56,126,26,0,0.0,United Kingdom
90003D,CRYSTAL PAIR HEART HAIR SLIDES,112.26,30,17,4,0.1333,United Kingdom
90096,NECKLACE+BRACELET SET BLUE BLOSSOM,112.21,45,27,54,1.2,United Kingdom
21678,PAISLEY PATTERN  STICKERS,111.86,125,32,0,0.0,United Kingdom
21814,HEART T-LIGHT HOLDER,111.77,74,16,30,0.4054,United Kingdom
90214A,"LETTER ""A"" BLING KEY RING",111.66,130,56,0,0.0,United Kingdom
90036E,"FLOWER GLASS GARLD NECKL36""AMETHYST",110.95,14,11,0,0.0,United Kingdom
47503H,ASS FLORAL PRINT SPIRIT LEVEL,110.86,166,39,24,0.1446,United Kingdom
90185C,BLACK DIAMANTE EXPANDABLE RING,110.09,26,13,16,0.6154,United Kingdom
90125D,PURPLE BERTIE GLASS BEAD BAG CHARM,110.03,95,19,0,0.0,United Kingdom
20731,POSY CANDY BAG,109.96,103,19,16,0.1553,United Kingdom
85167B,BLACK GRAND BAROQUE PHOTO FRAME,109.94,50,10,25,0.5,United Kingdom
84925F,PSYCHEDELIC WALL THERMOMETER,109.93,94,15,0,0.0,United Kingdom
90124C,GREEN MURANO TWIST NECKLACE,109.54,11,8,0,0.0,United Kingdom
85096,HILDA CANDY SPOT RABBIT,109.23,73,18,59,0.8082,United Kingdom
20894,HANGING BAUBLE T-LIGHT HOLDER LARGE,108.71,33,15,0,0.0,United Kingdom
21372,MIRRORED WALL ART TABLE LAMP,107.75,75,33,0,0.0,United Kingdom
35916C,PINK FELT HANGING HEART W FLOWER,107.72,106,21,32,0.3019,United Kingdom
17090A,LAVENDER INCENSE 40 CONES IN TIN,107.45,109,10,0,0.0,United Kingdom
85129C,BEADED CRYSTAL HEART BLUE SMALL,107.31,80,15,0,0.0,United Kingdom
23626,SET 10 CARDS DINKY TREE 17076,107.07,43,16,0,0.0,United Kingdom
90125A,PINK BERTIE GLASS BEAD BAG CHARM,106.24,115,10,0,0.0,United Kingdom
35819B,"ACRYLIC HANGING JEWEL,BLUE",106.05,363,27,0,0.0,United Kingdom
20657,TROPICAL LUGGAGE TAG,105.91,73,33,0,0.0,United Kingdom
35818P,"ACRYLIC JEWEL ICICLE, PINK",105.83,263,19,0,0.0,United Kingdom
20898,VINTAGE NOTEBOOK TRAVELOGUE,105.73,38,15,16,0.4211,United Kingdom
90016A,SILVER/M.O.P PENDANT ORBIT NECKLACE,105.71,17,7,0,0.0,United Kingdom
85040a,S/4 PINK FLOWER CANDLES IN BOWL,105.28,32,21,0,0.0,United Kingdom
21904,HOUSE WRECKING METAL SIGN,105.0,53,24,0,0.0,United Kingdom
22039,BOTANICAL LILY GIFT WRAP,105.0,250,8,25,0.1,United Kingdom
23574,PACKING CHARGE,105.0,114,17,2,0.0175,United Kingdom
84661C,PINK SQUARE TABLE CLOCK,104.84,71,14,0,0.0,United Kingdom
35920,FOUR RABBIT EASTER DECORATIONS,104.84,72,16,4,0.0556,United Kingdom
84461,12 PINK HEN+CHICKS IN BASKET,104.55,41,15,6,0.1463,United Kingdom
90122A,PINK CRYSTAL+GLASS BRACELET,104.53,21,14,0,0.0,United Kingdom
17084P,DRAGONS BLOOD INCENSE,104.44,423,39,0,0.0,United Kingdom
20796,SMALL BLUE PROVENCAL CERAMIC BALL,103.94,62,9,0,0.0,United Kingdom
79144B,PAINTED LIGHTBULB STAR+ MOON,103.23,180,53,0,0.0,United Kingdom
90032,IVORY SHELL HEART NECKLACE,103.13,21,8,0,0.0,United Kingdom
22879,NUMBER TILE VINTAGE FONT 0,102.46,70,16,0,0.0,United Kingdom
90196A,PURPLE GEMSTONE NECKLACE 45CM,102.0,8,5,0,0.0,United Kingdom
90063A,WHITE VINT ART DECO CRYSTAL NECKLAC,102.0,12,8,0,0.0,United Kingdom
90148,LONG SILVER NECKLACE PASTEL FLOWER,101.73,8,7,1,0.125,United Kingdom
20701,PINK CAT FLORAL CUSHION COVER,100.97,25,20,30,1.2,United Kingdom
35637C,PINK STRING CURTAIN WITH POLE,100.86,30,9,0,0.0,United Kingdom
16033,MINI HIGHLIGHTER PENS,100.8,960,5,0,0.0,United Kingdom
35911B,PINK/FLOWER RABBIT EGG WARMER,100.76,119,15,0,0.0,United Kingdom
gift_0001_40,Dotcomgiftshop Gift Voucher £40.00,100.7,3,3,0,0.0,United Kingdom
21370,MIRRORED WALL ART FOXY,100.66,16,9,0,0.0,United Kingdom
90010B,BLACK/WHITE GLASS/SILVER BRACELET,100.09,11,8,50,4.5455,United Kingdom
90081C,LILY BROOCH OLIVE COLOUR,99.6,20,15,0,0.0,United Kingdom
23611,SET 10 CARDS RED RIDING HOOD 17214,99.6,40,16,0,0.0,United Kingdom
22407,MONEY BOX FIRST ADE DESIGN,99.28,94,24,0,0.0,United Kingdom
23464,VINTAGE ZINC WATERING CAN SMALL,99.2,18,8,0,0.0,United Kingdom
17091A,LAVENDER INCENSE IN TIN,98.91,339,27,0,0.0,United Kingdom
84510c,SET OF 4 POLKADOT COASTERS,98.7,40,23,0,0.0,United Kingdom
84898F,YELLOW FLOWERS FELT HANDBAG KIT,98.63,46,21,26,0.5652,United Kingdom
79144C,PAINTED LIGHTBULB RAINBOW DESIGN,98.12,152,51,0,0.0,United Kingdom
90101,WHITE FRANGIPANI NECKLACE,98.07,39,18,6,0.1538,United Kingdom
84723,CHERRY BLOSSOM CANVAS ART PICTURE,97.95,41,6,0,0.0,United Kingdom
47369B,BLUE GREEN EMBROIDERY COSMETIC BAG,97.13,35,22,0,0.0,United Kingdom
90185B,AMETHYST DIAMANTE EXPANDABLE RING,97.02,23,14,9,0.3913,United Kingdom
84806A,PINK CANDYSTUFT ARTIFICIAL FLOWER,96.89,137,11,0,0.0,United Kingdom
90204,PAIR OF ENAMEL BUTTERFLY HAIRCLIP,96.86,29,19,4,0.1379,United Kingdom
84801A,PINK HYDRANGEA ART FLOWER,96.6,46,7,150,3.2609,United Kingdom
90019B,GOLD M.O.P ORBIT BRACELET,96.52,18,18,0,0.0,United Kingdom
72801c,4 ROSE PINK DINNER CANDLES,95.94,39,25,0,0.0,United Kingdom
21722,SWEET PUDDING STICKER SHEET,95.53,98,37,1,0.0102,United Kingdom
90174,BUTTERFLY HAIR BAND,95.42,38,23,12,0.3158,United Kingdom
21777,RECIPE BOX WITH METAL HEART,95.4,17,10,15,0.8824,United Kingdom
90036D,"FLOWER GLASS GARLAND NECKL.36""BLACK",95.35,12,5,0,0.0,United Kingdom
90146,FINE SILVER NECKLACE W PASTEL FLOWE,95.35,17,7,0,0.0,United Kingdom
90178A,AMBER CHUNKY GLASS+BEAD NECKLACE,95.25,8,8,0,0.0,United Kingdom
20653,CHERRY BLOSSOM LUGGAGE TAG,95.18,73,33,0,0.0,United Kingdom
84527,FLAMES SUNGLASSES PINK LENSES,95.1,52,8,0,0.0,United Kingdom
84666,SQUARE CHERRY BLOSSOM CABINET,94.8,24,5,5,0.2083,United Kingdom
90133,TEAL/FUSCHIA COL BEAD NECKLACE,94.43,19,13,0,0.0,United Kingdom
47369A,PINK GREEN EMBROIDERY COSMETIC BAG,93.19,33,20,0,0.0,United Kingdom
20773,BLUE PAISLEY NOTEBOOK,92.4,56,25,13,0.2321,United Kingdom
82613A,"METAL SIGN,CUPCAKE SINGLE HOOK",92.38,72,19,0,0.0,United Kingdom
90018B,GOLD M.O.P ORBIT DROP EARRINGS,92.28,22,17,0,0.0,United Kingdom
35933,PINK STOCKING CHRISTMAS DECORATION,92.21,236,22,36,0.1525,United Kingdom
85132a,CHARLIE + LOLA BISCUITS TINS,92.2,8,8,0,0.0,United Kingdom
82615,PINK MARSHMALLOW SCARF KNITTING KIT,91.8,36,1,0,0.0,United Kingdom
90030C,BROWN KUKUI COCONUT SEED NECKLACE,91.7,77,11,0,0.0,United Kingdom
90175B,PINK GLASS CHUNKY CHARM BRACELET,91.68,10,9,0,0.0,United Kingdom
20662,FIRST CLASS HOLIDAY PURSE,90.42,31,20,0,0.0,United Kingdom
85230F,JASMINE VOTIVE CANDLE,90.34,338,13,48,0.142,United Kingdom
90163A,PINK ROSEBUD & PEARL NECKLACE,90.32,12,9,0,0.0,United Kingdom
90022,EDWARDIAN DROP EARRINGS JET BLACK,90.2,24,21,4,0.1667,United Kingdom
72051S,BAG OF SILVER STONES,89.53,130,15,16,0.1231,United Kingdom
35400,WOODEN BOX ADVENT CALENDAR,89.5,18,16,16,0.8889,United Kingdom
20892,SET/3 TALL GLASS CANDLE HOLDER PINK,89.22,4,6,34,8.5,United Kingdom
90123A,PINK HEART OF GLASS BRACELET,89.12,15,9,0,0.0,United Kingdom
35833P,4 PINK FLOCK CHRISTMAS BALLS,88.47,49,23,24,0.4898,United Kingdom
84984A,GREEN PEONY CUSHION COVER,88.35,19,6,0,0.0,United Kingdom
84306,S/3 PINK SQUARE PLANTERS ROSES,88.22,13,11,5,0.3846,United Kingdom
90166,PINK & WHITE ROSEBUD RING,88.04,21,15,0,0.0,United Kingdom
90129F,RED GLASS TASSLE BAG CHARM,88.03,40,16,0,0.0,United Kingdom
84989a,75 GREEN FAIRY CAKE CASES,87.51,42,25,0,0.0,United Kingdom
20869,GOLD FABRIC MIRROR,86.76,180,29,0,0.0,United Kingdom
21038,SET/4 MODERN VINTAGE COTTON NAPKINS,86.75,77,25,8,0.1039,United Kingdom
23614,SET 10 CARDS 12 DAYS WRAP  17058,86.58,26,11,0,0.0,United Kingdom
90003E,GREEN PAIR HEART HAIR SLIDES,86.11,23,15,4,0.1739,United Kingdom
84531B,BLUE KNITTED EGG COSY,85.61,157,30,23,0.1465,United Kingdom
79403,FROSTED WHITE BASE,85.52,95,15,0,0.0,United Kingdom
75172,PAINTED SEA SHELL METAL WINDCHIME,85.31,93,9,35,0.3763,United Kingdom
20901,VINTAGE KEEPSAKE BOX PINK FLOWER,85.13,19,16,2,0.1053,United Kingdom
20821,GOLDIE LOOKING MIRROR,84.15,26,9,12,0.4615,United Kingdom
16169K,WRAP FOLK ART,84.0,200,9,25,0.125,United Kingdom
20941,FROG CANDLE,83.78,84,22,26,0.3095,United Kingdom
90072,RUBY DROP CHANDELIER EARRINGS,83.42,21,14,0,0.0,United Kingdom
22016,Dotcomgiftshop Gift Voucher £100.00,83.33,1,1,0,0.0,United Kingdom
90123C,GREEN HEART OF GLASS BRACELET,83.29,14,6,0,0.0,United Kingdom
23442,12 HANGING EGGS HAND PAINTED,83.2,40,7,0,0.0,United Kingdom
90129A,PINK GLASS TASSLE BAG CHARM,82.98,45,20,0,0.0,United Kingdom
84881,BLUE WIRE SPIRAL CANDLE HOLDER,82.57,12,8,12,1.0,United Kingdom
21690,SILVER  CANDLEPOT JARDIN,82.5,60,9,0,0.0,United Kingdom
35968,FOLK ART METAL HEART T-LIGHT HOLDER,82.1,235,21,0,0.0,United Kingdom
35638A,PINK AND BLACK STRING CURTAIN,82.1,38,5,0,0.0,United Kingdom
16049,TEATIME GEL PENS ASST,82.08,578,7,31,0.0536,United Kingdom
90108,BLUE BLOSSOM HAIR CLIP,81.96,70,13,10,0.1429,United Kingdom
20664,TROPICAL HOLIDAY PURSE,81.66,41,19,0,0.0,United Kingdom
71496A,A4 WALL TIDY BLUE OFFICE,80.96,127,12,0,0.0,United Kingdom
90175C,BLUE GLASS CHUNKY CHARM BRACELET,80.55,9,6,0,0.0,United Kingdom
21226,POCKET MIRROR WOODLAND,80.55,93,20,0,0.0,United Kingdom
84249A,"GREETING CARD,SQUARE, DOUGHNUTS",80.46,174,29,175,1.0057,United Kingdom
84927E,FLOWERS TILE HOOK,80.16,59,15,4,0.0678,United Kingdom
90129C,GREEN GLASS TASSLE BAG CHARM,79.76,35,16,0,0.0,United Kingdom
90124A,PINK MURANO TWIST NECKLACE,79.66,8,6,0,0.0,United Kingdom
90162B,ANT SILVER LIME GREEN BOUDICCA RING,79.65,27,11,1,0.037,United Kingdom
21278,VINTAGE KITCHEN PRINT PUDDINGS,79.05,48,9,1,0.0208,United Kingdom
84984B,RED PEONY CUSHION COVER,79.05,17,5,0,0.0,United Kingdom
72811,SMALL ZINC/GLASS CANDLEHOLDER,78.93,53,8,0,0.0,United Kingdom
90039D,FIRE POLISHED GLASS BRACELET GREEN,78.69,21,9,0,0.0,United Kingdom
37479B,CUBIC MUG FLOCK BLUE ON BROWN,78.09,140,24,30,0.2143,United Kingdom
90000A,RASPBERRY ANT COPPER FLOWER NECKLAC,77.91,13,8,0,0.0,United Kingdom
90086,CRYSTAL FROG PHONE CHARM,77.79,102,28,0,0.0,United Kingdom
90129E,PURPLE GLASS TASSLE BAG CHARM,77.04,42,14,0,0.0,United Kingdom
20980,36 PENCILS TUBE POSY,76.91,79,22,16,0.2025,United Kingdom
84531A,PINK KNITTED EGG COSY,76.69,149,31,34,0.2282,United Kingdom
35916B,BLUE FELT HANGING HEART WITH FLOWER,76.68,91,33,21,0.2308,United Kingdom
46000P,POLYESTER FILLER PAD 65CMx65CM,76.5,18,6,0,0.0,United Kingdom
84840,SWEETHEART CARRY-ALL BASKET,76.44,9,10,11,1.2222,United Kingdom
90099,NECKLACE+BRACELET SET BLUE HIBISCUS,76.38,27,17,19,0.7037,United Kingdom
90063B,BLACK VINT ART DEC CRYSTAL NECKLACE,76.32,9,6,0,0.0,United Kingdom
90177C,DROP DIAMANTE EARRINGS CRYSTAL,76.23,26,15,6,0.2308,United Kingdom
16207B,PINK HEART RED HANDBAG,76.14,33,20,4,0.1212,United Kingdom
20798,CLEAR MILKSHAKE GLASS,75.6,41,7,4,0.0976,United Kingdom
21946,PARTY TIME DESIGN FLANNEL,75.35,86,25,0,0.0,United Kingdom
21413,PERIWINKLE T-LIGHT HOLDER,75.02,48,17,0,0.0,United Kingdom
84847,FLORAL BATHROOM SET,75.0,23,13,0,0.0,United Kingdom
gift_0001_10,Dotcomgiftshop Gift Voucher £10.00,74.97,39,9,0,0.0,United Kingdom
84968d,SET OF 16 VINTAGE RED CUTLERY,74.88,3,3,0,0.0,United Kingdom
84251G,"GREETING CARD, OVERCROWDED POOL.",74.7,270,53,0,0.0,United Kingdom
90118,PINK DAISY BAG CHARM,74.64,30,20,6,0.2,United Kingdom
85132b,CHARLIE AND LOLA TABLE TINS,74.61,9,9,0,0.0,United Kingdom
85198,ASSORTED FARMYARD ANIMALS IN BUCKET,74.58,90,10,11,0.1222,United Kingdom
21087,SET/6 POSIES PAPER CUPS,74.57,141,18,13,0.0922,United Kingdom
90059A,DIAMANTE HAIR GRIP PACK/2 CRYSTAL,74.53,45,28,6,0.1333,United Kingdom
90081A,LILY BROOCH AMETHYST COLOUR,74.25,15,8,0,0.0,United Kingdom
90098,NECKLACE+BRACELET PINK BUTTERFLY,73.95,29,11,6,0.2069,United Kingdom
90177D,DROP DIAMANTE EARRINGS PURPLE,73.53,25,15,6,0.24,United Kingdom
90214C,"LETTER ""C"" BLING KEY RING",72.77,91,33,0,0.0,United Kingdom
90103,PURPLE FRANGIPANI NECKLACE,72.66,29,16,0,0.0,United Kingdom
84231,EASTER BUNNY WITH BASKET ON BACK,72.63,108,20,0,0.0,United Kingdom
20960,WATERMELON BATH SPONGE,72.49,29,10,0,0.0,United Kingdom
90030A,SPOTTED WHITE NATURAL SEED NECKLACE,72.0,72,7,0,0.0,United Kingdom
85197,SET OF 12 MINI BUNNIES IN A BUCKET,71.4,63,22,1,0.0159,United Kingdom
90036C,"FLOWER GLASS GARLAND NECKL.36""BLUE",71.4,9,5,0,0.0,United Kingdom
17014A,ORIGAMI VANILLA INCENSE CONES,71.19,166,9,0,0.0,United Kingdom
20933,YELLOW POT PLANT CANDLE,71.05,23,10,3,0.1304,United Kingdom
90214S,"LETTER ""S"" BLING KEY RING",71.0,94,41,0,0.0,United Kingdom
90211A,DIAMOND LAS VEGAS NECKLACE 45CM,70.97,12,8,0,0.0,United Kingdom
47589,CONGRATULATIONS BUNTING,70.85,15,5,1,0.0667,United Kingdom
84251B,"GREETING CARD, STICKY GORDON",70.78,245,55,72,0.2939,United Kingdom
51020B,STRIPY DESIGN SHOWER CAP,70.57,197,17,54,0.2741,United Kingdom
84927A,WAKE UP COCKEREL TILE HOOK,70.45,50,20,8,0.16,United Kingdom
85026B,EAU DE NILE JEWELLED T-LIGHT HOLDER,70.27,79,11,0,0.0,United Kingdom
90051,CRACKED GLAZE NECKLACE RED,70.16,10,7,0,0.0,United Kingdom
16161G,WRAP BAD HAIR DAY,70.0,700,22,0,0.0,United Kingdom
16020C,CLEAR STATIONERY BOX SET,69.9,84,19,7,0.0833,United Kingdom
90125C,TURQUOISE BERTIE GLASS BEAD CHARM,69.85,77,7,0,0.0,United Kingdom
46126A,ELVIS WALLHANGING / CURTAIN,69.84,52,9,23,0.4423,United Kingdom
90199A,5 STRAND GLASS NECKLACE BLACK,69.63,11,6,0,0.0,United Kingdom
84549,CROCHET WHITE RABBIT KEYRING,69.38,38,7,0,0.0,United Kingdom
81952V,ROUND PURPLE CLOCK WITH SUCKER,69.35,365,24,0,0.0,United Kingdom
90019C,SILVER BLACK ORBIT BRACELET,68.73,13,11,0,0.0,United Kingdom
85188B,PINK METAL SWINGING BUNNY,68.7,78,11,70,0.8974,United Kingdom
90151,SILVER/NATURAL SHELL NECKLACE,68.0,8,4,0,0.0,United Kingdom
90194,SILVER LARIAT BLACK STONE EARRINGS,67.87,16,10,0,0.0,United Kingdom
90000B,MIDNIGHT BLUE COPPER FLOWER NECKLAC,67.83,11,7,0,0.0,United Kingdom
90155,RESIN NECKLACE W PASTEL BEADS,67.62,9,7,0,0.0,United Kingdom
84874B,BLUE TRAVEL FIRST AID KIT,67.51,41,15,3,0.0732,United Kingdom
85049B,LUSH GREENS RIBBONS,67.5,59,16,0,0.0,United Kingdom
82011A,"BATHROOM SCALES, TROPICAL BEACH",67.5,18,12,0,0.0,United Kingdom
35916A,YELLOW FELT HANGING HEART W FLOWER,67.39,87,30,21,0.2414,United Kingdom
90144,SILVER DROP EARRINGS WITH FLOWER,67.36,18,14,0,0.0,United Kingdom
90024B,NEW BAROQUE B'FLY NECKLACE RED,67.28,8,7,2,0.25,United Kingdom
90040B,MURANO STYLE GLASS BRACELET BLACK,66.7,18,11,0,0.0,United Kingdom
35819P,"ACRYLIC HANGING JEWEL,PINK",66.55,203,8,0,0.0,United Kingdom
84686,BEACH HUT MIRROR,66.39,83,10,0,0.0,United Kingdom
17011F,ORIGAMI SANDLEWOOD INCENSE+FLOWER,66.36,81,8,18,0.2222,United Kingdom
37444A,YELLOW BREAKFAST CUP AND SAUCER,66.35,59,21,0,0.0,United Kingdom
72807a,SET/3 ROSE CANDLE IN JEWELLED BOX,66.32,8,5,0,0.0,United Kingdom
20663,QUEEN OF THE SKIES HOLIDAY PURSE,66.26,25,20,0,0.0,United Kingdom
85008,SET OF 3 CONEY ISLAND OVAL BOXES,66.12,14,11,17,1.2143,United Kingdom
20835,FRENCH LATTICE CUSHION COVER,65.8,67,8,0,0.0,United Kingdom
90214L,"LETTER ""L"" BLING KEY RING",65.04,94,37,0,0.0,United Kingdom
84247N,PACK/12 BLUE FOLKART CARDS,64.9,22,18,0,0.0,United Kingdom
84247K,"FOLK ART GREETING CARD,pack/12",64.9,69,11,11,0.1594,United Kingdom
84859B,BLUE DISCO HANDBAG,64.81,31,11,0,0.0,United Kingdom
90186B,CRYSTAL HOOP EARRING FLORAL LEAF,64.58,22,15,0,0.0,United Kingdom
90202D,PINK ENAMEL FLOWER HAIR TIE,64.46,22,12,6,0.2727,United Kingdom
90202A,PURPLE ENAMEL FLOWER HAIR TIE,64.28,22,16,6,0.2727,United Kingdom
21031,SPACE CADET BLACK,64.24,52,19,0,0.0,United Kingdom
90036F,"FLOWER GLASS GARLD NECKL36""TURQUOIS",64.08,8,5,0,0.0,United Kingdom
90181A,AMBER GLASS/SHELL/PEARL NECKLACE,64.04,7,7,0,0.0,United Kingdom
21692,SILVER LATTICE VANILLA CANDLE POT,63.75,17,9,76,4.4706,United Kingdom
84875D,BLUE SQUARE COMPACT MIRROR,63.75,56,9,0,0.0,United Kingdom
84673A,PINK FLY SWAT,63.72,92,43,0,0.0,United Kingdom
72133,COLUMBIAN CANDLE RECTANGLE,63.51,45,16,0,0.0,United Kingdom
90196B,BLACK GEMSTONE NECKLACE 45CM,63.48,5,5,0,0.0,United Kingdom
35815P,"ACRYLIC JEWEL SNOWFLAKE, PINK",63.28,202,8,63,0.3119,United Kingdom
62094B,TURQ ICE CREAM BUM BAG,63.21,19,9,92,4.8421,United Kingdom
90141A,GREEN PENDANT TRIPLE SHELL NECKLACE,63.11,12,10,0,0.0,United Kingdom
S,SAMPLES,63.05,2,19,60,30.0,United Kingdom
22145,CHRISTMAS CRAFT HEART STOCKING,63.0,61,3,0,0.0,United Kingdom
84452,METAL RABBIT LADDER EASTER,62.9,139,18,4,0.0288,United Kingdom
17012E,ORIGAMI OPIUM INCENSE/CANDLE SET,62.64,44,10,0,0.0,United Kingdom
40046A,RED DAISY PAPER LAMPSHADE,62.5,70,7,0,0.0,United Kingdom
84760S,SMALL HANGING GLASS+ZINC LANTERN,62.35,45,9,0,0.0,United Kingdom
72351a,SET/6 TURQUOISE BUTTERFLY T-LIGHTS,62.27,15,12,0,0.0,United Kingdom
85160B,BLACK BIRD GARDEN DESIGN MUG,62.24,106,17,2,0.0189,United Kingdom
84247L,FAWN AND MUSHROOM GREETING CARD,62.06,136,20,0,0.0,United Kingdom
20848,ZINC HEART LATTICE CHARGER SMALL,61.95,21,8,0,0.0,United Kingdom
90210B,CLEAR ACRYLIC FACETED BANGLE,61.56,41,7,0,0.0,United Kingdom
90087,CRYSTAL SEA HORSE PHONE CHARM,61.46,107,25,0,0.0,United Kingdom
16151A,FLOWERS HANDBAG blue and orange,61.25,49,4,2,0.0408,United Kingdom
90183B,AMETHYST DROP EARRINGS W LONG BEADS,61.08,21,17,0,0.0,United Kingdom
71495B,CD WALL TIDY RED FLOWERS,61.05,163,8,0,0.0,United Kingdom
21655,HANGING RIDGE GLASS T-LIGHT HOLDER,60.84,55,6,36,0.6545,United Kingdom
90214K,"LETTER ""K"" BLING KEY RING",60.7,78,38,0,0.0,United Kingdom
84984D,ORIENTAL RED CUSHION COVER,60.45,13,4,0,0.0,United Kingdom
84805A,CREAM CLIMBING HYDRANGA ART FLOWER,60.0,32,5,96,3.0,United Kingdom
90031,BILI NUT AND WOOD NECKLACE,59.89,50,7,0,0.0,United Kingdom
90206A,GOLD DIAMANTE STAR BROOCH,59.8,12,9,0,0.0,United Kingdom
23629,SET 10 CARDS DRESSING UP 17077,59.76,24,10,0,0.0,United Kingdom
84985A,SET OF 72 GREEN PAPER DOILIES,59.45,41,19,5,0.122,United Kingdom
21910,WAY OUT METAL SIGN,59.4,36,9,1,0.0278,United Kingdom
79071B,ENGLISH ROSE METAL WASTE BIN,59.0,20,12,4,0.2,United Kingdom
90202C,GREEN ENAMEL FLOWER HAIR TIE,58.71,20,15,6,0.3,United Kingdom
20760,GARDEN PATH POCKET BOOK,58.65,100,22,0,0.0,United Kingdom
84798A,PINK FOXGLOVE ARTIIFCIAL FLOWER,58.65,23,5,12,0.5217,United Kingdom
72134,COLUMBIAN  CUBE CANDLE,58.62,105,11,0,0.0,United Kingdom
90190C,SILVER/AMETHYST DROP EARRINGS LEAF,58.43,20,19,0,0.0,United Kingdom
84877A,PINK ROUND COMPACT MIRROR,58.16,40,5,21,0.525,United Kingdom
90082D,DIAMANTE BOW BROOCH BLACK COLOUR,58.03,9,6,19,2.1111,United Kingdom
72802a,ROSE SCENT CANDLE IN JEWELLED BOX,58.03,7,2,0,0.0,United Kingdom
71406C,BLACK ORANGE SQUEEZER,57.96,138,21,0,0.0,United Kingdom
90210A,GREY ACRYLIC FACETED BANGLE,57.55,34,10,0,0.0,United Kingdom
84597C,RETRO PINK BALL ASHTRAY,57.5,46,15,18,0.3913,United Kingdom
84466,TOP SECRET PEN SET,57.5,46,11,1,0.0217,United Kingdom
72801G,4 BURGUNDY WINE DINNER CANDLES,57.46,92,14,0,0.0,United Kingdom
85006,SET 4 NURSERY DES ROUND BOXES,57.25,55,10,21,0.3818,United Kingdom
90214J,"LETTER ""J"" BLING KEY RING",57.21,71,41,0,0.0,United Kingdom
21460,GREEN EASTER EGG HUNT START POST,56.78,28,11,0,0.0,United Kingdom
90199B,5 STRAND GLASS NECKLACE AMETHYST,56.59,9,8,0,0.0,United Kingdom
44236,PINK/PURPLE CIRCLE CURTAIN,56.52,52,8,12,0.2308,United Kingdom
90003B,ROSE COLOUR PAIR HEART HAIR SLIDES,56.31,15,11,4,0.2667,United Kingdom
47341B,BLUE TABLE RUN FLOWER,56.25,45,11,0,0.0,United Kingdom
90038A,GLASS AND PAINTED BEADS BRACELET TO,56.15,15,10,0,0.0,United Kingdom
90050,CRACKED GLAZE NECKLACE IVORY,55.72,8,5,2,0.25,United Kingdom
84679,CLASSICAL ROSE TABLE LAMP,55.7,6,2,0,0.0,United Kingdom
16046,TEATIME PEN CASE & PENS,55.25,86,15,0,0.0,United Kingdom
90023,FILIGREE DIAMANTE EARRINGS,55.02,13,9,0,0.0,United Kingdom
84750B,BLACK SMALL GLASS CAKE STAND,54.99,61,14,5,0.082,United Kingdom
90071,RUBY GLASS CLUSTER EARRINGS,54.62,44,33,0,0.0,United Kingdom
72132,COLUMBIAN CUBE CANDLE,54.6,28,12,0,0.0,United Kingdom
21336,GOLD WASHBAG,54.57,27,10,0,0.0,United Kingdom
90040C,MURANO STYLE GLASS BRACELET GOLD,54.42,15,10,0,0.0,United Kingdom
20759,CHRYSANTHEMUM POCKET BOOK,54.4,64,21,52,0.8125,United Kingdom
90040A,MURANO STYLE GLASS BRACELET RED,54.29,14,5,0,0.0,United Kingdom
20793,BLUE TILED TRAY,54.0,8,6,10,1.25,United Kingdom
79323B,BLACK CHERRY LIGHTS,54.0,8,4,1679,209.875,United Kingdom
84251C,"GREETING CARD, TWO SISTERS.",53.88,127,40,0,0.0,United Kingdom
90012A,MIDNIGHT BLUE DROP CRYSTAL NECKLACE,53.76,11,6,18,1.6364,United Kingdom
90035A,"PEARL & SHELL 42""NECKL. GREEN",53.62,5,4,9,1.8,United Kingdom
47586A,PINK FAIRY CAKE CUSHION COVER,53.55,21,8,0,0.0,United Kingdom
20756,GREEN FERN POCKET BOOK,53.55,63,23,70,1.1111,United Kingdom
20851,ZINC HEART LATTICE TRAY OVAL,53.55,10,8,0,0.0,United Kingdom
90123B,TURQUOISE HEART OF GLASS BRACELET,53.42,9,5,0,0.0,United Kingdom
90211B,JET BLACK LAS VEGAS NECKLACE 45CM,53.26,9,7,2,0.2222,United Kingdom
90214E,"LETTER ""E"" BLING KEY RING",53.2,72,30,0,0.0,United Kingdom
20857,BLUE ROSE PATCH PURSE PINK BUTTERFL,52.8,32,10,49,1.5312,United Kingdom
90163B,WHITE ROSEBUD & PEARL NECKLACE,52.72,7,5,0,0.0,United Kingdom
90168,2 DAISIES HAIR COMB,52.56,18,13,6,0.3333,United Kingdom
84842,HELLO SAILOR BATHROOM SET,52.5,14,9,0,0.0,United Kingdom
84805B,BLUE CLIMBING HYDRANGA ART FLOWER,52.5,38,4,96,2.5263,United Kingdom
90176D,DIAMANTE NECKLACE PURPLE,52.5,7,5,1,0.1429,United Kingdom
90138,WHITE/PINK MINI CRYSTALS NECKLACE,52.42,10,7,0,0.0,United Kingdom
90141C,TURQ PENDANT TRIPLE SHELL NECKLACE,52.31,10,8,0,0.0,United Kingdom
35265,COLOURFUL FLOWER FRUIT BOWL,52.2,17,12,0,0.0,United Kingdom
84927D,LA PALMIERA TILE HOOK,51.86,47,16,3,0.0638,United Kingdom
85028S,FRENCH CHATEAU SMALL FRUITBOWL,51.6,48,10,1,0.0208,United Kingdom
90205A,LARGE MINT DIAMANTE HAIRSLIDE,51.51,31,16,0,0.0,United Kingdom
84597B,RETRO BROWN BALL ASHTRAY,51.25,41,7,19,0.4634,United Kingdom
20910,VINTAGE PHOTO ALBUM PARIS DAYS,50.8,8,4,1,0.125,United Kingdom
84534B,FAIRY CAKE NOTEBOOK A5 SIZE,50.72,66,14,90,1.3636,United Kingdom
17007B,S/3 POT POURI CUSHIONS BLUE COLOURS,50.4,24,3,4,0.1667,United Kingdom
90018C,SILVER BLACK ORBIT DROP EARRINGS,50.4,12,10,1,0.0833,United Kingdom
47348A,FUSCHIA VOILE POINTY SHOE DEC,50.31,97,15,0,0.0,United Kingdom
44242B,PINK FEATHERS CURTAIN,50.28,52,3,0,0.0,Germany
90214D,"LETTER ""D"" BLING KEY RING",49.9,68,32,0,0.0,United Kingdom
90214M,"LETTER ""M"" BLING KEY RING",49.82,60,28,0,0.0,United Kingdom
90180B,PURPLE AMETHYST NECKLACE W TASSEL,49.81,5,5,0,0.0,United Kingdom
23603,SET 10 CARD KRAFT REINDEER 17084,49.8,20,14,0,0.0,United Kingdom
90079,VINTAGE ENAMEL & CRYSTAL NECKLACE,49.76,10,4,0,0.0,United Kingdom
20667,CHERRY BLOSSOM PURSE,49.69,20,16,0,0.0,United Kingdom
90202B,WHITE ENAMEL FLOWER HAIR TIE,49.65,17,11,6,0.3529,United Kingdom
90142D,MOP PENDANT SHELL NECKLACE,49.64,10,4,0,0.0,United Kingdom
90157,RIVIERA NECKLACE,49.59,10,5,0,0.0,United Kingdom
21089,SET/6 GREEN SPRING PAPER CUPS,48.99,233,26,7,0.03,United Kingdom
90038B,GLASS AND PAINTED BEADS BRACELET OL,48.77,13,8,0,0.0,United Kingdom
84497,BUTTONS AND STRIPES NOTEBOOK,48.75,92,8,0,0.0,United Kingdom
90002D,FLOWER BURST SILVER RING CRYSTAL,48.71,22,10,0,0.0,United Kingdom
20697,LITTLE GREEN MONSTER SOFT TOY,48.45,19,11,0,0.0,United Kingdom
21720,CAKE SHOP  STICKER SHEET,48.45,57,8,0,0.0,United Kingdom
DCGS0076,SUNJAR LED NIGHT NIGHT LIGHT,48.39,3,2,0,0.0,United Kingdom
84559a,3D SHEET OF DOG STICKERS,48.38,29,22,0,0.0,United Kingdom
84510E,SET OF 4 GREEN CAROUSEL COASTERS,48.29,34,16,0,0.0,United Kingdom
90205C,LARGE CRYSTAL DIAMANTE HAIRSLIDE,48.21,29,15,0,0.0,United Kingdom
84402B,PURPLE DRESS JEWELLERY STAND,48.19,62,4,0,0.0,United Kingdom
90125B,AQUA BERTIE GLASS BEAD BAG CHARM,48.06,30,12,0,0.0,United Kingdom
21816,CHRISTMAS TREE T-LIGHT HOLDER,47.85,33,7,0,0.0,United Kingdom
90169,DAISY HAIR COMB,47.84,19,12,6,0.3158,United Kingdom
90036A,FLOWER GARLAND NECKLACE RED,47.7,6,4,0,0.0,United Kingdom
90165B,WHITE ROSEBUD  PEARL EARRINGS,47.43,19,18,0,0.0,United Kingdom
17084J,LOVE POTION MASALA INCENSE,47.25,225,8,0,0.0,United Kingdom
90065A,WHITE VINTAGE CRYSTAL BRACELET,47.25,7,4,0,0.0,United Kingdom
84715,SET OF 6 ICE CREAM SKITTLES,47.2,16,4,3,0.1875,United Kingdom
84086B,YELLOW/BLUE RETRO RADIO,47.2,16,8,1,0.0625,United Kingdom
84706F,RED PEONY TABLE CLOCK,47.2,16,10,0,0.0,United Kingdom
84750A,PINK SMALL GLASS CAKE STAND,46.8,24,4,37,1.5417,United Kingdom
84857B,BLUE MONTE CARLO HANDBAG,46.8,48,3,2,0.0417,United Kingdom
90190A,SILVER/CRYSTAL DROP EARRINGS W LEAF,46.76,16,10,0,0.0,United Kingdom
21392,RED POLKADOT PUDDING BOWL,46.39,34,8,29,0.8529,United Kingdom
84801B,WHITE HYDRANGEA ART FLOWER,46.2,22,4,44,2.0,United Kingdom
85031A,ROMANTIC IMAGES SCRAP BOOK SET,45.9,16,7,0,0.0,United Kingdom
90012B,BLACK DROP CRYSTAL NECKLACE,45.35,13,4,5,0.3846,United Kingdom
90064B,BLACK VINTAGE  CRYSTAL EARRINGS,45.0,12,8,1,0.0833,United Kingdom
23625,SET 6 CARDS SPARKLY REINDEER 17262,44.91,9,4,0,0.0,United Kingdom
90141B,IVORY PENDANT TRIPLE SHELL NECKLACE,44.86,9,5,0,0.0,United Kingdom
85185D,FROG SOCK PUPPET,44.25,17,11,2,0.1176,United Kingdom
20670,VIP HOLIDAY PURSE,44.04,14,11,0,0.0,United Kingdom
47344B,BLUE FLOWER DES PURSE,43.66,44,7,16,0.3636,United Kingdom
79063C,"RETRO PILL BOX KEY CHAIN,THE KING",43.65,555,15,0,0.0,United Kingdom
90056,CHUNKY CRACKED GLAZE NECKLACE IVORY,43.51,4,4,0,0.0,United Kingdom
20698,LITTLE PINK MONSTER SOFT TOY,43.35,17,8,0,0.0,United Kingdom
90014C,SILVER/BLACK ORBIT NECKLACE,43.2,5,5,8,1.6,United Kingdom
46138B,BLUE CHENILLE SHAGGY CUSHION COVER,43.15,43,14,13,0.3023,United Kingdom
23038,T-LIGHT HOLDER SILVER SAUCER,42.92,44,8,0,0.0,United Kingdom
84539,KNITTED RABBIT DOLL,42.9,32,3,0,0.0,United Kingdom
22987,WRAP SUMMER ROSE DESIGN,42.84,102,5,0,0.0,United Kingdom
20818,GOLD TEDDY BEAR,42.7,15,5,0,0.0,United Kingdom
16254,TRANSPARENT ACRYLIC TAPE DISPENSER,42.58,40,18,5,0.125,United Kingdom
84922,PINK BUTTERFLY WASHBAG,42.29,9,6,0,0.0,United Kingdom
37444C,PINK BREAKFAST CUP AND SAUCER,42.27,26,11,1,0.0385,United Kingdom
90029,NEW BAROQUE SMALL NECKLACE BLACK,42.14,5,4,0,0.0,United Kingdom
90024F,NEW BAROQUE B'FLY NECKLACE CRYSTAL,42.13,5,4,0,0.0,United Kingdom
47570b,TEA TIME TABLE CLOTH,42.02,2,2,0,0.0,United Kingdom
17084A,TRANQUILITY MASALA INCENSE,42.0,200,7,0,0.0,United Kingdom
90120D,WHITE MURANO TWIST BRACELET,41.79,10,6,18,1.8,United Kingdom
20666,ECONOMY HOLIDAY PURSE,41.53,30,18,5,0.1667,United Kingdom
15030,FAN BLACK FRAME,41.47,293,13,0,0.0,United Kingdom
90059D,DIAMANTE HAIR GRIP PACK/2 PERIDOT,41.45,25,20,6,0.24,United Kingdom
72807c,SET/3 VANILLA SCENTED CANDLE IN BOX,41.45,5,5,0,0.0,United Kingdom
90059E,DIAMANTE HAIR GRIP PACK/2 RUBY,41.37,25,16,6,0.24,United Kingdom
90039B,FIRE POLISHED GLASS BRACELET MONTAN,41.31,11,6,0,0.0,United Kingdom
90162C,ANT SILVER FUSCHIA BOUDICCA RING,41.3,14,7,0,0.0,United Kingdom
84921,CREAM AND PINK FLOWERS PONY,41.25,22,8,17,0.7727,United Kingdom
75013B,"STRING OF 8 BUTTERFLIES,PINK",41.25,27,7,0,0.0,United Kingdom
23448,CREAM BUNNY EASTER EGG BASKET,41.25,25,3,0,0.0,United Kingdom
90067A,PINK VINTAGE VICTORIAN EARRINGS,41.15,14,7,0,0.0,United Kingdom
90177E,DROP DIAMANTE EARRINGS GREEN,41.08,14,10,6,0.4286,United Kingdom
90177B,DROP DIAMANTE EARRINGS BLACK DIAMON,41.01,14,7,0,0.0,United Kingdom
90182C,BLACK 3 BEAD DROP EARRINGS,40.96,14,10,6,0.4286,United Kingdom
90130C,GREEN STONE/CRYSTAL EARRINGS,40.95,14,13,0,0.0,United Kingdom
90177A,CLASSIC DIAMANTE EARRINGS JET,40.9,14,10,6,0.4286,United Kingdom
71495A,CD WALL TIDY BLUE OFFICE,40.38,103,8,0,0.0,United Kingdom
10120,DOGGY RUBBER,40.32,192,29,0,0.0,United Kingdom
90214G,"LETTER ""G"" BLING KEY RING",40.2,60,30,0,0.0,United Kingdom
85092,CANDY SPOT TEA COSY,40.05,27,3,9,0.3333,United Kingdom
90187B,GREEN DROP EARRINGS W BEAD CLUSTER,40.03,12,8,0,0.0,United Kingdom
90165A,PINK ROSEBUD PEARL EARRINGS,39.98,16,15,0,0.0,United Kingdom
72369A,PINK CLEAR GLASS CANDLE PLATE,39.92,30,5,0,0.0,United Kingdom
90135,ORANGE/WHT/FUSCHIA STONES NECKLACE,39.66,8,2,0,0.0,United Kingdom
84725,FREESTYLE CANVAS ART PICTURE,39.65,41,19,8,0.1951,United Kingdom
84596f,SMALL MARSHMALLOWS PINK BOWL,39.36,16,12,0,0.0,United Kingdom
84575A,PINK DOG CANNISTER,39.3,14,5,1,0.0714,United Kingdom
21307,SET/4 BUTTERFLY MIRROR MAGNETS,39.2,79,13,0,0.0,United Kingdom
35910A,MULTICOLOUR EASTER RABBIT,39.0,20,4,0,0.0,United Kingdom
47341A,FUSCHIA TABLE RUN FLOWER,38.75,27,7,7,0.2593,United Kingdom
90064A,WHITE VINTAGE CRYSTAL EARRINGS,38.7,10,6,0,0.0,United Kingdom
21393,BLUE POLKADOT PUDDING BOWL,38.67,32,8,0,0.0,United Kingdom
85089,CANDY SPOT BUNNY,38.35,13,5,0,0.0,United Kingdom
84559b,3D SHEET OF CAT STICKERS,38.33,23,20,0,0.0,United Kingdom
84746,PINK EASTER HENS+FLOWER,38.31,81,10,0,0.0,United Kingdom
84925D,LA PALMIERA WALL THERMOMETER,38.25,15,11,12,0.8,United Kingdom
84617,NEW BAROQUE BLACK BOXES,38.25,3,3,0,0.0,United Kingdom
90190B,GOLD/AMBER DROP EARRINGS W LEAF,38.18,13,7,0,0.0,United Kingdom
81952B,ROUND BLUE CLOCK WITH SUCKER,38.0,211,10,0,0.0,United Kingdom
84033,FLAG OF ST GEORGE,37.95,23,7,0,0.0,United Kingdom
84809B,PINK CHRYSANTHEMUMS ART FLOWER,37.8,18,2,324,18.0,United Kingdom
90075,MONTANA DIAMOND CLUSTER NECKLACE,37.66,4,3,0,0.0,United Kingdom
90212B,JET BLACK LAS VEGAS BRACELET ROUND,37.62,10,8,0,0.0,United Kingdom
90199D,5 STRAND GLASS NECKLACE AMBER,37.62,6,6,0,0.0,United Kingdom
79191D,RETRO PLASTIC DAISY TRAY,37.61,35,17,12,0.3429,United Kingdom
72709,IVORY SCULPTED RND CANDLE,37.4,96,8,0,0.0,United Kingdom
35809a,ENAMEL PINK TEA CONTAINER,37.33,9,9,0,0.0,United Kingdom
84509b,SET OF 4 FAIRY CAKE PLACEMATS,37.3,5,4,0,0.0,United Kingdom
90074,BLACK DIAMOND CLUSTER NECKLACE,37.24,4,3,0,0.0,United Kingdom
47420,ASSORTED COLOUR SUCTION CUP HOOK,37.24,196,13,0,0.0,United Kingdom
84751B,BLACK MEDIUM GLASS CAKE STAND,37.11,17,10,25,1.4706,United Kingdom
90214H,"LETTER ""H"" BLING KEY RING",36.76,48,30,0,0.0,United Kingdom
90085,CRYSTAL STILETTO PHONE CHARM,36.76,34,10,0,0.0,United Kingdom
84522,PINK PARTY SUNGLASSES,36.76,20,13,30,1.5,United Kingdom
71510,SQUARE METAL CANDLEHOLDER BASE,36.52,52,8,0,0.0,United Kingdom
84548,CROCHET BEAR RED/BLUE  KEYRING,36.3,34,7,70,2.0588,United Kingdom
17090D,VANILLA INCENSE 40 CONES IN TIN,36.25,29,13,10,0.3448,United Kingdom
84226,HEN HOUSE W FAMILY IN BARN & NEST,36.21,51,11,34,0.6667,United Kingdom
85216,ASSORTED CAKES FRIDGE MAGNETS,35.75,55,8,0,0.0,United Kingdom
90094,NECKLACE+BRACELET SET FRUIT SALAD,35.7,14,13,0,0.0,United Kingdom
35913B,WHITE/PINK CHICK EASTER DECORATION,35.48,36,10,0,0.0,United Kingdom
90179C,BLACK FINE BEAD NECKLACE W TASSEL,35.44,6,6,0,0.0,United Kingdom
90179A,AMBER FINE BEAD NECKLACE W TASSEL,35.31,6,5,0,0.0,United Kingdom
90123D,WHITE HEART OF GLASS BRACELET,35.31,6,5,0,0.0,United Kingdom
90011B,BLACK CRYSTAL DROP EARRINGS,35.27,12,7,0,0.0,United Kingdom
90060F,FIRE POLISHED GLASS NECKL GREEN,35.16,6,6,0,0.0,United Kingdom
79063D,"RETRO PILL BOX , REVOLUTIONARY",35.14,2749,12,0,0.0,United Kingdom
90131,PINK/AMETHYST/GOLD NECKLACE,34.87,5,2,0,0.0,United Kingdom
90049,IVORY GOLD METAL BAG CHARM,34.77,5,3,0,0.0,United Kingdom
90059F,DIAMANTE HAIR GRIP PACK/2 LT ROSE,34.69,21,15,6,0.2857,United Kingdom
20827,GOLD APERITIF GLASS,34.32,88,3,68,0.7727,United Kingdom
79406,FROSTED WHITE BASE,34.12,144,8,0,0.0,United Kingdom
84873A,FUNKY FLOWER PICNIC BAG FOR 4,33.9,7,3,0,0.0,United Kingdom
90026C,GLASS BEAD HOOP NECKLACE GREEN,33.82,4,3,0,0.0,United Kingdom
90024C,NEW BAROQUE B'FLY NECKLACE GREEN,33.81,4,3,0,0.0,United Kingdom
90038C,GLASS AND BEADS BRACELET IVORY,33.69,9,4,0,0.0,United Kingdom
81950B,FLOWER BLUE CLOCK WITH SUCKER,33.64,116,9,23,0.1983,United Kingdom
72783,BLACK SIL'T SQU CANDLE PLATE,33.6,16,2,0,0.0,Switzerland
90129D,AMBER GLASS TASSLE BAG CHARM,33.44,14,7,0,0.0,United Kingdom
37423,WHITE WITH BLACK CATS PLATE,33.18,78,4,17,0.2179,United Kingdom
72807b,SET/3 OCEAN SCENT CANDLE JEWEL BOX,33.16,4,4,0,0.0,United Kingdom
35610C,WHITE CHRISTMAS FLOCK DROPLET,32.51,25,3,1121,44.84,United Kingdom
17109D,FLOWER FAIRY INCENSE BOUQUET,32.35,75,6,0,0.0,United Kingdom
90186A,AMETHYST HOOP EARRING FLORAL LEAF,32.16,11,9,0,0.0,United Kingdom
37468,HARDMAN MUG 3 ASSORTED,32.03,131,15,2,0.0153,United Kingdom
84824,DANISH ROSE UMBRELLA STAND,31.9,2,2,0,0.0,United Kingdom
90036B,"FLOWER GLASS GARLAND NECKL.36""GREEN",31.8,4,2,0,0.0,United Kingdom
23632,SET 10 CARDS CHEERFUL ROBIN 17065,31.2,15,10,0,0.0,United Kingdom
85018D,YULETIDE IMAGES S/6 PAPER BOXES,30.6,12,7,0,0.0,United Kingdom
44228,CANNABIS LEAF BEAD CURTAIN,30.6,36,2,0,0.0,United Kingdom
37471,MULTICOLOUR POLKADOT PLATE,30.43,29,4,12,0.4138,United Kingdom
90176B,DIAMANTE NECKLACE BLACK,30.12,4,3,0,0.0,United Kingdom
20878,SET/9 CHRISTMAS T-LIGHTS SCENTED,30.0,26,8,0,0.0,United Kingdom
35610B,BLACK CHRISTMAS FLOCK DROPLET,30.0,24,2,541,22.5417,United Kingdom
90195B,BLACK GEMSTONE BRACELET,29.98,4,4,0,0.0,United Kingdom
90176E,DIAMANTE NECKLACE GREEN,29.98,4,3,0,0.0,United Kingdom
90039A,FIRE POLISHED GLASS BRACELET RED,29.96,8,3,0,0.0,United Kingdom
21310,CAPIZ CHANDELIER,29.95,1,1,0,0.0,United Kingdom
90122B,JADE CRYSTAL+GLASS BRACELET,29.93,6,6,0,0.0,United Kingdom
21667,GLASS CAKE COVER AND PLATE,29.9,5,6,4,0.8,United Kingdom
90136,PALE PINK/AMETHYST STONE NECKLACE,29.85,3,2,0,0.0,United Kingdom
84660a,WHITE STITCHED WALL CLOCK,29.84,4,2,0,0.0,United Kingdom
90159,COTE D'AZURE NECKLACE,29.79,6,5,0,0.0,United Kingdom
90001D,ANTIQUE OLIVE GREEN FLOWER EARRINGS,29.73,7,5,0,0.0,United Kingdom
90120A,PINK MURANO TWIST BRACELET,29.73,7,3,0,0.0,United Kingdom
21040,MODERN VINTAGE COTTON SHOPPING BAG,29.7,22,10,25,1.1364,United Kingdom
21757,LIGHTHOUSE PRINTED METAL SIGN,29.7,6,3,0,0.0,United Kingdom
35816P,"ACRYLIC JEWEL ANGEL,PINK",29.64,78,2,0,0.0,United Kingdom
90214I,"LETTER ""I"" BLING KEY RING",29.62,38,13,0,0.0,United Kingdom
84706D,CHERRY BLOSSOM TABLE CLOCK,29.6,8,5,5,0.625,United Kingdom
17136A,BLUE STONES ON WIRE FOR CANDLE,29.59,355,18,0,0.0,United Kingdom
90162D,ANT SILVER PURPLE BOUDICCA RING,29.5,10,5,0,0.0,United Kingdom
84465,15 PINK FLUFFY CHICKS IN BOX,29.5,10,8,6,0.6,United Kingdom
82605,OLD DOC RUSSEL METAL SIGN,29.4,16,5,0,0.0,United Kingdom
84558a,3D DOG PICTURE PLAYING CARDS,29.31,5,5,0,0.0,United Kingdom
85030,FRENCH CHATEAU OVAL PLATTER,29.25,15,7,9,0.6,United Kingdom
90214N,"LETTER ""N"" BLING KEY RING",29.23,41,24,0,0.0,United Kingdom
21011,GLITTER SNOW PEAR TREE DECORATION,29.0,20,4,20,1.0,United Kingdom
84199,GLOW IN DARK DOLPHINS,28.98,138,31,0,0.0,United Kingdom
46776f,WOVEN ROSE GARDEN CUSHION COVER,28.91,7,1,0,0.0,United Kingdom
90152A,SILVER/NAT SHELL NECKLACE W PENDANT,28.76,5,5,0,0.0,United Kingdom
84803B,WHITE ALLIUM  ARTIFICIAL FLOWER,28.73,17,5,3,0.1765,United Kingdom
90093,CLEAR CRYSTAL STAR PHONE CHARM,28.57,52,10,0,0.0,United Kingdom
90027D,GLASS BEAD HOOP EARRINGS AMETHYST,28.4,9,6,0,0.0,United Kingdom
17165D,ASS COL LARGE SAND FROG P'WEIGHT,28.35,36,9,10,0.2778,United Kingdom
84798B,PURPLE FOXGLOVE ARTIIFCIAL FLOWER,28.05,11,5,113,10.2727,United Kingdom
90005A,JADE GREEN ENAMEL HAIR COMB,28.02,17,12,0,0.0,United Kingdom
90214R,"LETTER ""R"" BLING KEY RING",28.01,41,25,0,0.0,United Kingdom
84613A,PINK NEW BAROQUE FLOCK CANDLESTICK,27.9,6,4,230,38.3333,United Kingdom
79066k,RETRO MOD TRAY,27.77,17,10,0,0.0,United Kingdom
23637,SET 10 CARDS OUT OF ORDER 17216,27.39,11,9,0,0.0,United Kingdom
23613,SET 10 XMAS CARDS & BADGES 17070,27.39,11,6,0,0.0,United Kingdom
85126,LARGE ROUND CUTGLASS CANDLESTICK,27.14,2,4,4,2.0,United Kingdom
79323P,PINK CHERRY LIGHTS,27.0,4,4,2011,502.75,United Kingdom
23702,High Resolution Image,27.0,104,4,0,0.0,United Kingdom
84993a,75 GREEN PETIT FOUR CASES,26.56,32,19,0,0.0,United Kingdom
84675,FROG KING WATERING CAN,26.55,11,3,0,0.0,United Kingdom
35598A,DUSTY PINK CHRISTMAS TREE 60CM,26.55,17,3,0,0.0,United Kingdom
90059B,DIAMANTE HAIR GRIP PACK/2 BLACK DIA,26.52,16,11,6,0.375,United Kingdom
21836,GINGHAM OVEN GLOVE RED HEART,26.49,5,5,16,3.2,United Kingdom
72140E,BEST DAD CANDLE LETTERS,26.35,31,9,1,0.0323,United Kingdom
90212C,PURPLE LAS VEGAS BRACELET ROUND,26.25,7,3,0,0.0,United Kingdom
23636,SET 10 CARDS WISHING TREE 17116,26.19,9,7,0,0.0,United Kingdom
85017C,ENVELOPE 50 CURIOUS IMAGES,26.17,63,12,0,0.0,United Kingdom
90183C,BLACK DROP EARRINGS W LONG BEADS,26.15,9,9,0,0.0,United Kingdom
84968B,SET OF 16 VINTAGE IVORY CUTLERY,25.5,4,4,21,5.25,United Kingdom
90026D,GLASS BEAD HOOP NECKLACE AMETHYST,25.5,3,3,0,0.0,United Kingdom
84968f,SET OF 16 VINTAGE SKY BLUE CUTLERY,25.49,1,1,0,0.0,United Kingdom
35910B,PINK FLOWERS RABBIT EASTER,25.35,13,3,0,0.0,United Kingdom
90026B,GLASS BEAD HOOP NECKLACE MONTANA,25.32,3,3,0,0.0,United Kingdom
90037B,TINY CRYSTAL BRACELET GREEN,25.28,10,5,0,0.0,United Kingdom
90013D,PURPLE VINTAGE EARRINGS,25.17,6,3,0,0.0,United Kingdom
84596e,SMALL LICORICE DES PINK BOWL,25.1,10,6,0,0.0,United Kingdom
90033,IVORY SHELL HEART EARRINGS,25.07,10,9,0,0.0,United Kingdom
90016C,SILVER/BLACK PENDANT ORBIT NECKLACE,24.96,3,3,0,0.0,United Kingdom
23620,SET 10 CARDS PERFECT POST 17090,24.9,10,7,0,0.0,United Kingdom
85132c,CHARLIE AND LOLA FIGURES TINS,24.87,3,3,0,0.0,United Kingdom
85034a,3 GARDENIA MORRIS BOXED CANDLES,24.87,3,3,0,0.0,United Kingdom
15060b,FAIRY CAKE DESIGN UMBRELLA,24.87,3,3,0,0.0,United Kingdom
85115B,S/4 BLACK DISCO PARTITION PANEL,24.87,3,1,0,0.0,United Kingdom
90043,COPPER AND BRASS BAG CHARM,24.81,4,2,0,0.0,United Kingdom
90059C,DIAMANTE HAIR GRIP PACK/2 MONTANA,24.79,15,11,6,0.4,United Kingdom
90214B,"LETTER ""B"" BLING KEY RING",24.77,37,22,0,0.0,United Kingdom
84854,GIRLY PINK TOOL SET,24.75,5,2,3,0.6,United Kingdom
20820,SILVER LOOKING MIRROR,24.75,5,3,3,0.6,United Kingdom
20778,GARDEN PATH NOTEBOOK,24.75,17,10,6,0.3529,United Kingdom
90141E,ORANGE PENDANT TRIPLE SHELL NECKLAC,24.75,5,2,0,0.0,EIRE
84993B,75 BLACK PETIT FOUR CASES,24.36,58,19,54,0.931,United Kingdom
90076,MONTANA DIAMOND CLUSTER EARRINGS,24.12,9,5,1,0.1111,United Kingdom
21461,BLUE EASTER EGG HUNT START POST,23.86,10,8,2,0.2,United Kingdom
47503J,SET/3 FLORAL GARDEN TOOLS IN BAG,23.85,3,2,0,0.0,United Kingdom
84562A,PINK/WHITE RIBBED MELAMINE JUG,23.85,4,5,3,0.75,United Kingdom
21357,TOAST ITS - DINOSAUR,23.75,66,12,0,0.0,United Kingdom
35909A,RABBIT EASTER DECORATION,23.6,8,3,0,0.0,United Kingdom
35909B,PINK FLOWERS RABBIT EASTER,23.6,8,2,0,0.0,United Kingdom
90083,CRYSTAL CZECH CROSS PHONE CHARM,23.47,25,9,0,0.0,United Kingdom
90176C,DIAMANTE NECKLACE,23.32,3,2,0,0.0,United Kingdom
23623,SET 10 CARD CHRISTMAS WELCOME 17112,23.28,8,6,0,0.0,United Kingdom
90182A,AMBER 3 BEAD DROP EARRINGS,23.2,8,8,0,0.0,United Kingdom
90104,PURPLE FRANGIPANI HAIRCLIP,23.16,31,14,0,0.0,United Kingdom
85195,HANGING HEART BASKET,23.1,11,4,13,1.1818,United Kingdom
85206B,PINK FELT EASTER EGG BASKET,23.1,14,4,0,0.0,United Kingdom
22351,DOTCOMGIFTSHOP TEA TOWEL,23.09,13,3,1400,107.6923,United Kingdom
90214Y,"LETTER ""Y"" BLING KEY RING",22.84,66,8,0,0.0,United Kingdom
90054,CRACKED GLAZE EARRINGS RED,22.58,9,9,0,0.0,United Kingdom
90188,DROP EARRINGS W FLOWER & LEAF,22.58,9,7,0,0.0,United Kingdom
90039C,FIRE POLISHED GLASS BRACELET BLACK,22.48,6,6,0,0.0,United Kingdom
90176A,CLASSIC DIAMANTE NECKLACE JET,22.48,3,3,1,0.3333,United Kingdom
23640,SET 10 CARDS SCOTTIE DOG 17211,22.41,9,8,0,0.0,United Kingdom
23645,SET 10 CHRISTMAS CARDS HOHOHO 16956,22.41,9,4,0,0.0,United Kingdom
21018,BIRD BOX CHRISTMAS TREE DECORATION,22.06,24,7,63,2.625,United Kingdom
90035C,"PEARL & SHELL 42""NECKL. IVORY",21.5,2,1,0,0.0,United Kingdom
84551,CROCHET DOG KEYRING,21.45,13,2,0,0.0,United Kingdom
84387A,BIRD ON BRANCH CANVAS SCREEN,21.45,22,2,0,0.0,United Kingdom
20695,FLORAL BLUE MONSTER,21.25,5,4,0,0.0,United Kingdom
90001B,ANTIQUE MID BLUE FLOWER EARRINGS,21.15,5,3,0,0.0,United Kingdom
90001C,ANTIQUE OPAL WHITE FLOWER EARRINGS,21.13,5,5,0,0.0,United Kingdom
90125E,AMBER BERTIE GLASS BEAD BAG CHARM,21.05,11,10,0,0.0,United Kingdom
16169P,WRAP GREEN RUSSIAN FOLKART,21.0,50,3,75,1.5,United Kingdom
23692,WRAP A PRETTY THANK YOU,21.0,50,2,0,0.0,United Kingdom
90001A,ANTIQUE RASPBERRY FLOWER EARRINGS,20.95,5,4,0,0.0,United Kingdom
17001,HEAVENS SCENT FRAGRANCE OILS ASSTD,20.88,72,1,0,0.0,United Kingdom
47518f,ICON PLACEMAT POP ART ELVIS,20.73,5,5,0,0.0,United Kingdom
46776a,WOVEN BUBBLE GUM CUSHION COVER,20.65,5,1,0,0.0,United Kingdom
90141D,ROSE PENDANT TRIPLE SHELL NECKLACE,20.36,4,2,0,0.0,United Kingdom
90214P,"LETTER ""P"" BLING KEY RING",20.23,39,16,0,0.0,United Kingdom
90034,WHITE SILVER NECKLACE SHELL GLASS,20.17,2,2,0,0.0,United Kingdom
84415B,BLUE FLOCK CUSHION COVER,20.0,8,5,9,1.125,United Kingdom
23646,SET 10 CARDS JINGLE BELLS 16957,19.92,8,5,0,0.0,United Kingdom
23601,SET 10 CARDS SNOWY SNOWDROPS  17100,19.92,8,4,0,0.0,United Kingdom
23616,SET 10 CARDS JINGLE BELLS 17217,19.92,8,7,0,0.0,United Kingdom
21681,GIANT MEDINA STAMPED METAL BOWL,19.9,2,3,2,1.0,United Kingdom
35817P,"ACRYLIC JEWEL SNOWFLAKE,PINK",19.86,18,3,44,2.4444,United Kingdom
37491A,YELLOW/PINK CERAMIC CANDLE HOLDER,19.81,6,4,0,0.0,United Kingdom
85024C,PINK SMALL JEWELLED PHOTOFRAME,19.8,12,10,1,0.0833,United Kingdom
90156,RESIN BRACELET W PASTEL BEADS,19.8,4,3,0,0.0,United Kingdom
37487B,YELLOW/ORANGE FLOWER DESIGN PLATE,19.72,68,3,6,0.0882,United Kingdom
85028L,FRENCH CHATEAU LARGE FRUIT BOWL,19.5,22,7,3,0.1364,United Kingdom
79062D,"RETRO TIN ASHTRAY,REVOLUTIONARY",19.4,1012,5,0,0.0,United Kingdom
85047,WHITE BEADED GARLAND STRING 20LIGHT,19.05,3,4,3,1.0,United Kingdom
21538,DAIRY MAID  PUDDING BOWL,18.75,5,3,2,0.4,United Kingdom
21416,CLAM SHELL LARGE,18.75,5,5,14,2.8,United Kingdom
84856S,SMALL TAHITI BEACH BAG,18.6,4,3,8,2.0,United Kingdom
90041,PEARL AND CHERRY QUARTZ BRACLET,18.27,5,4,0,0.0,United Kingdom
35607B,BLACK FEATHER CHRISTMAS DECORATION,18.24,96,8,9,0.0938,United Kingdom
72821,CUPID SCENTED CANDLE IN GLASS,18.15,11,5,2,0.1818,United Kingdom
90060D,FIRE POLISHED GLASS NECKL BRONZE,17.85,3,3,0,0.0,United Kingdom
21661,VINTAGE GLASS TEA CADDY,17.85,6,6,0,0.0,United Kingdom
84856L,LARGE TAHITI BEACH BAG,17.82,2,3,27,13.5,United Kingdom
20935,ROUND CACTUS CANDLE,17.7,6,4,0,0.0,United Kingdom
90162A,ANT SILVER TURQUOISE BOUDICCA RING,17.7,6,1,0,0.0,Portugal
90027A,GLASS BEAD HOOP EARRINGS BLACK,17.66,6,3,0,0.0,United Kingdom
90179B,PURPLE FINE BEAD NECKLACE W TASSEL,17.59,3,3,0,0.0,United Kingdom
84596b,SMALL DOLLY MIX DESIGN ORANGE BOWL,17.57,7,5,0,0.0,United Kingdom
90011A,MIDNIGHT BLUE CRYSTAL DROP EARRINGS,17.51,6,6,0,0.0,United Kingdom
79331,PINK FLOCK GLASS CANDLEHOLDER,17.5,26,4,3,0.1154,United Kingdom
90130A,WHITE STONE/CRYSTAL EARRINGS,17.5,6,6,0,0.0,United Kingdom
35597D,PINK/WHITE CHRISTMAS TREE 30CM,17.48,48,4,2,0.0417,United Kingdom
23627,SET 10 CARDS XMAS GRAPHIC  17218,17.43,7,2,0,0.0,United Kingdom
37489D,PINK/GREEN FLOWER DESIGN BIG MUG,17.16,40,16,0,0.0,United Kingdom
85084,HOLLY TOP CHRISTMAS STOCKING,17.0,45,9,5,0.1111,United Kingdom
35645,VINTAGE BEAD PINK JEWEL BOX,17.0,25,5,0,0.0,United Kingdom
44092C,PURPLE/COPPER HANGING LAMPSHADE,17.0,20,8,0,0.0,United Kingdom
47574B,ENGLISH ROSE SCENTED HANGING HEART,17.0,4,3,13,3.25,United Kingdom
90026A,GLASS BEAD HOOP NECKLACE BLACK,17.0,2,1,0,0.0,United Kingdom
21120,*Boombox Ipod Classic,16.98,1,2,6,6.0,United Kingdom
21595,Dad's Cab Electronic Meter,16.94,3,3,0,0.0,United Kingdom
85035a,GARDENIA 3 WICK MORRIS BOXED CANDLE,16.94,2,2,0,0.0,United Kingdom
20954,*USB Office Mirror Ball,16.94,2,3,2,1.0,United Kingdom
90024D,NEW BAROQUE B'FLY NECKLACE PINK,16.82,2,2,0,0.0,United Kingdom
90024E,NEW BAROQUE B'FLY NECKLACE MONTANA,16.81,2,2,0,0.0,United Kingdom
21144,PINK POODLE HANGING DECORATION,16.8,5,4,75,15.0,United Kingdom
37489B,BLUE/YELLOW FLOWER DESIGN BIG MUG,16.77,31,12,0,0.0,United Kingdom
23644,SET 10 CARDS CHRISTMAS TREE 16955,16.65,5,5,0,0.0,United Kingdom
DCGS0004,HAYNES CAMPER SHOULDER BAG,16.63,1,1,0,0.0,United Kingdom
84031a,CHARLIE+LOLA RED HOT WATER BOTTLE,16.63,1,1,0,0.0,United Kingdom
84031b,CHARLIE LOLA BLUE HOT WATER BOTTLE,16.63,1,1,0,0.0,United Kingdom
85036a,GARDENIA 1 WICK MORRIS BOXED CANDLE,16.58,2,1,0,0.0,United Kingdom
90137,PINK COMBO MINI CRYSTALS NECKLACE,16.31,3,3,0,0.0,United Kingdom
35647,VINTAGE BEAD PINK SHADE,16.25,13,2,0,0.0,United Kingdom
16248B,BLUE HOLE PUNCH,16.25,15,8,0,0.0,United Kingdom
85160a,WHITE BIRD GARDEN DESIGN MUG,16.13,1,1,0,0.0,United Kingdom
90214V,"LETTER ""V"" BLING KEY RING",15.98,26,14,0,0.0,United Kingdom
72815,3 WICK CHRISTMAS BRIAR CANDLE,15.97,3,4,7,2.3333,United Kingdom
85136B,BLUE SHARK HELICOPTER,15.9,2,3,4,2.0,United Kingdom
84795C,OCEAN STRIPE HAMMOCK,15.9,5,2,0,0.0,United Kingdom
DCGS0069,OOH LA LA DOGS COLLAR,15.79,1,2,5,5.0,United Kingdom
78034B,BLUE NETTING STORAGE HANGER,15.6,8,6,0,0.0,United Kingdom
20816,GOLD FLOWER CUSHION COVER,15.6,8,3,11,1.375,United Kingdom
90214F,"LETTER ""F"" BLING KEY RING",15.43,27,15,0,0.0,United Kingdom
90132,LIGHT TOPAZ TEAL/AQUA COL NECKLACE,15.16,3,3,0,0.0,United Kingdom
90140,PINK SWEETIE NECKLACE,15.12,2,2,0,0.0,United Kingdom
72024U,LILAC VOTIVE CANDLE,15.12,72,3,0,0.0,United Kingdom
84660b,BLACK STITCHED WALL CLOCK,15.08,2,2,0,0.0,United Kingdom
35610A,PINK CHRISTMAS FLOCK DROPLET,15.02,10,4,1277,127.7,United Kingdom
90078,PINK/WHITE GLASS DEMI CHOKER,15.0,2,1,0,0.0,United Kingdom
84462,3 PINK HEN+CHICKS IN BASKET,15.0,12,6,0,0.0,United Kingdom
84705C,PINK FLOCK PHOTO FRAME,15.0,12,1,0,0.0,United Kingdom
84415A,PINK FLOCK SUEDE CUSHION COVER,15.0,12,3,11,0.9167,United Kingdom
90189A,SILVER 2 STRAND NECKLACE-LEAF CHARM,15.0,2,2,0,0.0,United Kingdom
90069,RUBY GLASS CLUSTER NECKLACE,15.0,2,1,0,0.0,United Kingdom
17191A,ROSE FLOWER CANDLE+INCENSE 16X16CM,15.0,4,2,0,0.0,United Kingdom
23449,SET OF 6 EASTER RAINBOW CHICKS,15.0,12,1,0,0.0,United Kingdom
90025F,BAROQUE BUTTERFLY EARRINGS CRYSTAL,14.96,4,4,0,0.0,United Kingdom
23621,SET 10 CARDS DAVID'S MADONNA 17074,14.94,6,4,0,0.0,United Kingdom
84509g,SET OF 4 FAIRY CAKE PLACEMATS,14.92,2,2,0,0.0,United Kingdom
85031C,CURIOUS IMAGES SCRAP BOOK SET,14.85,3,2,1,0.3333,United Kingdom
84989A,75 GREEN FAIRY CAKE CASES,14.85,28,19,1,0.0357,United Kingdom
90046,WHITE WITH METAL BAG CHARM,14.85,3,1,0,0.0,United Kingdom
90048,GREEN WITH METAL BAG CHARM,14.85,3,1,0,0.0,United Kingdom
84593,CROCHET ROSE DES CLOTHES HANGER,14.75,5,2,5,1.0,United Kingdom
23634,SET 10 CARDS XMAS CHOIR 17068,14.55,5,5,0,0.0,United Kingdom
90027C,GLASS BEAD HOOP EARRINGS GREEN,14.5,5,5,0,0.0,United Kingdom
90182B,AMETHYST 3 BEAD DROP EARRINGS,14.5,5,5,0,0.0,United Kingdom
16202B,PASTEL BLUE PHOTO ALBUM,14.5,29,3,9,0.3103,United Kingdom
37489A,YELLOW/PINK FLOWER DESIGN BIG MUG,14.43,35,15,0,0.0,United Kingdom
47593A,CAROUSEL PONIES BABY BIB,14.37,48,14,0,0.0,United Kingdom
90052,CRACKED GLAZE NECKLACE BROWN,14.14,2,2,0,0.0,United Kingdom
62043B,BLUE CHECK BAG W HANDLE 34X20CM,14.11,24,8,2,0.0833,United Kingdom
90089,PINK CRYSTAL SKULL PHONE CHARM,13.94,20,9,0,0.0,United Kingdom
79336,LIGHT PINK FLOCK GLASS CANDLEHOLDER,13.68,72,5,47,0.6528,United Kingdom
37489C,GREEN/BLUE FLOWER DESIGN BIG MUG,13.65,23,8,0,0.0,United Kingdom
85017A,ENVELOPE 50 ROMANTIC IMAGES,13.58,16,11,20,1.25,United Kingdom
90065B,BLACK VINT ART DEC CRYSTAL BRACELET,13.5,2,2,0,0.0,United Kingdom
90214T,"LETTER ""T"" BLING KEY RING",13.46,24,11,0,0.0,United Kingdom
84745A,PINK HANGING GINGHAM EASTER HEN,13.44,32,5,0,0.0,United Kingdom
84745B,BLUE HANGING GINGHAM EASTER HEN,13.44,32,5,0,0.0,United Kingdom
23639,SET 10 CARDS MAGICAL TREE 17086,13.32,4,4,0,0.0,United Kingdom
23607,SET 10 CARDS HATS & STOCKINGS 17081,13.28,8,7,0,0.0,United Kingdom
37491C,GREEN/BLUE CERAMIC CANDLE HOLDER,13.2,8,1,0,0.0,United Kingdom
84388,WISE MAN STAR SHAPE EGG PAN,13.14,30,7,0,0.0,United Kingdom
37462E,"PET MUG, GOLDFISH",13.1,36,12,0,0.0,United Kingdom
16162L,THE KING GIFT BAG,13.0,50,10,54,1.08,United Kingdom
47013C,WINE BOTTLE DRESSING DARK BLUE,12.97,56,14,12,0.2143,United Kingdom
18097A,PINK TALL PORCELAIN T-LIGHT HOLDER,12.75,5,5,23,4.6,United Kingdom
21895,POTTING SHED SOW 'N' GROW SET,12.72,2,3,5,2.5,United Kingdom
DCGS0070,CAMOUFLAGE DOG COLLAR,12.72,1,2,8,8.0,United Kingdom
90042C,FRESHWATER PEARL BRACELET IVORY,12.7,15,6,0,0.0,United Kingdom
90055,CRACKED GLAZE EARRINGS BROWN,12.53,5,5,0,0.0,United Kingdom
90037C,TINY CRYSTAL BRACELET BLUE,12.52,5,5,0,0.0,United Kingdom
20671,BLUE TEATIME PRINT BOWL,12.5,10,3,22,2.2,United Kingdom
90020,FILIGREE DIAMANTE CHAIN,12.48,1,1,0,0.0,United Kingdom
23635,SET 10 CARDS CHRISTMAS HOLLY  17259,12.48,3,3,0,0.0,United Kingdom
23654,SET 10 CARD SNOWMAN 16965,12.45,5,4,0,0.0,United Kingdom
82613c,"METAL SIGN,CUPCAKE SINGLE HOOK",12.4,5,4,0,0.0,United Kingdom
79329,PINK FLOCK GLASS CANDLEHOLDER,12.18,12,3,2,0.1667,United Kingdom
84016,FLAG OF ST GEORGE CAR FLAG,12.16,27,2,0,0.0,United Kingdom
90178B,PURPLE CHUNKY GLASS+BEAD NECKLACE,11.95,1,1,0,0.0,United Kingdom
90021,LASER CUT MULTI STRAND NECKLACE,11.95,1,1,0,0.0,United Kingdom
84614A,PINK BAROQUE FLOCK CANDLE HOLDER,11.9,2,2,390,195.0,Italy
84620,BLUE GINGHAM ROSE CUSHION COVER,11.9,2,1,0,0.0,United Kingdom
44092B,BLUE WHITE PLASTIC RINGS LAMPSHADE,11.9,14,5,0,0.0,United Kingdom
90214Z,"LETTER ""Z"" BLING KEY RING",11.84,22,10,0,0.0,United Kingdom
37444B,BLUE BREAKFAST CUP AND SAUCER,11.8,5,5,3,0.6,United Kingdom
35818B,"ACRYLIC JEWEL ICICLE, BLUE",11.78,31,5,75,2.4194,United Kingdom
16043,POP ART PUSH DOWN RUBBER,11.76,98,3,45,0.4592,United Kingdom
16162M,THE KING GIFT BAG 25x24x12cm,11.76,58,10,84,1.4483,United Kingdom
23605,SET 10 CARDS 12 DAYS OF XMAS 17059,11.64,4,1,0,0.0,United Kingdom
23608,SET 10 CARDS RUDOLPHS NOSE 17097,11.64,4,3,0,0.0,United Kingdom
85184c,SET 4 VALENTINE DECOUPAGE HEART BOX,11.58,2,2,0,0.0,United Kingdom
72798C,SET/4 GARDEN ROSE DINNER CANDLE,11.55,7,4,2,0.2857,United Kingdom
71050,SMALL SINGLE FLAME CANDLE HOLDER,11.55,33,6,0,0.0,United Kingdom
90152B,BLUE/GREEN SHELL NECKLACE W PENDANT,11.46,2,2,0,0.0,United Kingdom
17164B,ASS COL SMALL SAND GECKO P'WEIGHT,11.34,27,9,0,0.0,United Kingdom
90025D,BAROQUE BUTTERFLY EARRINGS PINK,11.19,3,3,0,0.0,United Kingdom
84536a,ENGLISH ROSE NOTEBOOK A7 SIZE,11.06,14,4,0,0.0,United Kingdom
37488A,YELLOW PINK FLOWER DESIGN BIG BOWL,10.92,28,4,1,0.0357,United Kingdom
79026B,"S/4 ICON COASTER,ELVIS LIVES",10.61,25,10,1,0.04,United Kingdom
16161M,WRAP  PINK FLOCK,10.5,25,1,0,0.0,United Kingdom
16169N,WRAP BLUE RUSSIAN FOLKART,10.5,25,1,0,0.0,United Kingdom
35966,FOLKART CHRISTMAS TREE T-LIGHT HOLD,10.26,42,5,20,0.4762,United Kingdom
35958,FOLKART ZINC STAR CHRISTMAS DEC,10.2,24,5,0,0.0,United Kingdom
40005B,BLUE ORGANDY ROUND LAMPSHADE W BEA,10.2,12,4,0,0.0,United Kingdom
85109,PINK BOUDOIR T-LIGHT HOLDER,10.2,12,1,0,0.0,United Kingdom
44089C,LILAC GAUZE BUTTERFLY LAMPSHADE,10.08,24,6,0,0.0,United Kingdom
90053,CRACKED GLAZE EARRINGS IVORY,9.99,4,4,0,0.0,United Kingdom
23624,SET 10 CARD PERFECT NATIVITY 17089,9.96,4,4,0,0.0,United Kingdom
23650,SET 10 CARDS FILIGREE BAUBLE 16961,9.96,4,4,0,0.0,United Kingdom
23619,SET 10 CARDS POINSETTIA 17093,9.96,4,2,0,0.0,United Kingdom
23615,SET 10 CARDS PRINTED GRAPHIC 17219,9.96,4,4,0,0.0,United Kingdom
37474,SET/4 2 TONE EGG SHAPE MIXING BOWLS,9.95,2,3,15,7.5,United Kingdom
84689,S/2 BEACH HUT TREASURE CHESTS,9.95,8,3,0,0.0,United Kingdom
DCGS0003,BOXED GLASS ASHTRAY,9.94,4,5,7,1.75,United Kingdom
82613b,"METAL SIGN,CUPCAKE SINGLE HOOK",9.94,4,4,0,0.0,United Kingdom
37491D,PURPLE/BLUE CERAMIC CANDLE HOLDER,9.88,4,2,0,0.0,United Kingdom
85231g,ORANGE SCENTED SET/9 T-LIGHTS,9.78,6,6,0,0.0,United Kingdom
44242A,LILAC FEATHERS CURTAIN,9.48,12,1,0,0.0,United Kingdom
23441,HAND PAINTED HANGING EASTER EGG,9.24,22,3,0,0.0,United Kingdom
35809B,ENAMEL BLUE RIM TEA CONTAINER,9.18,20,5,4,0.2,United Kingdom
90181C,BLACK GLASS/SHELL/PEARL NECKLACE,9.15,1,1,0,0.0,United Kingdom
90184c,BLACK CHUNKY BEAD BRACELET W STRAP,9.15,1,1,0,0.0,United Kingdom
37351,ORANGE FLOWER MUG,9.06,10,2,0,0.0,United Kingdom
84773,RED ROSE AND LACE C/COVER,8.85,6,2,0,0.0,United Kingdom
20906,VINTAGE NOTEBOOK BEAUTY GIRL,8.85,3,3,21,7.0,United Kingdom
45013,FOLDING SHOE TIDY,8.85,3,2,0,0.0,United Kingdom
90077,BLACK DIAMOND CLUSTER EARRINGS,8.82,3,3,0,0.0,United Kingdom
90027B,GLASS BEAD HOOP EARRINGS MONTANA,8.76,3,3,0,0.0,United Kingdom
90011D,PURPLE CRYSTAL DROP EARRINGS,8.76,3,3,0,0.0,United Kingdom
90011E,AMBER CRYSTAL DROP EARRINGS,8.76,3,3,0,0.0,United Kingdom
16206B,RED PURSE WITH PINK HEART,8.75,7,2,0,0.0,United Kingdom
90130D,RED STONE/CRYSTAL EARRINGS,8.7,3,3,0,0.0,United Kingdom
81950V,FLOWER PURPLE CLOCK W/SUCKER,8.6,20,7,1,0.05,United Kingdom
84732B,CUTE BIRD CEATURE SCREEN,8.58,22,2,0,0.0,United Kingdom
90167,BEADED LOVE HEART JEWELLERY SET,8.5,20,2,0,0.0,United Kingdom
44265,M/COLOUR POM-POM CURTAIN,8.5,5,3,5,1.0,United Kingdom
90102,WHITE FRANGIPANI HAIR CLIP,8.5,10,1,0,0.0,United Kingdom
85036b,CHOCOLATE 1 WICK MORRIS BOX CANDLE,8.47,1,1,0,0.0,United Kingdom
72803b,OCEAN SCENT CANDLE JEWELLED DRAWER,8.47,1,1,0,0.0,United Kingdom
21410,COUNTRY COTTAGE  DOORSTOP GREEN,8.47,1,2,4,4.0,United Kingdom
85035c,ROSE 3 WICK MORRIS BOX CANDLE,8.47,1,1,0,0.0,United Kingdom
85035b,CHOCOLATE 3 WICK MORRIS BOX CANDLE,8.47,1,1,0,0.0,United Kingdom
84975,HEART SHAPED MIRROR,8.45,5,3,1,0.2,United Kingdom
20871,OPULENT VELVET SET/3 CANDLES,8.42,2,1,0,0.0,United Kingdom
21594,Dr. Jam's Arouzer Stress Ball,8.34,2,3,1,0.5,United Kingdom
23612,SET 10 MINICARDS CUTE SNOWMAN 17071,8.3,5,2,0,0.0,United Kingdom
72802c,VANILLA SCENT CANDLE JEWELLED BOX,8.29,1,1,0,0.0,United Kingdom
85034b,3 WHITE CHOC MORRIS BOXED CANDLES,8.29,1,1,0,0.0,United Kingdom
84924F,PSYCHEDELIC METAL SIGN CALENDAR,7.9,10,3,0,0.0,United Kingdom
16244B,MAXWELL 2 TONE BLUE 60 PAGE PHOTO A,7.85,7,3,5,0.7143,United Kingdom
35607A,PINK FLUFFY CHRISTMAS DECORATION,7.82,27,3,0,0.0,United Kingdom
90042A,FRESHWATER PEARL BRACELET GOLD,7.65,3,2,0,0.0,United Kingdom
85189,HANGING BUTTERFLY  EGG,7.65,9,4,6,0.6667,United Kingdom
79149B,SILICON STAR BULB  BLUE,7.56,18,8,0,0.0,United Kingdom
21827,EIGHT PIECE CREEPY CRAWLIE SET,7.5,6,4,42,7.0,United Kingdom
16202E,BLACK PHOTO ALBUM,7.5,15,4,1,0.0667,United Kingdom
37379A,PINK CHERRY BLOSSOM CUP & SAUCER,7.5,6,2,9,1.5,United Kingdom
85160A,WHITE BIRD GARDEN DESIGN MUG,7.5,6,2,21,3.5,United Kingdom
90068,"RUBY GLASS NECKLACE 42""",7.5,1,1,0,0.0,United Kingdom
90025A,BAROQUE BUTTERFLY EARRINGS BLACK,7.5,2,2,0,0.0,United Kingdom
62097B,BLUE STRIPES SHOULDER BAG,7.47,9,4,6,0.6667,United Kingdom
23633,SET 10 CARDS WORLD CHILDREN 17067,7.47,3,3,0,0.0,United Kingdom
90128A,PINK LEAVES AND BEADS PHONE CHARM,7.43,3,2,0,0.0,United Kingdom
84596g,SMALL CHOCOLATES PINK BOWL,7.38,3,1,0,0.0,United Kingdom
71496B,A4 WALL TIDY RED FLOWERS,7.37,13,4,0,0.0,United Kingdom
10124G,ARMY CAMO BOOKCOVER TAPE,7.14,17,4,0,0.0,United Kingdom
90214O,"LETTER ""O"" BLING KEY RING",6.82,16,5,0,0.0,United Kingdom
90214W,"LETTER ""W"" BLING KEY RING",6.82,16,5,0,0.0,United Kingdom
35443,RASTA IN BATH W SPLIFF ASHTRAY,6.8,8,6,0,0.0,United Kingdom
84802B,PURPLE ANEMONE ARTIFICIAL FLOWER,6.76,4,2,125,31.25,United Kingdom
35833G,4 GOLD FLOCK CHRISTMAS BALLS,6.72,2,2,43,21.5,United Kingdom
10124A,SPOTS ON RED BOOKCOVER TAPE,6.72,16,5,0,0.0,United Kingdom
21186,WHITE DOVE HONEYCOMB PAPER GARLAND,6.72,4,2,0,0.0,United Kingdom
62074B,ELEPHANT CLIP W SUCTION CUP,6.72,16,4,0,0.0,United Kingdom
23604,SET 10 MINI SANTA & SNOWMAN  17087,6.64,4,2,0,0.0,United Kingdom
37491B,BLUE/YELLOW CERAMIC CANDLE HOLDER,6.6,4,1,0,0.0,United Kingdom
20678,LARGE BLACK DIAMANTE HAIRSLIDE,6.6,4,1,0,0.0,EIRE
90126C,AMBER BERTIE MOBILE PHONE CHARM,6.58,2,1,0,0.0,United Kingdom
44089A,PINK GAUZE BUTTERFLY LAMPSHADE,6.3,15,4,0,0.0,United Kingdom
85224,ASSORTED COLOUR SILK GLASSES CASE,6.3,3,2,7,2.3333,United Kingdom
35591T,TURQUOISE CHRISTMAS TREE,6.25,5,5,4,0.8,United Kingdom
21228,"POCKET MIRROR ""GLAMOROUS""",6.25,5,3,7,1.4,United Kingdom
85225,BLING KEY RING STAND,6.25,6,3,0,0.0,United Kingdom
23610,SET 10 CARDS CHRISTMAS ROBIN 17095,6.24,3,3,0,0.0,United Kingdom
90060B,FIRE POLISHED GLASS NECKL GOLD,5.95,1,1,0,0.0,United Kingdom
84499,BLACK FLOWER CANDLE PLATE,5.95,7,4,10,1.4286,United Kingdom
90152C,BLUE/NAT SHELL NECKLACE W PENDANT,5.95,1,1,0,0.0,United Kingdom
79161A,ST GEORGE SET OF 10 PARTY LIGHTS,5.9,17,4,13,0.7647,United Kingdom
35598C,WHITE CHRISTMAS TREE 60CM,5.9,5,3,0,0.0,United Kingdom
23638,SET 10 CARDS ROBIN WATERPUMP  17096,5.82,2,2,0,0.0,United Kingdom
23652,SET 10 CARD CHRISTMAS STAMPS 16963,5.82,2,1,0,0.0,United Kingdom
23617,SET 10 CARDS SWIRLY XMAS TREE 17104,5.82,2,1,0,0.0,United Kingdom
90011C,GREEN CRYSTAL DROP EARRINGS,5.8,2,2,0,0.0,United Kingdom
90067B,BROWN VINTAGE VICTORIAN EARRINGS,5.8,2,2,0,0.0,United Kingdom
23630,SET 10 CARDS HANGING BAUBLES 17080,5.48,2,3,1,0.5,United Kingdom
35004P,SET OF 3 PINK FLYING DUCKS,5.45,2,2,0,0.0,United Kingdom
21839,MUMMY MOUSE RED GINGHAM RIBBON,5.45,1,2,36,36.0,United Kingdom
81953P,ROUND ARTICULATED PINK CLOCK W/SUCK,5.32,28,4,7,0.25,United Kingdom
37509,NEW ENGLAND MUG W GIFT BOX,5.1,5,4,0,0.0,United Kingdom
20964,POLYESTER FILLER PAD 60x40cm,5.1,4,2,0,0.0,United Kingdom
90142A,GREEN PENDANT SHELL NECKLACE,5.09,1,1,0,0.0,United Kingdom
84803A,PINK ALLIUM  ARTIFICIAL FLOWER,5.07,3,1,0,0.0,EIRE
22034,ROBIN CHRISTMAS CARD,5.02,22,9,258,11.7273,United Kingdom
90135A,ORANGE/FUSCHIA STONES NECKLACE,4.98,1,1,0,0.0,United Kingdom
47593b,SCOTTIE DOGS BABY BIB,4.98,6,1,0,0.0,United Kingdom
23649,SET 10 CARDS DECK THE HALLS 16960,4.98,2,2,0,0.0,United Kingdom
90128C,GREEN LEAVES AND BEADS PHONE CHARM,4.97,2,2,0,0.0,United Kingdom
90128D,PURPLE LEAVES AND BEADS PHONE CHAR,4.97,2,2,0,0.0,United Kingdom
84661a,WHITE SQUARE TABLE CLOCK,4.96,1,1,0,0.0,United Kingdom
84661b,BLACK SQUARE TABLE CLOCK,4.96,1,1,0,0.0,United Kingdom
85031B,BLOSSOM IMAGES SCRAP BOOK SET,4.95,1,1,0,0.0,United Kingdom
35650,VINTAGE BEAD PINK JEWEL STAND,4.95,1,2,24,24.0,United Kingdom
90081B,LILY BROOCH WHITE/SILVER COLOUR,4.95,1,1,0,0.0,United Kingdom
85231b,CINAMMON SET OF 9 T-LIGHTS,4.92,3,3,0,0.0,United Kingdom
85049b,LUSH GREENS RIBBONS,4.92,2,2,0,0.0,United Kingdom
85049d,BRIGHT BLUES RIBBONS,4.92,2,2,0,0.0,United Kingdom
90127A,PINK BEADS+HAND PHONE CHARM,4.92,2,1,0,0.0,United Kingdom
84971l,LARGE HEART FLOWERS HOOK,4.92,2,1,0,0.0,United Kingdom
84613C,BLUE NEW BAROQUE FLOCK CANDLESTICK,4.65,1,2,173,173.0,United Kingdom
79151B,"SILICON CUBE 25W, BLUE",4.62,11,2,0,0.0,United Kingdom
71215,METAL BASE FOR CANDLES,4.62,11,2,0,0.0,United Kingdom
84206A,3 BLACK CATS W HEARTS BLANK CARD,4.56,24,3,0,0.0,United Kingdom
84732D,CUTE RABBIT CEATURE SCREEN,4.29,11,2,0,0.0,United Kingdom
20703,BLUE PADDED SOFT MOBILE,4.25,1,4,7,7.0,United Kingdom
22218,CAKE STAND LACE WHITE,4.25,3,2,0,0.0,United Kingdom
79157V,UBO-LIGHT TRIOBASE PURPLE,4.25,5,3,0,0.0,United Kingdom
20861,GOLD COSMETIC BAG PINK STAR,4.2,2,2,0,0.0,United Kingdom
47016,LIGHT DECORATION BATTERY OPERATED,4.2,2,1,0,0.0,United Kingdom
22206,"MUG , DOTCOMGIFTSHOP.COM",4.17,5,5,0,0.0,United Kingdom
46776b,WOVEN BERRIES CUSHION COVER,4.13,1,1,0,0.0,United Kingdom
46776e,WOVEN CANDY CUSHION COVER,4.13,1,1,0,0.0,United Kingdom
47591b,SCOTTIES CHILDRENS APRON,4.13,1,1,0,0.0,United Kingdom
84536b,FAIRY CAKES NOTEBOOK A7 SIZE,4.05,5,1,0,0.0,United Kingdom
44091A,BLUE CRUSOE CHECK LAMPSHADE,3.78,9,5,4,0.4444,United Kingdom
17174,ASSTD RASTA KEY-CHAINS,3.78,9,3,0,0.0,United Kingdom
90128B,BLUE LEAVES AND BEADS PHONE CHARM,3.76,2,2,0,0.0,United Kingdom
37464,ROBOT MUG IN DISPLAY BOX,3.75,3,4,16,5.3333,United Kingdom
79192A,RETRO PLASTIC 70'S TRAY,3.75,3,3,9,3.0,United Kingdom
90025B,BAROQUE BUTTERFLY EARRINGS RED,3.73,1,1,0,0.0,United Kingdom
90025E,BAROQUE BUTTERFLY EARRINGS MONTANA,3.73,1,1,0,0.0,United Kingdom
35271S,GOLD PRINT PAPER BAG,3.61,19,3,13,0.6842,United Kingdom
16010,FOLDING CAMPING SCISSOR W/KNIF & S,3.6,30,4,7,0.2333,United Kingdom
84270,ASSTD DESIGN BUBBLE GUM RING,3.57,24,5,0,0.0,United Kingdom
16202A,PASTEL PINK PHOTO ALBUM,3.5,7,2,0,0.0,United Kingdom
90214U,"LETTER ""U"" BLING KEY RING",3.48,12,1,0,0.0,United Kingdom
79157B,UBO-LIGHT TRIOBASE BLUE,3.4,4,2,0,0.0,United Kingdom
84802A,WHITE ANEMONE ARTIFICIAL FLOWER,3.38,4,2,0,0.0,United Kingdom
22528,GARDENERS KNEELING PAD,3.36,1,2,1,1.0,United Kingdom
85119,WATERING CAN SINGLE HOOK PISTACHIO,3.36,1,2,1,1.0,United Kingdom
90126A,PINK BERTIE MOBILE PHONE CHARM,3.36,1,1,0,0.0,United Kingdom
21160,KEEP OUT GIRLS DOOR HANGER,3.36,1,2,7,7.0,United Kingdom
23643,SET 10 CARDS CHRISTMAS BAUBLE 16954,3.33,1,1,0,0.0,United Kingdom
84534b,FAIRY CAKE NOTEBOOK A5 SIZE,3.32,2,2,0,0.0,United Kingdom
90187A,BLUE DROP EARRINGS W BEAD CLUSTER,3.32,1,1,0,0.0,United Kingdom
10123C,HEARTS WRAPPING TAPE,3.25,5,4,18,3.6,United Kingdom
47013A,WINE BOTTLE DRESSING LT.BLUE,3.04,14,5,2,0.1429,United Kingdom
23628,SET 10 CARDS TRIANGLE ICONS  17220,2.91,1,1,0,0.0,United Kingdom
23602,SET 10 CARDS 3 WISE MEN 17107,2.91,1,1,0,0.0,United Kingdom
23609,SET 10 CARDS SNOWY ROBIN 17099,2.91,1,1,0,0.0,United Kingdom
90183c,BLACK DROP EARRINGS W LONG BEADS,2.9,1,1,0,0.0,United Kingdom
m,Manual,2.55,1,1,0,0.0,United Kingdom
90100,NECKLACE+BRACELET SET PINK DAISY,2.55,1,2,5,5.0,United Kingdom
17028J,INCENSE BAZAAR PEACH,2.52,6,1,0,0.0,United Kingdom
35609A,PINK FEATHER CHRISTMAS DECORATION,2.51,1,2,51,51.0,United Kingdom
62096B,PURPLE/TURQ FLOWERS HANDBAG,2.5,2,3,10,5.0,United Kingdom
90037A,TINY CRYSTAL BRACELET RED,2.48,1,1,0,0.0,United Kingdom
84201B,HAPPY BIRTHDAY CARD STRIPEY TEDDY,2.47,13,2,0,0.0,United Kingdom
84510e,SET OF 4 GREEN CAROUSEL COASTERS,2.46,1,1,0,0.0,United Kingdom
84596l,BISCUITS SMALL BOWL LIGHT BLUE,2.46,1,1,0,0.0,United Kingdom
82613a,"METAL SIGN,CUPCAKE SINGLE HOOK",2.46,1,1,0,0.0,United Kingdom
85049c,ROMANTIC PINKS RIBBONS,2.46,1,1,0,0.0,United Kingdom
85179a,GREEN BITTY LIGHT CHAIN,2.46,1,1,0,0.0,United Kingdom
37330,BIG POLKADOT MUG,2.34,6,1,0,0.0,United Kingdom
46115B,GREEN POP ART MAO CUSHION COVER,2.28,12,3,2,0.1667,United Kingdom
77079,DOLPHIN WINDMILL,2.12,5,2,0,0.0,United Kingdom
21414,SCALLOP SHELL SOAP DISH,2.1,1,3,25,25.0,United Kingdom
47579,TEA TIME BREAKFAST BASKET,2.1,1,2,1,1.0,United Kingdom
85170A,SET/6 IVORY BIRD T-LIGHT CANDLES,2.1,2,2,0,0.0,United Kingdom
20860,GOLD COSMETICS BAG WITH BUTTERFLY,2.1,1,2,7,7.0,United Kingdom
90112,PINK DOLLY HAIR CLIPS,2.1,4,2,0,0.0,United Kingdom
81953B,ROUND BLUE CLOCK WITH SUCKER,2.09,11,4,6,0.5455,United Kingdom
84731,3 BIRDS CANVAS SCREEN,2.04,2,2,0,0.0,United Kingdom
21491,SET OF THREE VINTAGE GIFT WRAPS,1.95,2,2,0,0.0,United Kingdom
22323,PINK POLKADOT KIDS BAG,1.95,2,2,0,0.0,United Kingdom
22146,EASTER CRAFT IVY WREATH WITH CHICK,1.95,1,2,4,4.0,United Kingdom
90092,BLUE CRYSTAL BOOT PHONE CHARM,1.66,1,1,0,0.0,United Kingdom
23664,FLOWER SHOP DESIGN MUG,1.65,1,1,0,0.0,United Kingdom
84550,CROCHET LILAC/RED BEAR KEYRING,1.65,1,1,0,0.0,United Kingdom
84206C,CHAMPAGNE TRAY BLANK CARD,1.52,8,2,0,0.0,United Kingdom
37461,FUNKY MONKEY MUG,1.25,5,3,0,0.0,United Kingdom
35597A,DUSTY PINK CHRISTMAS TREE 30CM,1.25,1,2,14,14.0,United Kingdom
35597B,BLACKCHRISTMAS TREE 30CM,1.25,1,1,0,0.0,United Kingdom
84977,WIRE FLOWER T-LIGHT HOLDER,1.25,4,3,0,0.0,United Kingdom
21009,ETCHED GLASS STAR TREE DECORATION,1.25,2,2,0,0.0,United Kingdom
84569C,PACK 4 FLOWER/BUTTERFLY PATCHES,1.25,1,2,37,37.0,United Kingdom
84743C,ORANGE FELT VASE + FLOWERS,1.25,1,3,42,42.0,United Kingdom
84990,60 GOLD AND SILVER FAIRY CAKE CASES,1.1,4,5,24,6.0,United Kingdom
84201C,HAPPY BIRTHDAY CARD TEDDY/CAKE,0.95,5,1,0,0.0,United Kingdom
84206B,CAT WITH SUNGLASSES BLANK CARD,0.95,5,1,0,0.0,United Kingdom
90084,PINK CRYSTAL GUITAR PHONE CHARM,0.85,2,2,0,0.0,United Kingdom
21268,VINTAGE BLUE TINSEL REEL,0.84,2,1,0,0.0,United Kingdom
51014c,"FEATHER PEN,COAL BLACK",0.83,1,1,0,0.0,United Kingdom
84227,HEN HOUSE W CHICK IN NEST,0.42,2,3,2,1.0,United Kingdom
D,Discount,0,0,65,1194,1194.0,United Kingdom
21134,,0.0,1,1,0,0.0,United Kingdom
20957,PORCELAIN HANGING BELL SMALL,0,0,1,1,1.0,Germany
85226A,,0.0,1,1,0,0.0,United Kingdom
85044,,0.0,1,1,0,0.0,United Kingdom
20950,,0.0,1,1,0,0.0,United Kingdom
84670,,0.0,23,1,0,0.0,United Kingdom
35951,,0.0,57,1,0,0.0,United Kingdom
21653,,0,0,1,6,6.0,United Kingdom
85068,CREAM SWEETHEART SHELF + HOOKS,0,0,2,5,5.0,United Kingdom
20849,,0.0,1,1,0,0.0,United Kingdom
72803B,,0.0,1,1,0,0.0,United Kingdom
85018C,,0.0,3,1,0,0.0,United Kingdom
62095B,,0.0,2,1,0,0.0,United Kingdom
72814,,0.0,2,1,0,0.0,United Kingdom
84247C,,0.0,1,1,0,0.0,United Kingdom
90042B,,0.0,1,1,0,0.0,United Kingdom
21431,,0,0,1,21,21.0,United Kingdom
35832,WOOLLY HAT SOCK GLOVE ADVENT STRING,0,0,1,1,1.0,United Kingdom
37503,TEA TIME CAKE STAND IN GIFT BOX,0,0,1,1,1.0,United Kingdom
21412,VINTAGE GOLD TINSEL REEL,0,0,2,12,12.0,EIRE
79320,FLAMINGO LIGHTS,0,0,1,1,1.0,United Kingdom
85042,ANTIQUE LILY FAIRY LIGHTS,0,0,2,3,3.0,United Kingdom
21645,ASSORTED TUTTI FRUTTI ROUND BOX,0,0,2,25,25.0,United Kingdom
85023C,PINK LARGE JEWELED PHOTOFRAME,0,0,1,1,1.0,United Kingdom
21589,,0,0,1,14,14.0,United Kingdom
72038P,damages,0,0,1,990,990.0,United Kingdom
84546,,0,0,1,45,45.0,United Kingdom
17011A,,0,0,1,61,61.0,United Kingdom
79323W,WHITE CHERRY LIGHTS,0,0,2,4838,4838.0,United Kingdom
84455,,0,0,1,31,31.0,United Kingdom
84967A,,0,0,1,2,2.0,United Kingdom
84967B,,0,0,1,1,1.0,United Kingdom
84966B,,0,0,1,11,11.0,United Kingdom
84966A,,0,0,1,17,17.0,United Kingdom
DCGS0055,,0,0,1,1,1.0,United Kingdom
DCGS0072,,0,0,1,1,1.0,United Kingdom
DCGS0074,,0,0,1,1,1.0,United Kingdom
20864,,0,0,1,1,1.0,United Kingdom
21282,,0,0,1,1,1.0,United Kingdom
21805,,0,0,1,1,1.0,United Kingdom
22143,,0,0,1,1,1.0,United Kingdom
35644,,0,0,1,1,1.0,United Kingdom
35991,,0,0,1,1,1.0,United Kingdom
84424A,,0,0,1,1,1.0,United Kingdom
84509F,,0,0,1,1,1.0,United Kingdom
84526,,0,0,1,1,1.0,United Kingdom
84664,,0,0,1,1,1.0,United Kingdom
84964B,,0,0,1,1,1.0,United Kingdom
85110,,0,0,1,1,1.0,United Kingdom
85179B,,0,0,1,1,1.0,United Kingdom
90000C,,0,0,1,1,1.0,United Kingdom
90095,,0,0,1,1,1.0,United Kingdom
90091,,0,0,1,1,1.0,United Kingdom
DCGS0057,,0,0,1,6,6.0,United Kingdom
85063,CREAM SWEETHEART MAGAZINE RACK,0,0,2,3,3.0,United Kingdom
84611B,thrown away,0.0,1287,2,1430,1.1111,United Kingdom
84612B,thrown away,0,0,1,162,162.0,United Kingdom
35969,,0,0,1,3,3.0,United Kingdom
85065,CREAM SWEETHEART TRAYS,0,0,1,1,1.0,United Kingdom
20738,,0,0,1,36,36.0,United Kingdom
20689,,0,0,1,5,5.0,United Kingdom
47563B,,0,0,1,10,10.0,United Kingdom
37477D,,0,0,1,9,9.0,United Kingdom
35611B,thrown away,0,0,1,27,27.0,United Kingdom
72140F,throw away,0,0,1,5368,5368.0,United Kingdom
85098B,BLUE FLYING SINGING CANARY,0,0,2,6,6.0,United Kingdom
72759,thrown away-can't sell.,0,0,1,524,524.0,United Kingdom
72732,thrown away-can't sell,0,0,1,2472,2472.0,United Kingdom
84559D,,0,0,1,7,7.0,United Kingdom
35823P,,0,0,1,12,12.0,United Kingdom
20850,,0,0,1,3,3.0,United Kingdom
21283,,0,0,1,15,15.0,United Kingdom
22036,,0,0,1,45,45.0,United Kingdom
79172D,,0,0,1,7,7.0,United Kingdom
72800F,,0,0,1,5,5.0,United Kingdom
72781,,0,0,1,30,30.0,United Kingdom
35015,,0,0,1,9,9.0,United Kingdom
72793,,0,0,1,3,3.0,United Kingdom
72789,,0,0,1,2,2.0,United Kingdom
85018B,,0,0,1,2,2.0,United Kingdom
35824B,,0,0,1,8,8.0,United Kingdom
84726,,0,0,1,14,14.0,United Kingdom
84875A,,0,0,1,17,17.0,United Kingdom
84876C,,0,0,1,19,19.0,United Kingdom
84845D,,0,0,1,5,5.0,United Kingdom
21274,,0,0,1,3,3.0,United Kingdom
21474,,0,0,1,8,8.0,United Kingdom
10134,,0,0,1,19,19.0,United Kingdom
21511,,0,0,1,9,9.0,United Kingdom
82545A,,0,0,1,4,4.0,United Kingdom
84251F,,0,0,1,2,2.0,United Kingdom
35603B,,0,0,1,12,12.0,United Kingdom
47502,,0,0,1,19,19.0,United Kingdom
84007,,0,0,1,3,3.0,United Kingdom
21337,,0,0,1,21,21.0,United Kingdom
46037A,,0,0,1,5,5.0,United Kingdom
84251J,,0,0,1,28,28.0,United Kingdom
40018F,,0,0,1,22,22.0,United Kingdom
84864A,,0,0,1,2,2.0,United Kingdom
21825,,0,0,1,14,14.0,United Kingdom
10123G,,0,0,1,38,38.0,United Kingdom
84899F,,0,0,1,5,5.0,United Kingdom
20863,,0,0,1,6,6.0,United Kingdom
84839,SWEETHEART KEY CABINET,0,0,1,1,1.0,United Kingdom
PADS,PADS TO MATCH ALL CUSHIONS,0.0,4,4,0,0.0,United Kingdom
21923,,0,0,1,5,5.0,United Kingdom
20896,,0,0,1,5,5.0,United Kingdom
20825,,0,0,1,5,5.0,United Kingdom
85060,,0,0,1,4,4.0,United Kingdom
35594,,0,0,1,4,4.0,United Kingdom
21330,,0,0,1,4,4.0,United Kingdom
78027,,0,0,1,3,3.0,United Kingdom
21806,,0,0,1,3,3.0,United Kingdom
85226C,,0,0,1,6,6.0,United Kingdom
47591A,,0,0,1,6,6.0,United Kingdom
37424,,0,0,1,6,6.0,United Kingdom
90037D,,0,0,1,5,5.0,United Kingdom
84857A,,0,0,1,5,5.0,United Kingdom
84482,,0,0,1,5,5.0,United Kingdom
21854,,0,0,1,2,2.0,United Kingdom
23059,Thrown away-rusty,0,0,1,2376,2376.0,United Kingdom
16053,,0,0,1,102,102.0,United Kingdom
23001,TRAVEL CARD WALLET DOTCOMGIFTSHOP,0.0,200,1,0,0.0,United Kingdom
84797B,,0,0,1,2,2.0,United Kingdom
DCGS0073,ebay,0,0,1,4,4.0,United Kingdom
DCGS0071,,0,0,1,2,2.0,United Kingdom
DCGS0068,ebay,0,0,1,10,10.0,United Kingdom
DCGS0067,ebay,0,0,1,11,11.0,United Kingdom
DCGS0066P,,0,0,1,3,3.0,United Kingdom
21858,,0,0,1,12,12.0,United Kingdom
21432,,0,0,1,2,2.0,United Kingdom
77081,,0,0,1,39,39.0,United Kingdom
21765,,0,0,1,2,2.0,United Kingdom
84761,,0,0,1,11,11.0,United Kingdom
21610,,0,0,1,14,14.0,United Kingdom
37477B,,0,0,1,11,11.0,United Kingdom
37477C,,0,0,1,31,31.0,United Kingdom
B,Adjust bad debt,0,0,3,0,0.0,United Kingdom
CRUK,CRUK Commission,0,0,16,16,16.0,United Kingdom
35592T,,0.0,4,1,0,0.0,United Kingdom
23595,adjustment,0.0,5,2,5,1.0,United Kingdom
35600A,Found by jackie,0.0,1,1,0,0.0,United Kingdom
79323G,"Unsaleable, destroyed.",0,0,1,657,657.0,United Kingdom
79323GR,"Unsaleable, destroyed.",0,0,1,1158,1158.0,United Kingdom
79323LP,"Unsaleable, destroyed.",0,0,1,2618,2618.0,United Kingdom
79323S,"Unsaleable, destroyed.",0,0,1,674,674.0,United Kingdom
79341,"Unsaleable, destroyed.",0,0,1,905,905.0,United Kingdom
79342B,"Unsaleable, destroyed.",0,0,1,1128,1128.0,United Kingdom
84971L,,0.0,2,1,0,0.0,United Kingdom
