product_id,category,review_count,average_rating,positive_pct,negative_pct,fake_rate,verified_pct,helpful_ratio
P000873,Automotive,26,4.31,0.9231,0.0769,0.0385,0.7308,0.8083
P002733,Books,21,4.05,0.7143,0.0,0.0476,0.7619,0.7949
P002589,Home & Kitchen,17,3.88,0.7647,0.0588,0.0588,0.5882,0.8177
P001303,Beauty,24,4.0,0.75,0.0833,0.1667,0.6667,0.8734
P002439,Home & Kitchen,27,4.07,0.8148,0.0741,0.2222,0.8148,0.7409
P003020,Clothing,9,3.89,0.6667,0.1111,0.0,0.7778,0.6859
P002187,Toys & Games,30,2.73,0.2,0.4667,0.0667,0.7333,0.7385
P001124,Electronics,24,3.46,0.4583,0.0833,0.0417,0.6667,0.6571
P004771,Sports & Outdoors,25,4.28,0.84,0.04,0.12,0.6,0.7602
P004017,Clothing,30,4.23,0.8667,0.0,0.0,0.7333,0.8132
P001073,Home & Kitchen,19,3.42,0.3684,0.1053,0.2632,0.7895,0.7231
P002392,Beauty,13,3.77,0.6154,0.0769,0.0,0.6923,0.6168
P001899,Electronics,16,3.5,0.5625,0.125,0.0625,0.75,0.8008
P004982,Clothing,17,4.18,0.8235,0.0,0.1176,0.7059,0.9223
P003609,Clothing,28,3.75,0.6071,0.0357,0.0,0.75,0.8354
P003250,Home & Kitchen,17,2.88,0.1765,0.3529,0.0588,0.7059,0.7758
P000746,Books,6,2.67,0.1667,0.3333,0.1667,0.8333,0.7315
P000961,Books,18,1.67,0.0556,0.8889,0.0,0.7222,0.9287
P004661,Beauty,21,3.9,0.7619,0.0952,0.0476,0.8095,0.7431
P002258,Toys & Games,32,3.5,0.625,0.1875,0.0938,0.7812,0.8346
P000072,Home & Kitchen,7,4.43,0.8571,0.0,0.0,0.7143,0.6279
P002491,Food & Grocery,16,3.88,0.6875,0.0,0.0,0.5625,0.7856
P003092,Food & Grocery,21,2.81,0.2381,0.4286,0.0952,0.8571,0.8989
P001448,Books,20,2.5,0.1,0.5,0.05,0.55,0.7259
P002139,Toys & Games,32,4.12,0.8125,0.0625,0.0,0.75,0.7518
P001379,Sports & Outdoors,31,4.19,0.8065,0.0645,0.0323,0.6774,0.845
P002225,Health,19,4.53,0.8947,0.0526,0.1053,0.8947,0.8234
P004922,Electronics,37,3.57,0.4595,0.0811,0.027,0.7838,0.8092
P002305,Home & Kitchen,25,3.68,0.64,0.08,0.0,0.72,0.7756
P004035,Electronics,34,2.59,0.1765,0.4706,0.0294,0.7941,0.808
P000651,Home & Kitchen,24,1.25,0.0,1.0,0.0,0.5833,0.8816
P003956,Sports & Outdoors,14,4.14,0.8571,0.0,0.1429,0.6429,0.831
P002540,Books,13,1.69,0.0,0.8462,0.0,0.7692,0.8455
P001838,Home & Kitchen,29,4.52,0.8966,0.0,0.0345,0.8276,0.7858
P002881,Electronics,22,4.59,0.9091,0.0,0.0909,0.5909,0.7409
P001758,Automotive,28,3.61,0.5714,0.0714,0.0357,0.7143,0.7858
P004050,Beauty,39,4.15,0.7949,0.0,0.0769,0.9231,0.8145
P003951,Home & Kitchen,28,2.5,0.1786,0.5714,0.1071,0.6786,0.7792
P001156,Electronics,17,2.76,0.1765,0.4118,0.0588,0.6471,0.9111
P002171,Home & Kitchen,26,4.31,0.8846,0.0385,0.0,0.7692,0.8097
P000703,Electronics,20,4.05,0.8,0.05,0.1,0.85,0.8147
P000026,Clothing,30,4.47,0.8667,0.0,0.1,0.7,0.8336
P001479,Books,33,3.64,0.5152,0.0606,0.0,0.7273,0.8111
P002807,Clothing,27,2.59,0.1852,0.4074,0.1111,0.7778,0.729
P003803,Clothing,20,3.7,0.55,0.05,0.1,0.7,0.7312
P004750,Electronics,24,3.83,0.7083,0.0833,0.0417,0.75,0.7299
P002126,Home & Kitchen,40,2.9,0.2,0.275,0.075,0.825,0.777
P000016,Clothing,19,2.89,0.3158,0.2632,0.0,0.6842,0.7965
P003255,Electronics,17,3.29,0.4118,0.2353,0.0588,0.7647,0.6811
P001042,Sports & Outdoors,20,2.8,0.15,0.4,0.1,0.7,0.7633
P002878,Home & Kitchen,17,2.76,0.2353,0.3529,0.0,0.8235,0.7974
P002271,Sports & Outdoors,36,3.94,0.75,0.0556,0.0556,0.8611,0.8127
P001389,Health,14,4.36,0.9286,0.0714,0.0,0.7143,0.7912
P001491,Electronics,35,3.43,0.4857,0.1143,0.0,0.7143,0.7863
P001714,Health,23,3.3,0.4783,0.2609,0.0,0.6957,0.6368
P000883,Food & Grocery,23,3.17,0.3478,0.2609,0.1304,0.7391,0.8382
P003531,Electronics,17,2.71,0.1765,0.4118,0.0,0.8824,0.7024
P001981,Health,11,3.45,0.5455,0.1818,0.0,1.0,0.7925
P003593,Toys & Games,41,4.27,0.878,0.0244,0.0488,0.6098,0.7825
P002913,Books,19,4.47,0.8947,0.0,0.1579,0.7895,0.7432
P001143,Toys & Games,15,3.2,0.4,0.2667,0.0,0.9333,0.8458
P001605,Clothing,21,2.33,0.0952,0.619,0.0952,0.9048,0.9095
P004623,Sports & Outdoors,12,4.25,0.8333,0.0,0.0833,0.8333,0.7079
P002122,Electronics,28,3.86,0.6786,0.1071,0.1429,0.8214,0.7347
P000572,Health,11,2.18,0.1818,0.8182,0.1818,0.6364,0.8152
P003219,Clothing,25,4.32,0.84,0.04,0.04,0.76,0.8136
P002337,Health,16,1.94,0.0625,0.6875,0.0625,0.8125,0.8512
P001040,Electronics,27,3.7,0.5556,0.0741,0.0741,0.7407,0.7405
P000060,Electronics,19,3.53,0.5263,0.1579,0.1579,0.7895,0.7398
P002926,Sports & Outdoors,18,4.5,0.8333,0.0,0.0,0.6111,0.8039
P002184,Electronics,18,4.28,0.8889,0.0556,0.0556,0.6111,0.8458
P002038,Electronics,18,3.72,0.6111,0.0,0.0556,0.8333,0.7016
P004618,Books,15,4.27,0.8667,0.0667,0.0667,0.8667,0.7915
P002934,Health,31,4.13,0.871,0.0323,0.0968,0.6129,0.7695
P004135,Books,16,3.31,0.5,0.125,0.0,0.875,0.7863
P002286,Electronics,20,1.6,0.0,0.85,0.0,0.8,0.7531
P003772,Automotive,27,4.15,0.7778,0.0741,0.0,0.7037,0.7916
P002802,Books,22,4.18,0.7727,0.0,0.0,0.7273,0.8086
P001759,Health,28,2.25,0.0714,0.6071,0.0,0.8214,0.8712
P004535,Books,33,3.36,0.4545,0.2121,0.0909,0.6364,0.7802
P001892,Beauty,6,3.5,0.6667,0.3333,0.0,0.6667,0.8965
P002303,Home & Kitchen,21,4.43,0.8571,0.0,0.0,0.7143,0.7596
P003242,Books,16,3.44,0.5,0.1875,0.0625,0.875,0.8882
P002969,Books,21,4.52,0.9524,0.0,0.0952,0.619,0.8357
P002573,Beauty,11,3.18,0.3636,0.1818,0.0909,0.6364,0.6277
P003457,Food & Grocery,27,4.11,0.8519,0.0741,0.1481,0.7778,0.7473
P003473,Books,15,4.6,0.9333,0.0,0.0667,0.8,0.8367
P002654,Beauty,34,3.59,0.6176,0.1765,0.0,0.7941,0.8264
P002535,Food & Grocery,16,3.94,0.6875,0.0625,0.125,0.8125,0.9133
P000834,Beauty,11,4.64,1.0,0.0,0.0,0.8182,0.8856
P003557,Books,20,2.15,0.1,0.7,0.1,0.65,0.8169
P004957,Health,17,3.06,0.2941,0.2941,0.1765,0.8235,0.878
P001449,Sports & Outdoors,20,4.1,0.8,0.05,0.1,0.75,0.7611
P001009,Beauty,19,3.74,0.6316,0.0526,0.0526,0.8421,0.8407
P004702,Home & Kitchen,41,3.63,0.5366,0.0976,0.1463,0.8537,0.8413
P002068,Automotive,27,4.07,0.7778,0.037,0.037,0.8148,0.8882
P003466,Toys & Games,19,4.26,0.8421,0.0526,0.1053,0.7368,0.7993
P002365,Sports & Outdoors,41,2.85,0.2683,0.4146,0.0488,0.7073,0.8161
P002816,Books,31,4.29,0.8387,0.0323,0.0645,0.6774,0.8039
P001670,Health,22,4.05,0.9091,0.0455,0.0455,0.6818,0.8512
P003859,Beauty,27,2.78,0.2963,0.3333,0.037,0.8148,0.7893
P002526,Electronics,13,4.54,0.9231,0.0,0.0,0.7692,0.718
P002416,Electronics,20,3.2,0.4,0.15,0.05,0.95,0.8205
P002808,Beauty,19,3.26,0.3158,0.1053,0.0526,0.6842,0.7454
P004692,Clothing,23,2.35,0.087,0.4783,0.0435,0.7826,0.8187
P004095,Clothing,11,4.27,0.9091,0.0,0.0,0.6364,0.912
P000298,Toys & Games,10,3.4,0.4,0.0,0.0,0.8,0.6
P001798,Clothing,25,4.32,0.96,0.04,0.04,0.76,0.8894
P000781,Clothing,11,4.0,0.8182,0.0909,0.0,0.9091,0.7761
P004561,Automotive,20,2.8,0.15,0.3,0.05,0.8,0.8544
P001229,Food & Grocery,33,2.85,0.2727,0.3333,0.0606,0.7879,0.8275
P003839,Toys & Games,22,4.73,1.0,0.0,0.1364,0.5,0.8986
P003074,Beauty,30,2.17,0.0667,0.6333,0.0333,0.8333,0.7931
P003841,Beauty,21,4.05,0.8571,0.0,0.0476,0.619,0.7625
P003353,Electronics,27,2.78,0.1852,0.4074,0.1481,0.5556,0.8392
P001433,Electronics,10,4.3,0.9,0.0,0.0,0.6,0.7383
P002498,Clothing,12,2.5,0.0833,0.3333,0.0,0.6667,0.82
P000872,Electronics,23,4.43,0.913,0.0,0.087,0.8261,0.8668
P001162,Sports & Outdoors,20,3.85,0.65,0.15,0.05,0.7,0.7061
P000628,Electronics,14,3.14,0.4286,0.2143,0.0,0.9286,0.7491
P004379,Health,29,3.79,0.6552,0.1034,0.1379,0.6207,0.797
P001424,Home & Kitchen,24,3.17,0.4167,0.2917,0.0417,0.8333,0.775
P000665,Home & Kitchen,20,3.15,0.55,0.25,0.05,0.75,0.7571
P001204,Beauty,30,4.67,0.9667,0.0,0.0333,0.6667,0.83
P001315,Electronics,18,3.28,0.4444,0.2222,0.1111,0.7778,0.7033
P000634,Home & Kitchen,16,3.75,0.5625,0.0625,0.125,0.8125,0.7963
P003492,Electronics,22,2.05,0.0455,0.7273,0.0,0.7727,0.7955
P003339,Clothing,26,2.46,0.1538,0.5,0.0,0.6923,0.8342
P002950,Health,19,2.68,0.1579,0.4211,0.1053,0.9474,0.8218
P004344,Clothing,9,2.56,0.1111,0.5556,0.1111,0.7778,0.9277
P000269,Electronics,21,4.05,0.7619,0.0476,0.0952,0.7143,0.9303
P003038,Electronics,20,4.5,1.0,0.0,0.2,0.7,0.7505
P002943,Toys & Games,18,2.5,0.0556,0.5,0.0,0.7778,0.6316
P003588,Books,41,4.17,0.8537,0.0732,0.0488,0.6829,0.8116
P001629,Clothing,32,3.16,0.3438,0.25,0.0938,0.875,0.8473
P002141,Health,14,2.71,0.1429,0.3571,0.0,0.6429,0.7014
P001697,Clothing,28,4.68,0.9286,0.0,0.0714,0.7857,0.8109
P001961,Sports & Outdoors,21,4.62,0.9524,0.0,0.0,0.6667,0.7801
P003202,Food & Grocery,23,3.22,0.5217,0.3043,0.087,0.7391,0.8942
P001288,Clothing,26,3.5,0.5769,0.1538,0.1538,0.7692,0.8739
P004338,Electronics,20,3.7,0.6,0.2,0.1,0.85,0.8139
P004969,Electronics,40,4.5,0.925,0.0,0.05,0.725,0.7924
P002142,Home & Kitchen,24,4.33,0.875,0.0,0.0,0.6667,0.8876
P004955,Clothing,19,4.0,0.7895,0.1053,0.0526,0.7368,0.8086
P002417,Clothing,14,3.36,0.3571,0.1429,0.2143,0.5,0.8026
P000097,Home & Kitchen,21,3.24,0.4286,0.2857,0.1429,0.5714,0.841
P004513,Health,16,2.25,0.0625,0.6875,0.0625,0.5625,0.8786
P001682,Toys & Games,22,3.73,0.5909,0.0455,0.1364,0.8636,0.6565
P000301,Toys & Games,22,3.91,0.6818,0.0455,0.0,0.8636,0.8532
P000931,Clothing,41,3.2,0.3415,0.2195,0.0732,0.7805,0.8446
P003621,Sports & Outdoors,41,3.66,0.561,0.0976,0.122,0.9024,0.737
P001169,Toys & Games,22,4.36,0.8636,0.0455,0.0455,0.8182,0.8021
P003668,Electronics,20,2.35,0.1,0.65,0.05,0.65,0.8225
P004160,Clothing,30,3.0,0.3,0.3,0.1,0.7667,0.8763
P004550,Clothing,24,4.42,0.8333,0.0,0.0833,0.6667,0.7668
P004531,Toys & Games,24,4.75,1.0,0.0,0.0,0.7917,0.835
P000914,Automotive,24,4.46,0.875,0.0,0.0,0.75,0.81
P002798,Home & Kitchen,35,2.31,0.1143,0.5714,0.0,0.8,0.8241
P004417,Books,30,3.17,0.3333,0.2,0.0,0.7667,0.7826
P001213,Books,22,4.0,0.8182,0.0909,0.0455,0.6818,0.8045
P004996,Clothing,19,2.68,0.3158,0.3684,0.0526,0.7368,0.8507
P003685,Clothing,36,3.72,0.5833,0.1111,0.0556,0.7222,0.8123
P004673,Electronics,15,3.2,0.4,0.2,0.0,0.7333,0.7921
P001551,Electronics,23,4.35,0.8261,0.0,0.087,0.8261,0.8963
P001022,Beauty,19,4.42,0.8947,0.0526,0.2105,0.7368,0.772
P004749,Health,30,3.1,0.3333,0.2667,0.1,0.7667,0.7231
P001406,Clothing,31,3.26,0.5161,0.2258,0.0323,0.7097,0.806
P004521,Electronics,27,4.59,0.963,0.0,0.0741,0.8148,0.8243
P000862,Beauty,26,2.04,0.0,0.7308,0.0,0.7692,0.8758
P001796,Clothing,26,1.81,0.0,0.8077,0.0,0.7308,0.8887
P003142,Electronics,18,4.44,0.9444,0.0,0.1111,0.8333,0.8006
P002314,Clothing,25,3.72,0.52,0.12,0.08,0.6,0.8416
P002998,Clothing,36,3.75,0.6111,0.0556,0.0278,0.8056,0.7279
P001632,Health,10,3.9,0.7,0.0,0.1,0.8,0.8553
P000985,Electronics,13,2.46,0.1538,0.5385,0.1538,0.5385,0.7432
P003706,Electronics,28,3.82,0.6429,0.0714,0.1071,0.6429,0.8257
P003677,Clothing,18,3.61,0.6111,0.1111,0.0,0.7222,0.7095
P004318,Toys & Games,34,2.06,0.1176,0.7647,0.1471,0.7941,0.8371
P000764,Electronics,18,3.61,0.5,0.1111,0.0,0.7222,0.8709
P000291,Toys & Games,30,3.63,0.6,0.0333,0.0,0.7333,0.7849
P003125,Clothing,31,4.48,0.9032,0.0,0.0323,0.7419,0.8138
P002450,Sports & Outdoors,19,4.63,0.8947,0.0,0.1053,0.6842,0.8284
P003127,Books,19,2.32,0.0526,0.5263,0.0526,0.7895,0.859
P001194,Automotive,23,3.35,0.3478,0.1739,0.0,0.7391,0.7446
P004129,Toys & Games,29,4.76,1.0,0.0,0.2069,0.7931,0.82
P002237,Electronics,29,4.41,0.8966,0.0,0.0,0.7931,0.6735
P003396,Food & Grocery,29,2.21,0.1379,0.6897,0.1034,0.5862,0.8172
P000984,Home & Kitchen,23,3.52,0.6087,0.087,0.087,0.7826,0.7843
P000247,Sports & Outdoors,12,3.5,0.5833,0.1667,0.0,1.0,0.851
P001793,Clothing,27,4.11,0.8519,0.037,0.0741,0.6667,0.7986
P002160,Electronics,55,4.04,0.8,0.0545,0.0727,0.6364,0.8146
P001196,Clothing,23,2.52,0.1304,0.5217,0.0435,0.6957,0.6357
P002345,Beauty,20,4.7,0.95,0.0,0.05,0.65,0.9387
P002536,Sports & Outdoors,25,3.16,0.36,0.16,0.0,0.84,0.8774
P001428,Electronics,8,4.38,1.0,0.0,0.0,0.625,0.793
P001662,Sports & Outdoors,16,4.0,0.75,0.0,0.125,0.5625,0.8522
P000221,Clothing,17,4.06,0.5882,0.0,0.1765,0.6471,0.6976
P000203,Books,30,3.87,0.6667,0.0,0.0667,0.7333,0.8174
P002174,Electronics,16,3.94,0.6875,0.0,0.0625,0.8125,0.8347
P000312,Home & Kitchen,16,3.19,0.4375,0.1875,0.0625,0.5,0.9343
P003735,Electronics,20,1.65,0.0,0.9,0.05,0.75,0.8212
P002936,Home & Kitchen,35,2.06,0.1143,0.7714,0.0857,0.8857,0.8427
P000128,Electronics,17,4.41,0.9412,0.0,0.0588,0.7647,0.799
P001649,Health,21,4.57,0.9048,0.0,0.0952,0.7143,0.9093
P000444,Clothing,12,4.67,1.0,0.0,0.0,0.8333,0.7648
P001550,Clothing,32,2.94,0.2188,0.3438,0.0938,0.7188,0.8486
P001919,Sports & Outdoors,12,3.25,0.25,0.1667,0.0833,0.5833,0.947
P003942,Clothing,24,1.75,0.0417,0.7917,0.0,0.7917,0.881
P001089,Books,16,3.5,0.5625,0.125,0.0625,0.75,0.7579
P001048,Toys & Games,15,4.47,0.9333,0.0,0.0,0.6,0.8269
P004037,Clothing,43,2.51,0.1395,0.5349,0.1163,0.6047,0.7813
P002671,Sports & Outdoors,20,3.25,0.5,0.25,0.0,0.9,0.922
P001281,Home & Kitchen,27,2.15,0.0741,0.6296,0.037,0.7037,0.8146
P000801,Beauty,23,3.22,0.4348,0.2174,0.0435,0.7391,0.8312
P003964,Clothing,36,3.44,0.5833,0.1944,0.0556,0.7778,0.8134
P001028,Home & Kitchen,26,2.27,0.1538,0.7308,0.1154,0.7692,0.8085
P002462,Beauty,19,3.11,0.2632,0.2632,0.0526,0.8421,0.9147
P000960,Books,17,3.29,0.4706,0.2353,0.1176,0.5882,0.6784
P001887,Electronics,18,2.61,0.1111,0.4444,0.0556,0.6667,0.8649
P000425,Sports & Outdoors,26,4.81,1.0,0.0,0.0385,0.5769,0.7569
P000045,Toys & Games,30,2.4,0.1,0.5667,0.0667,0.7333,0.7539
P002882,Electronics,12,3.42,0.5833,0.25,0.25,0.75,0.8378
P002848,Electronics,19,3.05,0.2632,0.2105,0.1579,0.8947,0.8027
P000959,Books,20,1.85,0.05,0.9,0.05,0.9,0.8366
P000995,Food & Grocery,22,4.32,0.8182,0.0,0.0,0.7727,0.808
P003872,Clothing,23,3.78,0.6522,0.1304,0.0435,0.7826,0.731
P002245,Home & Kitchen,18,4.0,0.7778,0.0,0.0,0.6667,0.6352
P003022,Beauty,22,1.73,0.0,0.8182,0.0455,0.7273,0.7984
P001397,Books,25,4.68,0.96,0.0,0.0,0.8,0.8096
P002104,Food & Grocery,17,4.53,0.8824,0.0,0.1176,0.6471,0.813
P001370,Home & Kitchen,6,2.0,0.1667,0.6667,0.1667,1.0,0.7148
P002776,Home & Kitchen,30,4.3,0.9667,0.0333,0.0,0.8667,0.7908
P000350,Electronics,25,4.64,0.92,0.0,0.0,0.72,0.7498
P000641,Beauty,22,2.77,0.3636,0.4091,0.0455,0.7273,0.8735
P002231,Clothing,25,4.32,0.92,0.0,0.0,0.64,0.8132
P001536,Books,22,3.59,0.5909,0.0909,0.0455,0.8636,0.8144
P004036,Home & Kitchen,18,1.61,0.0,0.8889,0.0556,0.7222,0.7651
P000992,Beauty,26,3.0,0.2308,0.1538,0.0385,0.8077,0.7584
P000679,Electronics,19,4.53,0.9474,0.0,0.1053,0.8421,0.9331
P000337,Electronics,24,4.71,0.9583,0.0,0.0417,0.9167,0.7516
P004086,Food & Grocery,29,4.07,0.7931,0.0345,0.0345,0.5862,0.8493
P004301,Home & Kitchen,30,4.53,0.9333,0.0,0.1,0.6667,0.743
P004506,Home & Kitchen,16,4.25,0.8125,0.0,0.0,0.6875,0.9316
P004434,Home & Kitchen,24,4.17,0.75,0.0,0.0833,0.75,0.6285
P004368,Sports & Outdoors,26,3.65,0.6154,0.0769,0.0385,0.7692,0.7564
P004876,Books,19,1.89,0.1053,0.7895,0.0526,0.6842,0.8536
P001999,Health,18,4.06,0.7778,0.0556,0.0,0.8333,0.8453
P003296,Automotive,29,2.52,0.1379,0.5517,0.069,0.5517,0.7645
P000206,Clothing,19,4.32,0.7895,0.0,0.0,0.7368,0.8493
P004330,Food & Grocery,22,2.86,0.3182,0.4091,0.1364,0.8182,0.6862
P000737,Clothing,28,3.54,0.5,0.1429,0.0714,0.6786,0.7632
P003418,Toys & Games,29,2.72,0.2414,0.4483,0.069,0.7586,0.767
P001633,Sports & Outdoors,15,4.53,1.0,0.0,0.0,0.8,0.7963
P002941,Automotive,12,4.33,0.9167,0.0,0.0,0.75,0.585
P003971,Food & Grocery,28,3.29,0.3214,0.1786,0.0714,0.7857,0.8679
P002554,Food & Grocery,8,4.25,0.875,0.0,0.0,0.875,0.8503
P004754,Books,23,3.83,0.6957,0.087,0.0,0.913,0.8819
P001542,Clothing,22,4.27,0.8182,0.0455,0.0455,0.8182,0.881
P002806,Clothing,35,4.6,0.9429,0.0,0.0286,0.8,0.8396
P004290,Sports & Outdoors,17,4.0,0.7059,0.0,0.0588,0.7059,0.7805
P002764,Clothing,23,2.96,0.3478,0.3043,0.0435,0.5217,0.7798
P002678,Toys & Games,18,2.72,0.1111,0.3333,0.0,0.6667,0.7824
P001940,Electronics,23,4.13,0.7826,0.0435,0.0435,0.6957,0.8396
P003894,Books,12,4.33,0.9167,0.0,0.0833,0.75,0.7362
P001799,Books,28,1.18,0.0,1.0,0.0,0.75,0.7356
P001237,Clothing,26,4.04,0.7692,0.0385,0.0385,0.8077,0.9023
P002149,Toys & Games,25,4.12,0.88,0.08,0.08,0.64,0.8396
P001425,Home & Kitchen,36,4.47,0.8611,0.0,0.1111,0.75,0.7721
P004949,Sports & Outdoors,27,4.26,0.8148,0.0,0.037,0.8519,0.859
P003058,Electronics,26,2.96,0.3846,0.2692,0.0,0.6923,0.8515
P004964,Clothing,26,4.0,0.7308,0.0385,0.1154,0.7692,0.783
P003480,Books,14,2.86,0.2143,0.3571,0.0,0.8571,0.6946
P004240,Sports & Outdoors,38,1.68,0.0263,0.9211,0.0263,0.6842,0.8223
P000564,Sports & Outdoors,19,3.47,0.5789,0.2105,0.0526,0.8421,0.7957
P003463,Electronics,22,3.59,0.5909,0.0909,0.0455,0.7727,0.7875
P000598,Sports & Outdoors,27,2.7,0.1111,0.3704,0.0741,0.6296,0.8006
P000743,Health,39,4.67,0.9744,0.0,0.0256,0.7436,0.7726
P000394,Beauty,31,4.68,0.9355,0.0,0.0323,0.7419,0.8374
P003119,Clothing,20,3.45,0.55,0.2,0.1,0.55,0.8084
P003259,Books,19,4.68,0.9474,0.0,0.1053,0.7895,0.8708
P001447,Food & Grocery,24,3.79,0.7083,0.125,0.0,0.7917,0.835
P004478,Clothing,25,4.52,0.88,0.0,0.16,0.88,0.7211
P004620,Books,26,1.96,0.0385,0.8462,0.0385,0.8846,0.85
P004028,Sports & Outdoors,20,4.35,0.9,0.05,0.15,0.75,0.7751
P003129,Beauty,23,3.13,0.3478,0.2174,0.1304,0.7826,0.7872
P002991,Toys & Games,14,3.43,0.4286,0.0714,0.1429,0.5714,0.6405
P001974,Home & Kitchen,25,4.0,0.76,0.04,0.08,0.68,0.8524
P002293,Sports & Outdoors,20,4.05,0.75,0.0,0.15,0.8,0.8276
P000716,Clothing,21,1.9,0.0,0.7143,0.0,0.6667,0.8573
P004781,Clothing,9,3.89,0.5556,0.1111,0.1111,0.8889,0.9181
P001908,Electronics,22,2.18,0.0909,0.7273,0.0455,0.5909,0.7393
P001018,Health,20,2.8,0.35,0.4,0.15,0.5,0.8693
P002047,Home & Kitchen,16,4.0,0.6875,0.0,0.0625,0.75,0.7192
P000848,Beauty,25,3.36,0.36,0.16,0.0,0.6,0.8068
P003995,Clothing,24,3.92,0.7083,0.0833,0.2083,0.5833,0.8171
P003611,Sports & Outdoors,24,3.42,0.5417,0.1667,0.125,0.75,0.874
P003736,Automotive,29,3.52,0.5862,0.1034,0.069,0.8276,0.7483
P003430,Toys & Games,31,3.29,0.4839,0.1935,0.0323,0.6774,0.8317
P004472,Clothing,26,4.19,0.8462,0.0,0.0769,0.7308,0.8364
P000921,Electronics,14,2.93,0.2143,0.5,0.2143,0.7857,0.788
P002631,Electronics,14,4.79,1.0,0.0,0.0714,0.5714,0.9067
P003085,Toys & Games,33,4.48,0.9697,0.0,0.0303,0.5758,0.7672
P004909,Beauty,32,3.09,0.375,0.2188,0.0312,0.8125,0.8279
P001817,Toys & Games,19,3.47,0.5789,0.1579,0.0,0.7895,0.8212
P001381,Home & Kitchen,28,2.25,0.1429,0.5714,0.0,0.75,0.8049
P000294,Electronics,19,3.11,0.2632,0.2105,0.0,0.7895,0.7965
P004852,Beauty,20,3.1,0.3,0.15,0.05,0.75,0.8242
P001265,Books,8,4.25,0.75,0.0,0.125,0.875,0.8991
P000561,Electronics,27,3.26,0.3333,0.1852,0.1111,0.6667,0.6748
P004484,Clothing,13,3.23,0.4615,0.3077,0.0769,0.6923,0.7745
P004662,Food & Grocery,20,2.8,0.1,0.35,0.05,0.7,0.7914
P002711,Automotive,21,2.86,0.1905,0.2381,0.0476,0.7619,0.84
P001355,Health,25,3.76,0.72,0.12,0.12,0.88,0.804
P002477,Electronics,24,3.25,0.375,0.25,0.0833,0.75,0.8138
P000674,Beauty,18,1.72,0.0556,0.8889,0.0556,0.5556,0.8782
P002405,Toys & Games,16,4.56,0.9375,0.0,0.125,0.625,0.9183
P004223,Clothing,19,3.63,0.6316,0.1053,0.0526,0.5263,0.9132
P000733,Electronics,12,4.5,1.0,0.0,0.0,0.9167,0.909
P003223,Beauty,27,3.44,0.5185,0.1852,0.1481,0.7037,0.8587
P001667,Health,24,4.17,0.8333,0.0417,0.0417,0.8333,0.7511
P000280,Health,29,1.86,0.069,0.8276,0.1034,0.7931,0.8544
P001256,Health,17,4.06,0.8824,0.1176,0.0588,0.7647,0.7478
P000349,Sports & Outdoors,20,3.95,0.75,0.1,0.0,0.75,0.8096
P000948,Health,11,4.36,0.9091,0.0,0.0,0.7273,0.8709
P001523,Health,31,3.87,0.7419,0.0323,0.0323,0.6774,0.8011
P000876,Health,21,3.43,0.5238,0.1905,0.0952,0.619,0.8983
P002029,Books,18,3.17,0.2778,0.1667,0.0556,0.6667,0.8322
P000014,Toys & Games,22,3.05,0.3636,0.2727,0.1364,0.5909,0.79
P000143,Food & Grocery,27,3.26,0.4074,0.1852,0.0,0.8148,0.6659
P003833,Home & Kitchen,25,1.92,0.04,0.76,0.04,0.88,0.8294
P003890,Clothing,26,3.27,0.4615,0.2308,0.0769,0.6923,0.7613
P001926,Electronics,30,4.4,0.9333,0.0,0.0,0.7333,0.7254
P004915,Clothing,28,4.21,0.8214,0.0357,0.0357,0.75,0.707
P001363,Sports & Outdoors,34,2.71,0.2059,0.4412,0.0588,0.7353,0.8402
P003741,Clothing,9,4.33,0.8889,0.0,0.0,0.8889,0.7034
P002229,Electronics,20,4.2,0.9,0.05,0.0,0.85,0.8155
P001712,Home & Kitchen,16,3.62,0.5,0.0625,0.0625,0.75,0.9149
P001436,Automotive,31,4.39,0.9032,0.0,0.0,0.6774,0.811
P001155,Books,14,4.5,0.9286,0.0,0.0,0.7143,0.8683
P003321,Electronics,31,3.48,0.5161,0.0645,0.0,0.7419,0.7298
P000146,Clothing,26,3.62,0.5385,0.0769,0.0769,0.7692,0.8593
P004523,Toys & Games,17,3.12,0.4118,0.2353,0.0588,0.7059,0.8404
P001271,Automotive,16,3.25,0.4375,0.125,0.0,0.6875,0.8996
P002412,Automotive,28,4.36,0.9286,0.0357,0.0714,0.7143,0.8871
P001963,Books,28,4.43,0.8571,0.0,0.0714,0.6786,0.8685
P004746,Electronics,26,3.31,0.4615,0.1923,0.0769,0.8846,0.6986
P000851,Electronics,27,3.15,0.3333,0.2222,0.037,0.7037,0.7297
P001832,Automotive,13,4.54,0.9231,0.0,0.0769,0.6154,0.5521
P003316,Electronics,23,3.96,0.7391,0.087,0.087,0.7391,0.7732
P001410,Beauty,37,3.24,0.4595,0.1892,0.0541,0.7838,0.8055
P002727,Toys & Games,24,3.21,0.4583,0.2083,0.0417,0.8333,0.8389
P000132,Food & Grocery,20,2.9,0.25,0.3,0.05,0.8,0.8309
P004511,Sports & Outdoors,30,4.33,0.8667,0.0333,0.0333,0.8,0.8146
P004195,Clothing,18,3.17,0.2778,0.2222,0.0556,0.7222,0.7354
P003648,Home & Kitchen,28,3.61,0.5357,0.0357,0.1071,0.75,0.7296
P000305,Health,25,4.64,0.92,0.0,0.08,0.64,0.8021
P004615,Clothing,16,4.19,0.8125,0.0,0.0625,0.625,0.8381
P000607,Health,33,1.24,0.0,0.9697,0.0,0.7576,0.7948
P001797,Books,20,4.65,1.0,0.0,0.1,0.8,0.8723
P004288,Clothing,39,4.15,0.7949,0.0256,0.1026,0.6667,0.8286
P004643,Home & Kitchen,12,3.75,0.5833,0.0,0.0,0.6667,0.8151
P003343,Electronics,19,3.79,0.6842,0.0526,0.1053,0.7895,0.6816
P002383,Electronics,23,3.09,0.3913,0.3043,0.0435,0.6957,0.8033
P000619,Electronics,22,3.32,0.4091,0.1818,0.1364,0.7273,0.7862
P003289,Electronics,31,2.35,0.0968,0.4839,0.0,0.7742,0.7292
P002947,Clothing,21,4.71,0.9524,0.0,0.0476,0.7619,0.902
P002123,Clothing,24,3.67,0.5417,0.125,0.0833,0.5833,0.8941
P002026,Home & Kitchen,15,4.33,0.9333,0.0667,0.0,0.7333,0.8619
P002949,Food & Grocery,30,2.97,0.3333,0.3333,0.1,0.8667,0.8304
P002069,Clothing,15,3.87,0.7333,0.0,0.0,0.8,0.842
P003425,Electronics,34,3.26,0.3824,0.2353,0.0588,0.7353,0.8101
P002195,Sports & Outdoors,15,4.87,1.0,0.0,0.0,0.7333,0.7473
P004900,Toys & Games,34,2.74,0.1765,0.4412,0.2059,0.5882,0.8525
P002778,Books,24,3.21,0.375,0.2083,0.0,0.7917,0.7507
P000714,Health,17,4.71,1.0,0.0,0.1176,0.7647,0.7886
P004842,Home & Kitchen,15,4.27,0.8667,0.0,0.1333,0.7333,0.8421
P004929,Beauty,22,3.41,0.4545,0.0909,0.0455,0.9545,0.7886
P004966,Electronics,18,3.11,0.3889,0.2222,0.0556,0.8333,0.7879
P001525,Beauty,46,4.15,0.7826,0.0217,0.087,0.7609,0.8043
P001719,Sports & Outdoors,24,2.67,0.1667,0.375,0.0417,0.7917,0.7864
P000029,Electronics,43,4.28,0.8837,0.0,0.0698,0.814,0.765
P004438,Clothing,9,3.56,0.5556,0.2222,0.1111,0.8889,0.8834
P003551,Health,28,3.14,0.3571,0.2857,0.1429,0.8929,0.7499
P000942,Health,28,3.0,0.2857,0.2857,0.0357,0.75,0.7534
P004450,Electronics,33,4.24,0.7879,0.0909,0.0606,0.7273,0.7815
P001778,Home & Kitchen,18,3.28,0.4444,0.2222,0.0556,0.8333,0.8772
P002817,Clothing,16,3.62,0.625,0.125,0.0,0.75,0.7139
P000803,Health,22,3.32,0.5,0.1818,0.1364,0.7273,0.8818
P000889,Electronics,20,3.45,0.55,0.15,0.1,0.75,0.7051
P001947,Clothing,23,3.09,0.3043,0.2609,0.0435,0.6087,0.7837
P001249,Health,14,3.57,0.5714,0.0714,0.1429,0.9286,0.958
P001119,Clothing,27,2.41,0.1852,0.5556,0.037,0.8148,0.8583
P002050,Clothing,31,2.84,0.2581,0.4194,0.0645,0.871,0.8366
P001056,Beauty,25,4.56,0.92,0.0,0.0,0.8,0.764
P004726,Clothing,22,4.64,0.9545,0.0,0.0455,0.8636,0.8334
P002920,Beauty,22,4.77,0.9545,0.0,0.1818,0.8636,0.7947
P000216,Beauty,19,4.58,0.9474,0.0,0.0526,0.7368,0.8549
P001110,Clothing,21,4.71,1.0,0.0,0.0952,0.8095,0.7616
P002257,Health,27,3.52,0.4444,0.1481,0.1481,0.7407,0.8692
P002162,Clothing,13,4.62,1.0,0.0,0.0769,0.7692,0.7189
P003445,Health,23,4.35,0.9565,0.0435,0.0,0.6957,0.8266
P003868,Clothing,20,3.95,0.7,0.0,0.05,0.65,0.8953
P002852,Home & Kitchen,28,4.68,0.9286,0.0,0.0357,0.7857,0.7443
P001786,Health,17,4.24,0.8235,0.0,0.0588,0.7647,0.825
P000946,Clothing,30,3.7,0.6333,0.1,0.0,0.6667,0.7265
P000184,Clothing,16,4.0,0.75,0.0625,0.0,0.875,0.8501
P000300,Sports & Outdoors,11,4.45,0.9091,0.0,0.0,0.6364,0.8851
P002065,Home & Kitchen,13,4.46,0.9231,0.0,0.0,0.6923,0.8102
P000007,Toys & Games,10,2.3,0.0,0.5,0.0,0.9,0.8928
P001696,Books,11,4.27,0.8182,0.0,0.0,0.7273,0.9569
P000034,Home & Kitchen,28,1.89,0.0357,0.7857,0.0714,0.6786,0.8306
P004305,Electronics,29,4.52,1.0,0.0,0.1034,0.6897,0.8926
P001064,Sports & Outdoors,32,4.06,0.7812,0.0938,0.0938,0.5938,0.7408
P003325,Sports & Outdoors,15,3.87,0.7333,0.0667,0.1333,0.9333,0.7511
P004462,Home & Kitchen,35,2.51,0.0857,0.4571,0.0,0.8,0.8273
P004449,Books,23,3.87,0.6957,0.0,0.0,0.6522,0.6291
P004116,Clothing,31,4.16,0.8065,0.0645,0.0323,0.7419,0.8608
P003166,Beauty,30,2.87,0.2333,0.3,0.0667,0.7333,0.8227
P001118,Toys & Games,27,3.07,0.3333,0.2593,0.1481,0.6667,0.7639
P002135,Books,16,2.31,0.25,0.625,0.0625,0.9375,0.8641
P002059,Electronics,35,4.23,0.8286,0.0286,0.1143,0.8,0.7718
P002954,Food & Grocery,30,2.87,0.4,0.3333,0.0667,0.7667,0.8473
P001952,Electronics,21,4.81,1.0,0.0,0.1429,0.7143,0.6413
P000469,Electronics,34,2.85,0.1765,0.2647,0.0882,0.6176,0.7226
P000214,Toys & Games,30,2.8,0.2,0.2667,0.0,0.7333,0.8207
P002048,Books,14,2.57,0.0714,0.4286,0.0714,0.7857,0.9305
P004350,Toys & Games,42,4.17,0.881,0.0476,0.0,0.7143,0.8735
P003528,Electronics,25,2.08,0.08,0.76,0.08,0.6,0.7497
P004679,Electronics,12,2.42,0.0,0.4167,0.0833,0.8333,0.9024
P003288,Home & Kitchen,28,2.79,0.2143,0.3571,0.0357,0.75,0.8272
P004198,Health,17,3.94,0.8235,0.0,0.0588,0.5882,0.8898
P004123,Health,24,3.5,0.5833,0.1667,0.0417,0.7917,0.7621
P003111,Clothing,37,2.62,0.1622,0.4324,0.0811,0.7297,0.8856
P002262,Automotive,24,4.17,0.8333,0.0,0.0417,0.6667,0.7741
P003935,Books,14,4.36,0.9286,0.0,0.0,0.7143,0.8144
P004715,Books,15,3.73,0.6667,0.0667,0.0,0.7333,0.8233
P003654,Clothing,18,1.78,0.0556,0.8889,0.0556,0.6667,0.8519
P002938,Electronics,20,3.0,0.25,0.2,0.0,0.75,0.8106
P000108,Clothing,15,3.6,0.5333,0.0667,0.0667,0.6,0.8817
P002641,Beauty,20,1.75,0.05,0.9,0.05,0.8,0.8807
P003814,Electronics,15,4.0,0.8,0.1333,0.1333,0.7333,0.7379
P001830,Books,16,3.62,0.5625,0.125,0.0,0.8125,0.8411
P003699,Electronics,14,4.57,0.9286,0.0,0.0,0.7143,0.7617
P003653,Clothing,24,3.62,0.5833,0.2083,0.1667,0.7917,0.7748
P004676,Electronics,29,4.21,0.8276,0.0345,0.069,0.7586,0.7
P004803,Electronics,17,3.88,0.7647,0.0588,0.0588,0.8235,0.9044
P001051,Sports & Outdoors,12,4.25,0.9167,0.0833,0.0,0.6667,0.7676
P001620,Electronics,16,4.38,0.9375,0.0,0.0,0.8125,0.6837
P001131,Automotive,29,4.34,0.931,0.0,0.069,0.6552,0.7603
P001955,Health,17,1.41,0.0588,0.9412,0.0588,0.7647,0.8081
P000195,Electronics,26,2.35,0.0769,0.5385,0.0385,0.8462,0.7982
P004429,Clothing,19,4.63,0.9474,0.0,0.0,0.6316,0.8659
P003629,Sports & Outdoors,24,2.79,0.2917,0.375,0.0,0.7083,0.8373
P002827,Home & Kitchen,25,3.76,0.6,0.08,0.12,0.88,0.817
P001245,Home & Kitchen,10,4.3,0.9,0.0,0.0,0.8,0.8668
P001231,Clothing,19,4.53,0.9474,0.0,0.1579,0.7368,0.8514
P000417,Electronics,31,2.77,0.129,0.2903,0.0645,0.7097,0.8396
P000418,Toys & Games,25,3.0,0.4,0.36,0.08,0.72,0.8048
P003829,Food & Grocery,24,3.96,0.75,0.0833,0.0417,0.8333,0.9289
P004714,Health,20,4.5,0.9,0.0,0.0,0.8,0.787
P004237,Home & Kitchen,16,2.25,0.1875,0.6875,0.0625,0.8125,0.8244
P004689,Health,3,3.33,0.6667,0.3333,0.0,1.0,0.839
P000420,Food & Grocery,8,3.62,0.625,0.125,0.0,0.625,0.5407
P001783,Clothing,23,3.96,0.6522,0.0,0.087,0.8696,0.792
P001189,Electronics,34,3.97,0.6471,0.0,0.0294,0.7353,0.873
P000492,Sports & Outdoors,25,3.0,0.28,0.32,0.08,0.8,0.8095
P001183,Electronics,35,3.71,0.5714,0.0857,0.0857,0.6571,0.8086
P003209,Electronics,23,3.39,0.5217,0.1304,0.0435,0.913,0.7455
P002425,Health,10,4.6,0.9,0.0,0.1,0.8,0.6196
P004546,Clothing,25,2.76,0.2,0.36,0.04,0.8,0.7332
P000670,Home & Kitchen,25,3.68,0.6,0.08,0.04,0.72,0.7908
P003705,Electronics,11,2.64,0.1818,0.4545,0.0909,0.8182,0.9453
P002349,Electronics,28,4.39,0.8929,0.0,0.0357,0.7143,0.8445
P000175,Electronics,18,4.28,0.8889,0.0,0.1111,0.6111,0.773
P001968,Health,16,3.69,0.8125,0.0625,0.0625,0.8125,0.9323
P001065,Clothing,18,4.28,0.8333,0.0,0.1111,0.8889,0.8068
P001538,Beauty,39,3.23,0.3846,0.2051,0.0513,0.8205,0.7834
P001128,Beauty,24,4.67,1.0,0.0,0.0,0.6667,0.7742
P003171,Automotive,13,3.08,0.3846,0.3077,0.0,0.7692,0.7707
P004617,Electronics,18,2.72,0.1667,0.3333,0.1111,0.6667,0.9011
P000747,Clothing,19,4.05,0.8421,0.0526,0.1053,0.6316,0.8321
P001951,Food & Grocery,17,2.94,0.1765,0.1765,0.0,0.6471,0.7584
P000582,Books,12,4.58,1.0,0.0,0.0833,0.9167,0.8496
P002005,Electronics,31,3.23,0.3871,0.1613,0.0323,0.7419,0.7678
P003985,Home & Kitchen,30,4.3,0.8333,0.0333,0.0,0.6333,0.7914
P001373,Home & Kitchen,16,4.06,0.8125,0.0,0.0,0.6875,0.7761
P001297,Electronics,18,2.78,0.2222,0.4444,0.1111,0.8889,0.8476
P004642,Electronics,25,3.84,0.64,0.04,0.08,0.72,0.7439
P003236,Electronics,29,3.24,0.3793,0.2069,0.1379,0.7241,0.7853
P001413,Health,21,3.19,0.3333,0.2381,0.0476,0.8571,0.7918
P000157,Clothing,22,3.77,0.6818,0.1364,0.1364,0.5455,0.8405
P004956,Clothing,10,3.5,0.5,0.1,0.1,0.8,0.7075
P004882,Sports & Outdoors,24,3.04,0.2917,0.2083,0.0417,0.8333,0.8181
P003351,Electronics,17,3.35,0.5294,0.1765,0.0588,0.6471,0.7792
P000632,Toys & Games,19,4.37,0.9474,0.0,0.0,0.7895,0.7497
P003620,Automotive,3,3.67,0.3333,0.0,0.0,0.6667,0.9167
P002275,Health,36,3.92,0.7222,0.0833,0.0278,0.6944,0.7244
P000232,Home & Kitchen,17,2.24,0.1176,0.7059,0.1176,0.9412,0.8209
P000204,Electronics,35,4.51,0.9429,0.0,0.0857,0.7143,0.8771
P000581,Books,35,3.14,0.3714,0.2286,0.0286,0.8286,0.8667
P002781,Electronics,16,3.62,0.5,0.0625,0.0,0.8125,0.6269
P003683,Home & Kitchen,18,4.11,0.7778,0.0556,0.0556,0.7222,0.8007
P004893,Home & Kitchen,16,3.06,0.1875,0.125,0.0,0.625,0.7466
P004067,Clothing,22,3.18,0.3636,0.2273,0.1818,0.7273,0.8048
P000243,Clothing,22,4.59,0.9545,0.0,0.0455,0.8182,0.7263
P002273,Beauty,42,2.07,0.0714,0.7857,0.0238,0.8095,0.7599
P000244,Books,16,2.62,0.125,0.4375,0.0,0.5625,0.874
P003185,Electronics,24,3.08,0.3333,0.2917,0.0417,0.7083,0.7585
P000792,Home & Kitchen,21,4.38,0.8571,0.0476,0.0476,0.5238,0.717
P003290,Home & Kitchen,21,3.62,0.6667,0.1429,0.0476,0.5714,0.8294
P001262,Home & Kitchen,23,4.74,0.9565,0.0,0.087,0.7391,0.7617
P003266,Clothing,10,2.2,0.0,0.8,0.0,0.7,0.8646
P003658,Home & Kitchen,11,2.45,0.1818,0.5455,0.0909,0.7273,0.7959
P001437,Clothing,16,2.5,0.1875,0.625,0.1875,0.8125,0.7136
P004960,Beauty,23,4.96,1.0,0.0,0.1304,0.913,0.8
P001157,Electronics,22,2.91,0.3636,0.3636,0.0909,0.5909,0.7496
P002921,Automotive,18,4.11,0.8889,0.0,0.0,0.7222,0.7222
P004154,Home & Kitchen,18,4.83,1.0,0.0,0.0,0.6667,0.8297
P001274,Sports & Outdoors,38,3.82,0.6842,0.0789,0.0,0.6053,0.7921
P002629,Clothing,26,2.31,0.0769,0.6154,0.0385,0.6538,0.8376
P004316,Sports & Outdoors,33,4.18,0.7879,0.0,0.0606,0.6667,0.7124
P001185,Electronics,35,2.37,0.0857,0.5143,0.0,0.7429,0.8427
P000612,Sports & Outdoors,17,3.76,0.7647,0.1765,0.1765,0.7059,0.6937
P004363,Sports & Outdoors,11,2.45,0.1818,0.5455,0.0,0.7273,0.8379
P004308,Home & Kitchen,25,3.32,0.52,0.16,0.0,0.72,0.7996
P004253,Clothing,14,3.64,0.6429,0.0714,0.0,0.8571,0.6983
P001369,Clothing,18,2.61,0.1667,0.5,0.0,0.6667,0.8054
P001283,Home & Kitchen,25,4.44,0.92,0.0,0.08,0.76,0.8175
P003106,Beauty,27,3.89,0.6667,0.037,0.0741,0.6296,0.8588
P000613,Automotive,20,4.35,0.85,0.05,0.25,0.75,0.8006
P002110,Electronics,22,4.36,0.8636,0.0455,0.0455,0.8182,0.8072
P004537,Sports & Outdoors,18,4.56,0.8333,0.0,0.0556,0.6667,0.7373
P000098,Electronics,24,3.08,0.25,0.25,0.125,0.8333,0.8457
P000780,Health,47,3.13,0.2766,0.1915,0.0426,0.7447,0.8263
P003199,Electronics,27,4.41,0.8889,0.0,0.037,0.8519,0.8455
P003980,Sports & Outdoors,23,2.13,0.0435,0.6522,0.0,0.8696,0.6533
P002201,Electronics,15,3.67,0.6667,0.0667,0.0667,0.9333,0.9163
P003821,Toys & Games,15,2.2,0.0,0.6,0.0,0.6,0.8233
P004867,Clothing,10,3.8,0.7,0.1,0.0,0.6,0.8492
P003481,Home & Kitchen,19,3.32,0.4737,0.2105,0.0526,0.6842,0.6701
P003149,Health,32,4.66,0.9688,0.0,0.0938,0.625,0.7494
P001528,Home & Kitchen,16,3.19,0.25,0.125,0.125,0.5625,0.7657
P000483,Sports & Outdoors,36,3.11,0.3611,0.25,0.0278,0.7778,0.7764
P002203,Health,20,4.65,0.9,0.05,0.1,0.7,0.7622
P001412,Automotive,23,4.0,0.7826,0.0,0.087,0.6957,0.8157
P001898,Clothing,16,4.12,0.9375,0.0,0.0,0.75,0.6864
P004261,Food & Grocery,30,3.57,0.5,0.1333,0.0,0.6333,0.7192
P000411,Sports & Outdoors,33,4.52,1.0,0.0,0.0303,0.697,0.8897
P000808,Electronics,16,4.62,0.9375,0.0,0.0,0.8125,0.7024
P002304,Books,28,4.43,1.0,0.0,0.0357,0.8571,0.8347
P004457,Electronics,27,3.93,0.7407,0.037,0.037,0.6667,0.7895
P000393,Sports & Outdoors,15,3.6,0.5333,0.0667,0.1333,0.6667,0.7695
P002927,Beauty,15,4.0,0.6667,0.0,0.1333,0.6,0.8265
P003765,Electronics,20,4.3,0.9,0.0,0.05,0.75,0.8268
P002879,Books,23,3.78,0.6957,0.087,0.0,0.7826,0.7215
P000201,Toys & Games,32,3.59,0.5938,0.0625,0.0625,0.6875,0.7154
P000749,Toys & Games,35,3.49,0.4857,0.1429,0.0286,0.6571,0.8574
P002034,Home & Kitchen,28,2.18,0.0714,0.6429,0.0,0.75,0.7455
P001127,Books,17,4.47,0.9412,0.0,0.1176,0.8824,0.7549
P003789,Home & Kitchen,12,3.58,0.4167,0.0833,0.1667,0.6667,0.7951
P001041,Electronics,11,3.64,0.5455,0.0909,0.0,0.6364,0.879
P002194,Electronics,17,2.94,0.2941,0.2941,0.0,0.6471,0.9072
P004587,Books,25,3.32,0.44,0.12,0.04,0.6,0.8255
P001097,Clothing,27,4.7,0.963,0.0,0.0,0.7037,0.8016
P000640,Health,29,3.34,0.4138,0.1379,0.0,0.8966,0.8013
P000776,Health,33,3.18,0.3939,0.2424,0.0606,0.6667,0.8261
P004566,Sports & Outdoors,28,4.54,0.9286,0.0,0.0,0.8214,0.8129
P003103,Food & Grocery,28,4.57,0.9286,0.0,0.1071,0.7857,0.9189
P000589,Clothing,19,3.32,0.4211,0.1579,0.1053,0.7895,0.7548
P001954,Automotive,23,4.65,0.9565,0.0,0.087,0.7826,0.8803
P001527,Home & Kitchen,22,4.41,1.0,0.0,0.0,0.7727,0.7005
P004383,Clothing,21,4.52,0.9524,0.0,0.0952,0.619,0.814
P001777,Beauty,19,2.32,0.1053,0.4737,0.0526,0.7368,0.8429
P000433,Beauty,35,4.31,0.8571,0.0,0.0857,0.7429,0.8101
P000049,Beauty,13,1.69,0.0,0.8462,0.0,0.6923,0.7308
P002857,Sports & Outdoors,27,4.26,0.8889,0.037,0.1111,0.7407,0.8476
P000766,Electronics,17,4.35,0.9412,0.0588,0.0,0.8824,0.8529
P004965,Clothing,32,2.66,0.25,0.5312,0.0938,0.7188,0.8003
P004533,Sports & Outdoors,19,4.58,1.0,0.0,0.0,0.5789,0.7874
P002608,Clothing,19,3.95,0.7895,0.1053,0.0526,0.6316,0.7878
P003500,Health,25,2.8,0.2,0.32,0.04,0.76,0.8442
P001002,Home & Kitchen,20,3.8,0.6,0.05,0.05,0.9,0.7608
P000100,Automotive,36,2.31,0.0556,0.5833,0.0278,0.8333,0.8024
P000129,Electronics,15,3.33,0.4667,0.2,0.0667,0.7333,0.8822
P002836,Sports & Outdoors,26,2.96,0.2308,0.2692,0.1154,0.7692,0.8825
P000860,Books,22,2.64,0.2273,0.5,0.1364,0.5909,0.8497
P003576,Home & Kitchen,16,1.81,0.0625,0.875,0.0625,0.6875,0.7193
P003513,Automotive,15,2.6,0.2,0.4667,0.0,0.8,0.8995
P004812,Beauty,34,3.56,0.5588,0.1471,0.0588,0.5882,0.8089
P003865,Food & Grocery,29,2.93,0.2414,0.2414,0.0345,0.7241,0.786
P002819,Home & Kitchen,31,1.97,0.0323,0.7419,0.0323,0.6774,0.7974
P001732,Electronics,28,2.64,0.1786,0.5357,0.0714,0.6429,0.7103
P004790,Beauty,16,3.31,0.3125,0.125,0.125,0.625,0.7476
P001007,Food & Grocery,24,3.33,0.4583,0.2083,0.0833,0.7917,0.8962
P003151,Electronics,21,2.95,0.1905,0.2381,0.0952,0.8095,0.758
P004934,Clothing,42,3.86,0.7381,0.0714,0.0476,0.7143,0.7655
P000419,Clothing,22,2.18,0.0455,0.6818,0.0909,0.7273,0.861
P004950,Beauty,21,4.29,0.8571,0.0,0.0952,0.8095,0.823
P001970,Books,14,3.43,0.4286,0.1429,0.0714,0.8571,0.8959
P003198,Electronics,23,3.78,0.6087,0.0435,0.087,0.6957,0.8491
P002790,Home & Kitchen,13,3.08,0.3077,0.3077,0.0,0.9231,0.8949
P004592,Books,18,3.72,0.6111,0.0,0.0,0.7222,0.7501
P001616,Clothing,15,3.67,0.5333,0.2,0.0667,1.0,0.8195
P003680,Electronics,27,2.3,0.1111,0.5926,0.1111,0.7037,0.7961
P002722,Toys & Games,31,2.45,0.0968,0.5484,0.0645,0.7419,0.7947
P004323,Sports & Outdoors,22,3.82,0.7273,0.0909,0.0909,0.7727,0.7574
P001964,Electronics,24,3.62,0.5,0.125,0.125,0.7083,0.7695
P000047,Home & Kitchen,20,4.7,0.9,0.0,0.1,0.75,0.8729
P003944,Sports & Outdoors,16,4.0,0.8125,0.0625,0.0,0.875,0.7554
P001401,Home & Kitchen,17,4.53,0.9412,0.0,0.0588,0.7647,0.7554
P002873,Electronics,31,4.84,0.9677,0.0,0.0323,0.6452,0.7929
P000949,Health,8,4.62,1.0,0.0,0.0,0.625,0.7714
P004277,Home & Kitchen,35,2.23,0.0286,0.6571,0.0,0.7429,0.8951
P001650,Toys & Games,16,4.0,0.75,0.0,0.0,0.8125,0.8111
P003617,Home & Kitchen,18,4.39,0.8889,0.0556,0.0,0.8889,0.8428
P000585,Food & Grocery,33,2.88,0.2727,0.3939,0.0303,0.7273,0.7569
P003305,Beauty,26,2.54,0.1538,0.3462,0.1154,0.8462,0.7628
P000135,Sports & Outdoors,22,4.14,0.8182,0.0455,0.0455,0.7273,0.878
P003454,Electronics,20,2.2,0.05,0.65,0.1,0.85,0.7109
P001994,Electronics,12,3.75,0.6667,0.1667,0.0833,1.0,0.8006
P003828,Clothing,42,3.36,0.4762,0.1667,0.0476,0.6429,0.8464
P000255,Clothing,22,4.41,0.9091,0.0,0.0455,0.7273,0.839
P004548,Clothing,28,3.5,0.6071,0.1071,0.0357,0.7143,0.8294
P001741,Clothing,13,3.62,0.7692,0.2308,0.0769,0.5385,0.8176
P000869,Electronics,24,4.29,0.875,0.0417,0.0417,0.7083,0.7612
P000653,Beauty,22,3.18,0.4545,0.1818,0.0,0.7727,0.7756
P000272,Electronics,31,3.39,0.5484,0.2581,0.0323,0.6774,0.8145
P000542,Books,30,4.4,0.8667,0.0333,0.0333,0.6,0.817
P002780,Electronics,17,4.76,1.0,0.0,0.1176,0.7647,0.6629
P003647,Home & Kitchen,23,4.87,1.0,0.0,0.0435,0.6957,0.844
P000515,Clothing,15,3.2,0.3333,0.2,0.0667,0.8,0.7768
P000457,Automotive,24,4.17,0.7917,0.0,0.0,0.6667,0.706
P002452,Beauty,20,1.55,0.0,0.95,0.0,0.6,0.8922
P001115,Automotive,33,4.24,0.8485,0.0606,0.0606,0.697,0.8037
P000741,Electronics,22,2.27,0.0455,0.5909,0.0,0.9545,0.7637
P002115,Electronics,31,2.55,0.1613,0.4839,0.0968,0.7097,0.8357
P002963,Electronics,27,4.59,1.0,0.0,0.1111,0.7778,0.7886
P000898,Clothing,13,2.54,0.1538,0.6154,0.1538,0.6923,0.8302
P003891,Electronics,28,3.79,0.6071,0.0714,0.0357,0.7857,0.9069
P002982,Clothing,28,4.25,0.8214,0.0,0.0,0.7857,0.7685
P003807,Sports & Outdoors,22,4.59,0.9545,0.0,0.0,0.7273,0.8473
P001973,Beauty,20,4.05,0.75,0.1,0.05,0.6,0.8055
P004903,Electronics,24,3.08,0.3333,0.25,0.0833,0.9167,0.8746
P003027,Clothing,25,3.16,0.44,0.2,0.08,0.76,0.8163
P000769,Electronics,33,4.64,1.0,0.0,0.0303,0.5758,0.7115
P003573,Clothing,31,2.48,0.0968,0.4839,0.0645,0.7742,0.7326
P003721,Sports & Outdoors,20,4.65,0.95,0.0,0.1,0.9,0.7871
P004824,Beauty,25,4.12,0.76,0.04,0.08,0.76,0.8776
P002741,Electronics,23,3.3,0.4348,0.1739,0.0435,0.6522,0.8376
P002951,Electronics,29,3.55,0.6207,0.1379,0.069,0.6207,0.8292
P002788,Books,26,3.92,0.7308,0.0385,0.0769,0.8462,0.841
P000192,Clothing,20,3.9,0.7,0.0,0.05,0.8,0.844
P004120,Books,27,4.0,0.7407,0.0741,0.0741,0.7778,0.7508
P003478,Health,22,3.82,0.6818,0.0909,0.0909,0.6818,0.884
P003422,Home & Kitchen,15,4.6,1.0,0.0,0.1333,0.7333,0.7667
P003413,Books,26,3.69,0.6923,0.1154,0.0385,0.6538,0.7667
P001094,Clothing,29,4.28,0.8966,0.0345,0.1034,0.7586,0.7602
P000218,Electronics,31,2.61,0.0968,0.3548,0.0,0.6452,0.8447
P002647,Beauty,22,3.82,0.8182,0.1364,0.1364,0.8182,0.8734
P002705,Beauty,22,2.77,0.2273,0.3636,0.0909,0.7273,0.8171
P004266,Books,14,3.5,0.6429,0.2143,0.1429,0.6429,0.8956
P003400,Sports & Outdoors,25,2.2,0.08,0.56,0.04,0.72,0.7565
P001643,Home & Kitchen,15,2.47,0.2,0.5333,0.0,0.7333,0.7624
P002601,Home & Kitchen,20,2.75,0.15,0.35,0.0,0.85,0.7105
P002665,Books,28,4.75,1.0,0.0,0.1429,0.6786,0.7968
P003505,Beauty,23,2.87,0.2174,0.3913,0.087,0.5652,0.8291
P003773,Beauty,18,3.94,0.7222,0.0,0.1667,0.7222,0.7684
P003086,Clothing,26,3.54,0.6154,0.1538,0.0769,0.5385,0.7605
P004273,Toys & Games,27,4.04,0.7037,0.037,0.1481,0.7407,0.8823
P001594,Home & Kitchen,15,4.2,0.8,0.0,0.0667,0.9333,0.898
P004102,Sports & Outdoors,24,2.92,0.3333,0.375,0.0833,0.7917,0.8362
P000176,Electronics,12,4.08,0.9167,0.0833,0.0,0.5833,0.8416
P004179,Sports & Outdoors,15,4.13,0.7333,0.0,0.1333,0.7333,0.8062
P001543,Home & Kitchen,16,1.94,0.0625,0.8125,0.0625,0.8125,0.8797
P003477,Toys & Games,41,4.22,0.9024,0.0732,0.0488,0.8049,0.6943
P003559,Sports & Outdoors,18,3.61,0.5,0.0556,0.0556,0.7778,0.7012
P001889,Health,29,2.48,0.1724,0.6207,0.1034,0.8621,0.8404
P001152,Health,35,3.51,0.5143,0.1429,0.0857,0.6571,0.7789
P003775,Toys & Games,33,3.79,0.6061,0.0303,0.0606,0.8182,0.7785
P001533,Books,25,4.88,1.0,0.0,0.0,0.56,0.7609
P001618,Books,26,3.96,0.8077,0.0769,0.0,0.8462,0.8103
P003228,Clothing,10,2.3,0.1,0.8,0.1,0.8,0.7796
P003462,Toys & Games,17,4.0,0.8235,0.1176,0.1176,0.7647,0.6905
P000025,Toys & Games,35,3.89,0.7143,0.0571,0.0571,0.6286,0.8569
P002515,Clothing,39,4.26,0.8718,0.0513,0.0513,0.641,0.8154
P004119,Clothing,19,1.68,0.0526,0.7895,0.0526,0.7895,0.9299
P002025,Home & Kitchen,22,2.36,0.0909,0.5,0.0909,0.6818,0.6848
P000971,Clothing,7,2.0,0.0,0.8571,0.0,0.5714,0.8249
P004632,Home & Kitchen,29,4.55,0.931,0.0345,0.069,0.7931,0.8671
P001170,Electronics,24,3.5,0.4167,0.0417,0.0417,0.6667,0.7891
P003392,Beauty,33,3.88,0.6667,0.0303,0.0606,0.7576,0.8383
P003568,Books,32,4.03,0.75,0.0312,0.0625,0.7188,0.8044
P004201,Clothing,36,2.31,0.0833,0.6111,0.0833,0.6944,0.8063
P002622,Food & Grocery,17,3.29,0.3529,0.1176,0.0,0.6471,0.7676
P004515,Electronics,24,3.62,0.625,0.125,0.0833,0.5833,0.8295
P004817,Clothing,38,2.5,0.1053,0.5263,0.1053,0.7105,0.7624
P000459,Toys & Games,21,2.52,0.1429,0.5714,0.0952,0.7143,0.7668
P004221,Clothing,12,4.25,0.8333,0.0,0.0,0.6667,0.7152
P003137,Health,27,4.41,0.8889,0.0,0.0741,0.7778,0.6159
P003272,Sports & Outdoors,15,3.93,0.7333,0.0667,0.0667,0.8,0.8148
P002577,Beauty,26,4.62,1.0,0.0,0.0,0.8846,0.6989
P003811,Books,26,4.23,0.9231,0.0,0.0385,0.8846,0.6977
P003297,Beauty,36,4.61,0.9444,0.0,0.0278,0.7222,0.7428
P004466,Electronics,16,3.62,0.5,0.0625,0.0625,0.75,0.639
P002912,Electronics,25,4.12,0.76,0.04,0.0,0.64,0.815
P004251,Home & Kitchen,22,3.55,0.5455,0.1364,0.0455,0.9091,0.8655
P002791,Toys & Games,22,4.59,1.0,0.0,0.1364,0.7273,0.801
P002148,Automotive,21,4.52,0.9524,0.0,0.0,0.6667,0.7479
P004703,Home & Kitchen,15,3.27,0.4667,0.1333,0.0,0.6667,0.7388
P000975,Clothing,33,3.7,0.697,0.0909,0.0303,0.7576,0.7874
P000952,Clothing,36,4.42,0.8889,0.0278,0.1111,0.7778,0.6691
P000310,Electronics,30,4.33,0.9333,0.0333,0.0333,0.7333,0.828
P003992,Home & Kitchen,22,4.23,0.8182,0.0,0.0455,0.8182,0.7116
P001700,Beauty,28,4.39,0.9286,0.0,0.1071,0.7143,0.7306
P002136,Books,24,3.88,0.625,0.0833,0.0833,0.7917,0.7421
P004326,Books,42,4.24,0.881,0.0476,0.0476,0.8333,0.8403
P004580,Electronics,19,3.95,0.7368,0.0,0.0526,0.7895,0.7293
P002730,Health,19,1.95,0.1053,0.8421,0.1053,0.7368,0.8437
P000491,Beauty,9,4.89,1.0,0.0,0.1111,0.7778,0.7583
P004570,Books,27,4.81,1.0,0.0,0.1111,0.7778,0.8391
P004509,Beauty,18,2.22,0.1111,0.6667,0.1667,0.7222,0.7983
P001626,Beauty,32,2.72,0.3438,0.4375,0.0,0.7812,0.8327
P004856,Food & Grocery,22,3.59,0.5455,0.0909,0.0909,0.6818,0.7789
P001623,Toys & Games,14,3.43,0.5,0.0714,0.0,0.5714,0.8856
P004075,Electronics,26,2.46,0.1923,0.6923,0.1154,0.8462,0.7326
P004684,Beauty,24,3.88,0.75,0.0833,0.0833,0.75,0.8165
P000658,Clothing,21,4.38,0.9048,0.0,0.0476,0.9048,0.8522
P001455,Home & Kitchen,15,3.13,0.4,0.2667,0.0667,0.7333,0.6525
P002809,Clothing,17,2.12,0.1176,0.8235,0.0,0.7647,0.7855
P001850,Beauty,25,3.72,0.52,0.04,0.0,0.76,0.7944
P004898,Books,28,3.04,0.25,0.2143,0.0714,0.6071,0.7755
P004193,Books,19,3.79,0.5789,0.0526,0.1579,0.8947,0.7915
P000998,Electronics,19,2.58,0.1053,0.4211,0.0526,0.6316,0.8745
P004917,Beauty,17,2.59,0.1765,0.4706,0.0588,0.6471,0.9103
P000067,Books,29,2.59,0.2069,0.4828,0.0,0.7241,0.753
P000871,Beauty,20,4.7,1.0,0.0,0.0,0.85,0.7966
P000516,Electronics,10,3.7,0.6,0.1,0.0,0.7,0.9092
P002959,Clothing,32,3.12,0.3125,0.1875,0.0312,0.6562,0.7212
P004170,Home & Kitchen,36,4.31,0.8333,0.0278,0.1111,0.75,0.7902
P003933,Books,8,3.75,0.75,0.0,0.0,0.875,0.718
P002891,Electronics,20,2.6,0.25,0.45,0.1,0.8,0.8158
P004721,Home & Kitchen,25,3.64,0.6,0.04,0.08,0.68,0.7104
P003758,Clothing,31,4.48,0.9355,0.0,0.0968,0.6129,0.8231
P000489,Books,24,2.38,0.0417,0.625,0.0417,0.8333,0.7358
P000428,Health,30,4.47,0.9,0.0,0.0333,0.7333,0.7372
P004791,Books,22,3.77,0.6364,0.1364,0.0909,0.6364,0.8136
P003806,Electronics,22,2.64,0.1818,0.4091,0.0,0.6818,0.7533
P004559,Electronics,14,4.14,0.9286,0.0,0.0,0.6429,0.8188
P001703,Home & Kitchen,20,4.35,0.85,0.0,0.05,0.85,0.7651
P000847,Home & Kitchen,18,4.28,0.8333,0.0,0.0556,0.6667,0.7251
P000299,Toys & Games,26,4.31,0.8077,0.0,0.0385,0.7308,0.626
P002204,Clothing,24,3.25,0.3333,0.125,0.0,0.75,0.6983
P004860,Clothing,27,3.33,0.4444,0.1481,0.1111,0.7407,0.925
P004638,Beauty,26,3.58,0.5769,0.0769,0.0769,0.6923,0.8132
P001378,Health,24,4.38,0.875,0.0417,0.1667,0.7917,0.7268
P000287,Electronics,34,2.68,0.1471,0.4118,0.1176,0.8529,0.832
P000874,Home & Kitchen,19,4.53,0.9474,0.0,0.0526,0.8421,0.8885
P000500,Books,31,4.77,1.0,0.0,0.0,0.7742,0.8167
P003409,Books,31,4.29,0.871,0.0,0.0645,0.7419,0.7968
P004943,Sports & Outdoors,21,4.52,0.9524,0.0476,0.0476,0.619,0.835
P000360,Sports & Outdoors,15,4.13,0.7333,0.0667,0.0667,0.8,0.8689
P002739,Beauty,14,4.29,0.8571,0.0,0.0,0.7143,0.8726
P001395,Toys & Games,15,4.6,0.9333,0.0,0.2,0.9333,0.8713
P002696,Electronics,32,2.44,0.125,0.5625,0.0,0.75,0.8856
P001224,Sports & Outdoors,18,4.11,0.8889,0.0556,0.0556,0.8333,0.8488
P001198,Sports & Outdoors,22,4.59,0.9545,0.0,0.0,0.8636,0.834
P004778,Electronics,18,4.33,0.9444,0.0,0.0,0.6667,0.9151
P003749,Clothing,21,3.57,0.5238,0.0476,0.0952,0.8571,0.7216
P003835,Clothing,14,3.5,0.4286,0.1429,0.0,0.7857,0.6102
P002566,Home & Kitchen,20,2.65,0.1,0.45,0.05,0.7,0.8661
P002137,Clothing,22,3.73,0.6364,0.0455,0.0,0.8636,0.7779
P001923,Home & Kitchen,14,3.93,0.7143,0.0,0.0714,0.7143,0.6776
P000694,Clothing,28,2.71,0.2143,0.3571,0.0,0.6429,0.8542
P004865,Sports & Outdoors,12,4.75,1.0,0.0,0.0833,0.6667,0.9038
P003386,Beauty,27,3.74,0.6296,0.037,0.0741,0.7037,0.8002
P002547,Automotive,43,4.16,0.814,0.0233,0.0465,0.7209,0.7872
P003148,Beauty,25,2.84,0.36,0.4,0.04,0.84,0.7886
P004986,Clothing,14,4.71,1.0,0.0,0.0,0.7143,0.789
P001247,Sports & Outdoors,15,3.93,0.8,0.0,0.0667,0.6667,0.8515
P004393,Books,32,4.69,0.9688,0.0,0.0312,0.7812,0.7949
P000507,Clothing,29,4.17,0.7931,0.0,0.1034,0.6552,0.8334
P004563,Clothing,16,1.81,0.0625,0.875,0.0625,0.875,0.8858
P000438,Books,41,2.95,0.2439,0.2927,0.0244,0.6585,0.7873
P003439,Electronics,21,3.71,0.5238,0.0476,0.0476,0.7143,0.8174
P002401,Sports & Outdoors,26,3.27,0.3462,0.2308,0.0769,0.6538,0.8643
P002067,Books,15,2.33,0.2,0.6667,0.2,0.7333,0.7112
P001617,Electronics,20,3.8,0.75,0.15,0.05,0.75,0.8347
P000471,Home & Kitchen,40,4.1,0.775,0.025,0.05,0.775,0.8269
P001219,Beauty,11,2.55,0.1818,0.5455,0.0909,0.7273,0.8061
P004818,Books,29,4.17,0.7931,0.069,0.0345,0.7241,0.9207
P004681,Food & Grocery,35,3.51,0.6,0.0857,0.0857,0.6571,0.8679
P001454,Food & Grocery,17,2.76,0.1176,0.3529,0.0,0.7647,0.8699
P002734,Clothing,13,3.85,0.6154,0.0,0.0,0.6923,0.9077
P002958,Electronics,29,3.93,0.7586,0.0345,0.0345,0.7241,0.7707
P004899,Health,16,3.88,0.6875,0.0,0.0625,0.75,0.9488
P003116,Sports & Outdoors,16,2.62,0.25,0.5625,0.1875,0.75,0.8474
P004248,Electronics,41,4.17,0.8293,0.0488,0.122,0.7561,0.7935
P000736,Beauty,25,4.44,0.96,0.0,0.12,0.64,0.849
P002474,Books,15,3.0,0.3333,0.2667,0.0,0.6667,0.8823
P002169,Clothing,24,2.88,0.2083,0.2917,0.0,0.7083,0.9227
P004730,Home & Kitchen,14,4.29,0.7857,0.0,0.1429,0.6429,0.5546
P003906,Sports & Outdoors,17,4.18,0.9412,0.0588,0.0,0.5882,0.8921
P000706,Books,14,4.57,0.9286,0.0,0.0,0.6429,0.834
P002453,Sports & Outdoors,12,2.33,0.0,0.5,0.0,0.8333,0.7343
P002307,Books,35,4.37,0.8857,0.0286,0.1143,0.7143,0.8229
P000609,Beauty,16,1.94,0.0625,0.875,0.0625,0.8125,0.7652
P001540,Home & Kitchen,35,4.49,0.9429,0.0286,0.0857,0.6571,0.8315
P002530,Sports & Outdoors,18,3.72,0.6667,0.1667,0.0556,0.7778,0.8443
P000453,Beauty,38,2.74,0.2632,0.4474,0.0526,0.7105,0.7656
P004211,Beauty,8,4.25,0.875,0.0,0.125,0.875,1.0
P002613,Books,25,4.2,0.84,0.0,0.08,0.88,0.8407
P003652,Clothing,23,3.17,0.3478,0.2174,0.0,0.7391,0.8556
P001541,Toys & Games,13,3.92,0.7692,0.0,0.0,0.6154,0.9269
P000455,Electronics,18,3.94,0.7222,0.0556,0.1111,0.8333,0.8283
P001206,Electronics,20,4.0,0.7,0.05,0.05,0.6,0.8254
P000162,Food & Grocery,12,4.5,0.9167,0.0,0.25,0.75,0.8148
P000528,Automotive,19,4.05,0.7895,0.0526,0.0526,0.8421,0.6826
P003278,Books,16,4.94,1.0,0.0,0.0,0.875,0.9059
P001135,Automotive,21,3.05,0.2857,0.2381,0.0476,0.6667,0.8134
P000031,Beauty,29,3.76,0.6552,0.1034,0.0,0.6897,0.8586
P000988,Electronics,23,3.83,0.6087,0.0,0.0435,0.7826,0.6677
P001534,Beauty,19,4.42,0.9474,0.0,0.0526,0.8421,0.8769
P000717,Books,21,1.71,0.0952,0.8571,0.1429,0.7619,0.7781
P004881,Electronics,14,4.5,0.7857,0.0,0.1429,0.8571,0.8814
P000118,Beauty,13,4.46,0.8462,0.0,0.0,0.8462,0.7608
P002826,Beauty,23,2.39,0.0435,0.4783,0.0,0.7826,0.7481
P003926,Books,13,3.92,0.6154,0.0769,0.0,0.6923,0.7372
P004908,Electronics,11,4.55,1.0,0.0,0.0909,0.8182,0.7543
P001520,Clothing,18,4.22,0.7778,0.0,0.0556,0.7222,0.8289
P002130,Electronics,35,4.06,0.8,0.0286,0.0,0.8,0.7049
P003138,Electronics,39,3.72,0.6923,0.1026,0.0513,0.7692,0.851
P002215,Food & Grocery,42,2.45,0.1429,0.5714,0.0952,0.8095,0.7779
P004562,Clothing,13,2.38,0.0769,0.5385,0.0769,0.6154,0.7817
P000939,Health,22,4.55,0.9545,0.0,0.0455,0.7273,0.8475
P004980,Food & Grocery,22,2.18,0.1364,0.7273,0.1364,0.7727,0.8234
P002832,Home & Kitchen,19,2.79,0.1579,0.2632,0.0,0.7895,0.8581
P004254,Books,35,4.09,0.7714,0.0571,0.0571,0.7429,0.9041
P001603,Beauty,9,4.78,1.0,0.0,0.2222,0.6667,0.821
P003782,Toys & Games,14,2.86,0.2143,0.3571,0.0,0.7857,0.7795
P004833,Beauty,16,2.88,0.25,0.3125,0.0625,0.9375,0.8651
P004712,Clothing,27,3.93,0.7778,0.1481,0.037,0.7037,0.7976
P003537,Clothing,6,4.0,0.8333,0.1667,0.0,0.6667,0.8448
P003616,Beauty,24,2.5,0.0833,0.4583,0.0833,0.6667,0.7899
P001325,Clothing,14,3.36,0.4286,0.2143,0.0714,0.8571,0.6646
P001885,Clothing,22,2.82,0.2273,0.3182,0.0909,0.6818,0.8468
P000335,Electronics,15,3.93,0.7333,0.0,0.0667,0.8,0.8897
P004794,Food & Grocery,22,3.18,0.3636,0.1818,0.0909,0.7727,0.732
P003329,Books,33,4.3,0.8485,0.0,0.0303,0.7879,0.8007
P002476,Electronics,33,3.64,0.5455,0.0606,0.0606,0.6667,0.7934
P004628,Clothing,14,3.0,0.3571,0.2857,0.0,0.8571,0.8316
P001300,Home & Kitchen,40,3.62,0.525,0.1,0.025,0.9,0.8644
P002193,Beauty,20,4.0,0.85,0.1,0.05,0.7,0.8979
P000107,Home & Kitchen,33,2.48,0.0606,0.4242,0.0,0.8485,0.798
P002238,Clothing,21,2.52,0.2381,0.5238,0.0952,0.7143,0.7795
P002199,Clothing,20,3.55,0.55,0.1,0.15,0.8,0.7557
P000055,Beauty,28,4.0,0.75,0.0714,0.0714,0.75,0.702
P001840,Beauty,24,4.62,0.9167,0.0,0.0417,0.7917,0.7608
P001357,Books,19,2.11,0.0,0.5789,0.0,0.8421,0.6757
P001396,Electronics,28,4.14,0.8214,0.0357,0.0714,0.6429,0.8076
P001684,Clothing,20,4.3,0.85,0.05,0.05,0.75,0.7234
P002992,Toys & Games,39,4.28,0.8462,0.0256,0.0513,0.7692,0.6884
P003623,Home & Kitchen,16,4.75,1.0,0.0,0.0,0.6875,0.8275
P001967,Beauty,21,3.33,0.4762,0.1905,0.0,0.6667,0.8412
P003471,Home & Kitchen,25,4.56,1.0,0.0,0.08,0.64,0.7994
P002699,Home & Kitchen,13,3.08,0.3077,0.2308,0.0769,0.8462,0.9205
P003728,Clothing,17,3.06,0.2353,0.1176,0.0,0.6471,0.7539
P002612,Toys & Games,25,4.08,0.8,0.08,0.12,0.76,0.8692
P004335,Health,33,4.36,0.8485,0.0,0.1212,0.8182,0.8418
P003831,Home & Kitchen,17,2.71,0.2941,0.4706,0.1176,0.5882,0.8806
P004127,Books,31,2.87,0.2258,0.2903,0.0323,0.7419,0.826
P000315,Home & Kitchen,11,4.18,0.8182,0.0,0.0909,0.7273,0.7632
P002861,Home & Kitchen,35,3.51,0.6,0.1714,0.1143,0.6857,0.8151
P001958,Electronics,28,3.96,0.7143,0.0357,0.0,0.7143,0.6989
P001386,Electronics,7,3.43,0.5714,0.2857,0.1429,1.0,0.9067
P004090,Electronics,34,1.97,0.0588,0.8529,0.0588,0.7647,0.7464
P001443,Electronics,24,4.58,0.9167,0.0,0.0417,0.7917,0.771
P002838,Clothing,17,3.76,0.5294,0.0588,0.0588,0.6471,0.8166
P002492,Home & Kitchen,16,4.56,1.0,0.0,0.125,0.875,0.9052
P002561,Sports & Outdoors,28,3.93,0.75,0.1429,0.1071,0.6429,0.8331
P004469,Automotive,27,1.96,0.0,0.8148,0.0,0.7037,0.8167
P001023,Automotive,19,3.05,0.3684,0.3158,0.0526,0.7895,0.8394
P000934,Toys & Games,26,4.35,0.9231,0.0385,0.0385,0.7692,0.731
P000550,Home & Kitchen,23,3.39,0.4783,0.1739,0.087,0.8696,0.7737
P002318,Toys & Games,20,2.9,0.3,0.35,0.05,0.85,0.7913
P000958,Books,11,4.18,0.8182,0.1818,0.0909,0.9091,0.9001
P001750,Home & Kitchen,20,2.05,0.05,0.85,0.05,0.7,0.7399
P000156,Beauty,25,4.36,0.88,0.04,0.04,0.8,0.8743
P004753,Home & Kitchen,17,2.94,0.2353,0.2941,0.0588,0.5294,0.6946
P002043,Sports & Outdoors,10,2.8,0.2,0.3,0.0,0.5,0.8067
P001564,Health,21,1.95,0.0952,0.7619,0.1429,0.6667,0.6677
P000245,Sports & Outdoors,14,4.86,1.0,0.0,0.2143,0.5714,0.6887
P000086,Electronics,22,4.59,0.9545,0.0,0.0455,0.5909,0.9154
P003172,Beauty,35,3.94,0.7429,0.0286,0.0,0.8857,0.7193
P002703,Home & Kitchen,17,2.76,0.1176,0.2353,0.0588,0.7059,0.7989
P003930,Health,35,4.54,0.9143,0.0,0.0286,0.7714,0.7649
P000977,Home & Kitchen,22,2.77,0.2727,0.4091,0.0,0.6364,0.8205
P004313,Clothing,22,4.91,1.0,0.0,0.0909,0.7273,0.8245
P004437,Toys & Games,34,4.24,0.9118,0.0,0.0588,0.7941,0.8347
P003908,Health,29,2.83,0.2069,0.2414,0.069,0.8276,0.7783
P004759,Electronics,17,3.29,0.5294,0.2353,0.0588,0.8235,0.9373
P004377,Beauty,24,3.75,0.6667,0.125,0.0833,0.7917,0.9042
P002350,Electronics,14,4.07,0.9286,0.0,0.0714,0.8571,0.7262
P004212,Home & Kitchen,17,4.65,0.9412,0.0,0.1176,0.6471,0.8157
P003659,Health,14,3.71,0.5714,0.1429,0.0,0.7143,0.8105
P002471,Home & Kitchen,20,2.9,0.25,0.45,0.15,0.85,0.6623
P003488,Beauty,34,4.12,0.8235,0.0,0.0588,0.7941,0.8728
P000361,Food & Grocery,12,4.25,0.8333,0.0833,0.0833,0.9167,0.8412
P002111,Books,17,4.35,0.8824,0.0,0.0588,0.7059,0.7689
P001917,Sports & Outdoors,11,3.64,0.5455,0.0909,0.0909,0.6364,0.7595
P002360,Electronics,22,1.91,0.0455,0.6818,0.0455,0.8182,0.7683
P004678,Electronics,25,4.16,0.76,0.0,0.0,0.68,0.7434
P003234,Electronics,18,4.11,0.8333,0.0556,0.0556,0.8333,0.8986
P004043,Electronics,20,3.5,0.5,0.1,0.0,0.6,0.7863
P000843,Books,26,4.62,0.9231,0.0,0.1538,0.6923,0.871
P002652,Home & Kitchen,28,4.32,0.8929,0.0714,0.0714,0.75,0.7916
P001554,Home & Kitchen,21,3.24,0.5714,0.1905,0.0476,0.4286,0.834
P000867,Health,21,3.33,0.4286,0.1429,0.0476,0.7143,0.834
P003522,Health,22,4.45,0.9545,0.0,0.1818,0.7727,0.7793
P000040,Sports & Outdoors,10,4.4,0.9,0.0,0.0,0.5,0.8343
P004325,Clothing,26,3.04,0.2308,0.2308,0.1154,0.7308,0.7905
P004963,Books,26,3.62,0.6154,0.1154,0.0385,0.7308,0.7885
P001600,Clothing,19,4.21,0.8421,0.1053,0.1053,0.7368,0.7813
P003957,Automotive,17,1.94,0.0,0.8235,0.0,0.7647,0.821
P004008,Electronics,20,4.65,0.95,0.0,0.05,0.7,0.6883
P003915,Home & Kitchen,21,1.76,0.0,0.9048,0.0,0.7143,0.8138
P003530,Books,9,3.44,0.5556,0.2222,0.1111,0.8889,0.7178
P000171,Clothing,21,4.0,0.8095,0.0952,0.0476,0.8095,0.8324
P002729,Home & Kitchen,22,4.09,0.7727,0.0455,0.0455,0.8182,0.8041
P002004,Sports & Outdoors,19,3.84,0.7368,0.0526,0.0526,0.7895,0.7987
P004941,Health,32,2.41,0.0938,0.5938,0.0625,0.8125,0.8237
P003849,Clothing,15,3.47,0.3333,0.0667,0.0667,0.8,0.5715
P000689,Beauty,16,2.88,0.1875,0.3125,0.0,0.6875,0.7056
P002801,Automotive,15,3.13,0.4,0.2667,0.0667,0.7333,0.8728
P000901,Home & Kitchen,26,2.96,0.2692,0.3462,0.1154,0.6923,0.8216
P001812,Home & Kitchen,20,2.5,0.1,0.5,0.0,0.8,0.7429
P001177,Home & Kitchen,17,1.94,0.0588,0.7647,0.0588,0.5294,0.8934
P002440,Beauty,32,3.94,0.7812,0.0625,0.0,0.7812,0.882
P002976,Toys & Games,21,3.67,0.619,0.0476,0.0476,0.7619,0.7606
P003580,Electronics,23,4.3,0.8696,0.0435,0.0,0.7391,0.6929
P003252,Books,31,3.26,0.4516,0.1935,0.0323,0.7097,0.7656
P003044,Home & Kitchen,20,4.05,0.8,0.05,0.0,0.75,0.8883
P003519,Books,30,4.2,0.8,0.0333,0.1,0.5667,0.7834
P004784,Sports & Outdoors,11,4.36,0.8182,0.0,0.0,0.8182,0.8179
P004504,Home & Kitchen,34,3.94,0.7647,0.0588,0.1176,0.7941,0.789
P004190,Books,27,3.41,0.4444,0.1481,0.1852,0.7778,0.7532
P003556,Toys & Games,20,4.25,0.9,0.1,0.15,0.95,0.734
P001404,Clothing,26,3.0,0.2308,0.1923,0.0385,0.6538,0.7635
P000744,Electronics,20,3.5,0.5,0.1,0.05,0.7,0.6881
P003540,Clothing,18,3.28,0.4444,0.1667,0.0,0.8333,0.8612
P001159,Home & Kitchen,32,2.0,0.125,0.7812,0.125,0.8125,0.8045
P004569,Books,25,3.28,0.44,0.16,0.0,0.84,0.7729
P004403,Electronics,22,4.68,1.0,0.0,0.0455,0.7727,0.5813
P000638,Beauty,14,3.79,0.5714,0.1429,0.0714,0.7857,0.6216
P002981,Sports & Outdoors,19,3.05,0.3684,0.3158,0.1053,0.7368,0.7969
P004549,Beauty,19,1.63,0.1053,0.8947,0.1053,0.6316,0.7337
P003344,Electronics,10,3.8,0.7,0.0,0.0,0.6,0.7768
P002625,Books,27,4.15,0.7407,0.0,0.0741,0.6667,0.7611
P004568,Electronics,17,4.12,0.8235,0.0,0.1176,0.7059,0.7255
P003862,Electronics,23,4.09,0.8261,0.087,0.0,0.7391,0.7958
P003293,Books,26,2.42,0.1154,0.5769,0.0769,0.8077,0.6747
P002173,Books,13,4.15,0.8462,0.0,0.0769,0.8462,0.8335
P003886,Electronics,11,3.55,0.6364,0.0909,0.0,0.8182,0.8849
P004351,Clothing,16,1.75,0.0,0.875,0.0,0.875,0.9012
P000832,Books,29,3.48,0.6897,0.1724,0.0,0.6897,0.8441
P003494,Sports & Outdoors,21,3.05,0.2857,0.1905,0.0476,0.5714,0.8836
P004241,Toys & Games,33,2.45,0.0606,0.4848,0.0909,0.7576,0.8389
P000685,Sports & Outdoors,14,4.36,0.9286,0.0,0.0,0.8571,0.6814
P003663,Health,22,3.36,0.5909,0.2273,0.0909,0.8636,0.6861
P001179,Clothing,27,3.74,0.6296,0.0741,0.1111,0.8519,0.8351
P001161,Electronics,26,4.69,1.0,0.0,0.1923,0.6538,0.7557
P003444,Home & Kitchen,20,3.3,0.5,0.15,0.1,0.5,0.8671
P004538,Health,16,4.44,0.9375,0.0,0.125,0.75,0.6969
P002871,Sports & Outdoors,21,3.29,0.4762,0.1429,0.0,0.7619,0.8502
P000956,Health,29,4.69,0.9655,0.0,0.1034,0.6552,0.6634
P000846,Health,32,2.75,0.2188,0.375,0.0312,0.7812,0.8135
P001034,Health,10,2.6,0.1,0.3,0.0,0.7,0.9092
P002775,Beauty,11,3.0,0.3636,0.2727,0.0,0.8182,0.9007
P004974,Health,16,2.88,0.25,0.3125,0.0625,0.8125,0.8503
P000474,Electronics,24,4.71,0.9583,0.0,0.0417,0.625,0.7636
P003416,Clothing,14,2.29,0.0714,0.5714,0.0714,0.7857,0.8172
P003456,Toys & Games,45,3.73,0.7111,0.0889,0.0444,0.7111,0.7406
P001059,Books,34,2.21,0.0588,0.6176,0.0588,0.7059,0.8805
P004785,Automotive,27,3.81,0.6296,0.0741,0.0,0.7407,0.886
P003574,Home & Kitchen,16,3.94,0.6875,0.0625,0.125,0.5,0.7629
P004594,Clothing,35,4.86,1.0,0.0,0.0286,0.8571,0.7963
P004748,Sports & Outdoors,20,4.4,0.85,0.0,0.0,0.65,0.8193
P000197,Sports & Outdoors,27,3.7,0.6296,0.1481,0.1111,0.7407,0.7989
P000370,Health,24,4.21,1.0,0.0,0.0833,0.6667,0.864
P003543,Health,13,1.69,0.0769,0.8462,0.1538,0.7692,0.8358
P000021,Beauty,29,2.93,0.3103,0.3103,0.1379,0.6552,0.826
P003323,Beauty,16,2.44,0.125,0.625,0.125,0.9375,0.8374
P004113,Toys & Games,33,3.21,0.4545,0.2121,0.0606,0.7576,0.7718
P000114,Books,33,4.39,0.9091,0.0,0.0303,0.697,0.7772
P002552,Books,19,4.58,0.8947,0.0,0.0526,0.8421,0.7693
P004937,Home & Kitchen,22,4.05,0.7727,0.0,0.0,0.7273,0.8255
P002681,Toys & Games,21,3.86,0.7143,0.1429,0.1429,0.7619,0.843
P004878,Beauty,25,3.96,0.76,0.04,0.04,0.76,0.8252
P003511,Food & Grocery,23,4.57,0.9565,0.0,0.0,0.6957,0.8494
P001510,Beauty,23,3.17,0.3913,0.2609,0.2609,0.6522,0.8158
P001207,Sports & Outdoors,16,4.25,0.875,0.0,0.125,0.75,0.8576
P003032,Electronics,20,3.35,0.55,0.15,0.05,0.9,0.8468
P001665,Food & Grocery,18,4.39,1.0,0.0,0.0,0.7778,0.7386
P002669,Books,17,4.18,0.8235,0.1176,0.1176,0.5882,0.7726
P001208,Books,17,4.06,0.7647,0.0,0.0588,0.6471,0.8166
P002312,Electronics,20,1.9,0.05,0.8,0.1,0.8,0.7389
P000495,Toys & Games,15,2.73,0.1333,0.2667,0.0,0.6667,0.7535
P002853,Toys & Games,31,1.81,0.0,0.8387,0.0,0.7097,0.8425
P003206,Home & Kitchen,24,1.75,0.0833,0.875,0.0833,0.625,0.8938
P001996,Beauty,33,2.15,0.0909,0.697,0.0303,0.7576,0.786
P001101,Electronics,14,4.21,0.7857,0.0,0.0714,0.7143,0.7428
P004936,Electronics,24,4.29,0.8333,0.0,0.125,0.75,0.7786
P000196,Electronics,20,3.5,0.55,0.15,0.05,0.8,0.8033
P003661,Clothing,23,3.57,0.5652,0.2174,0.0435,0.4783,0.8342
P003446,Clothing,23,4.61,0.9565,0.0,0.1304,0.6957,0.8563
P000944,Home & Kitchen,30,3.27,0.4667,0.2333,0.1,0.7333,0.8345
P003055,Sports & Outdoors,17,4.0,0.7647,0.0588,0.0588,0.6471,0.8675
P003399,Beauty,27,3.44,0.4444,0.1111,0.0741,0.8519,0.8333
P003547,Books,22,2.32,0.0909,0.5909,0.0,0.8182,0.7787
P000608,Electronics,18,3.72,0.6667,0.1111,0.0556,0.7222,0.8449
P002340,Electronics,12,4.5,0.9167,0.0,0.25,0.5833,0.8299
P003954,Beauty,18,2.22,0.0556,0.5,0.0556,0.6111,0.7994
P001997,Clothing,24,1.75,0.0417,0.8333,0.0417,0.8333,0.7595
P001888,Clothing,15,4.47,0.8667,0.0,0.0,0.7333,0.8651
P004021,Clothing,31,4.55,0.9355,0.0,0.0968,0.6452,0.8756
P004231,Automotive,15,2.6,0.2,0.4,0.0667,0.9333,0.8031
P002529,Toys & Games,16,2.44,0.1875,0.625,0.1875,0.875,0.9113
P004275,Clothing,21,3.67,0.619,0.0476,0.0,0.8095,0.7677
P001904,Electronics,31,4.0,0.7097,0.0323,0.0,0.871,0.713
P004158,Electronics,33,3.85,0.697,0.0909,0.0909,0.6667,0.7237
P001345,Automotive,26,4.58,0.9231,0.0385,0.0,0.7308,0.8403
P004481,Home & Kitchen,15,3.73,0.5333,0.0667,0.1333,0.8667,0.8561
P001259,Books,6,4.67,1.0,0.0,0.0,0.8333,0.8697
P000416,Clothing,32,4.41,0.875,0.0,0.0312,0.7188,0.6859
P000399,Home & Kitchen,18,3.39,0.4444,0.1111,0.1111,0.7778,0.8472
P004331,Electronics,5,2.4,0.0,0.6,0.0,0.6,0.879
P001861,Sports & Outdoors,20,2.7,0.15,0.4,0.05,0.8,0.8673
P001337,Clothing,12,1.42,0.0,1.0,0.0,0.9167,0.7957
P002965,Clothing,40,4.67,0.975,0.0,0.05,0.675,0.8289
P002107,Beauty,7,4.57,1.0,0.0,0.2857,0.7143,0.9343
P000722,Home & Kitchen,43,4.23,0.814,0.0233,0.0698,0.6512,0.7839
P002466,Beauty,23,2.3,0.087,0.6522,0.087,0.6957,0.8583
P003275,Beauty,12,3.42,0.4167,0.0833,0.0,0.75,0.8622
P001982,Home & Kitchen,31,1.52,0.0,0.9677,0.0,0.6452,0.8541
P002196,Toys & Games,30,4.5,0.9,0.0,0.0333,0.9,0.827
P000805,Electronics,25,1.96,0.12,0.76,0.08,0.68,0.8436
P004374,Electronics,28,1.64,0.0357,0.8571,0.0357,0.8214,0.8242
P002243,Home & Kitchen,24,4.0,0.75,0.0417,0.0417,0.7083,0.7488
P003018,Electronics,19,4.74,1.0,0.0,0.0,0.5789,0.6765
P001571,Home & Kitchen,24,3.08,0.3333,0.2083,0.0417,0.875,0.8788
P003638,Clothing,19,4.26,0.7895,0.0,0.0526,0.7368,0.7265
P000905,Food & Grocery,21,4.29,0.8571,0.0476,0.0952,0.619,0.8074
P003822,Sports & Outdoors,29,2.41,0.2069,0.6207,0.1034,0.6207,0.7147
P000724,Food & Grocery,20,3.9,0.8,0.1,0.0,0.8,0.8491
P000038,Home & Kitchen,44,4.0,0.75,0.0455,0.0682,0.7045,0.8299
P004315,Electronics,18,4.33,0.9444,0.0,0.0556,0.7222,0.8679
P004224,Electronics,16,4.69,0.9375,0.0,0.0,0.875,0.7017
P004670,Clothing,21,3.95,0.6667,0.0,0.0476,0.5714,0.7585
P000756,Clothing,25,4.16,0.76,0.0,0.04,0.68,0.8568
P001284,Sports & Outdoors,24,2.83,0.2917,0.4167,0.0417,0.625,0.8186
P003139,Toys & Games,11,3.0,0.3636,0.2727,0.0,0.6364,0.6877
P001709,Health,26,4.19,0.8462,0.0,0.1154,0.8077,0.7886
P003871,Home & Kitchen,35,2.46,0.1143,0.5143,0.0286,0.7714,0.8811
P000881,Home & Kitchen,21,3.81,0.619,0.0476,0.1905,0.8095,0.8472
P000774,Health,15,4.07,0.8,0.0,0.0,0.8667,0.8268
P001787,Clothing,20,3.3,0.55,0.2,0.0,0.85,0.861
P000139,Toys & Games,18,3.22,0.3889,0.1667,0.0,0.5556,0.7212
P002219,Food & Grocery,20,2.45,0.15,0.6,0.15,0.8,0.8359
P001014,Food & Grocery,18,4.17,0.7778,0.0556,0.0556,0.7778,0.8683
P003844,Sports & Outdoors,17,4.24,0.9412,0.0,0.0,0.7647,0.7123
P003261,Electronics,18,3.67,0.5556,0.1111,0.0,0.5,0.8239
P003421,Health,22,3.41,0.4091,0.0455,0.0455,0.8636,0.6542
P003983,Sports & Outdoors,27,3.3,0.4815,0.2593,0.037,0.8519,0.6908
P002386,Toys & Games,12,4.33,0.8333,0.0,0.0833,0.6667,0.7728
P002008,Electronics,14,3.86,0.7857,0.0714,0.0714,0.7857,0.9616
P000043,Beauty,15,2.6,0.2,0.4,0.0,0.7333,0.8995
P000799,Beauty,23,3.61,0.5652,0.1304,0.1739,0.6522,0.8144
P001117,Electronics,26,3.73,0.7692,0.1538,0.0385,0.7308,0.8225
P003961,Clothing,17,4.41,0.8824,0.1176,0.0588,0.6471,0.7564
P004111,Clothing,15,3.07,0.3333,0.3333,0.1333,0.6,0.8922
P001878,Clothing,22,3.82,0.7727,0.0455,0.0455,0.8182,0.8584
P000761,Beauty,12,2.25,0.1667,0.5833,0.0,0.6667,0.8212
P002319,Books,10,3.7,0.7,0.2,0.0,0.9,0.8698
P004839,Electronics,21,4.67,0.9524,0.0,0.0476,0.7619,0.8264
P000760,Home & Kitchen,22,4.23,0.8182,0.0,0.0455,0.7727,0.7502
P002040,Toys & Games,13,4.77,1.0,0.0,0.0769,0.8462,0.7721
P001664,Clothing,23,2.43,0.1304,0.5652,0.0435,0.7391,0.7927
P000190,Clothing,30,3.83,0.7667,0.1,0.0333,0.6,0.8388
P002276,Electronics,25,2.92,0.16,0.2,0.04,0.8,0.762
P001322,Home & Kitchen,21,4.33,0.9048,0.0,0.0952,0.6667,0.7207
P001485,Sports & Outdoors,19,4.42,0.8947,0.0,0.0,0.7368,0.8426
P001453,Health,29,4.55,0.9655,0.0,0.0345,0.7586,0.7917
P002840,Electronics,27,3.85,0.6667,0.1111,0.1111,0.8148,0.8519
P001431,Food & Grocery,31,3.87,0.8065,0.0968,0.1613,0.5806,0.8476
P004588,Food & Grocery,28,3.39,0.5,0.1786,0.1429,0.6429,0.8536
P002249,Home & Kitchen,24,2.46,0.125,0.5833,0.0,0.7917,0.8247
P000785,Automotive,23,2.78,0.3043,0.3478,0.0435,0.7826,0.7551
P001441,Clothing,24,3.83,0.6667,0.0,0.0833,0.6667,0.816
P003991,Automotive,16,3.94,0.6875,0.0,0.0625,0.75,0.7656
P000548,Electronics,28,2.54,0.1071,0.4643,0.0357,0.8214,0.8607
P001907,Home & Kitchen,35,3.94,0.7429,0.0,0.0286,0.7143,0.8287
P000006,Automotive,27,3.22,0.3333,0.2222,0.1111,0.8148,0.8527
P004857,Home & Kitchen,23,4.04,0.8261,0.1304,0.0435,0.8261,0.7792
P001063,Clothing,12,4.25,0.8333,0.0,0.0833,0.6667,0.7783
P002355,Home & Kitchen,9,3.33,0.5556,0.3333,0.2222,0.6667,0.9051
P000534,Sports & Outdoors,13,4.54,1.0,0.0,0.0,0.7692,0.7888
P003341,Home & Kitchen,14,4.43,1.0,0.0,0.0714,0.7857,0.6551
P003896,Sports & Outdoors,20,4.5,0.9,0.0,0.0,0.8,0.7379
P002267,Beauty,34,3.15,0.3235,0.1471,0.0882,0.7647,0.7751
P000541,Automotive,20,3.45,0.5,0.15,0.15,0.7,0.8694
P001102,Clothing,37,2.3,0.027,0.5676,0.0,0.8378,0.8267
P004904,Health,28,3.5,0.4286,0.1071,0.0357,0.75,0.6652
P000886,Home & Kitchen,45,4.73,0.9556,0.0222,0.0444,0.6667,0.9004
P004600,Home & Kitchen,13,2.0,0.0769,0.8462,0.0,0.7692,0.7373
P001481,Home & Kitchen,32,4.75,0.9688,0.0,0.0938,0.75,0.8448
P002465,Clothing,31,4.61,0.9677,0.0,0.0645,0.7742,0.8246
P003523,Electronics,22,2.73,0.1364,0.4091,0.0,0.7273,0.812
P000861,Beauty,20,4.65,1.0,0.0,0.1,0.7,0.8795
P001006,Home & Kitchen,37,3.41,0.3514,0.0541,0.0,0.8108,0.8679
P002393,Home & Kitchen,36,4.67,0.9444,0.0,0.0556,0.6111,0.8159
P001734,Clothing,14,4.21,0.7857,0.0,0.1429,0.7143,0.7999
P000435,Electronics,21,4.38,0.9524,0.0,0.0952,0.5238,0.7526
P001338,Sports & Outdoors,28,2.86,0.2143,0.3214,0.0714,0.6429,0.7733
P004138,Health,17,4.18,0.8824,0.0,0.0,0.7059,0.7676
P002592,Health,16,3.06,0.375,0.3125,0.125,0.875,0.6836
P004740,Sports & Outdoors,23,4.39,0.913,0.0,0.1304,0.8261,0.8387
P001384,Automotive,27,3.41,0.5556,0.1852,0.0741,0.6667,0.8967
P001307,Sports & Outdoors,22,1.91,0.0,0.7273,0.0,0.6818,0.8719
P002140,Health,29,3.69,0.5517,0.069,0.1034,0.5862,0.813
P000404,Electronics,28,2.86,0.2143,0.3929,0.0,0.8571,0.9074
P001579,Automotive,18,4.33,0.8333,0.0556,0.0,0.7778,0.8818
P001806,Beauty,14,4.29,0.9286,0.0,0.0,0.7143,0.8249
P003110,Food & Grocery,19,2.95,0.3684,0.3158,0.1053,0.8421,0.7852
P000721,Books,27,4.74,1.0,0.0,0.0,0.7778,0.8713
P004444,Food & Grocery,19,3.47,0.5263,0.1053,0.0,0.7895,0.7809
P002655,Home & Kitchen,43,3.63,0.6512,0.0698,0.0465,0.7907,0.749
P002116,Food & Grocery,19,4.47,0.9474,0.0526,0.1053,0.6842,0.6809
P003497,Beauty,27,4.52,0.9259,0.0,0.0,0.7778,0.8131
P002821,Clothing,26,4.0,0.7308,0.0769,0.0385,0.7308,0.8016
P002409,Clothing,25,2.8,0.24,0.36,0.0,0.84,0.8842
P002537,Toys & Games,25,2.6,0.16,0.52,0.04,0.84,0.8668
P003929,Electronics,22,4.55,0.8636,0.0,0.0909,0.7273,0.8887
P003052,Electronics,14,2.64,0.2143,0.4286,0.0,0.7857,0.7622
P004327,Electronics,17,3.71,0.5294,0.0588,0.0588,0.6471,0.8354
P002079,Clothing,17,1.94,0.1176,0.8235,0.1176,0.5294,0.7409
P000560,Books,19,3.21,0.4211,0.2105,0.0,0.6316,0.8161
P004341,Electronics,27,3.85,0.6667,0.1111,0.0,0.7778,0.8733
P001082,Food & Grocery,16,4.44,0.9375,0.0,0.0,0.5,0.8413
P001195,Health,24,2.71,0.125,0.3333,0.0417,0.8333,0.831
P004176,Books,27,4.67,0.963,0.0,0.037,0.8148,0.8693
P001983,Health,25,2.52,0.12,0.48,0.08,0.76,0.7456
P000101,Health,19,4.42,0.8947,0.0,0.1053,0.7895,0.7672
P001991,Electronics,33,3.85,0.6667,0.0909,0.0909,0.8485,0.7355
P000586,Sports & Outdoors,35,1.83,0.0286,0.8857,0.0286,0.7143,0.8446
P000991,Sports & Outdoors,18,4.61,1.0,0.0,0.0556,0.6667,0.9469
P003888,Health,22,4.09,0.7727,0.0455,0.0455,0.6818,0.7538
P004455,Books,13,2.38,0.0769,0.5385,0.1538,0.7692,0.8662
P002548,Electronics,15,4.6,1.0,0.0,0.1333,0.9333,0.8149
P002570,Automotive,26,4.12,0.7308,0.0,0.0,0.7692,0.8099
P000748,Home & Kitchen,23,3.83,0.7826,0.087,0.087,0.913,0.9157
P000631,Food & Grocery,18,2.89,0.1667,0.3333,0.1667,0.7222,0.7153
P003310,Electronics,16,2.12,0.125,0.75,0.0625,0.875,0.6959
P001371,Electronics,23,3.83,0.6957,0.087,0.0435,0.7826,0.7586
P000620,Electronics,19,4.37,0.8421,0.0526,0.0526,0.7895,0.7143
P000396,Home & Kitchen,11,1.0,0.0,1.0,0.0,0.7273,0.8477
P000880,Sports & Outdoors,20,2.25,0.15,0.65,0.1,0.75,0.8345
P000745,Books,23,3.91,0.6522,0.0435,0.0435,0.8696,0.8041
P000699,Sports & Outdoors,30,2.5,0.1,0.4667,0.0333,0.7667,0.8217
P000182,Health,17,4.0,0.7059,0.0588,0.0,0.6471,0.8233
P003373,Health,41,4.22,0.8537,0.0244,0.0244,0.7805,0.8388
P003376,Home & Kitchen,7,4.29,1.0,0.0,0.0,0.7143,0.981
P002374,Clothing,27,4.07,0.8519,0.037,0.0,0.6667,0.7456
P000890,Beauty,26,4.08,0.8462,0.0385,0.0385,0.7692,0.7592
P001488,Home & Kitchen,19,2.63,0.2632,0.5789,0.1579,0.5789,0.7814
P003895,Food & Grocery,28,4.0,0.75,0.0,0.0,0.75,0.8346
P004696,Sports & Outdoors,28,4.07,0.75,0.0,0.0714,0.6429,0.8454
P001091,Clothing,12,2.75,0.4167,0.5,0.0833,0.8333,0.836
P004069,Food & Grocery,20,3.6,0.5,0.0,0.0,0.6,0.7938
P002979,Beauty,13,2.08,0.0,0.6154,0.0769,0.4615,0.7618
P002528,Health,12,3.25,0.3333,0.0833,0.0,0.75,0.9153
P004528,Beauty,35,3.0,0.2571,0.3143,0.1429,0.8571,0.8127
P002252,Toys & Games,17,3.88,0.6471,0.0,0.0,0.7647,0.7495
P004134,Books,23,4.52,0.8696,0.0,0.0435,0.6522,0.846
P004571,Clothing,26,3.85,0.7308,0.0385,0.0385,0.8462,0.7516
P002822,Beauty,9,3.0,0.3333,0.2222,0.1111,0.5556,0.7602
P000752,Clothing,12,2.92,0.3333,0.25,0.0833,0.75,0.8478
P001039,Home & Kitchen,30,2.97,0.2667,0.3,0.1333,0.8,0.8391
P001844,Food & Grocery,30,2.33,0.1333,0.6667,0.0333,0.7333,0.7701
P004723,Clothing,22,4.18,0.8636,0.0,0.0455,0.9091,0.7213
P002324,Electronics,24,2.25,0.0833,0.6667,0.0833,0.6667,0.8162
P001699,Automotive,19,3.32,0.4211,0.1053,0.0526,0.4737,0.9174
P004953,Clothing,33,3.27,0.4242,0.2121,0.0909,0.697,0.831
P001944,Electronics,23,4.39,0.913,0.0435,0.0435,0.7391,0.8509
P002818,Sports & Outdoors,25,2.2,0.12,0.72,0.16,0.88,0.888
P004827,Electronics,21,4.57,0.9524,0.0,0.1905,0.4762,0.8722
P004514,Electronics,42,2.52,0.1905,0.5238,0.0476,0.8095,0.8209
P003966,Electronics,26,4.35,0.8846,0.0,0.1154,0.7308,0.7376
P001815,Toys & Games,10,3.6,0.6,0.1,0.1,0.7,0.8513
P003875,Automotive,19,4.63,0.9474,0.0,0.0,0.7368,0.8499
P002994,Books,25,2.52,0.16,0.48,0.12,0.88,0.8268
P001819,Books,20,4.15,0.85,0.0,0.0,0.6,0.8307
P002661,Health,44,4.7,0.9773,0.0,0.0909,0.6591,0.7656
P004321,Toys & Games,16,4.12,0.8125,0.0,0.125,0.625,0.8303
P000331,Beauty,24,3.67,0.625,0.0833,0.0,0.625,0.8187
P004494,Electronics,19,3.16,0.2105,0.1579,0.1579,0.7368,0.805
P003552,Books,37,4.59,0.9189,0.027,0.0,0.6486,0.7873
P001635,Automotive,20,2.6,0.15,0.5,0.1,0.75,0.7877
P002021,Sports & Outdoors,19,4.32,0.8947,0.0526,0.1053,0.7895,0.6094
P002178,Toys & Games,14,3.36,0.4286,0.0714,0.0714,0.7143,0.7344
P000915,Automotive,19,3.16,0.4211,0.2632,0.0526,0.6842,0.8097
P000713,Toys & Games,24,1.67,0.0,0.9167,0.0,0.7917,0.8679
P004646,Automotive,30,4.5,0.9333,0.0,0.0333,0.8333,0.8499
P002831,Clothing,25,4.16,0.76,0.04,0.04,0.72,0.8196
P004520,Clothing,30,3.93,0.7,0.0667,0.1333,0.7,0.8065
P003254,Books,23,4.35,0.913,0.0,0.1304,0.6957,0.8152
P001784,Electronics,20,3.05,0.25,0.2,0.1,0.55,0.8253
P004059,Home & Kitchen,14,3.57,0.6429,0.1429,0.0714,0.7857,0.8515
P002890,Electronics,15,2.47,0.1333,0.4667,0.0,0.6667,0.6666
P002639,Toys & Games,13,2.46,0.1538,0.6154,0.1538,0.7692,0.8867
P000462,Electronics,11,4.82,1.0,0.0,0.0909,0.5455,0.8325
P001036,Sports & Outdoors,34,4.29,0.8529,0.0294,0.0882,0.8529,0.8558
P000200,Clothing,40,4.28,0.85,0.025,0.05,0.775,0.7911
P003962,Electronics,21,3.0,0.2857,0.381,0.1429,0.7143,0.8019
P001116,Electronics,22,4.32,0.9091,0.0455,0.0455,0.6364,0.838
P001210,Home & Kitchen,28,3.07,0.3571,0.3214,0.0357,0.7857,0.8554
P002458,Electronics,16,4.44,0.875,0.0,0.125,0.6875,0.7502
P001653,Clothing,32,2.75,0.25,0.4375,0.0938,0.6875,0.858
P002782,Electronics,18,3.83,0.8333,0.1111,0.1111,0.7222,0.8046
P001092,Sports & Outdoors,30,4.57,0.9667,0.0,0.0333,0.8,0.8064
P004581,Beauty,17,4.53,1.0,0.0,0.0588,0.9412,0.8895
P002306,Clothing,9,4.11,0.6667,0.0,0.3333,0.6667,0.8111
P004375,Sports & Outdoors,41,2.29,0.0976,0.6098,0.0244,0.7317,0.8266
P002663,Home & Kitchen,22,3.86,0.7727,0.0455,0.0,0.7727,0.9099
P002146,Food & Grocery,27,3.19,0.5185,0.2593,0.037,0.7778,0.8387
P002563,Beauty,19,4.05,0.8947,0.0526,0.0526,0.6842,0.8475
P003707,Clothing,12,3.75,0.5,0.0,0.0,0.75,0.8115
P004993,Beauty,30,2.97,0.2,0.2333,0.0667,0.7667,0.8209
P002593,Sports & Outdoors,24,1.88,0.0417,0.7917,0.0,0.75,0.8176
P003367,Beauty,21,3.86,0.6667,0.0476,0.0952,0.7619,0.8575
P002033,Home & Kitchen,29,4.69,1.0,0.0,0.069,0.6552,0.8572
P002858,Home & Kitchen,33,2.94,0.2727,0.1818,0.0303,0.8485,0.7931
P000267,Clothing,39,2.03,0.0513,0.7692,0.0513,0.7949,0.8742
P001399,Books,23,4.52,0.9565,0.0,0.0,0.6957,0.845
P001894,Electronics,21,3.86,0.6667,0.0952,0.0952,0.7143,0.8934
P002044,Food & Grocery,13,2.54,0.2308,0.4615,0.0,0.7692,0.7862
P003417,Sports & Outdoors,16,2.38,0.125,0.4375,0.0,0.875,0.8559
P004512,Books,34,4.06,0.7353,0.0588,0.0,0.7941,0.8153
P000304,Books,15,3.73,0.6667,0.1333,0.0,0.8,0.8679
P002259,Electronics,21,3.14,0.4286,0.2381,0.0476,0.5238,0.8753
P003532,Electronics,28,3.57,0.4643,0.1071,0.0714,0.7143,0.8341
P004776,Electronics,18,3.61,0.5,0.1667,0.1111,0.8889,0.7971
P002522,Books,24,4.62,0.9167,0.0,0.0,0.75,0.9211
P004274,Health,15,2.73,0.0667,0.2667,0.0,0.8,0.8825
P004631,Clothing,17,4.24,0.8824,0.0,0.1176,0.7647,0.8862
P002389,Beauty,34,3.56,0.5,0.1176,0.0588,0.5882,0.8741
P004809,Home & Kitchen,33,2.0,0.0909,0.7273,0.0909,0.7576,0.8591
P000041,Home & Kitchen,35,4.11,0.7714,0.0571,0.0286,0.7429,0.7675
P000475,Clothing,16,4.69,1.0,0.0,0.0,0.8125,0.7482
P000380,Beauty,21,3.71,0.619,0.1429,0.0476,0.6667,0.825
P000677,Food & Grocery,21,4.05,0.7619,0.0476,0.0476,0.7619,0.708
P000680,Home & Kitchen,16,4.06,0.75,0.0625,0.125,0.75,0.6917
P003132,Health,22,3.14,0.4091,0.2273,0.0,0.5909,0.8302
P000222,Books,27,4.07,0.7778,0.0741,0.0741,0.9259,0.7321
P002911,Beauty,14,2.43,0.0714,0.5714,0.0,0.7143,0.7271
P001604,Toys & Games,28,4.14,0.8571,0.0,0.0,0.7143,0.7739
P003163,Electronics,31,3.61,0.5161,0.0645,0.0645,0.8065,0.8188
P003912,Home & Kitchen,18,2.28,0.0556,0.5,0.0556,0.7222,0.8598
P001416,Toys & Games,23,2.3,0.1304,0.5652,0.0,0.7826,0.7019
P002560,Electronics,27,4.41,0.963,0.0,0.0,0.7407,0.7277
P002153,Toys & Games,29,3.31,0.3103,0.1379,0.069,0.6897,0.83
P003029,Sports & Outdoors,13,3.31,0.5385,0.3077,0.0769,0.7692,0.6929
P004777,Home & Kitchen,13,1.69,0.0769,0.8462,0.0,0.7692,0.8455
P002812,Health,36,4.11,0.8611,0.0833,0.0556,0.6389,0.7269
P000919,Clothing,28,4.04,0.8571,0.0,0.0714,0.8214,0.809
P002761,Sports & Outdoors,23,2.7,0.2609,0.4783,0.087,0.6522,0.749
P001984,Clothing,3,3.67,0.6667,0.3333,0.3333,0.6667,0.8333
P000742,Electronics,22,4.64,0.9545,0.0,0.0,0.8636,0.8263
P003472,Home & Kitchen,32,3.44,0.4375,0.125,0.0625,0.75,0.8224
P004835,Clothing,22,4.64,0.9545,0.0,0.1364,0.8182,0.6725
P001909,Toys & Games,15,3.07,0.3333,0.2667,0.0667,0.7333,0.8044
P004046,Clothing,22,4.45,0.9091,0.0,0.0455,0.6364,0.7625
P002413,Home & Kitchen,30,2.7,0.1333,0.3,0.0,0.8667,0.7224
P002785,Clothing,33,3.12,0.3636,0.2121,0.0909,0.8485,0.916
P000390,Health,14,4.57,0.9286,0.0,0.1429,0.6429,0.7969
P001321,Books,15,4.4,0.9333,0.0,0.0,0.5333,0.6985
P002898,Clothing,23,4.04,0.6957,0.0,0.0,0.6522,0.7915
P000593,Clothing,28,4.5,1.0,0.0,0.0714,0.7857,0.7925
P002064,Electronics,25,2.44,0.12,0.52,0.08,0.84,0.7758
P004471,Health,12,4.58,0.8333,0.0,0.25,0.5833,0.9421
P000922,Health,26,2.62,0.1923,0.5769,0.0385,0.7692,0.7733
P004728,Clothing,31,2.77,0.2581,0.3871,0.0323,0.7097,0.8012
P002343,Beauty,22,4.55,0.8636,0.0,0.0455,0.7727,0.7673
P000771,Clothing,5,4.0,0.6,0.0,0.2,0.4,0.8606
P000432,Toys & Games,26,4.23,0.9231,0.0769,0.1154,0.8846,0.8856
P003496,Toys & Games,10,3.8,0.7,0.1,0.1,0.7,0.8423
P003187,Beauty,29,2.83,0.2069,0.4828,0.1034,0.7931,0.8101
P004140,Toys & Games,25,3.6,0.56,0.08,0.0,0.72,0.8481
P004117,Sports & Outdoors,16,3.56,0.625,0.125,0.0625,0.875,0.8669
P002218,Food & Grocery,15,3.0,0.2667,0.3333,0.2,0.7333,0.8262
P002590,Home & Kitchen,17,4.35,0.8824,0.0,0.0,0.7059,0.8097
P002102,Electronics,30,3.27,0.4333,0.2,0.1333,0.7333,0.889
P003069,Beauty,23,3.91,0.6957,0.0435,0.1304,0.7391,0.7423
P002621,Health,11,3.91,0.6364,0.0,0.0,0.5455,0.909
P002128,Clothing,15,3.27,0.3333,0.1333,0.0667,0.9333,0.8065
P004004,Clothing,24,4.12,0.7917,0.0,0.125,0.75,0.6645
P000683,Electronics,25,3.28,0.44,0.24,0.0,0.6,0.9054
P002814,Electronics,12,2.08,0.0,0.8333,0.0,0.75,0.9197
P004697,Home & Kitchen,18,2.61,0.1111,0.5,0.1111,0.7778,0.7719
P002057,Automotive,24,3.08,0.3333,0.2083,0.0417,0.75,0.7429
P000347,Food & Grocery,38,4.16,0.8421,0.0263,0.0,0.6316,0.7548
P001069,Electronics,14,2.79,0.1429,0.3571,0.2143,0.7857,0.8911
P003491,Sports & Outdoors,23,3.61,0.5217,0.0435,0.0,0.5652,0.839
P002317,Electronics,10,4.6,0.9,0.0,0.0,0.9,0.5172
P004708,Home & Kitchen,21,4.24,0.9048,0.0476,0.0952,0.8095,0.7184
P004014,Electronics,21,3.19,0.3333,0.2381,0.0952,0.7143,0.8056
P003007,Sports & Outdoors,20,3.4,0.5,0.2,0.15,0.7,0.8327
P000708,Toys & Games,24,3.75,0.5833,0.125,0.0833,0.7083,0.8589
P000858,Health,19,3.26,0.4211,0.2105,0.0526,0.6842,0.8766
P000219,Food & Grocery,14,4.43,1.0,0.0,0.0,0.7857,0.5874
P003146,Sports & Outdoors,29,3.79,0.6207,0.0345,0.069,0.7241,0.8087
P003458,Health,7,3.57,0.2857,0.0,0.0,0.7143,0.8429
P001038,Home & Kitchen,21,3.43,0.5238,0.1429,0.0,0.6667,0.8817
P004296,Home & Kitchen,30,2.77,0.1667,0.3333,0.0,0.7333,0.7228
P001771,Sports & Outdoors,24,3.75,0.5833,0.0833,0.0417,0.875,0.8581
P001103,Toys & Games,10,3.3,0.5,0.2,0.0,0.7,0.9092
P003759,Food & Grocery,23,2.61,0.1739,0.4348,0.0,0.7391,0.8581
P003131,Home & Kitchen,29,3.93,0.7586,0.0,0.0,0.6897,0.674
P004164,Home & Kitchen,33,4.09,0.8182,0.0,0.1212,0.7879,0.7483
P000530,Clothing,30,4.7,1.0,0.0,0.1,0.8667,0.8258
P003845,Food & Grocery,23,3.17,0.4348,0.2174,0.0,0.6957,0.708
P002708,Clothing,28,2.43,0.1071,0.5,0.0357,0.6429,0.7789
P002177,Home & Kitchen,19,4.68,0.9474,0.0,0.1053,0.6842,0.6954
P000770,Sports & Outdoors,22,2.86,0.2727,0.3182,0.0455,0.7727,0.6047
P000451,Electronics,22,1.77,0.0455,0.8636,0.0455,0.5,0.9048
P002189,Clothing,19,3.26,0.4211,0.1579,0.1053,0.7895,0.8907
P004920,Home & Kitchen,20,3.2,0.3,0.15,0.05,0.8,0.7428
P003112,Clothing,31,4.29,0.9032,0.0323,0.0,0.8065,0.865
P001587,Home & Kitchen,7,2.14,0.0,0.8571,0.0,0.8571,0.6554
P004989,Food & Grocery,15,3.27,0.2,0.0,0.0667,0.6667,0.8669
P001690,Home & Kitchen,14,1.93,0.0,0.7857,0.0,0.7143,0.8275
P000980,Clothing,34,2.94,0.2941,0.2941,0.0882,0.7059,0.8466
P002942,Clothing,12,4.33,0.8333,0.0,0.0,0.6667,0.9088
P001567,Electronics,24,4.5,0.9167,0.0417,0.125,0.5417,0.8431
P003905,Home & Kitchen,28,3.36,0.4643,0.2143,0.1071,0.7857,0.8223
P001776,Books,25,3.56,0.52,0.12,0.12,0.88,0.697
P003049,Food & Grocery,29,3.97,0.7241,0.0345,0.1724,0.7241,0.8287
P001240,Electronics,23,2.09,0.0,0.6522,0.0,0.7826,0.8857
P002411,Beauty,38,4.5,0.9211,0.0,0.1053,0.7105,0.7755
P004954,Automotive,17,4.18,0.7647,0.0,0.0588,0.8235,0.892
P001519,Electronics,16,2.88,0.1875,0.25,0.0,0.8125,0.7508
P003781,Electronics,21,4.33,0.8095,0.0476,0.0952,0.7619,0.7399
P003030,Home & Kitchen,30,3.6,0.6,0.1333,0.0667,0.6667,0.8561
P003065,Home & Kitchen,16,3.69,0.625,0.1875,0.0625,0.75,0.8159
P000545,Electronics,22,3.45,0.5455,0.0909,0.0455,0.6818,0.8456
P001190,Sports & Outdoors,13,3.92,0.6923,0.0769,0.0769,0.7692,0.8065
P003567,Health,19,2.21,0.1053,0.6842,0.1053,0.7368,0.7839
P003714,Beauty,31,2.48,0.0968,0.5161,0.0968,0.7419,0.8407
P002797,Sports & Outdoors,11,2.82,0.0909,0.2727,0.0909,0.8182,0.8592
P000092,Beauty,24,3.92,0.6667,0.0,0.0417,0.75,0.6673
P003098,Home & Kitchen,26,3.65,0.5,0.0385,0.0769,0.6923,0.8028
P003900,Clothing,20,3.7,0.6,0.05,0.0,0.8,0.908
P002331,Sports & Outdoors,37,2.76,0.2432,0.4054,0.027,0.7568,0.8649
P000253,Home & Kitchen,31,4.61,1.0,0.0,0.0968,0.6452,0.9044
P001445,Clothing,23,4.48,0.913,0.0,0.0,0.6522,0.8442
P003094,Automotive,14,2.5,0.0714,0.4286,0.0,0.8571,0.8234
P000616,Beauty,23,4.09,0.8696,0.1304,0.0,0.7826,0.7618
P000202,Automotive,22,3.86,0.6364,0.0455,0.0909,0.8182,0.8294
P004094,Clothing,17,3.71,0.5882,0.0588,0.1176,0.8824,0.9051
P004612,Clothing,16,4.69,1.0,0.0,0.1875,0.75,0.4476
P001788,Beauty,15,4.53,0.9333,0.0667,0.0,0.8,0.7905
P000407,Clothing,20,3.95,0.75,0.0,0.0,0.65,0.6751
P000927,Electronics,14,3.79,0.7143,0.0714,0.0714,0.7143,0.8658
P004042,Beauty,16,2.94,0.375,0.375,0.0,0.75,0.8729
P002357,Books,18,4.67,0.9444,0.0,0.1667,0.6667,0.9159
P002906,Sports & Outdoors,15,2.87,0.1333,0.2667,0.0667,0.6667,0.8879
P001656,Home & Kitchen,21,2.71,0.2381,0.4762,0.0952,0.8095,0.8879
P001107,Electronics,21,4.14,0.7619,0.0,0.0476,0.7619,0.8129
P002356,Toys & Games,29,2.14,0.1034,0.7241,0.0345,0.7931,0.8501
P004105,Health,11,2.55,0.1818,0.4545,0.0,0.7273,0.8046
P000955,Food & Grocery,15,3.2,0.4,0.2,0.0667,0.8667,0.8839
P002624,Food & Grocery,25,4.28,0.88,0.0,0.0,0.8,0.8058
P003190,Clothing,32,1.47,0.0625,0.9375,0.0625,0.7812,0.8652
P000275,Beauty,15,4.87,1.0,0.0,0.2,0.5333,0.7262
P000823,Clothing,27,4.33,0.8889,0.037,0.1111,0.6296,0.792
P003827,Clothing,23,2.22,0.0435,0.5652,0.0,0.6522,0.846
P000587,Electronics,29,3.83,0.6552,0.069,0.069,0.7241,0.8547
P001507,Beauty,12,2.25,0.0833,0.6667,0.0833,0.5,0.7973
P001358,Home & Kitchen,35,3.03,0.2857,0.3429,0.0571,0.7429,0.7924
P002366,Beauty,14,3.79,0.6429,0.0714,0.0714,0.7857,0.8411
P000127,Clothing,28,1.25,0.0,1.0,0.0,0.6071,0.8233
P002657,Home & Kitchen,22,2.41,0.0,0.4091,0.0,0.7727,0.8816
P000842,Toys & Games,20,2.0,0.0,0.7,0.0,0.85,0.7749
P003675,Toys & Games,6,3.67,0.6667,0.3333,0.1667,0.5,0.7983
P002745,Home & Kitchen,32,2.72,0.1875,0.4688,0.125,0.7188,0.8707
P004547,Automotive,23,3.04,0.2609,0.3043,0.0,0.6957,0.8601
P004775,Electronics,35,4.14,0.8,0.0286,0.0857,0.7714,0.815
P003113,Beauty,21,3.43,0.619,0.1905,0.0,0.5714,0.8292
P003136,Toys & Games,15,4.13,0.8,0.0667,0.0667,0.8667,0.884
P001781,Electronics,29,4.41,1.0,0.0,0.0345,0.7586,0.7769
P004674,Clothing,13,2.23,0.1538,0.7692,0.0769,0.8462,0.7556
P004078,Books,24,4.5,0.9167,0.0,0.0417,0.8333,0.8153
P001242,Clothing,21,4.57,0.9524,0.0,0.0476,0.7619,0.8096
P001318,Electronics,32,3.97,0.6875,0.0,0.0312,0.8438,0.8403
P003712,Beauty,19,4.21,0.8421,0.0526,0.0526,0.7895,0.8778
P004115,Toys & Games,28,1.46,0.0357,0.9286,0.0357,0.7857,0.8683
P004584,Automotive,19,4.0,0.8421,0.1053,0.0526,0.6316,0.8136
P000583,Electronics,17,3.47,0.6471,0.1765,0.0,0.7059,0.6641
P004439,Clothing,21,3.52,0.4762,0.1429,0.0952,0.8095,0.7766
P000739,Home & Kitchen,17,2.94,0.1765,0.3529,0.0588,0.5882,0.8116
P003963,Beauty,16,4.0,0.6875,0.0625,0.0625,0.8125,0.8061
P002483,Electronics,16,4.62,0.9375,0.0,0.0625,0.5625,0.8297
P004840,Electronics,7,3.0,0.1429,0.1429,0.0,0.8571,0.8974
P003051,Health,24,3.25,0.5,0.2083,0.0417,0.8333,0.7733
P000796,Home & Kitchen,6,4.17,1.0,0.0,0.0,0.5,0.7585
P001939,Clothing,17,3.29,0.2353,0.0588,0.0,0.6471,0.8066
P001186,Toys & Games,12,3.58,0.6667,0.1667,0.0833,0.75,0.7522
P003389,Home & Kitchen,13,2.54,0.0769,0.4615,0.0769,0.6923,0.8625
P003813,Books,36,3.36,0.4722,0.25,0.1111,0.8333,0.7535
P003121,Electronics,35,1.2,0.0,1.0,0.0,0.6286,0.8281
P003045,Beauty,32,4.38,0.9062,0.0,0.0625,0.8438,0.7528
P001561,Automotive,18,2.72,0.1667,0.3889,0.0556,0.7222,0.7215
P002274,Health,18,4.72,1.0,0.0,0.1111,0.6667,0.8437
P004913,Home & Kitchen,26,4.15,0.8462,0.0385,0.0769,0.8462,0.8883
P003542,Books,21,4.0,0.7143,0.0476,0.0476,0.9048,0.9059
P003792,Clothing,19,4.26,0.8947,0.0526,0.0526,0.8421,0.7841
P001232,Sports & Outdoors,17,2.65,0.2941,0.5294,0.1765,0.7059,0.7956
P004820,Books,28,3.46,0.4643,0.1071,0.1071,0.7857,0.7751
P003319,Electronics,26,3.73,0.6923,0.1538,0.1923,0.7308,0.8731
P003331,Food & Grocery,24,3.88,0.7083,0.0833,0.0417,0.75,0.8307
P002714,Electronics,23,3.13,0.3478,0.2609,0.087,0.6522,0.8137
P002516,Toys & Games,20,3.1,0.4,0.25,0.05,0.95,0.7157
P003169,Electronics,21,3.19,0.4286,0.3333,0.0952,0.8095,0.862
P001037,Home & Kitchen,36,2.89,0.1667,0.2778,0.0278,0.75,0.7544
P000181,Health,32,3.59,0.5312,0.125,0.0312,0.75,0.8272
P001873,Automotive,14,1.93,0.0,0.6429,0.0,0.7857,0.7476
P004686,Home & Kitchen,21,3.14,0.381,0.2381,0.0952,0.7619,0.7697
P001677,Beauty,17,3.59,0.4706,0.0588,0.1176,0.8235,0.9113
P001733,Beauty,26,1.96,0.0,0.8077,0.0,0.7692,0.732
P001818,Home & Kitchen,19,3.58,0.5263,0.0526,0.0526,0.6842,0.8083
P003054,Toys & Games,37,4.35,0.8919,0.0541,0.0811,0.6216,0.8079
P000750,Health,16,4.44,0.9375,0.0,0.0625,0.875,0.9287
P000836,Books,15,2.33,0.1333,0.5333,0.1333,0.6667,0.8295
P002645,Clothing,30,4.27,0.8667,0.0,0.0333,0.6667,0.8294
P002182,Automotive,15,4.07,0.8,0.0667,0.1333,0.8667,0.8651
P004362,Books,18,4.61,0.9444,0.0,0.0,0.9444,0.7687
P001324,Toys & Games,25,3.12,0.32,0.16,0.08,0.72,0.8144
P003465,Beauty,38,3.74,0.7105,0.1053,0.0263,0.7105,0.8268
P003429,Food & Grocery,12,4.0,0.75,0.0833,0.1667,0.8333,0.7951
P000389,Electronics,29,2.97,0.2759,0.3103,0.069,0.7586,0.8702
P001147,Beauty,22,3.95,0.7273,0.0455,0.0909,0.8182,0.869
P004798,Home & Kitchen,25,2.32,0.08,0.6,0.04,0.76,0.7138
P004606,Clothing,27,2.89,0.3704,0.3333,0.037,0.7407,0.8979
P004911,Electronics,10,4.5,1.0,0.0,0.2,0.8,0.8194
P003762,Clothing,17,3.24,0.4118,0.2353,0.1176,0.7647,0.8292
P001066,Automotive,26,3.38,0.4615,0.1154,0.0385,0.9231,0.9005
P000147,Clothing,17,2.53,0.1176,0.5882,0.1176,0.6471,0.7699
P000174,Food & Grocery,22,1.82,0.0455,0.7727,0.0,0.7727,0.784
P002939,Clothing,33,4.52,0.9394,0.0,0.0303,0.8788,0.7889
P000997,Sports & Outdoors,8,4.38,0.875,0.0,0.125,0.75,0.7106
P000368,Beauty,17,3.71,0.7059,0.1176,0.0,0.7059,0.7775
P003120,Clothing,25,3.96,0.88,0.12,0.08,0.8,0.7984
P001883,Home & Kitchen,21,4.19,0.9524,0.0476,0.0,0.7143,0.7632
P003719,Food & Grocery,28,3.32,0.3929,0.1429,0.1429,0.6429,0.8632
P001849,Home & Kitchen,13,2.31,0.0769,0.6154,0.0,0.6923,0.8919
P000506,Toys & Games,30,3.97,0.7333,0.0333,0.1,0.7333,0.7813
P003667,Clothing,35,3.2,0.4286,0.2,0.0571,0.6571,0.7775
P004516,Clothing,11,2.82,0.2727,0.3636,0.0,0.5455,0.858
P003487,Beauty,13,4.15,0.6923,0.0769,0.2308,0.7692,0.7745
P004147,Electronics,16,4.38,1.0,0.0,0.0625,0.75,0.7475
P002773,Health,26,3.5,0.5385,0.0769,0.0385,0.8077,0.8657
P000052,Electronics,9,4.11,0.8889,0.1111,0.0,0.7778,0.8906
P004016,Books,24,4.21,0.875,0.0833,0.0833,0.875,0.7822
P004999,Home & Kitchen,16,4.56,1.0,0.0,0.0625,0.6875,0.7729
P002420,Food & Grocery,30,4.37,1.0,0.0,0.0333,0.8333,0.8031
P003899,Electronics,18,3.39,0.5556,0.1667,0.0,0.8333,0.8868
P003569,Toys & Games,23,3.87,0.5652,0.0,0.0435,0.8261,0.7435
P002481,Books,37,2.32,0.0811,0.5676,0.0,0.7838,0.8547
P000879,Sports & Outdoors,26,3.08,0.3462,0.2692,0.0769,0.8462,0.7812
P002234,Food & Grocery,38,3.45,0.5,0.1053,0.0,0.8421,0.7776
P004361,Clothing,22,2.55,0.1364,0.5,0.0455,0.8182,0.7671
P004133,Home & Kitchen,18,4.0,0.8333,0.1111,0.0556,0.6667,0.804
P000160,Toys & Games,18,4.39,0.8889,0.0,0.1667,0.8333,0.8396
P002449,Sports & Outdoors,33,3.7,0.6364,0.0909,0.0,0.697,0.8173
P000124,Home & Kitchen,12,4.5,1.0,0.0,0.0833,0.6667,0.8046
P003986,Electronics,20,3.45,0.5,0.15,0.0,0.75,0.8087
P004458,Sports & Outdoors,30,2.77,0.2667,0.3333,0.0333,0.7667,0.801
P000778,Electronics,25,4.2,0.72,0.0,0.08,0.8,0.65
P000261,Electronics,11,4.45,0.9091,0.0,0.0,0.7273,0.7553
P001031,Books,22,4.64,0.9545,0.0455,0.1818,0.8182,0.7935
P000962,Home & Kitchen,19,4.26,0.8947,0.0526,0.0,0.8947,0.8017
P002956,Clothing,23,4.17,0.7826,0.0,0.0,0.6522,0.826
P001261,Electronics,17,2.29,0.0588,0.5882,0.0,0.8235,0.7968
P003608,Clothing,27,3.44,0.5185,0.1111,0.0,0.5926,0.879
P002584,Clothing,16,3.94,0.75,0.0,0.0625,0.625,0.7866
P000450,Sports & Outdoors,33,4.45,0.9394,0.0,0.0303,0.9394,0.8082
P003740,Home & Kitchen,25,3.56,0.6,0.12,0.04,0.64,0.8885
P003378,Food & Grocery,26,3.31,0.4231,0.1538,0.0,0.7308,0.7367
P003898,Home & Kitchen,21,3.1,0.381,0.2857,0.0,0.7619,0.8147
P002607,Sports & Outdoors,23,3.7,0.4783,0.0,0.0435,0.7391,0.8467
P004125,Automotive,18,3.39,0.6667,0.2222,0.0556,0.8333,0.7844
P002213,Health,19,4.53,0.9474,0.0,0.0,0.7368,0.7351
P004467,Electronics,14,3.21,0.3571,0.2143,0.0,0.6429,0.8246
P000965,Food & Grocery,22,3.55,0.5909,0.0909,0.0455,0.6364,0.553
P001382,Electronics,19,3.89,0.6842,0.0,0.0,0.8421,0.7278
P004322,Books,34,3.53,0.5882,0.1471,0.0882,0.7059,0.9215
P002373,Clothing,27,3.15,0.4074,0.2222,0.0741,0.5926,0.8168
P000281,Electronics,12,3.33,0.5,0.1667,0.0833,0.6667,0.8448
P001574,Toys & Games,19,1.95,0.1579,0.7895,0.1053,0.7368,0.8088
P001925,Clothing,19,4.74,1.0,0.0,0.0,0.5263,0.7434
P000468,Food & Grocery,16,4.19,0.875,0.0625,0.125,0.875,0.9199
P002461,Health,36,4.44,0.9167,0.0278,0.0556,0.8056,0.7064
P004410,Electronics,15,2.6,0.2,0.4,0.0,0.7333,0.7831
P000602,Toys & Games,20,2.75,0.3,0.4,0.05,0.55,0.7662
P000386,Automotive,28,4.46,0.9286,0.0357,0.0,0.75,0.8501
P002805,Electronics,38,4.66,0.9737,0.0,0.0526,0.6316,0.8579
P001011,Sports & Outdoors,16,4.88,1.0,0.0,0.0625,0.8125,0.7568
P004299,Books,33,2.36,0.0606,0.5455,0.0606,0.7273,0.8193
P000899,Clothing,24,4.71,0.9583,0.0,0.0417,0.75,0.8084
P002378,Sports & Outdoors,29,4.59,1.0,0.0,0.069,0.7241,0.7948
P003764,Clothing,23,4.04,0.8261,0.0435,0.1304,0.7391,0.8317
P000252,Health,25,4.68,1.0,0.0,0.08,0.84,0.7605
P003843,Sports & Outdoors,23,3.26,0.3913,0.1739,0.0435,0.7391,0.8645
P001681,Beauty,34,3.79,0.6471,0.0294,0.0882,0.7647,0.7934
P000789,Toys & Games,24,2.58,0.2083,0.5,0.0417,0.625,0.7587
P001977,Home & Kitchen,30,3.83,0.6667,0.0667,0.0,0.8,0.8067
P001570,Books,16,4.69,1.0,0.0,0.0625,0.5,0.6514
P004011,Clothing,15,3.8,0.6,0.0667,0.0667,0.9333,0.8631
P001836,Electronics,24,4.29,0.875,0.0417,0.0417,0.875,0.8524
P004760,Food & Grocery,13,3.08,0.3846,0.2308,0.0,0.6923,0.7918
P000521,Health,15,2.47,0.1333,0.5333,0.0,0.8,0.7446
P003273,Sports & Outdoors,25,2.56,0.04,0.48,0.04,0.72,0.8431
P003974,Clothing,28,4.43,0.9286,0.0357,0.1071,0.75,0.7695
P001807,Electronics,16,3.31,0.3125,0.125,0.0,0.75,0.7844
P001648,Toys & Games,9,3.89,0.7778,0.0,0.0,0.5556,0.893
P000122,Sports & Outdoors,20,3.65,0.5,0.1,0.05,0.85,0.8504
P004822,Clothing,20,1.95,0.1,0.85,0.05,0.8,0.833
P002429,Sports & Outdoors,21,4.0,0.7619,0.0952,0.0952,0.7143,0.7859
P000758,Food & Grocery,41,4.39,0.878,0.0,0.122,0.7805,0.8667
P000644,Clothing,30,4.5,0.9333,0.0,0.0667,0.7333,0.7614
P001046,Clothing,35,3.46,0.5714,0.1429,0.0286,0.7143,0.8144
P002484,Clothing,12,3.25,0.3333,0.1667,0.1667,0.6667,0.8724
P000978,Home & Kitchen,17,3.35,0.4706,0.2353,0.0588,0.5882,0.8564
P003836,Home & Kitchen,26,4.12,0.8077,0.1154,0.0385,0.6538,0.834
P000136,Electronics,38,4.68,0.9737,0.0263,0.0526,0.8158,0.7701
P001149,Books,18,3.11,0.3889,0.2222,0.1111,0.6667,0.8155
P004609,Electronics,24,2.38,0.0417,0.5,0.0,0.7917,0.781
P003300,Electronics,25,2.16,0.12,0.6,0.04,0.76,0.8161
P000119,Home & Kitchen,21,2.0,0.0952,0.8095,0.0952,0.7143,0.9024
P004388,Electronics,21,1.33,0.0,0.9524,0.0,0.8095,0.8391
P000637,Beauty,11,3.73,0.4545,0.0,0.0,0.6364,0.851
P002227,Beauty,24,4.46,0.9167,0.0,0.0417,0.5833,0.7512
P003693,Electronics,27,4.37,0.8889,0.0,0.0,0.7407,0.795
P001562,Sports & Outdoors,27,3.15,0.3704,0.2222,0.037,0.6296,0.8121
P000346,Toys & Games,32,3.66,0.625,0.125,0.0625,0.75,0.7947
P002192,Books,24,4.71,1.0,0.0,0.0833,0.7917,0.8208
P002704,Toys & Games,22,1.86,0.0909,0.7727,0.0,0.5909,0.8545
P001989,Automotive,30,3.8,0.7333,0.0667,0.0333,0.7333,0.675
P002479,Home & Kitchen,27,2.41,0.0741,0.4815,0.037,0.5926,0.8528
P002691,Food & Grocery,21,3.29,0.4286,0.1429,0.0,0.6667,0.8147
P004603,Automotive,35,3.49,0.5714,0.1429,0.0286,0.8,0.741
P001823,Books,17,4.06,0.8824,0.1176,0.1765,0.7647,0.8205
P000578,Sports & Outdoors,22,3.32,0.5909,0.2273,0.0,0.7273,0.8009
P002133,Automotive,14,3.0,0.3571,0.2857,0.0,0.7857,0.9406
P003825,Beauty,38,4.08,0.7895,0.0526,0.0526,0.8158,0.7646
P004649,Clothing,40,2.9,0.25,0.3,0.125,0.825,0.7593
P000652,Health,29,4.31,0.8276,0.1034,0.1034,0.8966,0.643
P002341,Electronics,12,2.42,0.0833,0.5833,0.0,0.6667,0.8451
P000476,Clothing,26,4.12,0.8077,0.0769,0.0385,0.7692,0.7799
P001906,Home & Kitchen,14,2.07,0.0714,0.7143,0.0,0.7143,0.6234
P000039,Clothing,39,2.69,0.2051,0.3846,0.0256,0.7436,0.7229
P000549,Beauty,20,3.9,0.65,0.1,0.1,0.75,0.8306
P000546,Home & Kitchen,33,4.06,0.7273,0.0303,0.1212,0.6667,0.8589
P004938,Beauty,23,3.26,0.3913,0.1739,0.1304,0.6087,0.8087
P002100,Clothing,31,4.16,0.871,0.0645,0.1613,0.8065,0.8458
P000540,Toys & Games,36,3.06,0.3333,0.2222,0.0833,0.8611,0.8731
P004047,Clothing,28,4.07,0.8214,0.0357,0.0357,0.6786,0.8826
P003673,Clothing,24,3.12,0.4167,0.2917,0.0417,0.7083,0.7983
P002235,Beauty,25,2.52,0.2,0.48,0.04,0.64,0.7935
P000964,Electronics,18,4.33,0.8889,0.0,0.0,0.5556,0.9083
P001647,Clothing,13,4.0,0.8462,0.1538,0.0769,0.9231,0.7509
P002445,Books,36,2.06,0.0,0.6944,0.0,0.7222,0.8345
P001276,Clothing,28,3.5,0.5357,0.1786,0.1071,0.7857,0.8538
P004560,Beauty,19,4.21,0.8421,0.0,0.0526,0.6316,0.8179
P002546,Home & Kitchen,12,3.58,0.5833,0.0833,0.0833,0.75,0.8499
P004844,Home & Kitchen,24,4.08,0.7917,0.0833,0.0833,0.8333,0.7546
P000529,Toys & Games,15,4.67,1.0,0.0,0.0667,0.6667,0.8186
P000621,Toys & Games,19,2.11,0.0526,0.6842,0.0526,0.6842,0.8236
P003141,Clothing,24,3.67,0.625,0.1667,0.0833,0.7083,0.7234
P001418,Books,24,4.83,1.0,0.0,0.0417,0.8333,0.7472
P000666,Beauty,20,4.0,0.8,0.0,0.0,0.7,0.8544
P002009,Electronics,18,3.67,0.7222,0.0556,0.0,0.6667,0.7338
P003099,Clothing,18,4.11,0.7778,0.0556,0.0556,0.7222,0.7463
P000242,Toys & Games,18,4.17,0.8333,0.0,0.0,0.8333,0.8963
P002738,Books,30,3.3,0.4,0.2,0.0333,0.5667,0.748
P003263,Electronics,14,4.64,1.0,0.0,0.0,0.5,0.7709
P001591,Clothing,39,3.69,0.6667,0.1282,0.0769,0.7436,0.7874
P003042,Food & Grocery,14,4.43,0.9286,0.0,0.0,0.7857,0.7464
P004081,Home & Kitchen,8,4.0,0.625,0.0,0.0,0.875,0.7863
P000493,Sports & Outdoors,11,2.18,0.0,0.7273,0.0,0.7273,0.8781
P002677,Home & Kitchen,23,3.43,0.5217,0.1739,0.0,0.6522,0.8526
P001555,Clothing,21,4.38,0.8571,0.0,0.0952,0.7619,0.8851
P000059,Electronics,4,2.0,0.0,0.75,0.0,0.75,0.7045
P003917,Books,22,3.95,0.8182,0.0,0.0455,0.4545,0.8538
P003071,Electronics,19,1.79,0.0526,0.8947,0.0,0.7368,0.7571
P003587,Home & Kitchen,18,1.94,0.0,0.6667,0.0,0.7778,0.884
P000367,Toys & Games,24,4.62,1.0,0.0,0.0,0.7083,0.7665
P001936,Electronics,12,2.67,0.0833,0.4167,0.0,0.75,0.7366
P001490,Home & Kitchen,22,3.5,0.5455,0.0909,0.0,0.6364,0.842
P003754,Beauty,8,3.38,0.375,0.125,0.25,0.75,0.6339
P001846,Sports & Outdoors,12,2.92,0.25,0.1667,0.0833,0.75,0.8772
P001049,Health,18,3.39,0.5556,0.1667,0.0556,0.8333,0.6898
P003805,Electronics,21,4.38,0.9524,0.0476,0.0476,0.6667,0.8239
P004483,Toys & Games,27,3.41,0.5185,0.1852,0.0741,0.7407,0.839
P003260,Electronics,22,1.73,0.0455,0.9091,0.0455,0.8182,0.8294
P004883,Sports & Outdoors,21,3.29,0.5714,0.1905,0.0,0.8095,0.7759
P003619,Clothing,33,3.55,0.5455,0.0909,0.0303,0.8182,0.8355
P001182,Electronics,25,1.88,0.08,0.84,0.08,0.88,0.7249
P001544,Electronics,14,3.07,0.2857,0.2143,0.0714,0.7143,0.809
P002369,Home & Kitchen,13,2.77,0.1538,0.3077,0.0,0.8462,0.7367
P000106,Beauty,29,3.97,0.6897,0.069,0.069,0.7931,0.8555
P004476,Sports & Outdoors,20,3.0,0.3,0.35,0.0,0.75,0.898
P000408,Toys & Games,27,4.04,0.7407,0.037,0.0741,0.7407,0.8133
P000866,Health,17,3.59,0.7059,0.1176,0.0,0.8235,0.7177
P002686,Beauty,17,3.59,0.5882,0.1765,0.0,0.7059,0.668
P003989,Automotive,29,3.34,0.4828,0.1724,0.0,0.7586,0.8109
P000074,Clothing,20,3.8,0.65,0.05,0.0,0.85,0.7408
P003499,Home & Kitchen,32,4.53,1.0,0.0,0.0625,0.7812,0.7608
P001351,Toys & Games,23,3.48,0.5217,0.1304,0.1739,0.6522,0.7537
P000669,Clothing,20,3.8,0.8,0.1,0.0,0.85,0.7307
P003671,Home & Kitchen,31,3.68,0.5161,0.0323,0.0323,0.7097,0.8541
P004452,Automotive,29,4.24,0.8621,0.0,0.1379,0.8276,0.7711
P002680,Home & Kitchen,23,4.65,1.0,0.0,0.087,0.7391,0.8065
P004698,Home & Kitchen,29,3.48,0.4828,0.1379,0.0,0.6207,0.8011
P003797,Sports & Outdoors,20,3.2,0.4,0.2,0.05,0.8,0.8871
P001913,Health,27,3.19,0.3704,0.1852,0.037,0.8519,0.7339
P004687,Clothing,16,4.0,0.75,0.0,0.0,0.75,0.8618
P000983,Beauty,28,4.71,1.0,0.0,0.0,0.6429,0.8031
P002725,Electronics,20,2.75,0.1,0.3,0.0,0.8,0.8768
P000672,Books,21,1.9,0.0,0.8095,0.0,0.7143,0.8061
P000675,Sports & Outdoors,11,3.91,0.7273,0.0,0.0909,0.9091,0.8947
P001546,Home & Kitchen,26,4.31,0.9231,0.0,0.1154,0.8077,0.8308
P003999,Clothing,24,3.96,0.7083,0.0,0.0417,0.8333,0.7563
P004968,Clothing,23,3.91,0.7391,0.0435,0.0435,0.6522,0.7816
P002634,Sports & Outdoors,21,2.48,0.0476,0.5238,0.0476,0.7619,0.8077
P003347,Toys & Games,26,3.69,0.6154,0.1154,0.0385,0.7308,0.7956
P001420,Automotive,13,4.77,1.0,0.0,0.0769,0.4615,0.7087
P003364,Sports & Outdoors,11,1.82,0.0909,0.9091,0.0909,0.6364,0.7993
P001848,Sports & Outdoors,19,3.26,0.5263,0.2632,0.0,0.8421,0.8383
P000783,Home & Kitchen,29,3.48,0.5172,0.1034,0.069,0.6897,0.7715
P002888,Food & Grocery,21,3.24,0.381,0.1905,0.0952,0.6667,0.8279
P000833,Home & Kitchen,16,4.0,0.75,0.125,0.125,0.6875,0.7901
P004015,Books,21,4.05,0.7619,0.0476,0.0952,0.6667,0.772
P002387,Automotive,32,3.62,0.5938,0.0312,0.0,0.8438,0.891
P003571,Toys & Games,45,4.6,0.9556,0.0,0.0444,0.6222,0.8068
P002282,Clothing,17,3.06,0.4118,0.2941,0.0588,0.7059,0.8323
P003878,Food & Grocery,37,4.41,0.8378,0.0,0.0811,0.8108,0.8928
P004425,Sports & Outdoors,23,2.35,0.087,0.6522,0.087,0.6522,0.7923
P001852,Health,23,3.83,0.6957,0.0435,0.1304,0.6957,0.8807
P003598,Health,39,3.0,0.2051,0.2051,0.0769,0.641,0.7623
P004828,Home & Kitchen,38,2.05,0.0526,0.7368,0.0526,0.7895,0.7259
P004907,Health,19,1.37,0.0,1.0,0.0,0.9474,0.8354
P003988,Home & Kitchen,42,3.6,0.5714,0.1429,0.0238,0.6429,0.8367
P004735,Health,25,3.92,0.76,0.08,0.04,0.68,0.856
P000254,Clothing,19,4.74,1.0,0.0,0.1579,0.7895,0.7569
P000295,Health,24,4.29,0.875,0.0417,0.0417,0.8333,0.7736
P000271,Electronics,12,3.0,0.25,0.25,0.0833,0.9167,0.7754
P000461,Books,27,2.48,0.1481,0.5556,0.0741,0.6667,0.7832
P000307,Home & Kitchen,25,4.16,0.8,0.04,0.08,0.72,0.7394
P002514,Electronics,27,4.44,0.9259,0.0,0.1481,0.8519,0.7543
P000523,Electronics,29,3.31,0.4483,0.1034,0.0,0.6897,0.7769
P001474,Books,24,3.67,0.625,0.0833,0.0417,0.5417,0.6698
P001516,Clothing,33,1.39,0.0606,0.9394,0.0606,0.7576,0.7597
P004925,Home & Kitchen,23,3.91,0.6522,0.0435,0.0,0.8261,0.7327
P001499,Home & Kitchen,33,3.55,0.4545,0.1212,0.0606,0.6667,0.7606
P004529,Clothing,12,3.08,0.3333,0.25,0.0,0.5,0.8249
P001030,Home & Kitchen,14,4.79,1.0,0.0,0.1429,0.5714,0.718
P000908,Electronics,16,3.75,0.5,0.0625,0.125,0.9375,0.8575
P002876,Clothing,14,1.79,0.0,0.8571,0.0,0.8571,0.8884
P003363,Sports & Outdoors,28,3.61,0.6429,0.1429,0.0357,0.75,0.8405
P001565,Toys & Games,25,1.8,0.12,0.8,0.12,0.72,0.7815
P003940,Electronics,19,4.26,0.8421,0.0,0.1053,0.5263,0.9224
P000627,Toys & Games,21,3.1,0.2857,0.2381,0.0952,0.8571,0.7699
P000332,Clothing,12,3.58,0.6667,0.1667,0.0,0.6667,0.8325
P004967,Home & Kitchen,42,4.38,0.9048,0.0238,0.0952,0.7381,0.7528
P003590,Clothing,17,2.35,0.0,0.4706,0.0,0.8235,0.6657
P003238,Clothing,29,3.17,0.3448,0.2414,0.069,0.7931,0.7883
P004648,Clothing,30,3.43,0.5,0.1333,0.0667,0.8,0.856
P000078,Sports & Outdoors,21,4.1,0.7619,0.0,0.0,0.5714,0.7886
P003524,Home & Kitchen,20,4.0,0.75,0.1,0.05,0.55,0.8096
P004705,Electronics,40,4.28,0.825,0.05,0.05,0.8,0.7645
P000345,Toys & Games,13,3.77,0.7692,0.1538,0.0769,0.6923,0.8749
P000731,Clothing,29,2.48,0.069,0.4483,0.069,0.7586,0.8581
P002228,Electronics,33,1.91,0.0303,0.7879,0.0303,0.7879,0.7961
P001010,Home & Kitchen,31,2.42,0.0968,0.5484,0.0323,0.871,0.8704
P001248,Clothing,32,3.66,0.5,0.0312,0.0625,0.75,0.779
P004210,Clothing,18,1.78,0.0556,0.8333,0.0556,0.6667,0.8574
P002299,Electronics,29,2.62,0.2069,0.4483,0.0345,0.8276,0.8074
P004590,Health,10,1.7,0.1,0.9,0.1,0.6,0.5995
P002651,Automotive,26,2.35,0.0385,0.5769,0.0,0.7692,0.7978
P004706,Clothing,33,4.39,0.8788,0.0,0.0303,0.697,0.7925
P002460,Books,24,4.04,0.7917,0.0,0.0417,0.7917,0.7862
P003285,Clothing,16,2.0,0.125,0.8125,0.125,0.5,0.8781
P001468,Clothing,24,4.21,0.8333,0.0,0.125,0.7083,0.8323
P001257,Beauty,25,4.4,0.92,0.0,0.0,0.52,0.8188
P004062,Beauty,17,3.82,0.7059,0.0588,0.0588,0.7647,0.9261
P000707,Toys & Games,29,4.0,0.7931,0.069,0.0,0.6897,0.7749
P001859,Clothing,14,2.71,0.1429,0.4286,0.0714,0.5,0.773
P000663,Clothing,23,2.0,0.0435,0.6957,0.0,0.7391,0.8587
P002179,Clothing,12,1.75,0.0,0.75,0.0,0.75,0.8373
P000445,Clothing,22,2.14,0.0909,0.6818,0.0,0.8636,0.8318
P003640,Books,20,4.0,0.75,0.05,0.15,0.8,0.6521
P002470,Clothing,27,4.0,0.8148,0.037,0.0,0.5556,0.8319
P001825,Beauty,14,4.79,1.0,0.0,0.0,0.5714,0.8027
P004897,Clothing,32,4.09,0.8125,0.0312,0.125,0.6562,0.8217
P002988,Books,16,3.56,0.5,0.0625,0.0,0.5,0.6434
P001234,Beauty,31,3.84,0.7742,0.0968,0.0968,0.7419,0.8557
P000126,Books,36,3.22,0.3889,0.25,0.1389,0.7222,0.7165
P000837,Beauty,18,2.94,0.3889,0.3333,0.0,0.6111,0.7652
P000056,Toys & Games,10,4.0,0.6,0.1,0.1,0.8,0.8117
P000246,Health,23,2.74,0.3043,0.3913,0.087,0.7391,0.8009
P003309,Sports & Outdoors,24,3.79,0.5417,0.0833,0.2083,0.6667,0.8503
P000682,Clothing,11,3.09,0.3636,0.1818,0.0,0.7273,0.9416
P002242,Electronics,22,3.5,0.4545,0.0455,0.0455,0.9091,0.8956
P004039,Home & Kitchen,30,2.73,0.1,0.2667,0.0667,0.8,0.7711
P000289,Books,29,4.07,0.6552,0.069,0.1379,0.5172,0.806
P002609,Sports & Outdoors,34,4.06,0.7941,0.0294,0.0588,0.6176,0.8781
P003470,Automotive,28,3.39,0.4286,0.1429,0.0714,0.7143,0.9059
P004747,Home & Kitchen,33,2.79,0.2424,0.4242,0.0909,0.697,0.8783
P004873,Beauty,23,3.7,0.5652,0.1304,0.1304,0.6522,0.7313
P000826,Electronics,11,4.09,0.9091,0.0,0.0,0.6364,0.8155
P002263,Home & Kitchen,28,2.75,0.1786,0.4286,0.0357,0.75,0.796
P002358,Books,16,4.0,0.75,0.0625,0.125,0.6875,0.821
P000427,Clothing,20,3.8,0.7,0.1,0.05,0.85,0.814
P001578,Health,29,3.45,0.5862,0.1724,0.0345,0.7241,0.8896
P003893,Books,19,4.21,0.8421,0.0526,0.1579,0.8421,0.7646
P001078,Books,24,2.46,0.125,0.5833,0.0417,0.7917,0.759
P000264,Electronics,18,4.61,1.0,0.0,0.0556,0.5,0.7047
P000071,Clothing,24,3.88,0.7083,0.0417,0.0417,0.6667,0.7405
P001328,Books,21,2.43,0.0952,0.5238,0.0952,0.8095,0.8788
P000488,Clothing,23,1.87,0.087,0.8261,0.1304,0.7826,0.6627
P002071,Health,19,4.68,1.0,0.0,0.0,0.6842,0.8977
P002856,Food & Grocery,27,3.11,0.4074,0.2222,0.037,0.7407,0.7576
P003082,Electronics,28,3.68,0.7143,0.1071,0.0714,0.7143,0.7427
P002220,Clothing,19,2.63,0.2105,0.4211,0.0526,0.7368,0.7743
P003902,Toys & Games,19,3.05,0.3158,0.2632,0.1053,0.7368,0.8864
P001160,Toys & Games,24,4.38,0.9167,0.0,0.0417,0.75,0.7763
P000938,Electronics,31,3.23,0.4194,0.2258,0.0645,0.8065,0.8202
P003330,Clothing,32,2.78,0.3125,0.3438,0.0312,0.625,0.8475
P000430,Toys & Games,13,2.0,0.0,0.6923,0.0,0.8462,0.8855
P001863,Automotive,6,4.17,1.0,0.0,0.0,1.0,0.7132
P000013,Sports & Outdoors,16,3.44,0.375,0.125,0.0625,0.5625,0.6081
P003031,Toys & Games,21,3.57,0.5238,0.0476,0.0,0.7619,0.9219
P000033,Clothing,39,2.95,0.2051,0.2564,0.0769,0.6923,0.8081
P004508,Clothing,18,4.33,0.8333,0.0,0.1667,0.6667,0.7484
P003005,Electronics,18,2.28,0.2222,0.6667,0.1667,0.7778,0.7723
P001679,Health,28,1.71,0.0357,0.8929,0.0357,0.8929,0.8118
P000344,Sports & Outdoors,27,4.74,0.9259,0.0,0.037,0.7778,0.7903
P000180,Beauty,18,4.5,0.9444,0.0,0.0556,0.7778,0.9336
P002310,Health,24,4.29,0.8333,0.0,0.125,0.8333,0.8182
P004800,Beauty,20,4.2,0.85,0.05,0.05,0.75,0.7805
P000209,Electronics,29,4.76,1.0,0.0,0.1034,0.7241,0.8529
P003063,Clothing,30,2.43,0.1,0.5333,0.0667,0.7,0.9178
P004626,Sports & Outdoors,25,4.36,0.92,0.08,0.04,0.76,0.8056
P001267,Electronics,25,2.36,0.12,0.52,0.08,0.84,0.7938
P001421,Beauty,19,4.47,1.0,0.0,0.1053,0.7368,0.9254
P004497,Home & Kitchen,29,3.72,0.6207,0.0345,0.0,0.7241,0.8467
P001462,Books,9,2.67,0.3333,0.5556,0.1111,1.0,0.8083
P000177,Home & Kitchen,26,4.31,0.8462,0.0769,0.0769,0.7308,0.8202
P003760,Electronics,18,3.39,0.3333,0.1111,0.1667,0.7222,0.6838
P003514,Automotive,24,3.12,0.3333,0.2083,0.0417,0.7917,0.7445
P000467,Sports & Outdoors,10,2.7,0.2,0.4,0.0,0.8,0.7504
P002443,Clothing,15,3.33,0.6667,0.2,0.0667,0.6,0.7595
P000850,Automotive,31,3.16,0.2903,0.1613,0.129,0.8065,0.6433
P001881,Books,28,3.79,0.7143,0.1786,0.0714,0.7857,0.8368
P004151,Clothing,26,3.96,0.8462,0.0769,0.0,0.7308,0.8918
P004354,Electronics,16,2.12,0.0625,0.6875,0.0625,0.625,0.8236
P002742,Health,12,4.58,0.9167,0.0,0.0,0.8333,0.847
P002850,Home & Kitchen,32,2.84,0.3125,0.375,0.0625,0.6562,0.7939
P000932,Home & Kitchen,23,4.61,0.9565,0.0,0.0435,0.7391,0.719
P000693,Clothing,14,4.57,1.0,0.0,0.0714,0.8571,0.9313
P001493,Sports & Outdoors,23,4.43,0.9565,0.0,0.1304,0.8261,0.8346
P003360,Sports & Outdoors,26,2.35,0.1538,0.6923,0.0769,0.7308,0.7926
P004236,Electronics,28,3.14,0.3929,0.2857,0.1071,0.8571,0.7227
P001258,Toys & Games,19,4.53,0.9474,0.0,0.1053,0.7368,0.8874
P001012,Sports & Outdoors,22,2.41,0.1364,0.6364,0.0909,0.7273,0.8246
P000208,Beauty,18,4.39,0.9444,0.0556,0.1111,0.8889,0.7469
P003468,Clothing,13,4.54,0.9231,0.0,0.0,0.5385,0.8512
P003763,Electronics,25,3.8,0.68,0.12,0.04,0.8,0.8418
P000165,Books,14,4.36,0.8571,0.0714,0.0,0.7143,0.6523
P004739,Electronics,39,3.74,0.641,0.0769,0.0513,0.7949,0.8065
P001226,Health,15,2.07,0.0667,0.6,0.0,0.6667,0.8223
P003348,Sports & Outdoors,23,2.48,0.1304,0.6522,0.087,0.6522,0.7753
P002253,Home & Kitchen,33,4.7,1.0,0.0,0.0,0.697,0.8194
P003483,Toys & Games,27,3.48,0.4815,0.1481,0.037,0.7407,0.791
P002236,Health,36,3.25,0.4444,0.1944,0.0556,0.8611,0.8868
P002841,Toys & Games,7,2.29,0.1429,0.5714,0.0,0.8571,0.8671
P003490,Books,18,4.5,0.9444,0.0,0.0,0.8889,0.7084
P001695,Beauty,15,3.73,0.6,0.1333,0.0667,0.7333,0.8633
P000625,Automotive,26,3.38,0.5769,0.2308,0.0,0.7692,0.8316
P000974,Food & Grocery,20,3.65,0.5,0.05,0.0,0.7,0.8905
P000249,Home & Kitchen,33,4.67,0.9697,0.0,0.0606,0.8182,0.8256
P004152,Books,13,3.23,0.3846,0.2308,0.1538,0.7692,0.7074
P003739,Toys & Games,22,4.23,0.8636,0.0,0.0,0.7273,0.8248
P002753,Toys & Games,12,2.92,0.25,0.25,0.0,0.8333,0.8874
P003869,Sports & Outdoors,9,4.33,0.8889,0.0,0.0,0.5556,0.862
P000732,Electronics,16,2.25,0.1875,0.75,0.1875,0.8125,0.7955
P001743,Electronics,29,4.28,0.8276,0.0,0.069,0.8621,0.6865
P001390,Electronics,17,4.59,0.9412,0.0588,0.0,0.7647,0.8596
P003612,Clothing,14,4.14,0.9286,0.0714,0.0714,0.7143,0.7576
P003785,Books,12,3.33,0.5,0.25,0.0833,0.8333,0.9344
P003214,Sports & Outdoors,15,3.4,0.4,0.2,0.0,1.0,0.8448
P004440,Clothing,9,2.67,0.3333,0.4444,0.1111,0.7778,0.7211
P003911,Books,8,2.62,0.125,0.25,0.0,0.625,0.7638
P004083,Beauty,22,4.77,0.9545,0.0,0.0455,0.9091,0.7984
P002241,Clothing,21,2.95,0.4762,0.381,0.0476,0.7619,0.8529
P000353,Books,23,2.91,0.1739,0.1739,0.0,0.7391,0.8088
P002404,Health,31,4.16,0.7419,0.0323,0.0323,0.7419,0.7681
P003397,Electronics,22,3.82,0.7727,0.1364,0.0455,0.7273,0.8639
P003182,Clothing,23,2.83,0.1739,0.2609,0.0,0.6087,0.843
P000340,Food & Grocery,21,4.52,0.9524,0.0,0.0476,0.7143,0.7672
P004367,Home & Kitchen,11,3.27,0.5455,0.1818,0.0,0.7273,0.8716
P004023,Clothing,21,2.62,0.1429,0.4286,0.0476,0.8095,0.7183
P004217,Beauty,15,4.13,0.8,0.0667,0.2,0.6667,0.9143
P001218,Books,27,3.44,0.4815,0.1481,0.0,0.8148,0.9121
P000308,Sports & Outdoors,10,3.3,0.4,0.2,0.1,0.8,0.7713
P001252,Electronics,23,4.22,0.8696,0.0435,0.0,0.6957,0.892
P001429,Toys & Games,30,3.37,0.5333,0.2,0.0667,0.6667,0.8971
P004576,Clothing,20,3.8,0.6,0.0,0.1,0.7,0.7995
P003286,Sports & Outdoors,18,3.72,0.6667,0.1667,0.0556,0.8333,0.7787
P004358,Clothing,15,4.33,0.9333,0.0667,0.1333,0.8,0.848
P004495,Clothing,23,1.74,0.0,0.7826,0.0,0.6087,0.7646
P000159,Beauty,14,4.64,0.9286,0.0714,0.0,0.7857,0.7566
P001969,Home & Kitchen,35,3.51,0.5714,0.1714,0.0857,0.7143,0.7703
P002155,Sports & Outdoors,23,4.7,0.9565,0.0,0.087,0.6957,0.6672
P004732,Food & Grocery,27,4.52,0.963,0.037,0.1111,0.8148,0.7777
P002284,Beauty,20,3.75,0.65,0.1,0.05,0.6,0.8145
P004218,Electronics,23,4.65,1.0,0.0,0.0,0.8696,0.8173
P001446,Books,16,3.31,0.375,0.25,0.125,0.75,0.8746
P000011,Home & Kitchen,27,1.93,0.037,0.8519,0.037,0.8148,0.7114
P000137,Food & Grocery,23,4.57,0.8696,0.0,0.0,0.6522,0.7842
P002384,Electronics,29,4.69,0.9655,0.0,0.0345,0.7241,0.8296
P002952,Toys & Games,24,4.25,0.8333,0.0417,0.0417,0.7083,0.7839
P000401,Clothing,41,4.41,0.878,0.0,0.0244,0.6829,0.8109
P003945,Electronics,20,3.05,0.25,0.25,0.05,0.8,0.7747
P000329,Sports & Outdoors,16,4.5,0.9375,0.0,0.0,0.875,0.7576
P002210,Electronics,28,4.21,0.7857,0.0357,0.0357,0.6429,0.7627
P002320,Food & Grocery,28,2.68,0.1429,0.3929,0.0714,0.4643,0.8927
P002676,Books,20,3.1,0.35,0.25,0.05,0.9,0.8228
P001509,Clothing,17,3.35,0.4118,0.1176,0.0,0.6471,0.8623
P001142,Toys & Games,24,3.96,0.7083,0.0417,0.0,0.75,0.8534
P000544,Automotive,32,3.47,0.4375,0.0625,0.0312,0.7188,0.8393
P004280,Beauty,15,3.2,0.4,0.2,0.1333,0.7333,0.7564
P002407,Books,30,4.5,0.9333,0.0,0.0667,0.8,0.748
P004232,Electronics,19,4.58,1.0,0.0,0.1053,0.6316,0.7847
P002342,Electronics,26,4.5,0.9615,0.0,0.1154,0.8077,0.8045
P002261,Beauty,14,4.86,1.0,0.0,0.0,0.8571,0.8014
P001721,Electronics,38,4.08,0.7368,0.0263,0.0789,0.7895,0.7797
P001901,Sports & Outdoors,26,3.38,0.4231,0.1154,0.0385,0.8462,0.7787
P003245,Electronics,23,3.43,0.4783,0.087,0.0435,0.6087,0.8152
P001789,Health,23,4.3,0.8696,0.0,0.0435,0.8261,0.8692
P004430,Electronics,17,3.24,0.2353,0.1176,0.0588,0.8235,0.6522
P003301,Food & Grocery,20,3.4,0.45,0.1,0.05,0.9,0.7341
P002783,Sports & Outdoors,36,3.75,0.6389,0.1111,0.1389,0.7222,0.8372
P002793,Beauty,22,4.09,0.7727,0.0455,0.1818,0.5909,0.761
P004575,Health,16,2.56,0.3125,0.4375,0.0,0.75,0.885
P002396,Automotive,33,1.61,0.0909,0.9091,0.0909,0.8485,0.7945
P002448,Home & Kitchen,18,4.17,0.7778,0.0,0.0,0.7778,0.6009
P000936,Clothing,20,4.25,0.9,0.0,0.05,0.8,0.751
P002431,Toys & Games,36,3.33,0.5278,0.25,0.0833,0.8611,0.7668
P004298,Sports & Outdoors,22,4.5,0.9091,0.0455,0.1364,0.7273,0.8474
P001250,Food & Grocery,36,2.75,0.2778,0.3889,0.0,0.75,0.8544
P004128,Home & Kitchen,26,3.92,0.6923,0.0769,0.0769,0.7692,0.869
P002086,Clothing,33,4.12,0.8485,0.0606,0.0,0.7576,0.73
P003174,Automotive,19,3.74,0.6316,0.1579,0.0526,0.7895,0.6632
P002277,Books,12,3.33,0.5,0.1667,0.0833,0.75,0.6211
P002567,Electronics,20,3.0,0.3,0.45,0.2,0.7,0.6831
P002748,Clothing,18,4.67,0.9444,0.0,0.0556,0.6667,0.7462
P001145,Home & Kitchen,20,3.2,0.4,0.2,0.1,0.75,0.7548
P000777,Sports & Outdoors,13,3.38,0.4615,0.1538,0.0769,0.7692,0.783
P003941,Electronics,20,4.6,0.95,0.05,0.05,0.8,0.8122
P003452,Books,30,2.97,0.3333,0.3,0.0667,0.8667,0.8056
P004396,Home & Kitchen,21,4.1,0.7619,0.0,0.0952,0.7143,0.807
P002197,Electronics,17,4.35,0.8824,0.0588,0.0,0.7059,0.8139
P003880,Home & Kitchen,21,3.71,0.7619,0.1429,0.0952,0.5714,0.7965
P004320,Home & Kitchen,20,3.3,0.45,0.15,0.05,0.8,0.8293
P002662,Home & Kitchen,22,4.64,0.9545,0.0,0.0455,0.7273,0.7006
P004540,Home & Kitchen,36,4.58,0.9722,0.0,0.0556,0.6944,0.8261
P000928,Health,12,3.67,0.75,0.0833,0.0,0.6667,0.8517
P002900,Home & Kitchen,13,4.46,0.8462,0.0769,0.0769,0.6154,0.6671
P001865,Sports & Outdoors,18,3.67,0.6111,0.1111,0.0,0.7222,0.8034
P004060,Toys & Games,18,4.56,0.8889,0.0,0.0556,0.6667,0.8158
P003936,Clothing,25,3.2,0.4,0.24,0.12,0.72,0.8177
P000821,Electronics,24,4.62,1.0,0.0,0.0417,0.7083,0.866
P003283,Clothing,29,2.38,0.1724,0.5517,0.0,0.6552,0.8212
P004269,Toys & Games,22,3.05,0.2727,0.2727,0.0909,0.6818,0.8934
P001293,Books,26,4.62,0.9231,0.0,0.0,0.6923,0.793
P001683,Beauty,11,4.18,0.8182,0.0,0.0,0.9091,0.781
P000095,Clothing,25,2.52,0.08,0.48,0.0,0.76,0.8199
P003370,Home & Kitchen,17,3.18,0.2941,0.2941,0.0588,0.8824,0.9231
P004044,Food & Grocery,20,4.1,0.65,0.0,0.05,0.65,0.7822
P000535,Electronics,17,4.59,0.9412,0.0,0.1765,0.5882,0.7824
P000257,Toys & Games,15,3.67,0.6667,0.1333,0.0,0.7333,0.7207
P004793,Clothing,11,2.18,0.0909,0.5455,0.0,0.8182,0.9044
P001246,Clothing,21,3.05,0.1905,0.2381,0.0,0.7619,0.8293
P002414,Books,27,4.52,0.8889,0.037,0.0741,0.8148,0.7909
P001361,Sports & Outdoors,16,3.56,0.5,0.0625,0.0625,0.8125,0.8354
P001746,Sports & Outdoors,24,4.71,0.9583,0.0,0.0,0.5833,0.7809
P002090,Home & Kitchen,23,2.78,0.2174,0.3913,0.0,0.913,0.7455
P001201,Books,24,4.42,0.875,0.0,0.125,0.6667,0.77
P000720,Food & Grocery,14,2.93,0.3571,0.4286,0.0714,0.5714,0.7793
P000110,Health,19,3.95,0.7368,0.1053,0.0526,0.6316,0.7901
P001114,Food & Grocery,21,2.05,0.0476,0.7143,0.0476,0.8095,0.9504
P002435,Beauty,11,4.91,1.0,0.0,0.0909,0.8182,0.7645
P003043,Toys & Games,12,3.42,0.5,0.0833,0.0,0.5833,0.83
P001891,Clothing,30,2.8,0.3,0.4333,0.1333,0.7333,0.7699
P000673,Automotive,20,3.55,0.5,0.05,0.1,0.8,0.7472
P004742,Clothing,25,3.76,0.64,0.16,0.08,0.76,0.7064
P001364,Electronics,29,3.28,0.4138,0.1724,0.0,0.8276,0.8761
P000054,Sports & Outdoors,15,4.2,0.8667,0.0667,0.0667,0.6667,0.7674
P002108,Automotive,25,3.76,0.72,0.16,0.12,0.76,0.8998
P002482,Clothing,21,4.48,0.9048,0.0476,0.0952,0.8095,0.6567
P003925,Clothing,26,4.58,0.9231,0.0385,0.1538,0.8077,0.8587
P001015,Home & Kitchen,8,4.62,1.0,0.0,0.0,0.875,0.894
P000918,Electronics,40,3.45,0.55,0.225,0.05,0.925,0.8036
P004671,Electronics,18,3.33,0.3889,0.1667,0.1667,0.7222,0.8223
P004976,Home & Kitchen,16,3.75,0.625,0.0625,0.0625,0.8125,0.8912
P003584,Beauty,22,4.0,0.6818,0.0,0.0455,0.6364,0.8556
P000865,Electronics,25,4.64,0.92,0.04,0.12,0.72,0.8363
P003338,Health,20,2.95,0.15,0.25,0.05,0.55,0.9069
P001005,Sports & Outdoors,21,2.81,0.2381,0.381,0.0952,0.7619,0.7557
P002709,Electronics,29,4.86,1.0,0.0,0.0,0.7241,0.8246
P003083,Sports & Outdoors,21,3.33,0.381,0.2381,0.1429,0.7143,0.7527
P004846,Clothing,8,4.25,0.875,0.0,0.0,0.875,0.8649
P004582,Toys & Games,26,3.27,0.5385,0.2692,0.0769,0.6923,0.829
P001522,Books,23,1.13,0.0,1.0,0.0,0.6957,0.8882
P004408,Home & Kitchen,21,4.14,0.9048,0.0952,0.0476,0.8095,0.8601
P003398,Electronics,15,3.53,0.5333,0.0667,0.1333,0.5333,0.9025
P001652,Clothing,26,4.5,0.9615,0.0,0.0,0.8846,0.7177
P004422,Clothing,14,2.57,0.2143,0.7143,0.2143,0.7857,0.6741
P003276,Toys & Games,34,2.59,0.2059,0.4706,0.0588,0.7059,0.77
P004459,Electronics,19,4.58,0.9474,0.0,0.0,0.6842,0.8235
P002283,Clothing,14,3.79,0.7857,0.0714,0.0,0.8571,0.7534
P000567,Toys & Games,34,3.74,0.6765,0.1471,0.0882,0.7647,0.7291
P000410,Automotive,23,3.35,0.4783,0.2174,0.087,0.7826,0.7561
P004751,Clothing,22,3.91,0.6364,0.0455,0.0909,0.8182,0.6012
P002820,Food & Grocery,19,4.68,0.9474,0.0,0.0,0.7368,0.7997
P001233,Clothing,28,1.93,0.0714,0.7857,0.0357,0.7143,0.8421
P004415,Clothing,31,4.19,0.8387,0.0645,0.0323,0.8387,0.7433
P001962,Home & Kitchen,19,2.89,0.3158,0.3684,0.0526,0.7368,0.7774
P002418,Books,23,4.22,0.7826,0.0,0.1304,0.6957,0.8131
P004802,Clothing,27,3.07,0.2963,0.2593,0.1111,0.7778,0.8326
P002269,Beauty,20,4.0,0.8,0.1,0.1,0.8,0.7012
P000734,Home & Kitchen,13,3.31,0.4615,0.2308,0.0769,0.8462,0.6354
P001747,Beauty,25,2.2,0.12,0.76,0.08,0.64,0.8334
P003854,Home & Kitchen,30,3.9,0.6,0.0333,0.0667,0.7333,0.7987
P000366,Home & Kitchen,22,4.45,1.0,0.0,0.0455,0.6364,0.8757
P002222,Home & Kitchen,15,4.2,0.8,0.0667,0.0667,0.6667,0.8779
P002346,Electronics,13,4.54,1.0,0.0,0.0769,0.8462,0.7315
P001163,Toys & Games,20,2.5,0.1,0.65,0.1,0.7,0.718
P003993,Electronics,18,3.56,0.5556,0.1667,0.1667,0.8333,0.8691
P000251,Sports & Outdoors,12,4.25,0.8333,0.0,0.0,0.6667,0.926
P001813,Beauty,33,4.48,0.9697,0.0303,0.0606,0.8182,0.807
P003441,Clothing,7,4.14,0.7143,0.0,0.0,0.8571,0.9453
P000812,Electronics,22,3.82,0.7727,0.1364,0.0,0.7727,0.7931
P001995,Home & Kitchen,23,2.65,0.1739,0.4783,0.1304,0.5652,0.8254
P001912,Electronics,17,4.06,0.8235,0.0588,0.1176,0.7059,0.8049
P001575,Electronics,24,3.62,0.5,0.0833,0.0417,0.75,0.8127
P002668,Electronics,24,3.08,0.2083,0.1667,0.125,0.6667,0.918
P004613,Beauty,32,4.75,0.9688,0.0,0.0312,0.6875,0.7967
P002359,Automotive,20,3.65,0.6,0.15,0.05,0.75,0.9127
P003383,Food & Grocery,19,4.37,0.9474,0.0,0.0,0.7895,0.7604
P000740,Home & Kitchen,21,4.29,0.8571,0.0476,0.0,0.619,0.721
P002399,Electronics,31,4.65,0.9355,0.0,0.0,0.6129,0.8145
P001585,Sports & Outdoors,31,3.19,0.4194,0.2903,0.0645,0.9032,0.6827
P003784,Clothing,20,2.95,0.25,0.35,0.0,0.55,0.5759
P004542,Electronics,13,2.38,0.2308,0.7692,0.2308,0.9231,0.8212
P002623,Clothing,15,3.2,0.2667,0.1333,0.0,0.9333,0.7149
P004695,Home & Kitchen,24,3.71,0.625,0.125,0.1667,0.7917,0.8219
P003449,Clothing,25,3.84,0.72,0.08,0.04,0.68,0.833
P000563,Health,28,3.54,0.4643,0.0714,0.0,0.7857,0.8073
P004951,Clothing,11,4.45,0.9091,0.0,0.0909,0.7273,0.782
P000660,Home & Kitchen,37,3.49,0.5135,0.1081,0.027,0.6757,0.8697
P003996,Electronics,33,2.48,0.1515,0.4545,0.0303,0.6364,0.8596
P002336,Beauty,26,3.77,0.6538,0.0769,0.0769,0.6538,0.7695
P003320,Clothing,18,2.44,0.1667,0.5,0.0556,0.6667,0.7146
P004319,Health,9,3.33,0.5556,0.2222,0.1111,0.7778,0.9596
P001674,Electronics,34,4.0,0.7941,0.0588,0.0588,0.5294,0.8536
P000806,Electronics,32,4.41,0.9375,0.0,0.0938,0.8438,0.8445
P004165,Sports & Outdoors,18,2.44,0.1667,0.5,0.0556,0.9444,0.8736
P001151,Electronics,27,2.44,0.1481,0.4815,0.0741,0.8889,0.7762
P001668,Clothing,29,4.76,1.0,0.0,0.0345,0.7586,0.8992
P001067,Home & Kitchen,27,4.07,0.7407,0.0,0.037,0.6667,0.8443
P004779,Clothing,15,2.8,0.2,0.3333,0.0667,0.9333,0.8494
P003819,Beauty,16,4.44,0.875,0.0,0.0,0.9375,0.7606
P003585,Food & Grocery,25,4.36,0.88,0.04,0.04,0.88,0.7833
P003770,Sports & Outdoors,25,3.2,0.36,0.16,0.04,0.64,0.7571
P001280,Sports & Outdoors,20,3.9,0.75,0.15,0.05,0.75,0.8263
P000172,Books,32,4.12,0.8438,0.0312,0.0312,0.6875,0.8078
P000790,Sports & Outdoors,28,4.46,0.8571,0.0,0.0,0.8214,0.8601
P001702,Automotive,17,3.41,0.4118,0.1176,0.1176,0.5882,0.8535
P000825,Toys & Games,14,2.86,0.2857,0.4286,0.0714,0.6429,0.8582
P002996,Home & Kitchen,28,3.39,0.3929,0.0714,0.1071,0.5714,0.8158
P000376,Electronics,16,4.0,0.6875,0.0625,0.125,0.625,0.8232
P003636,Electronics,23,4.57,0.9565,0.0,0.087,0.8261,0.8903
P003226,Toys & Games,17,3.12,0.3529,0.2353,0.0,0.8824,0.8112
P003438,Clothing,27,2.78,0.2222,0.4074,0.0741,0.7407,0.7681
P003641,Clothing,10,4.2,0.9,0.0,0.0,0.6,0.6344
P003391,Electronics,18,2.94,0.2222,0.3333,0.1667,0.8333,0.7857
P000369,Clothing,27,3.41,0.4074,0.1111,0.037,0.7037,0.806
P002837,Sports & Outdoors,17,3.0,0.2941,0.3529,0.1176,0.8235,0.8121
P003979,Books,11,3.27,0.5455,0.2727,0.0909,0.7273,0.8083
P002311,Automotive,34,4.82,1.0,0.0,0.0294,0.8235,0.8086
P002398,Clothing,20,1.55,0.0,0.9,0.0,0.8,0.8212
P003565,Automotive,37,2.95,0.2162,0.2973,0.027,0.7568,0.781
P001831,Home & Kitchen,18,3.28,0.4444,0.1667,0.0,0.7222,0.7956
P003200,Food & Grocery,23,4.0,0.6957,0.0,0.0435,0.5652,0.7952
P003167,Electronics,22,4.09,0.7727,0.0909,0.2273,0.6818,0.7938
P003095,Home & Kitchen,22,3.73,0.6364,0.0909,0.0909,0.7727,0.8412
P000080,Toys & Games,25,4.16,0.84,0.12,0.16,0.76,0.8862
P003666,Home & Kitchen,26,3.23,0.5385,0.2692,0.0769,0.7308,0.8321
P002839,Home & Kitchen,33,4.15,0.8485,0.0303,0.0,0.7576,0.8146
P003189,Electronics,14,3.86,0.7143,0.0714,0.0,0.9286,0.9391
P004633,Clothing,24,3.21,0.4583,0.25,0.0417,0.7083,0.7275
P004339,Books,16,3.12,0.3125,0.125,0.0625,0.8125,0.8307
P000046,Toys & Games,21,3.95,0.7619,0.0476,0.0952,0.8095,0.6954
P002321,Electronics,12,2.58,0.0833,0.4167,0.0833,0.9167,0.8274
P003224,Beauty,19,3.68,0.5789,0.0526,0.0526,0.7368,0.9158
P004054,Home & Kitchen,21,2.1,0.0476,0.6667,0.0476,0.8095,0.7928
P003435,Electronics,34,4.03,0.7059,0.0588,0.1176,0.7647,0.7542
P000099,Electronics,21,3.33,0.381,0.1905,0.0,0.7143,0.9015
P003382,Health,18,3.22,0.2222,0.0556,0.0,0.7222,0.6763
P003271,Food & Grocery,20,4.35,0.85,0.0,0.1,0.75,0.681
P001492,Toys & Games,28,2.43,0.1429,0.4643,0.0,0.75,0.7874
P003411,Sports & Outdoors,21,3.43,0.5238,0.1429,0.0,0.6667,0.772
P003646,Beauty,11,4.09,0.8182,0.0,0.0909,0.9091,0.7991
P001081,Clothing,13,3.08,0.3077,0.3077,0.1538,0.8462,0.723
P002582,Toys & Games,14,4.79,1.0,0.0,0.0714,0.7857,0.8172
P004736,Beauty,42,3.76,0.6667,0.0952,0.0714,0.7619,0.7638
P002916,Electronics,30,1.97,0.1333,0.8,0.1,0.6667,0.7465
P002617,Clothing,24,3.04,0.375,0.25,0.0417,0.9167,0.8672
P000692,Health,14,2.57,0.1429,0.5,0.0714,0.7857,0.6965
P004307,Books,18,4.56,0.9444,0.0,0.0,0.5,0.7821
P001583,Home & Kitchen,20,3.55,0.55,0.15,0.1,0.8,0.828
P002097,Electronics,16,4.06,0.75,0.0625,0.0,0.875,0.9184
P002520,Clothing,20,1.9,0.05,0.8,0.05,0.75,0.7739
P001289,Home & Kitchen,14,2.5,0.1429,0.5714,0.0714,0.7857,0.7918
P003432,Books,15,3.73,0.6667,0.1333,0.0,0.8,0.7821
P003529,Toys & Games,26,3.77,0.7308,0.0769,0.0769,0.8077,0.8224
P000123,Electronics,12,2.5,0.0833,0.5,0.0833,0.75,0.9352
P001260,Automotive,28,2.54,0.1071,0.4643,0.0357,0.7143,0.7952
P002864,Electronics,16,1.88,0.0,0.75,0.0,0.75,0.7952
P003501,Home & Kitchen,26,4.42,0.8077,0.0,0.1154,0.6923,0.8354
P002388,Electronics,26,2.85,0.1538,0.3462,0.1154,0.7308,0.8533
P001820,Sports & Outdoors,15,3.93,0.6667,0.0,0.0667,0.6667,0.77
P004167,Electronics,12,3.0,0.4167,0.25,0.0,0.9167,0.8506
P001356,Electronics,29,3.48,0.6207,0.1724,0.0345,0.7586,0.8042
P003118,Beauty,25,3.96,0.76,0.08,0.0,0.72,0.8332
P000357,Toys & Games,19,3.47,0.4737,0.1053,0.0,0.5789,0.7638
P000002,Home & Kitchen,19,4.26,0.9474,0.0,0.0526,0.8947,0.9035
P002300,Beauty,37,4.24,0.8919,0.027,0.027,0.7568,0.8033
P002766,Food & Grocery,21,1.86,0.0476,0.8571,0.0952,0.8571,0.8357
P003294,Books,24,4.33,0.875,0.0,0.0833,0.7917,0.8264
P001659,Home & Kitchen,21,4.57,0.9048,0.0,0.0952,0.9048,0.8324
P004729,Sports & Outdoors,27,4.44,0.8519,0.037,0.0,0.6667,0.8122
P002246,Clothing,27,2.59,0.0741,0.4444,0.0741,0.7037,0.7509
P004608,Clothing,21,4.76,1.0,0.0,0.0476,0.7619,0.7033
P003410,Electronics,9,2.0,0.1111,0.8889,0.1111,0.7778,0.8416
P003362,Home & Kitchen,27,4.67,1.0,0.0,0.0741,0.7407,0.869
P004428,Electronics,24,3.5,0.4583,0.0833,0.0,0.7917,0.7712
P004447,Home & Kitchen,20,3.8,0.6,0.0,0.1,0.85,0.8006
P001367,Clothing,18,2.61,0.1667,0.3889,0.0,0.7222,0.8287
P004185,Food & Grocery,16,4.06,0.6875,0.0,0.125,0.8125,0.7494
P004864,Toys & Games,16,4.81,1.0,0.0,0.0625,0.6875,0.7016
P000321,Food & Grocery,19,4.58,0.9474,0.0,0.0526,0.5789,0.6881
P002626,Home & Kitchen,21,4.19,0.8571,0.0476,0.0476,0.8095,0.8157
P003596,Automotive,13,2.92,0.3077,0.2308,0.0,0.6923,0.8665
P002103,Toys & Games,15,3.73,0.6,0.0667,0.0667,0.8,0.8455
P000798,Electronics,10,4.2,0.8,0.1,0.0,0.9,0.4553
P002077,Automotive,16,4.44,0.9375,0.0,0.0625,0.625,0.7004
P000163,Clothing,22,2.82,0.3182,0.3636,0.0,0.6818,0.776
P003057,Sports & Outdoors,23,4.39,0.913,0.0435,0.087,0.8261,0.9486
P003678,Books,14,4.5,1.0,0.0,0.0714,0.8571,0.8925
P004932,Sports & Outdoors,36,2.03,0.0556,0.8056,0.0556,0.75,0.7842
P002572,Books,14,2.93,0.2143,0.2143,0.0714,0.6429,0.9075
P004372,Electronics,22,1.95,0.0,0.8182,0.0,0.7727,0.7782
P002202,Food & Grocery,31,2.45,0.0968,0.5161,0.0323,0.6129,0.7533
P001222,Clothing,23,2.35,0.1304,0.6522,0.1304,0.7391,0.6846
P004359,Books,17,3.41,0.4706,0.1176,0.0588,0.4706,0.781
P001335,Automotive,19,3.32,0.4211,0.1579,0.0526,0.8421,0.8011
P003474,Home & Kitchen,24,3.88,0.75,0.0833,0.0833,0.625,0.8228
P002012,Clothing,13,4.08,0.6923,0.0,0.0769,0.8462,0.7588
P001835,Clothing,22,4.14,0.9091,0.0455,0.0455,0.7273,0.8265
P002095,Health,21,3.57,0.5714,0.1905,0.0,0.619,0.8762
P000559,Sports & Outdoors,16,4.19,0.9375,0.0625,0.0,0.75,0.8561
P000725,Electronics,18,2.33,0.1667,0.6111,0.1667,0.7222,0.8873
P001855,Health,17,4.0,0.7647,0.0588,0.0,0.7647,0.7924
P000213,Clothing,14,3.43,0.5714,0.1429,0.0,0.8571,0.9233
P003240,Clothing,33,2.58,0.1515,0.5152,0.0909,0.6061,0.7751
P002367,Clothing,20,1.9,0.1,0.75,0.1,0.7,0.6991
P001020,Home & Kitchen,27,4.22,0.8148,0.0,0.037,0.5926,0.8714
P003877,Electronics,24,1.83,0.0,0.75,0.0417,0.75,0.7844
P003558,Food & Grocery,21,3.76,0.6667,0.1429,0.0476,0.7619,0.6824
P003631,Electronics,22,3.64,0.6364,0.0909,0.0455,0.8636,0.8305
P000990,Toys & Games,23,2.83,0.2174,0.3478,0.0,0.8261,0.8004
P002023,Electronics,34,4.26,0.8235,0.0588,0.0588,0.7353,0.8294
P003232,Electronics,21,3.24,0.4762,0.2381,0.0476,0.6667,0.8629
P004664,Electronics,22,3.73,0.7273,0.0455,0.0909,0.7727,0.7492
P002157,Electronics,13,1.38,0.0,1.0,0.0,0.6923,0.6982
P004510,Clothing,10,3.3,0.5,0.2,0.1,0.8,0.7724
P004558,Beauty,23,4.52,0.913,0.0,0.0435,0.6522,0.7357
P001494,Toys & Games,23,4.17,0.7826,0.0435,0.1304,0.6522,0.8897
P003624,Toys & Games,18,4.72,1.0,0.0,0.1667,0.7778,0.7709
P004206,Beauty,39,4.38,0.9487,0.0,0.0513,0.7692,0.8138
P004227,Sports & Outdoors,24,3.54,0.625,0.1667,0.0417,0.9167,0.8985
P001197,Clothing,26,4.15,0.9231,0.0385,0.0,0.8077,0.8153
P003412,Electronics,22,3.77,0.5909,0.0909,0.1364,0.7273,0.846
P003282,Electronics,30,2.73,0.2,0.4,0.1667,0.9,0.7907
P003053,Sports & Outdoors,27,3.37,0.5556,0.1852,0.037,0.7778,0.8867
P004453,Sports & Outdoors,16,2.25,0.125,0.75,0.0,0.9375,0.8461
P003284,Electronics,12,4.5,0.9167,0.0833,0.0,0.6667,0.7248
P003210,Electronics,22,4.05,0.7273,0.0909,0.0909,0.8182,0.7672
P000811,Electronics,32,3.91,0.6562,0.0312,0.0312,0.6562,0.7815
P002489,Electronics,19,3.42,0.5789,0.2632,0.1579,0.6842,0.8002
P000562,Clothing,14,2.64,0.2143,0.4286,0.1429,0.7143,0.7503
P003147,Beauty,16,3.5,0.5625,0.25,0.0625,0.9375,0.8381
P000999,Automotive,26,3.77,0.6154,0.0,0.0769,0.6154,0.7899
P000351,Sports & Outdoors,14,2.5,0.0,0.4286,0.0,0.8571,0.8834
P000870,Clothing,20,2.5,0.1,0.5,0.0,0.8,0.8907
P004446,Home & Kitchen,13,3.23,0.3077,0.1538,0.0769,0.6923,0.7767
P004567,Beauty,9,2.89,0.3333,0.3333,0.0,0.7778,0.7543
P004807,Home & Kitchen,31,4.32,0.9032,0.0323,0.0323,0.8065,0.8535
P000075,Electronics,27,4.11,0.8519,0.037,0.0,0.6296,0.7426
P000646,Health,20,3.5,0.55,0.1,0.1,0.85,0.7393
P001108,Home & Kitchen,24,4.21,0.875,0.0833,0.125,0.9167,0.8341
P001766,Electronics,7,3.86,0.7143,0.0,0.0,0.5714,0.8941
P001755,Home & Kitchen,22,3.45,0.5,0.0455,0.0455,0.7273,0.8169
P000894,Electronics,25,4.4,0.84,0.08,0.2,0.72,0.7887
P000456,Clothing,26,4.12,0.7308,0.0385,0.1538,0.7692,0.8105
P000094,Home & Kitchen,12,3.25,0.3333,0.1667,0.0,0.75,0.8356
P002794,Automotive,25,3.28,0.36,0.16,0.08,0.76,0.8559
P002333,Toys & Games,18,4.17,0.7778,0.0556,0.0,0.7778,0.8587
P004519,Toys & Games,31,3.42,0.6129,0.2258,0.0323,0.871,0.834
P000819,Sports & Outdoors,20,3.25,0.5,0.2,0.05,0.7,0.8642
P003407,Books,14,3.93,0.7857,0.0714,0.1429,0.9286,0.695
P002339,Books,18,4.06,0.6667,0.0,0.0,0.7778,0.8346
P000611,Books,31,3.1,0.3548,0.2581,0.0645,0.8065,0.8241
P004767,Sports & Outdoors,38,3.37,0.4474,0.2368,0.1316,0.8947,0.7838
P000943,Electronics,18,3.17,0.2778,0.1667,0.0556,0.8333,0.7202
P003708,Beauty,20,3.5,0.4,0.05,0.15,0.8,0.7202
P000520,Toys & Games,40,2.77,0.25,0.45,0.1,0.625,0.7728
P004365,Beauty,19,4.05,0.7895,0.0,0.0,0.8421,0.8216
P004946,Toys & Games,19,2.58,0.1579,0.4211,0.0526,0.5789,0.8034
P002495,Health,29,4.76,0.931,0.0,0.069,0.7931,0.8142
P000170,Food & Grocery,14,4.07,0.7857,0.0,0.0,0.7857,0.8882
P002444,Books,31,4.52,0.871,0.0,0.0323,0.7419,0.7889
P001642,Electronics,16,2.81,0.25,0.4375,0.125,0.9375,0.6934
P004813,Books,28,2.86,0.2857,0.2857,0.0357,0.75,0.8954
P003084,Toys & Games,11,3.45,0.5455,0.0909,0.0,0.7273,0.7647
P001346,Sports & Outdoors,23,4.35,0.8696,0.0,0.0435,0.6522,0.8503
P001511,Electronics,26,2.96,0.1923,0.2692,0.0385,0.7308,0.7383
P000691,Clothing,23,3.96,0.6957,0.0435,0.0435,0.7391,0.849
P000066,Books,32,4.09,0.7812,0.0312,0.0625,0.6562,0.8503
P004783,Food & Grocery,18,2.0,0.0556,0.7778,0.0,0.7222,0.7707
P000282,Clothing,14,4.07,0.7143,0.0714,0.0714,0.7143,0.6438
P002295,Clothing,16,3.88,0.6875,0.0,0.0625,0.75,0.8929
P003229,Sports & Outdoors,28,3.5,0.5,0.1429,0.0357,0.75,0.8609
P001496,Sports & Outdoors,20,2.65,0.2,0.5,0.2,0.7,0.6963
P003436,Books,22,4.64,0.9091,0.0,0.0455,0.5909,0.7539
P002124,Clothing,14,3.21,0.4286,0.2143,0.0,0.9286,0.8889
P001537,Toys & Games,29,4.1,0.8276,0.069,0.069,0.7241,0.8646
P003874,Electronics,21,4.48,1.0,0.0,0.0952,0.7143,0.7761
P002565,Sports & Outdoors,20,1.85,0.1,0.85,0.1,0.75,0.8071
P003017,Food & Grocery,25,3.24,0.48,0.2,0.0,0.8,0.7915
P001467,Home & Kitchen,19,2.95,0.3158,0.3158,0.1053,0.9474,0.8285
P004541,Electronics,16,2.38,0.0625,0.5625,0.0625,0.6875,0.7376
P001122,Electronics,22,4.14,0.7727,0.0,0.1364,0.6818,0.7518
P004667,Toys & Games,27,4.19,0.8148,0.0741,0.2593,0.7778,0.8558
P000109,Electronics,28,4.43,0.8571,0.0,0.1071,0.6786,0.7555
P002145,Clothing,7,3.0,0.4286,0.2857,0.0,0.7143,0.8406
P000494,Clothing,11,3.91,0.9091,0.0909,0.0,0.7273,0.8451
P004595,Clothing,23,3.65,0.6087,0.0435,0.0,0.7391,0.9144
P003776,Books,16,3.56,0.5625,0.0625,0.0,0.6875,0.9052
P001255,Electronics,19,4.63,0.9474,0.0,0.0526,0.6842,0.8242
P004725,Electronics,26,3.38,0.3846,0.0769,0.0385,0.6923,0.8539
P004002,Home & Kitchen,21,4.33,0.9048,0.0,0.0,0.7619,0.8464
P002527,Food & Grocery,8,3.25,0.25,0.125,0.0,0.625,0.7706
P000256,Beauty,16,3.81,0.5625,0.0,0.125,0.875,0.8469
P002223,Home & Kitchen,18,2.67,0.1667,0.3889,0.1111,0.6111,0.6882
P004387,Clothing,21,4.05,0.8095,0.0952,0.0952,0.7143,0.7923
P002549,Clothing,7,2.14,0.0,0.5714,0.0,0.4286,0.8756
P003830,Sports & Outdoors,27,3.0,0.2963,0.2963,0.037,0.8519,0.7549
P001992,Beauty,23,3.09,0.3043,0.2174,0.0435,0.913,0.7814
P001402,Electronics,20,3.7,0.55,0.05,0.0,0.7,0.5897
P003221,Clothing,10,2.7,0.2,0.5,0.1,0.7,0.9187
P001615,Toys & Games,25,3.24,0.36,0.12,0.0,0.72,0.8332
P000659,Sports & Outdoors,8,4.25,0.875,0.0,0.125,0.875,0.9393
P004263,Clothing,9,4.44,1.0,0.0,0.0,0.8889,0.7881
P004001,Beauty,16,1.94,0.0625,0.75,0.0625,0.875,0.8836
P000036,Clothing,24,4.58,0.9583,0.0,0.125,0.6667,0.8415
P001191,Home & Kitchen,18,3.44,0.4444,0.0556,0.0556,0.6667,0.7974
P002833,Home & Kitchen,27,3.41,0.5185,0.1481,0.1111,0.8148,0.821
P001306,Food & Grocery,19,4.11,0.8421,0.1053,0.0526,0.6842,0.8667
P003752,Books,26,2.77,0.1923,0.5,0.0769,0.6154,0.8148
P005000,Sports & Outdoors,22,3.95,0.8182,0.1364,0.0,0.6364,0.7652
P004065,Electronics,26,3.15,0.3462,0.2308,0.0385,0.6538,0.8073
P002865,Home & Kitchen,18,2.06,0.1667,0.8333,0.1667,0.7222,0.8383
P002072,Home & Kitchen,20,4.8,0.95,0.0,0.1,0.85,0.8639
P002501,Electronics,24,4.0,0.6667,0.0833,0.0833,0.75,0.7516
P004619,Home & Kitchen,25,4.08,0.8,0.08,0.12,0.72,0.79
P000359,Books,10,4.6,1.0,0.0,0.1,0.7,0.7472
P001720,Toys & Games,16,3.62,0.5625,0.125,0.125,0.5,0.762
P002933,Books,18,3.72,0.6111,0.0556,0.0556,0.8333,0.7485
P001911,Electronics,20,3.55,0.55,0.15,0.1,0.65,0.745
P000285,Books,26,3.12,0.3846,0.3462,0.0769,0.6538,0.7943
P003342,Toys & Games,20,3.45,0.45,0.15,0.15,0.85,0.854
P004792,Electronics,28,2.64,0.1429,0.5,0.1071,0.75,0.7787
P001111,Electronics,21,2.57,0.1429,0.5714,0.0952,0.5714,0.8753
P003780,Automotive,24,3.58,0.5417,0.0833,0.0417,0.7917,0.8452
P001598,Electronics,17,3.65,0.6471,0.0588,0.0,0.7059,0.8858
P001851,Clothing,8,2.0,0.0,0.75,0.0,0.875,0.8754
P003176,Electronics,22,3.5,0.5,0.1364,0.0,0.6818,0.8765
P001305,Toys & Games,20,3.45,0.5,0.1,0.0,0.7,0.6563
P002989,Electronics,25,2.88,0.2,0.32,0.0,0.76,0.7973
P002039,Sports & Outdoors,12,3.58,0.5,0.1667,0.0833,0.6667,0.8646
P002480,Food & Grocery,18,3.33,0.5556,0.2222,0.0,0.5556,0.622
P000286,Home & Kitchen,34,3.79,0.6471,0.0882,0.0588,0.7941,0.7764
P003726,Toys & Games,25,4.24,0.88,0.04,0.08,0.56,0.8014
P002653,Toys & Games,19,3.68,0.6842,0.1053,0.0526,0.7368,0.8971
P003536,Toys & Games,25,2.64,0.16,0.44,0.12,0.72,0.7187
P001221,Electronics,30,3.5,0.5333,0.1333,0.1,0.7333,0.8062
P002635,Books,13,2.77,0.2308,0.3846,0.0769,0.7692,0.827
P001071,Health,12,3.58,0.4167,0.0833,0.25,0.75,0.7376
P003520,Toys & Games,19,3.84,0.7895,0.0526,0.0526,0.8947,0.7341
P002834,Toys & Games,17,4.29,0.8824,0.0,0.1176,0.7059,0.7428
P004830,Health,24,2.29,0.0417,0.5417,0.0,0.8333,0.7468
P000591,Food & Grocery,14,4.43,0.9286,0.0,0.0714,0.7143,0.7201
P003802,Clothing,23,4.26,0.913,0.0,0.087,0.7391,0.7254
P000486,Home & Kitchen,30,3.6,0.5,0.0333,0.0667,0.7333,0.8362
P002735,Clothing,17,2.82,0.1765,0.2941,0.0,0.6471,0.8681
P002212,Home & Kitchen,21,2.33,0.0,0.4762,0.0,0.7619,0.8286
P000266,Electronics,22,4.32,0.9545,0.0,0.0455,0.6818,0.771
P000063,Books,19,4.58,0.9474,0.0,0.0,0.7368,0.8128
P002096,Home & Kitchen,24,4.33,0.9167,0.0,0.125,0.5833,0.8767
P003015,Clothing,22,3.23,0.3182,0.1818,0.0909,0.8182,0.8902
P004382,Clothing,16,2.81,0.3125,0.375,0.0,0.8125,0.7655
P002986,Clothing,20,3.4,0.6,0.15,0.05,0.75,0.8256
P003059,Clothing,28,4.57,0.9286,0.0357,0.1429,0.8214,0.8299
P002000,Books,31,4.26,0.8387,0.0,0.0,0.7097,0.8276
P000397,Toys & Games,28,2.29,0.1071,0.5714,0.1786,0.8571,0.8314
P002929,Home & Kitchen,18,4.67,0.9444,0.0,0.0556,0.7222,0.9147
P002758,Beauty,27,3.96,0.7037,0.0,0.037,0.5556,0.7602
P003010,Beauty,24,4.29,0.875,0.0417,0.0417,0.75,0.8267
P003161,Automotive,34,4.79,0.9706,0.0,0.1176,0.8235,0.79
P003799,Home & Kitchen,29,2.52,0.1379,0.4483,0.069,0.7931,0.6874
P001133,Electronics,22,4.5,0.9545,0.0,0.0455,0.9545,0.7343
P003357,Books,22,2.23,0.0909,0.6364,0.0,0.7273,0.8088
P001350,Electronics,17,3.12,0.3529,0.2353,0.1176,0.9412,0.9312
P001949,Electronics,30,3.5,0.5,0.1333,0.0667,0.7333,0.6974
P004100,Health,28,3.39,0.5,0.1071,0.0714,0.75,0.7995
P002459,Clothing,27,4.07,0.8889,0.0,0.0,0.7778,0.8544
P003928,Toys & Games,14,3.21,0.3571,0.2857,0.0714,0.6429,0.7965
P004178,Automotive,24,4.58,0.9167,0.0,0.0833,0.7917,0.7737
P001875,Health,22,4.41,0.9091,0.0,0.2727,0.7273,0.8346
P002740,Books,22,3.27,0.4545,0.1818,0.0,0.6818,0.7451
P000655,Health,19,4.26,0.7895,0.0,0.1579,0.7368,0.8214
P002415,Books,15,4.27,0.8667,0.0,0.0,0.8,0.9274
P001432,Sports & Outdoors,32,3.75,0.625,0.125,0.125,0.7188,0.8879
P002720,Books,30,2.77,0.2,0.3333,0.0,0.6333,0.7987
P003302,Clothing,9,2.89,0.3333,0.3333,0.0,0.5556,0.9096
P004501,Electronics,45,4.49,0.9333,0.0222,0.0,0.8,0.8588
P002564,Books,15,2.4,0.0667,0.4667,0.0,0.7333,0.7761
P002915,Home & Kitchen,21,4.62,0.9048,0.0,0.0,0.7143,0.6747
P001810,Electronics,28,4.21,0.8214,0.0714,0.1429,0.75,0.7048
P000183,Books,35,2.94,0.3143,0.3429,0.0571,0.6857,0.7888
P003075,Health,36,3.75,0.6389,0.0556,0.1111,0.6389,0.7884
P002512,Home & Kitchen,34,3.53,0.5588,0.1471,0.0588,0.7059,0.7129
P004665,Books,19,3.47,0.4737,0.0526,0.0,0.7368,0.8418
P003184,Electronics,27,3.63,0.6296,0.1481,0.1481,0.7037,0.7784
P000615,Clothing,13,3.23,0.2308,0.0769,0.0,0.6923,0.9068
P001514,Beauty,15,3.47,0.4667,0.2,0.0667,0.6667,0.826
P004033,Sports & Outdoors,22,2.5,0.1364,0.5455,0.0455,0.8182,0.8055
P002768,Beauty,12,2.83,0.25,0.4167,0.1667,0.9167,0.7685
P001757,Electronics,16,4.38,0.8125,0.0625,0.0,0.875,0.8333
P004545,Home & Kitchen,33,3.7,0.6364,0.0909,0.0,0.8788,0.8256
P000835,Beauty,12,4.25,0.8333,0.0833,0.1667,0.9167,0.8207
P004539,Electronics,14,3.71,0.6429,0.1429,0.0,0.6429,0.6528
P003733,Books,22,3.68,0.6364,0.1364,0.0455,0.7727,0.874
P004586,Toys & Games,19,3.11,0.4211,0.3158,0.0,0.7895,0.7689
P004984,Electronics,25,3.32,0.32,0.16,0.04,0.64,0.7758
P002769,Health,21,3.33,0.3333,0.1429,0.0952,0.7619,0.8729
P001344,Books,24,2.92,0.2917,0.2917,0.0417,0.75,0.7816
P002488,Toys & Games,25,3.96,0.72,0.04,0.04,0.8,0.8685
P001868,Clothing,19,2.84,0.2105,0.2632,0.0526,0.6316,0.8936
P003395,Beauty,17,3.65,0.6471,0.1176,0.0588,0.8824,0.7762
P000309,Clothing,13,3.08,0.3077,0.3077,0.0769,0.8462,0.5155
P003858,Home & Kitchen,39,2.9,0.2821,0.3333,0.0513,0.8205,0.8294
P004369,Electronics,19,4.05,0.7895,0.0,0.0526,0.6316,0.6894
P003165,Sports & Outdoors,20,3.85,0.7,0.05,0.0,0.7,0.8094
P002494,Food & Grocery,19,2.32,0.0526,0.5789,0.0,0.9474,0.7961
P002172,Clothing,18,4.67,1.0,0.0,0.0556,0.6111,0.8899
P004143,Electronics,7,4.14,1.0,0.0,0.0,0.7143,0.631
P002296,Electronics,20,4.45,0.9,0.0,0.0,0.7,0.7913
P000154,Books,26,2.5,0.1538,0.6154,0.0769,0.6538,0.7203
P000215,Beauty,12,2.67,0.1667,0.3333,0.0833,0.6667,0.8336
P001661,Electronics,11,2.0,0.0909,0.8182,0.0909,0.6364,0.7985
P001809,Home & Kitchen,26,3.58,0.5,0.1154,0.1538,0.7692,0.912
P004279,Clothing,11,1.73,0.0,0.8182,0.0,0.8182,0.7652
P003602,Electronics,16,4.19,0.8125,0.0,0.0625,0.5625,0.8351
P003235,Electronics,19,3.32,0.4737,0.2632,0.0526,0.6316,0.8703
P001671,Clothing,16,4.56,0.9375,0.0,0.0625,0.75,0.6468
P003939,Books,35,2.83,0.1714,0.3429,0.0857,0.6571,0.803
P003437,Clothing,13,3.31,0.5385,0.1538,0.0,0.7692,0.6979
P004924,Health,27,4.81,1.0,0.0,0.1111,0.6296,0.8607
P004853,Toys & Games,22,4.14,0.8636,0.0,0.0,0.8182,0.8706
P003777,Beauty,15,3.07,0.3333,0.1333,0.0667,0.7333,0.8403
P000728,Electronics,23,3.91,0.6522,0.0435,0.087,0.7826,0.7634
P000875,Beauty,36,4.72,0.9722,0.0,0.1111,0.8333,0.8204
P002576,Sports & Outdoors,27,2.59,0.1111,0.5185,0.037,0.7407,0.862
P001576,Clothing,14,4.5,0.9286,0.0714,0.0714,0.3571,0.8999
P001171,Home & Kitchen,19,3.05,0.3158,0.2632,0.1053,0.6842,0.7339
P003046,Automotive,14,3.07,0.3571,0.2143,0.0,0.8571,0.7809
P003788,Electronics,15,3.07,0.4,0.2667,0.0667,0.6667,0.6217
P003509,Beauty,15,4.27,0.8667,0.0667,0.0667,0.8,0.5767
P002016,Books,17,2.59,0.1176,0.4118,0.0,0.8824,0.5926
P000356,Books,9,4.78,1.0,0.0,0.1111,0.6667,0.8879
P000296,Health,17,2.65,0.1176,0.3529,0.1176,0.8235,0.6713
P003081,Clothing,19,3.63,0.6316,0.1053,0.0,0.7895,0.7511
P002867,Home & Kitchen,10,3.8,0.7,0.1,0.1,0.7,0.8114
P004219,Automotive,17,3.12,0.4118,0.2353,0.0588,0.7059,0.7899
P004557,Toys & Games,18,3.94,0.8333,0.0556,0.0556,0.7778,0.8899
P003208,Electronics,8,1.62,0.125,0.875,0.125,0.375,0.8254
P000648,Books,13,4.0,0.7692,0.0,0.1538,0.5385,0.8684
P002327,Clothing,18,3.83,0.7222,0.1111,0.0556,0.7778,0.7242
P001398,Food & Grocery,13,4.38,0.8462,0.0,0.0769,0.6154,0.6922
P003655,Clothing,21,4.52,0.9524,0.0,0.0,0.619,0.9066
P004716,Clothing,21,1.86,0.0476,0.7143,0.0,0.8095,0.8719
P000794,Electronics,5,4.2,0.8,0.0,0.4,0.8,0.8
P000816,Health,31,2.81,0.2258,0.2903,0.0968,0.871,0.828
P000864,Books,27,3.56,0.5185,0.0741,0.037,0.8519,0.7946
P001415,Electronics,23,3.26,0.4783,0.3043,0.0435,0.7391,0.7565
P004411,Home & Kitchen,35,4.37,0.9143,0.0286,0.0857,0.7429,0.8277
P004524,Health,23,4.17,0.7391,0.0,0.0435,0.6522,0.7405
P003918,Books,25,4.8,1.0,0.0,0.2,0.8,0.8033
P003303,Clothing,40,4.25,0.85,0.0,0.05,0.8,0.8026
P001557,Food & Grocery,18,3.56,0.5,0.0556,0.1111,0.7222,0.8026
P000326,Sports & Outdoors,17,2.76,0.2353,0.4706,0.0588,0.7059,0.7437
P000443,Beauty,21,3.14,0.3333,0.1905,0.0476,0.7143,0.7357
P002928,Sports & Outdoors,10,3.9,0.8,0.1,0.0,0.9,0.865
P004286,Electronics,35,1.89,0.0286,0.7714,0.0571,0.8,0.8395
P001417,Books,10,3.9,0.8,0.0,0.0,0.5,0.6896
P004278,Health,24,2.17,0.125,0.625,0.0833,0.6667,0.7568
P002759,Beauty,26,3.58,0.5769,0.1154,0.1154,0.8077,0.8763
P000839,Home & Kitchen,38,2.13,0.0789,0.7632,0.0789,0.7895,0.8041
P002294,Clothing,24,3.29,0.5,0.2083,0.0,0.5833,0.7655
P003950,Clothing,19,3.84,0.6842,0.1579,0.0,0.7895,0.8132
P004295,Toys & Games,27,4.15,0.8148,0.037,0.037,0.8519,0.7804
P000105,Toys & Games,25,3.36,0.4,0.12,0.08,0.76,0.8756
P001513,Sports & Outdoors,16,3.69,0.5,0.125,0.1875,0.8125,0.6476
P001292,Sports & Outdoors,14,3.93,0.7857,0.0714,0.0,0.8571,0.892
P004906,Books,24,4.33,0.875,0.0,0.0833,0.8333,0.8
P004970,Sports & Outdoors,40,2.2,0.05,0.7,0.075,0.8,0.8376
P003690,Home & Kitchen,18,4.28,0.9444,0.0,0.0,0.6667,0.8448
P003790,Beauty,11,3.18,0.4545,0.1818,0.0,0.7273,0.823
P001593,Food & Grocery,12,2.58,0.1667,0.3333,0.0,0.8333,0.9098
P000517,Clothing,25,2.8,0.24,0.36,0.04,0.68,0.8791
P000373,Home & Kitchen,23,4.48,0.913,0.0435,0.0435,0.6522,0.8847
P003672,Sports & Outdoors,6,4.33,0.8333,0.0,0.0,0.1667,0.6945
P002656,Food & Grocery,22,3.59,0.6818,0.0909,0.0,0.8182,0.8262
P003181,Food & Grocery,17,4.18,0.8235,0.0588,0.0,0.7647,0.7636
P003527,Electronics,20,3.8,0.65,0.05,0.05,0.7,0.8712
P001166,Health,32,3.03,0.375,0.2812,0.0625,0.7812,0.8694
P002614,Toys & Games,30,3.47,0.3333,0.0333,0.0667,0.7333,0.8102
P000378,Home & Kitchen,26,3.19,0.2692,0.1154,0.0769,0.6154,0.7038
P000278,Books,33,4.12,0.7576,0.0909,0.1212,0.6667,0.747
P002907,Automotive,23,4.04,0.8261,0.087,0.087,0.7391,0.8356
P002922,Electronics,15,3.4,0.4,0.1333,0.0,0.9333,0.7825
P003832,Sports & Outdoors,25,4.56,0.96,0.04,0.0,0.68,0.8211
P002289,Clothing,13,3.23,0.3077,0.1538,0.1538,0.6154,0.8843
P002156,Health,16,4.81,1.0,0.0,0.125,0.875,0.663
P004717,Home & Kitchen,7,4.14,0.8571,0.0,0.0,0.4286,0.7534
P001748,Books,19,3.79,0.6842,0.1053,0.0,0.7368,0.7426
P003518,Electronics,12,4.58,1.0,0.0,0.0,0.6667,0.955
P002877,Clothing,29,4.34,0.8966,0.0345,0.069,0.7241,0.7642
P003035,Automotive,4,3.75,0.75,0.25,0.25,1.0,0.8898
P003837,Beauty,29,4.76,0.9655,0.0,0.069,0.7586,0.815
P002648,Toys & Games,22,2.09,0.0909,0.8182,0.0909,0.5455,0.7614
P002829,Toys & Games,23,2.43,0.1739,0.6957,0.1739,0.8261,0.8969
P000343,Toys & Games,26,3.54,0.4231,0.0,0.0769,0.6923,0.813
P002618,Health,27,4.52,0.963,0.037,0.0741,0.7037,0.8423
P003625,Sports & Outdoors,18,2.72,0.1111,0.2222,0.0,0.6111,0.7579
P001452,Sports & Outdoors,21,3.57,0.5714,0.0476,0.0,0.8095,0.8662
P002329,Books,9,4.11,0.7778,0.0,0.1111,0.7778,0.9176
P000268,Electronics,15,4.2,0.8,0.0,0.0,0.6667,0.7318
P002028,Home & Kitchen,16,3.25,0.5625,0.3125,0.0,0.8125,0.7954
P002094,Clothing,13,4.62,0.9231,0.0769,0.2308,0.6923,0.8772
P004700,Toys & Games,20,3.5,0.65,0.2,0.05,0.9,0.7259
P003107,Clothing,25,3.68,0.68,0.12,0.0,0.88,0.7539
P004220,Beauty,22,2.77,0.1818,0.3636,0.0455,0.7727,0.6556
P003150,Clothing,15,4.47,0.8667,0.0667,0.1333,0.8,0.8621
P003019,Clothing,18,4.22,0.8333,0.0,0.1111,0.5556,0.8891
P004485,Health,19,3.84,0.6842,0.1579,0.1053,0.7368,0.8447
P000924,Books,23,2.61,0.087,0.3913,0.0,0.7826,0.7403
P003710,Beauty,15,3.27,0.2667,0.0667,0.0667,0.8,0.8487
P004737,Beauty,34,3.97,0.7353,0.0588,0.0588,0.8235,0.7313
P001752,Clothing,15,4.73,1.0,0.0,0.0,0.7333,0.8211
P003897,Clothing,22,1.77,0.0455,0.8182,0.0455,0.8182,0.8896
P003072,Automotive,12,4.17,0.8333,0.0,0.0,0.8333,0.8982
P004381,Books,20,4.3,0.85,0.0,0.0,0.85,0.8027
P001460,Home & Kitchen,16,4.06,0.6875,0.0,0.0625,0.625,0.7249
P001506,Books,18,3.89,0.7778,0.0556,0.0556,0.6667,0.8747
P000207,Electronics,21,3.71,0.5238,0.0476,0.0476,0.7619,0.5347
P004832,Clothing,27,3.93,0.7778,0.037,0.0741,0.7407,0.8905
P004304,Home & Kitchen,21,4.62,1.0,0.0,0.1429,0.5238,0.928
P003674,Home & Kitchen,21,2.9,0.2381,0.2857,0.0,0.8095,0.833
P003123,Clothing,30,3.83,0.6333,0.1333,0.0333,0.7667,0.8356
P000635,Electronics,22,3.45,0.3636,0.0455,0.1364,0.7727,0.8602
P004303,Automotive,26,3.69,0.5385,0.0,0.1923,0.7308,0.6977
P001805,Beauty,10,4.2,0.9,0.0,0.0,0.5,0.6086
P001730,Home & Kitchen,22,3.77,0.6364,0.0455,0.1364,0.5909,0.8722
P003555,Clothing,14,3.07,0.2857,0.1429,0.0,0.5714,0.9043
P001238,Home & Kitchen,30,3.7,0.7,0.1667,0.1,0.7,0.7222
P002597,Electronics,18,3.83,0.7222,0.0556,0.0556,0.8333,0.6519
P003913,Health,13,4.15,0.8462,0.0769,0.0769,0.7692,0.8697
P002085,Beauty,21,4.1,0.8095,0.0,0.0476,0.9048,0.8413
P001263,Clothing,7,4.86,1.0,0.0,0.0,0.5714,0.8029
P004851,Clothing,20,4.05,0.75,0.0,0.0,0.65,0.6892
P003403,Books,22,3.05,0.3182,0.3182,0.0909,0.6818,0.8125
P001339,Health,26,4.15,0.8462,0.0385,0.0769,0.7692,0.8622
P004180,Health,33,4.33,0.8485,0.0,0.0303,0.7879,0.7351
P003428,Health,30,3.2,0.4667,0.2,0.0667,0.8,0.7966
P004916,Toys & Games,24,3.75,0.7083,0.0833,0.0417,0.7083,0.788
P004262,Health,20,4.0,0.85,0.05,0.05,0.8,0.8877
P002391,Sports & Outdoors,21,2.76,0.2381,0.4762,0.1429,0.7619,0.765
P003748,Health,16,4.44,0.9375,0.0625,0.0,0.75,0.8406
P002338,Home & Kitchen,26,3.65,0.6154,0.1154,0.0,0.7308,0.8085
P002278,Clothing,23,3.78,0.6957,0.1304,0.0,0.7826,0.7027
P000814,Sports & Outdoors,25,2.04,0.08,0.72,0.08,0.72,0.8619
P004526,Books,19,3.0,0.2632,0.2632,0.0526,0.8421,0.9091
P001347,Home & Kitchen,30,3.33,0.4667,0.1667,0.1667,0.7,0.8221
P001867,Food & Grocery,17,4.59,1.0,0.0,0.0,0.8235,0.8373
P002372,Clothing,14,3.5,0.5714,0.0714,0.0,0.7857,0.8559
P000941,Clothing,11,3.64,0.6364,0.0909,0.0909,0.5455,0.6753
P002089,Beauty,17,3.29,0.4706,0.1765,0.0,0.8235,0.7566
P002455,Sports & Outdoors,20,4.2,0.85,0.0,0.1,0.95,0.7465
P003696,Home & Kitchen,22,3.86,0.7727,0.0455,0.0455,0.7273,0.8369
P004131,Beauty,21,3.48,0.5714,0.1905,0.0476,0.7143,0.8369
P003077,Clothing,20,3.25,0.55,0.3,0.15,0.8,0.8288
P000929,Sports & Outdoors,23,4.43,0.9565,0.0,0.0,0.6957,0.8233
P003102,Clothing,28,2.5,0.25,0.5714,0.0357,0.6429,0.8387
P004597,Home & Kitchen,19,3.32,0.4737,0.1579,0.0,0.6316,0.8338
P004353,Sports & Outdoors,23,3.7,0.5652,0.087,0.087,0.7391,0.6939
P002001,Health,9,4.78,1.0,0.0,0.0,0.6667,0.8697
P003381,Clothing,41,4.49,0.9268,0.0,0.0488,0.7073,0.7573
P000537,Books,29,3.17,0.3448,0.2414,0.069,0.8621,0.8246
P000228,Books,14,4.79,1.0,0.0,0.0,0.9286,0.8654
P003011,Clothing,21,3.43,0.4762,0.1429,0.0476,0.619,0.824
P001774,Health,21,4.43,0.9524,0.0,0.0476,0.7619,0.7244
P004191,Electronics,38,4.24,0.8421,0.0263,0.0789,0.7368,0.7822
P000642,Toys & Games,21,4.1,0.7619,0.0476,0.0476,0.5714,0.8078
P003649,Clothing,26,4.58,0.9615,0.0,0.0385,0.6923,0.775
P001707,Electronics,29,2.72,0.2069,0.4138,0.0345,0.7586,0.8128
P000395,Electronics,10,2.8,0.2,0.4,0.1,0.4,0.7644
P003299,Home & Kitchen,9,3.67,0.5556,0.1111,0.0,0.6667,0.78
P003506,Books,13,2.54,0.1538,0.6154,0.0,0.6923,0.7043
P001934,Toys & Games,20,3.85,0.6,0.05,0.1,0.7,0.7893
P004029,Books,28,3.82,0.7143,0.1071,0.0,0.7143,0.8193
P002993,Clothing,28,2.89,0.2857,0.25,0.1071,0.7857,0.8325
P002732,Clothing,19,4.26,0.8947,0.0,0.1053,0.6842,0.8143
P003614,Health,17,3.47,0.6471,0.2353,0.1765,0.5882,0.7069
P002301,Food & Grocery,28,2.75,0.1786,0.3571,0.0714,0.6071,0.7651
P004741,Clothing,12,3.5,0.5,0.1667,0.0833,0.4167,0.9199
P002456,Books,8,4.25,0.875,0.125,0.0,1.0,0.9601
P000077,Clothing,19,2.84,0.2105,0.3684,0.0526,0.7895,0.8208
P002889,Electronics,20,4.25,0.9,0.0,0.15,0.75,0.7147
P003817,Home & Kitchen,18,4.22,0.8889,0.0556,0.1667,0.6111,0.7947
P002505,Clothing,11,2.82,0.2727,0.4545,0.2727,0.8182,0.829
P003385,Clothing,3,3.67,0.6667,0.0,0.0,0.6667,1.0
P002051,Automotive,16,4.5,0.9375,0.0625,0.0625,0.75,0.8402
P004055,Toys & Games,21,3.33,0.4286,0.1905,0.1429,0.6667,0.6731
P001931,Sports & Outdoors,34,3.44,0.4412,0.1176,0.0882,0.7353,0.7626
P001993,Clothing,20,2.65,0.15,0.4,0.1,0.8,0.7765
P002579,Electronics,22,4.0,0.6818,0.0,0.0455,0.6818,0.7939
P004281,Electronics,29,3.0,0.2759,0.2414,0.0345,0.6552,0.641
P003927,Books,25,2.6,0.12,0.32,0.0,0.76,0.8406
P002433,Sports & Outdoors,26,4.65,1.0,0.0,0.0769,0.6538,0.8871
P004285,Health,23,2.87,0.2609,0.3478,0.1304,0.7826,0.7076
P004112,Toys & Games,28,3.36,0.4286,0.1071,0.1071,0.7143,0.6157
P003485,Beauty,19,3.58,0.4737,0.1053,0.1053,0.7895,0.7124
P004565,Electronics,29,4.59,0.931,0.0,0.2069,0.6897,0.8934
P000726,Electronics,19,4.11,0.7368,0.0526,0.0,0.6842,0.782
P003562,Books,13,4.08,0.7692,0.1538,0.3077,0.7692,0.7745
P000935,Toys & Games,12,4.0,0.6667,0.0,0.0833,0.6667,0.8276
P001956,Automotive,12,3.67,0.6667,0.1667,0.0,0.4167,0.7726
P004889,Home & Kitchen,19,3.26,0.3684,0.2632,0.0,0.8421,0.7686
P004593,Beauty,12,3.83,0.5833,0.0833,0.0,0.75,0.5944
P002555,Clothing,35,4.43,0.8571,0.0,0.0857,0.7143,0.8725
P001882,Sports & Outdoors,22,4.32,0.8182,0.0455,0.0909,0.7727,0.8402
P004658,Electronics,22,3.32,0.4545,0.1818,0.0455,0.7727,0.7363
P004806,Beauty,9,3.0,0.2222,0.2222,0.0,0.7778,0.7739
P002534,Electronics,20,3.8,0.6,0.05,0.1,0.75,0.6691
P003613,Sports & Outdoors,17,2.41,0.0,0.4706,0.0,0.7059,0.8249
P004144,Home & Kitchen,26,3.31,0.3462,0.1154,0.0385,0.7308,0.8348
P004096,Clothing,12,3.5,0.4167,0.1667,0.0,0.75,0.7776
P002531,Sports & Outdoors,11,2.45,0.0,0.4545,0.0,1.0,0.8613
P002961,Toys & Games,21,4.71,1.0,0.0,0.0,0.7619,0.8783
P001365,Home & Kitchen,13,4.46,0.9231,0.0,0.0,0.6154,0.777
P000968,Electronics,21,4.0,0.7143,0.0,0.1429,0.8571,0.8707
P004663,Home & Kitchen,28,3.5,0.5714,0.1429,0.1071,0.7143,0.878
P002754,Electronics,21,4.57,0.9524,0.0,0.1429,0.5238,0.769
P001253,Electronics,16,4.38,0.875,0.0625,0.0625,0.6875,0.7714
P002121,Clothing,29,2.38,0.1034,0.5862,0.069,0.7586,0.745
P000017,Books,24,2.62,0.2083,0.5,0.0833,0.625,0.7629
P001717,Clothing,21,4.62,0.9524,0.0,0.0476,0.6667,0.7453
P000023,Automotive,13,4.08,0.9231,0.0769,0.0,0.9231,0.7597
P003801,Electronics,23,4.65,0.9565,0.0,0.0435,0.8696,0.7142
P002894,Sports & Outdoors,34,3.97,0.7941,0.0882,0.0588,0.6765,0.7524
P000470,Books,11,3.09,0.2727,0.2727,0.0,0.7273,0.7282
P001419,Health,26,4.54,0.9231,0.0,0.0385,0.8462,0.8228
P003253,Clothing,25,4.28,0.8,0.0,0.04,0.64,0.7914
P002533,Beauty,39,3.95,0.7179,0.0513,0.0,0.8462,0.7387
P004554,Beauty,15,2.73,0.2667,0.4,0.0,0.8,0.8249
P003160,Clothing,22,3.77,0.5,0.0455,0.1818,0.8182,0.6635
P001641,Beauty,18,3.17,0.5,0.2778,0.1111,0.6667,0.8784
P002849,Toys & Games,29,4.55,0.9655,0.0,0.0,0.6897,0.8662
P000925,Electronics,11,4.64,0.9091,0.0,0.0909,0.7273,0.9325
P000815,Electronics,31,3.45,0.4839,0.1613,0.0645,0.6774,0.8894
P002685,Clothing,25,4.12,0.84,0.04,0.0,0.64,0.8888
P002062,Clothing,28,3.61,0.6429,0.1786,0.0357,0.6071,0.7808
P003553,Home & Kitchen,19,4.84,1.0,0.0,0.0,0.8421,0.7648
P002587,Clothing,24,4.08,0.6667,0.0417,0.0,0.7083,0.9337
P002633,Health,25,3.04,0.24,0.24,0.04,0.8,0.851
P001731,Food & Grocery,29,2.28,0.1379,0.6897,0.1034,0.7931,0.8703
P001044,Sports & Outdoors,13,4.85,1.0,0.0,0.0769,0.7692,0.76
P002551,Books,23,4.61,0.9565,0.0,0.087,0.7391,0.871
P004048,Clothing,20,4.6,1.0,0.0,0.0,0.9,0.8419
P000690,Books,14,4.07,0.7857,0.0,0.1429,0.6429,0.8293
P004961,Electronics,18,3.61,0.5556,0.1111,0.0556,0.7778,0.8529
P000829,Health,26,2.85,0.3077,0.3846,0.1154,0.8462,0.7105
P003695,Beauty,18,2.5,0.2778,0.5556,0.0556,0.6667,0.7254
P002602,Sports & Outdoors,14,2.07,0.0714,0.8571,0.0714,0.6429,0.8821
P002081,Home & Kitchen,15,3.27,0.4667,0.2,0.0,0.8667,0.7725
P000168,Toys & Games,31,4.29,0.871,0.0968,0.0645,0.6452,0.7971
P004389,Beauty,17,4.06,0.7647,0.0,0.0588,0.7059,0.8358
P001636,Home & Kitchen,26,4.62,0.9615,0.0,0.1538,0.7692,0.8398
P004079,Electronics,19,3.89,0.6842,0.0526,0.1053,0.7368,0.7289
P004018,Home & Kitchen,24,4.46,0.9167,0.0,0.0,0.75,0.8438
P004150,Home & Kitchen,19,3.42,0.5263,0.1053,0.0,0.8421,0.9081
P001251,Electronics,11,3.64,0.7273,0.0909,0.0,0.9091,0.7887
P002964,Sports & Outdoors,9,2.56,0.1111,0.4444,0.1111,0.7778,0.7881
P002917,Clothing,28,4.36,0.8571,0.0357,0.0357,0.8929,0.8705
P002165,Health,32,4.84,1.0,0.0,0.125,0.6562,0.8592
P003786,Food & Grocery,22,3.86,0.6818,0.0909,0.0455,0.6818,0.8209
P002353,Clothing,30,4.2,0.7667,0.0333,0.0333,0.7333,0.9143
P003469,Clothing,23,4.35,0.8696,0.0435,0.087,0.6087,0.845
P004843,Clothing,25,4.04,0.88,0.08,0.04,0.76,0.8672
P002935,Sports & Outdoors,37,4.32,0.9189,0.0,0.027,0.8108,0.7738
P000597,Beauty,32,4.56,0.9375,0.0312,0.1562,0.6875,0.7735
P001175,Books,25,4.6,1.0,0.0,0.04,0.8,0.8763
P001592,Electronics,15,4.47,0.8667,0.0,0.0667,0.4667,0.7863
P004713,Sports & Outdoors,35,4.29,0.8571,0.0571,0.0571,0.6857,0.7717
P002925,Electronics,14,2.93,0.3571,0.5,0.0,0.5714,0.873
P001922,Clothing,7,2.29,0.1429,0.7143,0.0,1.0,0.9214
P002824,Food & Grocery,21,3.33,0.4762,0.2381,0.1429,0.7619,0.8928
P000022,Home & Kitchen,26,3.96,0.6923,0.0,0.0385,0.6154,0.7969
P001026,Clothing,18,3.28,0.2222,0.1111,0.0556,0.8889,0.89
P003809,Food & Grocery,19,3.84,0.6842,0.1053,0.0526,0.7368,0.6782
P002506,Electronics,26,4.65,1.0,0.0,0.0385,0.7308,0.8541
P004406,Sports & Outdoors,24,3.46,0.4583,0.125,0.0417,0.6667,0.7776
P002517,Electronics,33,2.36,0.0909,0.4848,0.0606,0.7879,0.7585
P000558,Books,28,4.0,0.75,0.1071,0.0357,0.6786,0.8281
P002568,Electronics,16,3.31,0.5,0.1875,0.0625,0.75,0.9021
P003140,Home & Kitchen,18,3.5,0.4444,0.1111,0.0556,0.5556,0.7228
P002698,Electronics,17,4.29,0.9412,0.0,0.0,0.7059,0.7588
P001216,Books,40,3.58,0.525,0.175,0.05,0.7,0.8307
P002131,Clothing,23,2.61,0.1304,0.3913,0.087,0.5652,0.7641
P004174,Clothing,12,3.25,0.5,0.1667,0.0,0.9167,0.8839
P002265,Books,35,4.29,0.9143,0.0571,0.0,0.7714,0.7878
P001062,Sports & Outdoors,15,4.6,0.9333,0.0,0.1333,0.4667,0.7843
P002499,Toys & Games,26,3.23,0.3846,0.1923,0.1538,0.6538,0.7867
P001980,Clothing,25,3.6,0.48,0.12,0.2,0.8,0.8098
P003087,Clothing,26,4.85,1.0,0.0,0.1154,0.8462,0.8078
P001890,Home & Kitchen,30,4.57,0.9667,0.0,0.0,0.7,0.8436
P001599,Toys & Games,24,4.12,0.875,0.0417,0.0,0.75,0.772
P004208,Electronics,8,4.25,0.875,0.0,0.0,0.875,0.8475
P002688,Beauty,40,2.58,0.2,0.475,0.05,0.775,0.8705
P001352,Toys & Games,20,2.05,0.05,0.75,0.05,0.9,0.8465
P001084,Health,32,3.09,0.3125,0.25,0.0312,0.75,0.7957
P004071,Home & Kitchen,25,4.52,0.92,0.0,0.04,0.8,0.7244
P001864,Books,40,2.85,0.225,0.425,0.1,0.75,0.7615
P002569,Sports & Outdoors,30,3.7,0.6333,0.1333,0.1333,0.8,0.8642
P002595,Clothing,23,3.09,0.3043,0.2174,0.087,0.6957,0.7876
P001988,Beauty,18,3.89,0.6667,0.0,0.0556,0.6111,0.7653
P002713,Clothing,16,3.5,0.5625,0.0625,0.0,0.75,0.8299
P000594,Sports & Outdoors,20,2.95,0.3,0.3,0.05,0.65,0.9035
P000134,Home & Kitchen,18,4.56,1.0,0.0,0.0,0.8333,0.8616
P000481,Home & Kitchen,21,3.52,0.5714,0.1905,0.0476,0.619,0.7572
P002206,Sports & Outdoors,27,2.93,0.2593,0.3704,0.037,0.8519,0.8123
P002723,Home & Kitchen,27,4.11,0.7407,0.0741,0.037,0.8148,0.8639
P003948,Electronics,15,4.8,1.0,0.0,0.0,0.9333,0.9289
P000791,Clothing,20,3.6,0.55,0.1,0.05,0.75,0.7483
P004745,Electronics,22,2.09,0.0,0.7273,0.0,0.7273,0.8627
P004918,Sports & Outdoors,24,3.62,0.5,0.0417,0.125,0.7917,0.7395
P004639,Electronics,15,4.0,0.8667,0.0667,0.0,0.6667,0.8527
P001742,Clothing,16,1.62,0.0,0.9375,0.0,0.875,0.7817
P000993,Toys & Games,27,3.78,0.5556,0.1111,0.037,0.5556,0.8136
P001074,Food & Grocery,31,1.58,0.0645,0.9032,0.0645,0.6129,0.8742
P002308,Home & Kitchen,14,4.5,0.8571,0.0,0.0,0.7857,0.7239
P001545,Home & Kitchen,21,3.57,0.619,0.1905,0.0476,0.8571,0.8824
P002490,Sports & Outdoors,10,3.1,0.3,0.2,0.0,0.7,0.6812
P002302,Beauty,24,4.58,1.0,0.0,0.1667,0.7083,0.6539
P002432,Beauty,19,3.95,0.7368,0.0,0.0,0.8947,0.8281
P001764,Electronics,12,4.0,0.75,0.0,0.0,0.75,0.8559
P000629,Books,15,3.2,0.2667,0.2,0.0,0.7333,0.8547
P002702,Books,35,4.29,0.8,0.0,0.0571,0.7714,0.7727
P003334,Clothing,21,4.48,0.8571,0.0,0.0476,0.7619,0.8296
P001612,Toys & Games,20,4.05,0.85,0.1,0.05,0.8,0.8489
P003144,Electronics,12,3.83,0.6667,0.0833,0.0,0.6667,0.8195
P004228,Electronics,25,2.32,0.16,0.72,0.12,0.88,0.7603
P004621,Clothing,6,2.33,0.1667,0.5,0.0,0.8333,0.9013
P000885,Clothing,25,4.0,0.76,0.04,0.04,0.8,0.854
P002504,Toys & Games,42,3.88,0.7619,0.0714,0.0476,0.8095,0.7688
P003268,Toys & Games,29,4.21,0.931,0.0345,0.0345,0.8621,0.7806
P000504,Books,9,4.0,0.7778,0.1111,0.1111,0.7778,0.7976
P003211,Home & Kitchen,28,4.25,0.8214,0.0357,0.0357,0.8214,0.7056
P001914,Books,13,4.38,0.9231,0.0,0.0769,0.5385,0.846
P001772,Toys & Games,26,3.08,0.3846,0.3077,0.0,0.6154,0.6852
P003274,Beauty,16,3.94,0.75,0.0625,0.125,0.6875,0.8574
P001203,Toys & Games,22,4.59,0.9545,0.0455,0.1818,0.8636,0.8706
P000037,Electronics,29,3.55,0.5517,0.1034,0.1034,0.7931,0.8729
P000223,Sports & Outdoors,24,4.79,1.0,0.0,0.0,0.75,0.8429
P001211,Beauty,39,3.87,0.6667,0.0513,0.0256,0.7692,0.8141
P001804,Beauty,16,2.19,0.0625,0.625,0.0,0.8125,0.8444
P004282,Home & Kitchen,21,4.29,0.7619,0.0,0.0476,0.7143,0.8065
P000782,Food & Grocery,29,3.66,0.6897,0.1724,0.0345,0.6897,0.8764
P001756,Books,19,3.58,0.6316,0.1579,0.0526,0.7368,0.8116
P004061,Automotive,12,4.75,1.0,0.0,0.0,0.6667,0.8166
P004636,Electronics,17,4.18,0.8824,0.0,0.0,0.6471,0.8325
P000319,Clothing,18,4.39,0.9444,0.0,0.0,0.7778,0.9337
P000400,Home & Kitchen,16,2.38,0.1875,0.625,0.0625,0.8125,0.8796
P004704,Home & Kitchen,18,4.11,0.7778,0.0,0.1111,0.7778,0.6968
P002015,Home & Kitchen,4,3.25,0.25,0.0,0.0,0.5,0.9207
P001765,Electronics,27,2.89,0.2593,0.2222,0.0,0.8148,0.8383
P003145,Toys & Games,40,2.67,0.2,0.475,0.1,0.9,0.8288
P000058,Books,26,4.54,0.9231,0.0,0.0769,0.8462,0.8037
P002619,Toys & Games,21,3.05,0.2857,0.2381,0.0,0.7619,0.7825
P004202,Toys & Games,24,4.58,0.9583,0.0,0.125,0.625,0.8344
P000205,Electronics,17,2.06,0.0588,0.7059,0.0588,0.6471,0.8278
P003660,Electronics,9,3.89,0.5556,0.0,0.2222,0.4444,0.711
P002606,Electronics,32,4.69,0.9062,0.0,0.0625,0.875,0.7807
P004992,Health,14,4.71,1.0,0.0,0.0714,0.8571,0.8956
P001872,Home & Kitchen,27,2.26,0.0741,0.5556,0.0741,0.7407,0.8497
P000617,Beauty,13,4.23,0.8462,0.0769,0.1538,0.8462,0.7471
P000008,Toys & Games,33,4.42,0.9091,0.0606,0.0606,0.6667,0.8495
P001858,Clothing,10,1.5,0.0,1.0,0.0,0.6,0.8964
P001391,Food & Grocery,17,4.53,0.9412,0.0,0.0,0.7647,0.6318
P001388,Clothing,20,4.4,0.85,0.0,0.0,0.9,0.7615
P000650,Electronics,19,4.63,0.8947,0.0,0.0526,0.7368,0.9383
P000292,Electronics,14,2.57,0.2143,0.3571,0.0,0.7857,0.8138
P001902,Electronics,27,3.22,0.3333,0.1852,0.0741,0.7778,0.7907
P000188,Electronics,18,1.56,0.0,0.8889,0.0,0.7778,0.9044
P000248,Home & Kitchen,13,3.23,0.5385,0.3077,0.1538,0.6923,0.6949
P002743,Electronics,11,4.27,0.9091,0.0,0.0909,0.6364,0.8872
P001856,Automotive,24,4.62,1.0,0.0,0.0417,0.7083,0.6464
P000323,Clothing,11,4.0,0.7273,0.0,0.0909,0.8182,0.6874
P003130,Food & Grocery,21,4.29,1.0,0.0,0.0952,0.7143,0.8519
P001535,Electronics,21,3.67,0.5714,0.0,0.0476,0.619,0.8547
P001478,Automotive,6,2.67,0.5,0.5,0.0,1.0,0.963
P004121,Food & Grocery,20,3.95,0.7,0.05,0.1,0.7,0.7911
P003889,Food & Grocery,14,2.86,0.2857,0.2857,0.1429,0.7857,0.8164
P001121,Sports & Outdoors,26,2.54,0.0769,0.3846,0.0385,0.7692,0.8923
P003919,Sports & Outdoors,33,3.39,0.4848,0.1515,0.0606,0.8485,0.8401
P002591,Toys & Games,14,3.29,0.5,0.2857,0.0714,0.8571,0.8334
P003061,Sports & Outdoors,24,2.71,0.25,0.4583,0.0417,0.875,0.9117
P004373,Books,13,4.23,0.7692,0.0769,0.0769,0.6154,0.7927
P000102,Beauty,32,3.75,0.625,0.0625,0.0312,0.9062,0.8487
P001876,Toys & Games,25,3.44,0.48,0.12,0.04,0.96,0.8232
P003443,Electronics,21,1.71,0.0476,0.8571,0.0476,0.619,0.7892
P002835,Beauty,11,4.45,0.9091,0.0909,0.0909,0.8182,0.9242
P003093,Health,38,4.79,0.9474,0.0,0.0789,0.6842,0.7629
P000813,Automotive,13,3.31,0.5385,0.2308,0.0,0.7692,0.6851
P002427,Electronics,14,3.43,0.5714,0.1429,0.0,0.7143,0.8821
P003541,Health,25,4.8,1.0,0.0,0.08,0.72,0.7818
P000115,Electronics,20,4.1,0.85,0.0,0.0,0.85,0.8382
P003873,Electronics,40,2.0,0.075,0.775,0.05,0.775,0.807
P001458,Home & Kitchen,29,3.86,0.6897,0.069,0.0,0.8276,0.865
P001085,Automotive,27,3.22,0.4074,0.1852,0.0,0.6296,0.6823
P001083,Food & Grocery,25,2.68,0.16,0.4,0.04,0.76,0.8502
P004602,Food & Grocery,16,4.94,1.0,0.0,0.0,0.6875,0.8405
P004032,Home & Kitchen,17,1.47,0.0,0.8235,0.0,0.5294,0.7897
P003665,Clothing,22,2.68,0.2273,0.5,0.1818,0.7727,0.8034
P004291,Electronics,13,4.38,1.0,0.0,0.0,0.7692,0.8395
P003901,Electronics,13,4.62,1.0,0.0,0.0769,0.7692,0.8558
P004861,Books,21,4.71,1.0,0.0,0.0952,0.8095,0.7491
P004378,Clothing,21,3.29,0.4762,0.1905,0.0952,0.9048,0.7846
P002683,Electronics,21,3.86,0.619,0.0476,0.0952,0.7619,0.7262
P004216,Clothing,17,4.71,0.9412,0.0,0.0588,0.7647,0.8531
P001943,Home & Kitchen,28,3.57,0.5357,0.1429,0.0357,0.5714,0.8053
P003599,Food & Grocery,31,3.9,0.7742,0.0,0.0645,0.8387,0.7809
P004019,Electronics,32,3.53,0.4375,0.0938,0.0312,0.7188,0.777
P000466,Beauty,12,4.33,0.75,0.0,0.0833,0.5833,0.6529
P001985,Sports & Outdoors,27,2.44,0.1481,0.5556,0.0741,0.8148,0.7569
P003778,Electronics,5,3.4,0.2,0.0,0.2,0.4,0.877
P002825,Automotive,12,2.83,0.3333,0.3333,0.0,0.8333,0.842
P003433,Automotive,11,4.09,0.8182,0.0,0.0909,0.5455,0.8189
P000797,Electronics,30,2.0,0.0,0.7333,0.0,0.7667,0.8753
P003701,Health,26,4.85,0.9615,0.0,0.0769,0.6923,0.8275
P000480,Home & Kitchen,12,4.75,1.0,0.0,0.0833,0.5833,0.8037
P003535,Beauty,36,3.19,0.3611,0.1944,0.0556,0.6944,0.7748
P003079,Sports & Outdoors,18,4.67,1.0,0.0,0.0,0.7222,0.6837
P000398,Clothing,17,2.82,0.2353,0.2941,0.0588,0.8235,0.8481
P000664,Electronics,29,3.55,0.4828,0.1724,0.069,0.6207,0.8016
P001120,Health,25,4.64,1.0,0.0,0.04,0.88,0.8287
P002521,Electronics,21,3.76,0.5714,0.0476,0.0952,0.7143,0.8771
P003688,Food & Grocery,26,2.92,0.1923,0.3077,0.0385,0.6538,0.7922
P000113,Clothing,14,3.21,0.4286,0.2143,0.0,0.7857,0.6901
P000259,Electronics,14,3.14,0.3571,0.1429,0.0,0.6429,0.8743
P001708,Home & Kitchen,17,2.47,0.0588,0.5294,0.0588,0.8235,0.6377
P003718,Toys & Games,11,4.09,0.7273,0.0,0.1818,0.6364,0.697
P001760,Food & Grocery,12,4.75,1.0,0.0,0.0,0.8333,0.7833
P000719,Sports & Outdoors,16,3.62,0.6875,0.1875,0.0,0.8125,0.7653
P003461,Home & Kitchen,16,3.44,0.4375,0.125,0.0625,0.75,0.8834
P001762,Electronics,27,4.22,0.8519,0.0,0.037,0.8148,0.8427
P003959,Electronics,27,3.37,0.4444,0.2222,0.1111,0.7407,0.8079
P004264,Toys & Games,19,4.32,0.8421,0.0,0.0526,0.8421,0.7853
P002896,Electronics,8,4.62,1.0,0.0,0.125,0.625,0.96
P004213,Home & Kitchen,16,3.69,0.5625,0.0,0.0,0.875,0.7117
P004088,Sports & Outdoors,17,3.12,0.4118,0.2353,0.0,0.7059,0.8609
P002163,Home & Kitchen,33,3.67,0.6364,0.0606,0.0,0.6061,0.6981
P002221,Home & Kitchen,22,4.09,0.8636,0.0455,0.0,0.6818,0.7705
P001552,Home & Kitchen,18,4.22,0.7222,0.0,0.0,0.7778,0.6203
P001205,Electronics,21,4.43,0.9048,0.0476,0.0,0.6667,0.7578
P000759,Electronics,18,3.67,0.5556,0.0556,0.0556,0.6667,0.6802
P004056,Health,21,3.14,0.4286,0.1905,0.0,0.6667,0.8662
P004574,Home & Kitchen,27,4.7,0.8889,0.0,0.0741,0.8889,0.841
P000773,Sports & Outdoors,28,3.54,0.5714,0.1429,0.1071,0.7143,0.753
P004157,Health,15,3.93,0.8,0.0,0.0667,0.9333,0.6285
P000570,Books,7,2.43,0.1429,0.5714,0.1429,0.5714,0.9356
P001055,Clothing,34,4.44,0.9412,0.0,0.0588,0.8529,0.8316
P003155,Clothing,19,3.37,0.4737,0.2105,0.0,0.8947,0.9017
P004343,Books,32,4.19,0.8438,0.0,0.1562,0.6875,0.8635
P003981,Electronics,14,3.0,0.2857,0.2143,0.0,0.7143,0.7276
P001480,Home & Kitchen,34,2.53,0.1471,0.5588,0.0882,0.8824,0.8021
P001941,Clothing,16,2.31,0.125,0.625,0.0,0.75,0.7864
P000522,Home & Kitchen,10,4.1,0.7,0.0,0.0,0.7,0.8003
P004680,Health,21,3.29,0.4762,0.1905,0.0476,0.6667,0.8539
P001744,Food & Grocery,29,4.86,1.0,0.0,0.0345,0.7586,0.8343
P003401,Electronics,20,2.2,0.05,0.6,0.0,0.55,0.8178
P002362,Electronics,19,4.47,0.9474,0.0,0.0526,0.6842,0.7274
P003025,Clothing,19,4.21,0.8421,0.0526,0.1579,0.7368,0.8218
P001134,Beauty,22,3.45,0.5909,0.1364,0.0,0.6818,0.845
P001144,Toys & Games,15,4.67,0.9333,0.0,0.0,0.8,0.9577
P003947,Clothing,18,3.44,0.4444,0.1667,0.0556,0.8889,0.7687
P001394,Electronics,39,3.33,0.4872,0.2564,0.0,0.8974,0.8783
P001254,Sports & Outdoors,12,4.33,1.0,0.0,0.0,0.75,0.706
P002518,Clothing,15,4.53,1.0,0.0,0.0,0.6,0.8357
P001767,Automotive,18,3.78,0.5556,0.0,0.1111,0.6111,0.7579
P004905,Beauty,13,3.15,0.3846,0.3077,0.2308,0.9231,0.6729
P000606,Toys & Games,25,3.88,0.72,0.08,0.04,0.68,0.8592
P001096,Home & Kitchen,13,3.31,0.3846,0.1538,0.0,0.6154,0.8042
P003923,Home & Kitchen,10,3.9,0.7,0.0,0.2,0.7,0.8436
P000986,Food & Grocery,27,1.7,0.0,0.8519,0.0,0.8519,0.7415
P003124,Home & Kitchen,20,4.05,0.75,0.1,0.05,0.7,0.8545
P001601,Food & Grocery,13,1.31,0.0769,0.9231,0.0769,0.9231,0.8711
P003178,Home & Kitchen,19,4.89,1.0,0.0,0.0,0.6316,0.7639
P003459,Electronics,20,4.3,0.9,0.0,0.0,0.65,0.74
P004230,Clothing,24,4.17,0.7917,0.0833,0.0833,0.75,0.786
P001112,Home & Kitchen,36,4.53,0.9167,0.0278,0.0833,0.7222,0.7461
P004311,Books,19,3.68,0.6842,0.1053,0.0526,0.8421,0.8803
P000511,Electronics,19,3.74,0.6316,0.0526,0.1053,0.6842,0.5665
P003987,Clothing,22,2.82,0.2273,0.4091,0.0909,0.7273,0.728
P003876,Home & Kitchen,12,3.92,0.9167,0.0833,0.0,0.5,0.8351
P001032,Beauty,12,3.5,0.4167,0.0,0.0833,0.5833,0.7482
P004049,Home & Kitchen,21,3.43,0.5714,0.1905,0.0,0.9048,0.6962
P000779,Toys & Games,16,3.0,0.4375,0.3125,0.0,0.6875,0.7959
P004107,Beauty,29,3.86,0.6897,0.0345,0.0345,0.6552,0.8122
P002446,Books,25,3.24,0.4,0.16,0.04,0.88,0.7738
P003314,Sports & Outdoors,15,3.47,0.6,0.1333,0.0667,0.8667,0.9149
P004758,Automotive,16,4.12,0.875,0.0625,0.0625,0.875,0.8987
P003909,Books,16,3.12,0.3125,0.25,0.125,0.75,0.9011
P004310,Sports & Outdoors,19,3.0,0.2632,0.2105,0.0,0.7895,0.766
P004366,Electronics,14,3.64,0.5714,0.0714,0.1429,0.5,0.6726
P004089,Electronics,21,2.05,0.0952,0.7619,0.0952,0.8095,0.7674
P002076,Books,14,4.29,0.9286,0.0714,0.0,0.7143,0.9246
P004808,Sports & Outdoors,19,2.05,0.0526,0.7895,0.0526,0.7368,0.7864
P000710,Home & Kitchen,25,3.72,0.64,0.12,0.12,0.84,0.7201
P004314,Toys & Games,20,4.5,0.95,0.0,0.15,0.9,0.7287
P003484,Books,19,2.42,0.1053,0.5789,0.0526,0.6842,0.8831
P002493,Electronics,13,3.31,0.3846,0.0769,0.0769,0.8462,0.8366
P000626,Home & Kitchen,24,3.83,0.6667,0.0833,0.0417,0.5833,0.7453
P000079,Books,10,3.3,0.4,0.1,0.0,0.9,0.815
P002478,Clothing,25,2.04,0.0,0.72,0.0,0.64,0.827
P004503,Sports & Outdoors,14,2.71,0.2857,0.3571,0.0,0.8571,0.8929
P003173,Beauty,11,2.55,0.1818,0.5455,0.0,0.6364,0.6701
P003731,Food & Grocery,26,4.77,1.0,0.0,0.1538,0.7308,0.7782
P003096,Electronics,25,4.72,0.96,0.0,0.12,0.68,0.7595
P003697,Clothing,19,4.58,0.9474,0.0,0.0526,0.6842,0.6745
P001833,Home & Kitchen,22,2.64,0.2273,0.4545,0.0,0.9091,0.8547
P002638,Clothing,33,4.21,0.8182,0.0,0.0606,0.697,0.7411
P001814,Clothing,29,3.59,0.5862,0.1034,0.069,0.8621,0.8781
P001380,Home & Kitchen,21,4.05,0.8095,0.0,0.0952,0.5714,0.8439
P000387,Beauty,18,4.33,0.9444,0.0556,0.1111,0.8333,0.8959
P000339,Electronics,19,4.05,0.7895,0.0526,0.0526,0.6316,0.8069
P001942,Home & Kitchen,11,3.45,0.5455,0.1818,0.0909,0.5455,0.9304
P003387,Books,26,1.62,0.0385,0.9231,0.0385,0.8077,0.8117
P002571,Electronics,14,2.21,0.0,0.6429,0.0714,0.7143,0.8931
P002125,Home & Kitchen,27,4.26,0.8519,0.0,0.0,0.8148,0.723
P001341,Electronics,22,2.95,0.2273,0.3182,0.0455,0.9091,0.8033
P002209,Electronics,20,2.3,0.0,0.5,0.0,0.9,0.821
P004470,Clothing,20,4.6,0.95,0.0,0.0,0.8,0.795
P001469,Beauty,23,4.39,0.913,0.0,0.087,0.6957,0.8139
P004199,Electronics,14,3.86,0.7857,0.0714,0.0714,0.8571,0.9379
P002024,Clothing,23,1.57,0.087,0.8696,0.087,0.8261,0.8297
P003033,Clothing,29,2.97,0.2759,0.2759,0.0345,0.8276,0.7595
P000142,Books,18,4.17,0.8333,0.0556,0.0556,0.7778,0.7483
P004110,Books,22,3.5,0.4091,0.1364,0.0455,0.7273,0.8029
P002344,Clothing,8,4.12,0.75,0.0,0.0,0.75,0.8599
P004257,Electronics,11,4.09,0.9091,0.0909,0.0,0.7273,0.8648
P003503,Electronics,15,3.4,0.4667,0.2,0.1333,0.7333,0.8164
P000788,Clothing,9,4.78,1.0,0.0,0.0,0.8889,0.8522
P001910,Health,18,3.72,0.6667,0.1111,0.0556,0.6667,0.6714
P000786,Home & Kitchen,5,3.4,0.4,0.0,0.0,0.8,0.7428
P001349,Home & Kitchen,21,3.9,0.7619,0.0,0.0952,0.7143,0.8549
P000030,Beauty,20,3.65,0.55,0.15,0.05,0.6,0.7166
P004517,Home & Kitchen,20,3.15,0.3,0.15,0.05,0.85,0.7776
P001791,Toys & Games,32,2.91,0.2188,0.3438,0.0312,0.7188,0.8631
P002642,Beauty,17,2.71,0.1765,0.4118,0.0588,0.8235,0.8355
P002406,Clothing,20,4.2,0.8,0.0,0.1,0.85,0.773
P001354,Clothing,22,1.59,0.0455,0.9545,0.0455,0.9091,0.8814
P000657,Health,10,4.1,0.9,0.1,0.1,0.8,0.8433
P003691,Electronics,6,4.33,0.8333,0.0,0.0,0.6667,0.4307
P000477,Home & Kitchen,37,3.86,0.6486,0.0811,0.027,0.7027,0.7832
P003241,Health,28,2.82,0.25,0.3571,0.0714,0.75,0.7566
P003152,Sports & Outdoors,24,4.08,0.75,0.0833,0.0833,0.75,0.8037
P001654,Electronics,25,4.16,0.8,0.0,0.0,0.68,0.6994
P002830,Beauty,24,1.88,0.0417,0.7917,0.0417,0.6667,0.8751
P000012,Food & Grocery,32,2.62,0.1562,0.4375,0.0625,0.625,0.8482
P003423,Sports & Outdoors,27,4.52,0.963,0.0,0.0,0.7037,0.852
P004097,Sports & Outdoors,21,3.05,0.3333,0.2381,0.0476,0.8571,0.8971
P001769,Electronics,27,3.81,0.6667,0.1481,0.037,0.8148,0.7793
P003164,Beauty,23,4.52,0.913,0.0,0.087,0.5652,0.7716
P001277,Clothing,28,4.18,0.7857,0.0,0.0357,0.75,0.8329
P000840,Books,39,2.9,0.3333,0.3333,0.0513,0.6667,0.7343
P004718,Sports & Outdoors,12,4.58,1.0,0.0,0.0833,0.6667,0.5875
P003904,Books,37,4.14,0.8108,0.0541,0.0541,0.7297,0.8354
P000426,Toys & Games,20,4.05,0.8,0.05,0.0,0.8,0.8549
P001877,Clothing,8,2.0,0.0,0.625,0.0,0.625,0.7684
P004826,Home & Kitchen,26,3.81,0.7692,0.0385,0.0,0.9231,0.7703
P002799,Beauty,21,3.14,0.3333,0.2381,0.0,0.619,0.78
P001497,Health,9,1.89,0.1111,0.6667,0.0,0.5556,0.7286
P004258,Home & Kitchen,27,4.0,0.7407,0.0741,0.1481,0.7778,0.8997
P001482,Electronics,19,4.21,0.8947,0.0,0.0526,0.8421,0.8696
P004757,Home & Kitchen,15,4.4,0.9333,0.0,0.0667,0.8,0.8031
P000413,Electronics,18,4.17,0.8333,0.0556,0.0556,0.6667,0.7368
P004168,Home & Kitchen,20,4.05,0.7,0.0,0.05,0.95,0.7859
P003375,Books,20,3.0,0.25,0.35,0.05,0.8,0.8887
P004823,Sports & Outdoors,14,1.93,0.0,0.7143,0.0,0.7857,0.7324
P003826,Books,27,4.52,0.9259,0.037,0.0741,0.6667,0.8869
P000374,Clothing,18,4.06,0.8333,0.1111,0.0556,0.8889,0.8752
P001385,Food & Grocery,23,3.35,0.3913,0.1739,0.0435,0.7391,0.801
P002347,Health,23,4.65,1.0,0.0,0.0,0.5652,0.7103
P004192,Beauty,9,3.56,0.6667,0.2222,0.0,0.6667,0.6222
P001768,Electronics,14,1.5,0.0,1.0,0.0,0.7857,0.7191
P001459,Food & Grocery,13,4.08,0.7692,0.0769,0.0769,0.9231,0.8097
P004914,Food & Grocery,19,2.53,0.1053,0.3684,0.0526,0.8421,0.9336
P003539,Electronics,18,3.72,0.7222,0.1111,0.0556,0.6111,0.8854
P004805,Toys & Games,14,2.86,0.3571,0.5,0.0,0.8571,0.8219
P003657,Electronics,20,4.1,0.85,0.0,0.1,0.8,0.9147
P000103,Clothing,24,2.12,0.0417,0.5833,0.0417,0.875,0.7812
P001698,Toys & Games,13,4.08,0.9231,0.0,0.1538,0.7692,0.782
P003183,Books,25,3.28,0.36,0.16,0.08,0.72,0.821
P004841,Health,21,2.43,0.1905,0.619,0.0952,0.8095,0.6775
P002045,Automotive,27,3.04,0.2963,0.1852,0.0,0.7778,0.7579
P003591,Toys & Games,29,2.41,0.1379,0.5172,0.069,0.7586,0.822
P003533,Home & Kitchen,27,3.15,0.2593,0.1111,0.037,0.8519,0.7577
P003048,Sports & Outdoors,23,3.91,0.6957,0.0,0.0,0.8696,0.7911
P002395,Sports & Outdoors,26,4.5,0.9231,0.0,0.0769,0.8462,0.8421
P001930,Home & Kitchen,18,4.78,1.0,0.0,0.1667,0.7222,0.8209
P004297,Home & Kitchen,29,3.38,0.4828,0.2069,0.069,0.6552,0.8334
P000590,Electronics,21,2.24,0.1429,0.6667,0.1429,0.7143,0.8301
P003550,Health,12,4.5,0.9167,0.0,0.0,0.6667,0.8572
P001622,Books,11,1.91,0.0909,0.8182,0.0,0.7273,0.8845
P001393,Electronics,28,3.54,0.5714,0.1429,0.0357,0.8214,0.8759
P002721,Books,20,2.45,0.2,0.55,0.05,0.8,0.8313
P002811,Electronics,34,4.5,0.9412,0.0294,0.0588,0.7059,0.7429
P001924,Home & Kitchen,11,2.91,0.1818,0.1818,0.0,1.0,0.7
P003704,Beauty,15,3.67,0.7333,0.1333,0.0,0.8667,0.7361
P003281,Sports & Outdoors,31,4.48,0.9677,0.0,0.0645,0.7419,0.8797
P003122,Clothing,27,4.44,1.0,0.0,0.037,0.7037,0.8108
P003761,Automotive,16,2.19,0.0625,0.8125,0.0625,0.6875,0.7087
P001326,Health,11,2.91,0.2727,0.2727,0.0,0.7273,0.9314
P000235,Food & Grocery,21,4.19,0.9048,0.0952,0.0952,0.619,0.7979
P000265,Food & Grocery,17,3.35,0.4706,0.2353,0.1176,0.7647,0.6466
P000236,Toys & Games,11,4.82,1.0,0.0,0.0,0.6364,0.9242
P004997,Electronics,19,3.21,0.3684,0.3158,0.0,0.8947,0.8257
P003345,Books,5,5.0,1.0,0.0,0.2,1.0,0.9302
P004699,Books,14,2.86,0.2143,0.2143,0.0714,0.6429,0.7936
P000325,Health,22,3.86,0.7273,0.1364,0.0455,0.8182,0.8226
P004207,Clothing,35,4.03,0.8,0.0571,0.0857,0.8,0.8366
P002508,Food & Grocery,20,2.3,0.05,0.55,0.0,0.7,0.6963
P000406,Health,28,2.18,0.0714,0.6071,0.0714,0.6429,0.6878
P000064,Toys & Games,16,2.81,0.125,0.3125,0.0625,0.8125,0.8071
P001438,Books,17,4.47,0.9412,0.0588,0.1765,0.7647,0.8468
P001691,Toys & Games,15,4.27,0.9333,0.0,0.0667,0.9333,0.8122
P002166,Clothing,29,3.0,0.3793,0.3448,0.069,0.7241,0.7696
P004162,Clothing,24,4.29,0.9167,0.0833,0.0833,0.7083,0.7794
P003231,Home & Kitchen,28,4.43,0.9643,0.0357,0.0714,0.5357,0.7396
P002513,Electronics,20,3.4,0.5,0.15,0.0,0.95,0.8783
P002765,Electronics,8,2.5,0.125,0.375,0.0,0.625,0.718
P001986,Food & Grocery,31,2.74,0.1613,0.3548,0.129,0.7419,0.7723
P001019,Electronics,25,2.68,0.24,0.4,0.04,0.8,0.8564
P000164,Electronics,18,4.22,0.7778,0.0,0.0,0.7222,0.8192
P001275,Electronics,17,4.65,1.0,0.0,0.0588,0.6471,0.8566
P001530,Clothing,18,3.5,0.5,0.1111,0.1111,0.8333,0.7122
P002332,Home & Kitchen,44,4.36,0.9091,0.0,0.0455,0.7727,0.7672
P004244,Books,32,1.88,0.0625,0.875,0.0938,0.75,0.8125
P000422,Electronics,8,4.0,0.75,0.125,0.125,0.75,0.9195
P001526,Electronics,20,4.25,0.8,0.05,0.1,0.75,0.8999
P002851,Home & Kitchen,25,3.52,0.48,0.08,0.04,0.64,0.7921
P003248,Toys & Games,26,4.5,0.9231,0.0,0.1154,0.6538,0.8364
P000003,Health,22,4.59,0.9545,0.0,0.0909,0.8636,0.7619
P003815,Home & Kitchen,12,3.42,0.5,0.1667,0.0,0.9167,0.9357
P001688,Books,24,2.25,0.0833,0.6667,0.0833,0.6667,0.7944
P004579,Books,31,4.0,0.7742,0.0323,0.0323,0.6774,0.7719
P000681,Electronics,40,3.02,0.25,0.225,0.025,0.75,0.7979
P002757,Health,10,4.0,0.9,0.0,0.0,0.6,0.861
P000536,Clothing,43,4.49,0.9535,0.0233,0.093,0.7907,0.7468
P004768,Books,17,3.88,0.8235,0.1176,0.1176,0.6471,0.8503
P002114,Sports & Outdoors,39,4.23,0.8205,0.0,0.0769,0.7692,0.808
P003642,Electronics,24,2.58,0.1667,0.5,0.0417,0.625,0.7246
P002472,Health,39,4.08,0.7949,0.1026,0.0256,0.7949,0.7347
P000709,Home & Kitchen,24,4.08,0.75,0.0,0.0417,0.6667,0.6829
P003544,Clothing,18,3.94,0.7778,0.0556,0.0,0.5556,0.8546
P004762,Books,23,3.17,0.4348,0.2609,0.087,0.6522,0.8659
P004104,Clothing,36,4.28,0.8611,0.0556,0.0556,0.8333,0.7664
P003128,Electronics,17,4.0,0.7647,0.0,0.1176,0.6471,0.8482
P004596,Automotive,12,4.17,0.8333,0.0833,0.0833,0.8333,0.7482
P000328,Books,10,3.8,0.7,0.0,0.0,0.6,0.789
P004045,Books,10,4.4,1.0,0.0,0.0,0.6,0.8267
P003068,Clothing,14,4.57,1.0,0.0,0.0,0.7143,0.9248
P001463,Clothing,12,1.75,0.0,0.8333,0.0,0.8333,0.8389
P004225,Clothing,25,2.24,0.08,0.64,0.0,0.76,0.8318
P001918,Beauty,20,3.3,0.35,0.15,0.05,0.75,0.7631
P001184,Electronics,33,4.33,0.8788,0.0303,0.1515,0.6667,0.7168
P003508,Toys & Games,18,4.61,0.9444,0.0,0.1111,0.7778,0.813
P004871,Home & Kitchen,16,3.25,0.375,0.1875,0.0625,0.75,0.7617
P002118,Electronics,7,4.43,1.0,0.0,0.0,0.5714,0.9513
P000320,Food & Grocery,25,3.6,0.68,0.2,0.04,0.68,0.8069
P002371,Home & Kitchen,11,4.09,0.7273,0.0909,0.1818,0.9091,0.7176
P003479,Food & Grocery,48,4.48,0.9375,0.0,0.0833,0.7292,0.8366
P002823,Electronics,17,3.29,0.4118,0.2941,0.0,0.6471,0.847
P003186,Electronics,20,4.5,0.95,0.0,0.0,0.9,0.764
P001795,Health,26,4.5,0.8846,0.0,0.1154,0.5769,0.8198
P003681,Beauty,22,3.68,0.6818,0.1364,0.0455,0.7273,0.7644
P004346,Food & Grocery,23,2.26,0.1304,0.6957,0.0435,0.6957,0.7131
P002660,Clothing,23,2.96,0.2609,0.3043,0.0435,0.7826,0.8663
P002649,Sports & Outdoors,26,3.81,0.6538,0.0769,0.0,0.6923,0.8059
P002006,Health,18,2.39,0.0556,0.5,0.0556,0.8333,0.7681
P003233,Books,28,3.54,0.5,0.1071,0.0714,0.6786,0.8177
P003515,Food & Grocery,14,4.07,0.9286,0.0714,0.2143,0.6429,0.8489
P000695,Health,10,3.6,0.5,0.1,0.1,0.8,0.8583
P003866,Clothing,19,1.84,0.0526,0.8421,0.0526,0.6842,0.8768
P000375,Electronics,35,3.8,0.7429,0.1143,0.1143,0.8286,0.8195
P002438,Sports & Outdoors,29,3.45,0.5172,0.1034,0.0345,0.7586,0.7637
P001366,Books,18,3.83,0.5556,0.0,0.0,0.7778,0.8001
P000688,Food & Grocery,18,2.44,0.1667,0.5556,0.0556,0.8333,0.7112
P003970,Electronics,32,4.56,0.9375,0.0,0.0,0.7812,0.7748
P002457,Sports & Outdoors,22,3.41,0.4545,0.1364,0.0909,0.7273,0.864
P001631,Home & Kitchen,25,2.08,0.04,0.72,0.0,0.68,0.8957
P002815,Electronics,28,4.61,0.9643,0.0,0.0714,0.6429,0.7715
P001498,Sports & Outdoors,16,3.94,0.625,0.0625,0.125,0.8125,0.8076
P001916,Clothing,15,3.33,0.4667,0.1333,0.0,0.8,0.8444
P003247,Home & Kitchen,21,3.81,0.619,0.0952,0.0,0.8095,0.8239
P003012,Health,28,4.68,1.0,0.0,0.0714,0.6786,0.7213
P002091,Home & Kitchen,35,3.69,0.6,0.1714,0.2286,0.8,0.7633
P000526,Home & Kitchen,15,2.87,0.2,0.3333,0.0667,0.7333,0.792
P004101,Clothing,18,2.33,0.1667,0.5556,0.1111,0.8333,0.8599
P001329,Clothing,31,1.97,0.0323,0.7097,0.0323,0.7097,0.7725
P004031,Books,22,4.5,0.9545,0.0,0.0909,0.6364,0.7912
P001080,Clothing,38,2.97,0.3158,0.3158,0.0263,0.7368,0.8243
P001610,Home & Kitchen,12,4.67,0.8333,0.0,0.0,0.8333,0.7946
P002468,Sports & Outdoors,26,2.62,0.1923,0.4615,0.0385,0.9231,0.6939
P002706,Home & Kitchen,13,3.69,0.5385,0.0,0.0769,0.8462,0.8683
P003635,Sports & Outdoors,23,3.22,0.3043,0.1739,0.0,0.6957,0.744
P000584,Home & Kitchen,26,3.73,0.5769,0.0385,0.0769,0.7692,0.8585
P003916,Clothing,16,4.62,0.875,0.0,0.0625,0.875,0.9062
P002181,Toys & Games,22,2.91,0.3182,0.3636,0.0455,0.7273,0.8208
P000050,Electronics,25,4.8,1.0,0.0,0.08,0.88,0.7849
P000288,Home & Kitchen,24,2.08,0.0417,0.625,0.0417,0.7083,0.808
P002214,Books,12,3.5,0.6667,0.1667,0.1667,0.8333,0.6905
P002715,Health,27,1.85,0.1111,0.8519,0.0741,0.7778,0.8184
P002014,Home & Kitchen,17,4.06,0.7647,0.0,0.0588,0.7059,0.9005
P000810,Automotive,19,3.47,0.4211,0.1053,0.0526,0.7895,0.8554
P001409,Health,30,3.27,0.5,0.1333,0.0,0.8333,0.771
P001302,Books,23,2.57,0.1304,0.4348,0.0435,0.6957,0.7955
P000994,Clothing,15,3.13,0.2,0.1333,0.0,1.0,0.8433
P004988,Clothing,26,3.35,0.5,0.1538,0.0,0.8462,0.6833
P000148,Books,14,3.71,0.5,0.0714,0.0,0.4286,0.8271
P001921,Books,18,4.33,0.8889,0.0,0.0,0.7222,0.774
P001590,Electronics,22,4.45,0.9545,0.0455,0.0455,0.6818,0.784
P004106,Electronics,22,2.36,0.0909,0.5,0.0455,0.7273,0.7379
P004796,Clothing,14,4.29,0.8571,0.1429,0.1429,0.7143,0.7505
P003605,Food & Grocery,14,2.5,0.1429,0.5,0.0,0.7143,0.8831
P000211,Beauty,9,3.22,0.3333,0.1111,0.0,0.4444,0.8167
P001405,Clothing,11,2.27,0.0909,0.6364,0.0909,0.6364,0.6195
P002719,Electronics,23,2.74,0.2609,0.3478,0.0,0.7391,0.7963
P003717,Beauty,22,4.45,0.9091,0.0,0.0,0.7727,0.8691
P004186,Toys & Games,13,4.77,1.0,0.0,0.0,0.8462,0.7298
P004995,Sports & Outdoors,18,2.72,0.2222,0.4444,0.0556,0.6111,0.7141
P004804,Home & Kitchen,12,3.42,0.5,0.25,0.0833,0.75,0.7224
P000358,Toys & Games,14,2.21,0.0,0.5714,0.0,0.7857,0.6354
P003853,Home & Kitchen,19,2.89,0.2105,0.2632,0.0526,0.7895,0.9162
P001095,Sports & Outdoors,18,1.89,0.0556,0.7778,0.0556,0.8889,0.9079
P001016,Electronics,9,4.0,0.7778,0.0,0.0,0.6667,0.8407
P000696,Books,18,4.17,0.8889,0.0556,0.0556,0.7778,0.7804
P003088,Home & Kitchen,10,3.3,0.3,0.1,0.0,1.0,0.659
P004161,Books,31,4.61,0.9677,0.0,0.0,0.6452,0.7442
P003014,Beauty,8,3.88,0.625,0.0,0.0,0.875,0.8111
P000793,Clothing,28,2.57,0.1071,0.4643,0.0357,0.9286,0.8554
P000647,Electronics,26,2.65,0.1923,0.4231,0.0385,0.7692,0.7847
P002244,Clothing,15,2.27,0.0,0.6667,0.0,0.6,0.7251
P000212,Sports & Outdoors,12,4.42,1.0,0.0,0.0833,0.6667,0.8842
P001619,Automotive,12,2.33,0.1667,0.75,0.1667,0.8333,0.7152
P002380,Beauty,11,4.45,0.9091,0.0,0.0909,0.9091,0.8884
P003977,Electronics,32,3.88,0.6875,0.0625,0.0,0.75,0.9028
P000913,Health,37,3.57,0.5946,0.1622,0.1351,0.7297,0.7871
P001336,Health,7,3.86,0.7143,0.0,0.0,0.8571,0.8329
P001440,Automotive,10,2.5,0.0,0.4,0.0,0.6,0.7192
P000015,Home & Kitchen,23,4.35,0.913,0.0,0.1304,0.6522,0.8398
P002930,Beauty,14,3.79,0.6429,0.0714,0.1429,0.8571,0.8116
P003008,Electronics,21,4.14,0.8095,0.0,0.0,0.6667,0.8673
P002313,Home & Kitchen,14,4.57,0.9286,0.0,0.1429,0.7857,0.7381
P002287,Health,22,4.45,0.8636,0.0,0.0,0.7273,0.6846
P001524,Toys & Games,23,2.91,0.3478,0.3043,0.0435,0.6957,0.8495
P002972,Sports & Outdoors,19,3.58,0.5789,0.1053,0.1053,0.6316,0.8672
P003264,Home & Kitchen,32,3.53,0.4062,0.0625,0.0625,0.6562,0.8528
P000082,Home & Kitchen,15,2.6,0.2,0.5333,0.1333,0.9333,0.7445
P000822,Sports & Outdoors,13,3.31,0.4615,0.0769,0.0769,0.8462,0.8535
P003427,Electronics,22,4.77,1.0,0.0,0.0,0.7727,0.7147
P001461,Toys & Games,18,4.0,0.6667,0.0,0.0,0.8333,0.8558
P002003,Food & Grocery,11,4.55,1.0,0.0,0.0909,0.8182,0.8107
P000830,Clothing,25,1.72,0.04,0.88,0.04,0.88,0.8593
P004294,Sports & Outdoors,28,4.04,0.7143,0.0357,0.0714,0.8214,0.8186
P000151,Toys & Games,23,3.96,0.7391,0.0,0.0435,0.6957,0.8868
P002264,Electronics,18,3.61,0.5556,0.1111,0.0556,0.8333,0.7746
P004604,Sports & Outdoors,14,4.5,0.9286,0.0714,0.0,0.7143,0.9236
P000735,Electronics,13,4.62,0.9231,0.0,0.0,0.9231,0.7559
P003001,Toys & Games,21,3.76,0.7619,0.0952,0.0476,0.7619,0.8941
P004601,Sports & Outdoors,13,3.92,0.6923,0.0769,0.0,0.7692,0.9321
P004870,Sports & Outdoors,7,3.0,0.4286,0.2857,0.0,0.8571,0.8201
P000186,Sports & Outdoors,27,1.52,0.0,0.963,0.0,0.7778,0.872
P002717,Books,18,2.78,0.2222,0.3889,0.0556,0.6667,0.7473
P004148,Beauty,18,4.5,0.9444,0.0556,0.1111,0.9444,0.7911
P002268,Books,11,4.73,0.9091,0.0,0.0909,0.8182,0.8555
P003800,Clothing,31,4.26,0.8065,0.0323,0.0645,0.7742,0.8117
P004080,Home & Kitchen,29,3.55,0.5172,0.1034,0.0,0.7586,0.8454
P001486,Electronics,15,4.33,0.9333,0.0,0.0667,0.9333,0.7431
P004572,Health,19,2.84,0.2105,0.4737,0.1053,0.7895,0.7964
P000191,Food & Grocery,13,4.46,1.0,0.0,0.2308,0.6154,0.6954
P001476,Books,6,4.83,1.0,0.0,0.0,0.8333,0.4912
P003517,Sports & Outdoors,22,3.36,0.6818,0.2273,0.0,0.6364,0.8627
P000121,Sports & Outdoors,14,2.29,0.0714,0.6429,0.0,0.7857,0.8006
P001966,Electronics,9,4.67,1.0,0.0,0.1111,1.0,0.7424
P001314,Electronics,22,4.73,0.9545,0.0,0.0455,0.7727,0.6595
P004799,Health,13,4.54,1.0,0.0,0.0,0.8462,0.867
P001021,Health,12,4.5,0.8333,0.0,0.0,0.9167,0.7973
P002967,Clothing,28,3.46,0.5,0.1786,0.0714,0.6429,0.7788
P003586,Toys & Games,19,1.68,0.0526,0.8421,0.0526,0.7368,0.8428
P003564,Clothing,12,4.0,0.8333,0.0833,0.0833,0.5833,0.9105
P002937,Clothing,16,4.25,0.8125,0.0,0.0,0.8125,0.7872
P001138,Home & Kitchen,23,2.87,0.1739,0.2609,0.0,0.6957,0.8172
P004074,Electronics,39,1.51,0.0769,0.8718,0.1026,0.6923,0.8286
P001434,Electronics,25,3.8,0.64,0.08,0.04,0.6,0.8012
P000853,Health,25,4.08,0.76,0.04,0.0,0.84,0.683
P002469,Sports & Outdoors,17,2.94,0.3529,0.3529,0.1176,0.8235,0.7699
P003546,Home & Kitchen,16,4.25,0.8125,0.0625,0.0,0.75,0.7942
P003644,Electronics,8,3.62,0.375,0.125,0.25,0.875,0.6111
P002667,Health,31,3.94,0.7097,0.0323,0.0645,0.7742,0.8206
P000229,Sports & Outdoors,14,1.21,0.0,1.0,0.0,0.7857,0.9196
P001353,Clothing,35,2.57,0.1143,0.4857,0.1143,0.8286,0.7655
P000490,Books,9,4.0,0.8889,0.1111,0.2222,0.5556,0.9563
P004482,Sports & Outdoors,21,4.52,1.0,0.0,0.0,0.6667,0.7662
P002119,Electronics,11,3.45,0.4545,0.1818,0.0909,0.8182,0.7225
P000496,Books,12,2.25,0.0833,0.6667,0.0833,0.6667,0.7812
P003105,Sports & Outdoors,15,3.27,0.5333,0.1333,0.0667,0.6667,0.7913
P002985,Electronics,21,4.62,1.0,0.0,0.0952,0.6667,0.8413
P001770,Toys & Games,31,4.0,0.8065,0.0645,0.0,0.871,0.7235
P004859,Electronics,33,4.24,0.8182,0.0606,0.0303,0.8788,0.8823
P002562,Beauty,17,2.18,0.0588,0.6471,0.0588,0.7647,0.7422
P002524,Sports & Outdoors,21,3.38,0.4286,0.1905,0.0,0.8095,0.8091
P000117,Beauty,12,3.17,0.3333,0.25,0.1667,0.8333,0.6342
P000820,Clothing,35,4.63,0.9143,0.0,0.0,0.8286,0.842
P004634,Clothing,19,2.84,0.3158,0.3684,0.1053,0.7895,0.7696
P004007,Books,25,4.36,0.96,0.04,0.0,0.56,0.7325
P002946,Home & Kitchen,23,2.35,0.0435,0.5217,0.0435,0.7391,0.8537
P002364,Health,11,4.55,1.0,0.0,0.0909,0.8182,0.6299
P004815,Home & Kitchen,10,3.1,0.3,0.2,0.1,0.9,0.8109
P004552,Beauty,6,4.83,1.0,0.0,0.0,0.8333,0.7443
P001929,Electronics,17,4.35,0.9412,0.0588,0.0,0.7647,0.8052
P002707,Health,25,3.88,0.72,0.12,0.08,0.72,0.8221
P000388,Food & Grocery,16,2.44,0.1875,0.5,0.0625,0.8125,0.8765
P003006,Toys & Games,24,3.29,0.4583,0.1667,0.0833,0.7083,0.7151
P003606,Electronics,18,4.83,1.0,0.0,0.0556,0.7222,0.7724
P002467,Toys & Games,22,4.41,0.8636,0.0,0.0,0.7727,0.7825
P000198,Health,22,4.45,0.9545,0.0,0.0,0.7273,0.7956
P002901,Home & Kitchen,37,3.11,0.3784,0.2432,0.0,0.7297,0.7553
P002188,Sports & Outdoors,10,3.5,0.6,0.2,0.2,0.9,0.7451
P004923,Clothing,19,4.63,1.0,0.0,0.0,0.7368,0.9177
P001803,Electronics,26,2.31,0.1154,0.6538,0.0769,0.7692,0.8543
P003426,Books,15,3.93,0.7333,0.0667,0.0,0.7333,0.7311
P003406,Toys & Games,26,4.5,0.9231,0.0385,0.0769,0.6538,0.7852
P003633,Sports & Outdoors,10,3.7,0.6,0.0,0.1,0.9,0.7611
P004555,Clothing,16,3.81,0.5,0.0,0.125,0.5625,0.6426
P004492,Health,17,3.24,0.4118,0.1765,0.0588,0.7059,0.7191
P003976,Clothing,29,2.59,0.1724,0.5172,0.0,0.6897,0.7473
P001903,Health,23,4.48,0.913,0.087,0.087,0.7826,0.9207
P003476,Home & Kitchen,19,2.63,0.2105,0.5789,0.1053,0.7895,0.7729
P001320,Health,9,3.0,0.2222,0.1111,0.0,0.7778,0.947
P004085,Books,18,2.44,0.1111,0.5,0.0,0.7222,0.9361
P003213,Toys & Games,22,4.77,1.0,0.0,0.0,0.6818,0.8265
P004656,Health,21,2.43,0.0952,0.5238,0.0,0.7619,0.9183
P004087,Books,34,3.97,0.7353,0.0588,0.1176,0.8235,0.8361
P000957,Toys & Games,30,3.53,0.5667,0.1333,0.0667,0.9,0.7555
P001068,Beauty,19,4.26,0.8421,0.0526,0.0526,0.7895,0.8636
P000917,Electronics,12,3.33,0.5,0.1667,0.0,0.5833,0.8121
P000838,Automotive,11,2.09,0.0,0.6364,0.0,0.9091,0.7379
P000153,Electronics,9,4.33,0.6667,0.0,0.1111,0.7778,0.6502
P003727,Automotive,16,4.0,0.8125,0.0625,0.0,0.75,0.8688
P004657,Health,11,4.27,0.9091,0.0,0.0909,0.9091,0.9189
P003600,Home & Kitchen,10,1.1,0.0,1.0,0.0,1.0,0.8505
P000104,Automotive,19,4.53,1.0,0.0,0.0526,0.6842,0.8257
P003626,Books,15,2.93,0.2667,0.4667,0.1333,0.7333,0.743
P003004,Beauty,29,2.28,0.069,0.5862,0.0,0.8966,0.7969
P002352,Health,23,3.87,0.7391,0.0,0.0435,0.7826,0.7306
P000226,Food & Grocery,27,2.89,0.2593,0.3333,0.037,0.6667,0.8118
P001614,Home & Kitchen,13,3.23,0.3077,0.1538,0.0769,0.6923,0.8548
P004884,Home & Kitchen,25,2.2,0.04,0.6,0.04,0.84,0.836
P001057,Food & Grocery,30,4.4,0.8667,0.0,0.0667,0.5,0.7753
P003227,Beauty,19,2.89,0.2105,0.2632,0.0526,0.8947,0.7633
P000403,Toys & Games,19,3.63,0.6316,0.1579,0.0,0.7368,0.8225
P004371,Clothing,20,3.6,0.6,0.05,0.05,0.7,0.8481
P002854,Clothing,21,2.57,0.0952,0.4762,0.0952,0.7143,0.719
P002987,Electronics,26,1.85,0.0,0.8077,0.0,0.8462,0.7055
P002787,Beauty,39,2.9,0.2051,0.2821,0.1026,0.7436,0.7749
P002002,Home & Kitchen,31,4.48,0.9355,0.0,0.0323,0.6129,0.7815
P004063,Electronics,7,2.29,0.1429,0.7143,0.0,0.8571,0.9613
P001959,Health,29,4.07,0.7586,0.069,0.069,0.7586,0.8317
P000068,Clothing,34,4.0,0.7059,0.0588,0.1471,0.7647,0.8275
P004578,Electronics,26,4.5,0.9615,0.0,0.0769,0.7692,0.7273
P003711,Health,22,4.32,0.8636,0.0455,0.0455,0.6364,0.7461
P000463,Food & Grocery,9,3.0,0.3333,0.3333,0.1111,0.6667,0.7372
P002763,Electronics,15,4.4,0.9333,0.0,0.0,0.6667,0.829
P001779,Home & Kitchen,14,2.71,0.2143,0.3571,0.1429,0.7857,0.8045
P001227,Home & Kitchen,13,3.23,0.3846,0.1538,0.0769,0.6923,0.6042
P001500,Sports & Outdoors,16,4.31,0.875,0.0625,0.0625,0.75,0.79
P002175,Home & Kitchen,11,3.55,0.6364,0.1818,0.2727,0.7273,0.7345
P003743,Health,14,4.07,0.8571,0.0714,0.0714,0.7857,0.9032
P000019,Toys & Games,18,2.56,0.1111,0.5556,0.0556,0.5,0.928
P003850,Clothing,27,4.33,0.7778,0.0,0.0,0.8519,0.7705
P000096,Sports & Outdoors,14,2.57,0.2143,0.4286,0.0,0.6429,0.9191
P001792,Clothing,19,4.53,0.8421,0.0,0.1053,0.6842,0.8422
P003419,Electronics,15,3.8,0.6667,0.1333,0.0667,0.8,0.7381
P000383,Toys & Games,24,3.38,0.4583,0.2083,0.25,0.5417,0.9254
P003842,Sports & Outdoors,13,4.23,0.9231,0.0,0.0,0.6154,0.8517
P003703,Books,13,3.62,0.6923,0.1538,0.0769,0.7692,0.7928
P000241,Toys & Games,15,3.0,0.3333,0.3333,0.0667,0.6667,0.8389
P001822,Books,12,4.17,0.8333,0.0,0.0833,0.8333,0.7169
P001584,Clothing,26,3.04,0.2308,0.2308,0.1538,0.6538,0.676
P003355,Books,10,2.6,0.1,0.5,0.1,0.7,0.8829
P001033,Books,28,2.54,0.2143,0.5714,0.1071,0.7143,0.803
P002846,Sports & Outdoors,25,1.88,0.04,0.8,0.04,0.72,0.8446
P003960,Home & Kitchen,43,3.44,0.5814,0.1628,0.0698,0.7442,0.8075
P003560,Books,24,4.67,0.9583,0.0,0.0417,0.6667,0.7751
P001808,Home & Kitchen,22,3.18,0.4545,0.1818,0.0,0.8636,0.8981
P004333,Electronics,10,2.5,0.0,0.5,0.0,0.8,0.8975
P004610,Automotive,5,3.4,0.4,0.0,0.2,0.8,0.7684
P000967,Food & Grocery,26,2.0,0.0,0.6538,0.0,0.6923,0.7348
P004493,Automotive,22,2.32,0.1364,0.6364,0.1364,0.6818,0.7836
P003114,Sports & Outdoors,27,2.52,0.1111,0.4074,0.037,0.8148,0.8146
P003408,Clothing,18,4.72,1.0,0.0,0.0556,0.7222,0.761
P000579,Health,10,4.7,1.0,0.0,0.0,0.9,0.7148
P000568,Electronics,13,4.38,0.9231,0.0,0.0,0.7692,0.9285
P003327,Home & Kitchen,6,4.67,1.0,0.0,0.0,0.8333,0.7305
P003516,Beauty,44,4.23,0.8409,0.0455,0.0227,0.7273,0.7448
P003056,Books,11,2.27,0.0909,0.5455,0.0909,0.8182,0.7633
P004306,Electronics,29,3.86,0.6552,0.1379,0.0345,0.6897,0.817
P003572,Electronics,21,3.1,0.4286,0.1905,0.0,0.7619,0.7743
P002309,Sports & Outdoors,27,4.33,0.8148,0.037,0.0741,0.7407,0.8676
P001243,Home & Kitchen,18,4.06,0.8889,0.1111,0.0,0.7222,0.7947
P003447,Beauty,22,2.41,0.1364,0.5455,0.0,0.6364,0.8475
P004690,Beauty,22,2.82,0.1818,0.3636,0.0455,0.6364,0.759
P001663,Toys & Games,19,4.47,0.9474,0.0526,0.1053,0.7895,0.8296
P004862,Health,22,3.59,0.5909,0.0455,0.0455,0.7273,0.7264
P003109,Clothing,22,4.0,0.8182,0.0455,0.0,0.7727,0.88
P001217,Clothing,24,4.29,0.8333,0.0,0.2083,0.625,0.8439
P004249,Clothing,14,3.29,0.5,0.2143,0.0714,0.7857,0.6923
P002101,Beauty,7,4.29,0.8571,0.0,0.0,0.7143,0.9127
P003350,Home & Kitchen,35,3.49,0.6,0.1714,0.0286,0.6571,0.8123
P003009,Electronics,16,2.88,0.25,0.3125,0.0625,0.6875,0.9094
P001045,Electronics,24,4.29,0.875,0.0417,0.0833,0.7917,0.7245
P002760,Books,25,3.0,0.32,0.32,0.0,0.88,0.8364
P003767,Books,13,3.15,0.3846,0.2308,0.1538,0.8462,0.8601
P000622,Books,27,4.33,0.9259,0.037,0.0,0.6296,0.798
P000852,Clothing,9,3.89,0.5556,0.0,0.1111,0.6667,0.8191
P003393,Automotive,28,4.61,0.8929,0.0357,0.1429,0.6786,0.7532
P002167,Health,11,4.27,0.9091,0.0,0.0909,0.6364,0.6773
P000448,Sports & Outdoors,44,4.36,0.8864,0.0227,0.0909,0.75,0.6666
P000989,Home & Kitchen,16,3.06,0.3125,0.25,0.125,0.625,0.8167
P002779,Clothing,14,3.57,0.5,0.1429,0.0,0.5714,0.8109
P001895,Clothing,34,2.0,0.0882,0.7647,0.0,0.6765,0.7611
P002150,Electronics,17,3.65,0.5882,0.1176,0.0588,0.8235,0.7449
P000446,Beauty,28,1.21,0.0,1.0,0.0,0.8929,0.6674
P002063,Books,19,2.79,0.2105,0.4211,0.0526,0.8947,0.8668
P001938,Sports & Outdoors,24,4.25,0.875,0.0417,0.1667,0.75,0.8253
P003793,Electronics,11,4.36,0.8182,0.0,0.0,0.5455,0.9079
P004332,Food & Grocery,14,2.64,0.2143,0.5,0.1429,0.7143,0.7135
P000141,Books,20,4.1,0.75,0.0,0.05,0.85,0.8549
P000152,Health,27,3.22,0.4074,0.1852,0.0741,0.8519,0.7461
P004693,Beauty,14,2.21,0.0,0.6429,0.0,0.7143,0.8584
P002574,Toys & Games,21,3.38,0.5238,0.1429,0.0476,0.8095,0.8153
P004386,Food & Grocery,19,2.95,0.3158,0.3684,0.1579,0.7368,0.8919
P003346,Beauty,17,4.12,0.8235,0.0,0.0,0.9412,0.8642
P001266,Toys & Games,20,1.8,0.0,0.9,0.0,0.6,0.8459
P001282,Home & Kitchen,28,4.32,0.8571,0.0,0.0357,0.8571,0.7268
P001024,Books,16,4.56,1.0,0.0,0.0,0.75,0.9002
P002586,Home & Kitchen,16,3.31,0.4375,0.25,0.0625,1.0,0.896
P004819,Books,19,4.68,1.0,0.0,0.0526,0.8947,0.7626
P002910,Books,11,2.91,0.4545,0.3636,0.0909,0.4545,0.687
P001862,Automotive,14,3.93,0.6429,0.0714,0.0,0.7857,0.7279
P000421,Sports & Outdoors,24,4.42,0.9583,0.0,0.0,0.7083,0.8745
P003153,Home & Kitchen,23,2.48,0.2609,0.4348,0.0435,0.7826,0.8453
P002020,Home & Kitchen,27,2.96,0.2963,0.2593,0.0741,0.7037,0.828
P001529,Electronics,16,3.94,0.875,0.0625,0.0625,0.9375,0.7667
P004849,Electronics,14,2.93,0.2143,0.4286,0.2143,0.7857,0.7649
P003823,Books,15,4.27,0.8667,0.0,0.0,0.7333,0.9135
P004384,Home & Kitchen,18,3.33,0.5,0.1667,0.0556,0.8333,0.8446
P004442,Clothing,15,3.6,0.6667,0.1333,0.0667,0.8667,0.7169
P000900,Books,27,3.56,0.5185,0.0741,0.0741,0.8148,0.6825
P003595,Electronics,21,4.29,0.8571,0.0476,0.1905,0.8571,0.7965
P000755,Beauty,25,2.2,0.12,0.8,0.08,0.84,0.7392
P000888,Electronics,8,3.75,0.625,0.0,0.125,0.5,0.9014
P004838,Electronics,22,2.23,0.0909,0.6364,0.0,0.6818,0.8125
P004197,Electronics,23,2.78,0.2174,0.3913,0.087,0.7826,0.8212
P001763,Clothing,31,2.65,0.1613,0.3548,0.0,0.7097,0.8894
P001568,Electronics,12,2.92,0.3333,0.5,0.1667,0.9167,0.6577
P001330,Electronics,32,4.25,0.875,0.0625,0.0312,0.6875,0.8454
P003684,Books,20,3.55,0.5,0.1,0.0,0.9,0.841
P003882,Food & Grocery,26,2.62,0.2308,0.4615,0.0385,0.6923,0.734
P002487,Toys & Games,21,4.0,0.7619,0.0476,0.1429,0.619,0.8795
P002957,Electronics,17,3.29,0.3529,0.1176,0.1176,0.8235,0.7614
P003067,Home & Kitchen,32,3.47,0.5625,0.1875,0.0,0.7188,0.7077
P004877,Clothing,12,4.75,1.0,0.0,0.0833,0.6667,0.7623
P003867,Books,24,3.08,0.3333,0.2917,0.125,0.75,0.688
P004435,Books,23,3.13,0.4348,0.3043,0.087,0.7826,0.7863
P002932,Clothing,30,4.07,0.7333,0.0333,0.0667,0.8,0.7784
P000001,Toys & Games,28,4.0,0.8571,0.0714,0.0,0.75,0.7949
P004902,Clothing,27,4.0,0.7037,0.037,0.0741,0.6667,0.7445
P000499,Home & Kitchen,30,2.57,0.1333,0.4667,0.0333,0.7333,0.8285
P003857,Toys & Games,47,2.15,0.0638,0.6809,0.0213,0.766,0.8269
P002288,Toys & Games,27,4.3,0.7778,0.0,0.0741,0.7778,0.7835
P002789,Food & Grocery,23,4.87,1.0,0.0,0.0,0.8696,0.8644
P000065,Sports & Outdoors,27,4.22,0.8519,0.0741,0.037,0.7778,0.8677
P002066,Food & Grocery,8,4.0,0.875,0.0,0.0,0.875,0.9151
P001180,Clothing,17,2.88,0.1765,0.2941,0.0,0.7647,0.8311
P000442,Electronics,29,4.69,0.9655,0.0,0.0345,0.7586,0.8587
P003851,Home & Kitchen,23,2.96,0.3478,0.2609,0.0435,0.6957,0.7706
P004340,Toys & Games,13,3.08,0.3846,0.3077,0.0,0.3846,0.7534
P004977,Home & Kitchen,16,2.56,0.25,0.5,0.1875,0.75,0.8606
P002701,Beauty,14,4.43,0.9286,0.0714,0.0,0.6429,0.8358
P000892,Food & Grocery,27,3.04,0.2222,0.1852,0.1852,0.7407,0.6623
P003932,Sports & Outdoors,14,3.79,0.5714,0.0,0.0,0.7143,0.8874
P000950,Clothing,9,3.22,0.2222,0.0,0.0,0.8889,0.8333
P004928,Books,20,4.55,0.95,0.05,0.0,0.75,0.7694
P001802,Sports & Outdoors,14,4.36,0.9286,0.0,0.0714,0.7857,0.8684
P000116,Health,13,4.46,0.8462,0.0,0.1538,0.3846,0.8075
P004038,Health,20,4.2,0.85,0.05,0.0,0.75,0.8049
P004302,Beauty,27,3.56,0.5926,0.0741,0.037,0.7407,0.7879
P004709,Electronics,22,2.77,0.2727,0.4545,0.0,0.6364,0.8581
P003768,Clothing,26,3.23,0.4615,0.1154,0.0,0.7692,0.7509
P000920,Books,15,4.27,0.8667,0.0,0.0667,0.6667,0.718
P000859,Home & Kitchen,24,3.67,0.5,0.0833,0.0833,0.8333,0.793
P002544,Clothing,21,4.52,1.0,0.0,0.0952,0.7143,0.8114
P002180,Automotive,18,3.0,0.3889,0.2778,0.0556,0.7222,0.7736
P002285,Clothing,24,2.25,0.0833,0.625,0.0833,0.75,0.8196
P001372,Food & Grocery,30,2.67,0.2333,0.4667,0.1,0.7667,0.8356
P002251,Books,14,3.93,0.7143,0.0714,0.0,0.7143,0.7479
P004423,Sports & Outdoors,42,3.57,0.5714,0.119,0.0714,0.7619,0.7298
P001847,Clothing,12,3.42,0.3333,0.0833,0.0833,0.9167,0.8067
P001268,Automotive,16,2.38,0.125,0.5625,0.125,0.9375,0.7811
P000189,Beauty,26,2.92,0.2308,0.3846,0.1923,0.8846,0.7993
P001735,Health,23,4.09,0.7826,0.0435,0.1739,0.7826,0.7399
P003855,Sports & Outdoors,26,4.19,0.8077,0.0385,0.0385,0.7692,0.7682
P002248,Sports & Outdoors,11,2.27,0.0909,0.5455,0.0909,0.9091,0.7616
P000757,Clothing,19,4.42,1.0,0.0,0.0,0.8421,0.8553
P004077,Sports & Outdoors,8,3.5,0.5,0.125,0.125,0.875,0.8084
P002903,Electronics,27,3.41,0.5556,0.2222,0.037,0.7778,0.9171
P001613,Toys & Games,7,4.14,0.8571,0.0,0.0,0.7143,0.8953
P002887,Electronics,14,4.43,1.0,0.0,0.0,0.7143,0.6871
P000912,Health,24,3.96,0.75,0.0833,0.0833,0.75,0.7756
P002436,Food & Grocery,17,2.65,0.1176,0.4706,0.0588,0.7059,0.8791
P001004,Electronics,25,3.04,0.24,0.32,0.12,0.88,0.6902
P000824,Sports & Outdoors,18,3.33,0.5556,0.2222,0.0556,0.6111,0.7105
P004645,Clothing,30,4.5,0.9333,0.0,0.1,0.8,0.7678
P004464,Automotive,20,2.75,0.15,0.3,0.0,0.65,0.8088
P004355,Health,20,4.7,1.0,0.0,0.05,0.85,0.8572
P003686,Electronics,23,3.35,0.5652,0.2174,0.0,0.6522,0.7807
P003280,Electronics,7,3.57,0.5714,0.1429,0.0,0.8571,0.8839
P001824,Sports & Outdoors,28,3.61,0.5714,0.1071,0.0357,0.7857,0.8295
P001948,Food & Grocery,15,3.53,0.6,0.2,0.1333,0.8,0.7732
P002895,Automotive,13,4.15,0.8462,0.0,0.0769,0.6154,0.8496
P002948,Toys & Games,15,4.27,0.7333,0.0,0.0,0.8667,0.7641
P004978,Clothing,21,4.67,1.0,0.0,0.0476,0.7619,0.8585
P003994,Clothing,13,2.46,0.0769,0.4615,0.0,0.6154,0.8962
P004640,Clothing,24,2.62,0.1667,0.4167,0.0417,0.5833,0.6831
P000649,Beauty,27,4.56,0.9259,0.0,0.1111,0.8148,0.8019
P003380,Food & Grocery,30,2.47,0.2,0.5667,0.1333,0.6,0.7684
P004874,Sports & Outdoors,17,3.94,0.8824,0.1176,0.0,0.7647,0.7169
P000595,Electronics,27,3.04,0.1481,0.1111,0.037,0.8148,0.8582
P003322,Home & Kitchen,17,3.12,0.4706,0.3529,0.0588,0.7647,0.7965
P001392,Toys & Games,20,3.25,0.4,0.15,0.0,0.75,0.7724
P001645,Clothing,20,3.9,0.7,0.1,0.0,0.6,0.8039
P002022,Electronics,5,4.0,0.8,0.0,0.2,1.0,0.55
P001794,Beauty,10,4.9,1.0,0.0,0.3,0.5,0.8653
P002632,Books,9,3.78,0.6667,0.0,0.0,1.0,0.8667
P000441,Health,17,4.53,0.8824,0.0,0.0588,0.7059,0.817
P000402,Food & Grocery,17,3.53,0.5294,0.0588,0.0,0.6471,0.8057
P004203,Electronics,12,3.58,0.4167,0.0,0.0833,0.6667,0.738
P004672,Clothing,29,3.79,0.6897,0.1034,0.069,0.7241,0.7636
P002658,Books,11,2.55,0.0909,0.4545,0.0909,0.5455,0.8665
P001715,Clothing,13,4.15,0.8462,0.0,0.0,0.6923,0.9108
P003525,Books,5,4.0,0.8,0.0,0.0,1.0,0.76
P001172,Beauty,28,4.07,0.8214,0.0357,0.0357,0.6786,0.7885
P000333,Beauty,19,4.63,1.0,0.0,0.0,0.7895,0.7575
P003607,Electronics,17,4.53,0.9412,0.0,0.0,0.8824,0.8631
P001430,Home & Kitchen,17,3.06,0.2353,0.2941,0.1176,0.5882,0.4933
P002255,Automotive,7,3.43,0.5714,0.1429,0.0,0.7143,0.5714
P004564,Toys & Games,39,3.72,0.641,0.1026,0.1026,0.7949,0.8367
P002539,Electronics,16,2.12,0.0625,0.75,0.0,0.75,0.8748
P001113,Sports & Outdoors,34,2.38,0.1176,0.5588,0.0,0.6765,0.7449
P000623,Automotive,16,3.56,0.5,0.125,0.1875,1.0,0.8519
P002559,Home & Kitchen,19,4.26,0.7895,0.0526,0.0,0.7895,0.6635
P000405,Automotive,19,3.53,0.5263,0.2105,0.1053,0.7368,0.7729
P001718,Sports & Outdoors,25,4.4,0.96,0.0,0.0,0.72,0.7466
P002762,Food & Grocery,13,2.31,0.0,0.5385,0.0,0.6923,0.766
P000185,Toys & Games,20,4.2,0.8,0.0,0.15,0.85,0.7345
P002147,Electronics,27,3.33,0.4815,0.1481,0.1111,0.6296,0.7978
P000372,Clothing,24,3.21,0.5,0.2083,0.0,0.625,0.7758
P004868,Clothing,19,4.53,0.9474,0.0526,0.0,0.6842,0.8395
P003265,Clothing,8,4.88,1.0,0.0,0.125,0.75,0.7584
P003078,Sports & Outdoors,13,1.54,0.0,0.8462,0.0,0.9231,0.8469
P000599,Automotive,24,3.38,0.5,0.2083,0.0417,0.8333,0.7188
P002724,Home & Kitchen,26,2.81,0.1923,0.3077,0.0769,0.7308,0.83
P001471,Food & Grocery,24,3.38,0.4167,0.125,0.0833,0.7917,0.861
P000024,Health,29,4.21,0.931,0.0345,0.0345,0.8621,0.7349
P003504,Sports & Outdoors,21,4.38,0.9524,0.0,0.0,0.7619,0.6824
P000239,Electronics,22,3.82,0.6818,0.0,0.0,0.6818,0.918
P004607,Health,10,4.3,0.7,0.0,0.0,0.6,0.8945
P002977,Sports & Outdoors,25,2.12,0.08,0.76,0.08,0.76,0.7006
P000042,Toys & Games,14,3.64,0.7143,0.1429,0.0714,0.6429,0.802
P001680,Books,13,3.08,0.1538,0.0769,0.0,0.7692,0.893
P004944,Automotive,15,3.13,0.3333,0.1333,0.0,0.8,0.7847
P000904,Books,18,2.33,0.1111,0.6111,0.0,0.9444,0.8441
P000303,Books,14,2.0,0.0714,0.8571,0.0714,0.6429,0.8809
P000112,Clothing,20,3.9,0.7,0.0,0.0,0.7,0.7869
P002538,Home & Kitchen,17,3.59,0.6471,0.1176,0.0588,0.8235,0.9209
P003204,Sports & Outdoors,10,4.4,1.0,0.0,0.1,1.0,0.8913
P001442,Electronics,19,4.0,0.7895,0.0526,0.1053,0.7368,0.7795
P003482,Beauty,22,4.14,0.8636,0.0,0.0455,0.8182,0.6771
P001869,Books,22,2.68,0.1364,0.3636,0.0909,0.8182,0.949
P004496,Home & Kitchen,33,3.76,0.6364,0.0606,0.0909,0.8182,0.8288
P003545,Clothing,21,3.29,0.4286,0.2381,0.0,0.7619,0.766
P004553,Electronics,7,4.86,1.0,0.0,0.1429,0.8571,0.8893
P000193,Electronics,20,2.85,0.2,0.3,0.0,0.55,0.8094
P004764,Books,19,3.32,0.5789,0.1579,0.0526,0.8421,0.8902
P000452,Health,19,3.79,0.5263,0.0,0.0526,0.7368,0.8868
P002744,Toys & Games,20,3.0,0.3,0.4,0.1,0.65,0.6912
P004880,Home & Kitchen,8,4.5,1.0,0.0,0.0,0.625,0.8316
P003931,Books,19,3.05,0.2632,0.1579,0.0,0.7368,0.7829
P004605,Beauty,23,2.91,0.3043,0.3043,0.0435,0.6522,0.7618
P004463,Clothing,16,4.5,0.875,0.0625,0.0,0.5,0.8315
P002630,Clothing,9,4.0,0.8889,0.0,0.1111,0.8889,0.8826
P003538,Sports & Outdoors,25,2.08,0.12,0.76,0.08,0.76,0.8611
P002599,Food & Grocery,19,4.68,1.0,0.0,0.0526,0.7368,0.7616
P000385,Home & Kitchen,24,4.79,1.0,0.0,0.125,0.7917,0.8553
P000768,Electronics,28,4.39,0.8929,0.0357,0.0357,0.75,0.6532
P003003,Clothing,12,3.67,0.6667,0.0833,0.0833,0.8333,0.9404
P000678,Books,19,3.79,0.7368,0.0526,0.0,0.7895,0.8557
P004245,Beauty,20,2.5,0.25,0.55,0.05,0.7,0.6793
P000487,Home & Kitchen,16,3.06,0.1875,0.125,0.0,0.5625,0.7863
P003291,Home & Kitchen,12,4.25,0.8333,0.0,0.0833,0.6667,0.7831
P001740,Toys & Games,24,3.67,0.5,0.0833,0.0417,0.5417,0.7995
P003060,Clothing,18,3.61,0.5,0.0556,0.1111,0.7778,0.7927
P003883,Beauty,15,4.6,1.0,0.0,0.0667,0.6,0.8094
P004132,Sports & Outdoors,20,4.55,0.95,0.0,0.05,0.75,0.8743
P004611,Health,19,4.11,0.7368,0.0,0.0526,0.7895,0.7775
P000896,Health,17,2.71,0.1176,0.2941,0.0,0.8824,0.8329
P000940,Electronics,16,4.06,0.8125,0.0625,0.0625,0.875,0.7329
P003713,Automotive,33,3.18,0.3939,0.2727,0.0,0.6667,0.8172
P000763,Electronics,17,4.06,0.7059,0.0,0.0,0.7647,0.8146
P001572,Books,24,2.58,0.1667,0.5417,0.125,0.7083,0.795
P002334,Electronics,15,4.8,1.0,0.0,0.0,0.8667,0.866
P003627,Health,24,3.67,0.6667,0.1667,0.1667,0.7083,0.9598
P001816,Books,17,4.0,0.8824,0.0,0.0588,0.6471,0.8812
P003679,Clothing,18,3.78,0.7222,0.1111,0.0556,0.6667,0.7119
P001178,Home & Kitchen,13,2.92,0.2308,0.3077,0.0769,0.6923,0.8757
P001736,Beauty,14,1.64,0.0,1.0,0.0,0.8571,0.8426
P002615,Clothing,24,2.58,0.2083,0.5417,0.0833,0.7917,0.8158
P003910,Toys & Games,11,2.55,0.1818,0.5455,0.0909,0.8182,0.6735
P004187,Electronics,8,2.75,0.25,0.375,0.0,0.625,0.7658
P001313,Books,22,3.32,0.3182,0.1818,0.0455,0.7727,0.8189
P004688,Home & Kitchen,14,1.79,0.0,0.8571,0.0,0.6429,0.8076
P004034,Books,24,4.21,0.8333,0.0,0.125,0.6667,0.7976
P002061,Food & Grocery,17,4.71,1.0,0.0,0.0,0.6471,0.8293
P000556,Clothing,12,3.25,0.25,0.1667,0.1667,0.6667,0.7142
P000972,Electronics,9,4.67,1.0,0.0,0.1111,0.7778,0.7694
P003335,Home & Kitchen,15,1.67,0.0667,0.8667,0.0667,0.7333,0.856
P004879,Home & Kitchen,23,2.48,0.1304,0.3913,0.0,0.7826,0.8771
P004655,Home & Kitchen,5,3.8,0.6,0.2,0.0,0.4,0.75
P000841,Electronics,32,4.5,0.9062,0.0312,0.125,0.8125,0.787
P002322,Electronics,17,3.82,0.5882,0.0588,0.0588,0.6471,0.8331
P004209,Home & Kitchen,22,3.36,0.5,0.1818,0.0909,0.7727,0.8728
P001705,Home & Kitchen,22,3.45,0.5909,0.2273,0.0455,0.6364,0.932
P002990,Sports & Outdoors,17,3.59,0.7059,0.1176,0.0,0.7647,0.806
P001123,Toys & Games,41,3.88,0.6585,0.0488,0.0732,0.7317,0.8343
P004797,Clothing,23,3.17,0.2609,0.2174,0.1304,0.8261,0.8035
P002390,Electronics,24,2.62,0.1667,0.5,0.0833,0.5417,0.8177
P001225,Electronics,18,2.94,0.3333,0.2222,0.0556,0.7222,0.8319
P000089,Electronics,18,2.5,0.1111,0.5556,0.0556,0.8889,0.7607
P001090,Home & Kitchen,17,3.06,0.3529,0.2353,0.0588,0.8824,0.7136
P003073,Toys & Games,33,2.94,0.303,0.303,0.0606,0.697,0.8462
P001558,Books,21,1.52,0.0,0.9048,0.0,0.8571,0.8557
P001327,Home & Kitchen,19,4.42,1.0,0.0,0.0526,0.7368,0.8207
P000700,Clothing,19,4.16,0.8947,0.0526,0.0526,0.6316,0.8748
P002270,Health,22,3.95,0.8182,0.0455,0.0,0.7273,0.8189
P001775,Sports & Outdoors,22,4.68,1.0,0.0,0.0,0.6818,0.7731
P002670,Home & Kitchen,20,2.3,0.2,0.8,0.2,0.8,0.828
P001932,Sports & Outdoors,28,3.5,0.5714,0.1071,0.0357,0.6786,0.8016
P000907,Books,13,4.69,0.9231,0.0,0.0,0.8462,0.7586
P002557,Electronics,10,2.8,0.2,0.3,0.2,0.7,0.8433
P000392,Electronics,18,3.5,0.3889,0.0556,0.0556,0.6667,0.8187
P002200,Sports & Outdoors,8,4.62,1.0,0.0,0.0,0.875,0.8655
P002421,Electronics,18,2.06,0.0556,0.7222,0.0556,0.6667,0.7934
P002718,Automotive,22,3.91,0.7273,0.0909,0.0455,0.6818,0.8006
P003448,Beauty,18,4.0,0.7778,0.1111,0.0556,0.7222,0.7926
P003808,Sports & Outdoors,23,2.83,0.3043,0.3478,0.0,0.8696,0.872
P000539,Electronics,25,4.56,1.0,0.0,0.0,0.8,0.8765
P003175,Beauty,22,3.18,0.4091,0.1818,0.0455,0.7727,0.7264
P004589,Sports & Outdoors,13,2.77,0.1538,0.3846,0.0769,0.6154,0.7669
P000903,Electronics,13,3.77,0.6923,0.0769,0.0769,0.5385,0.8924
P000604,Beauty,16,4.38,0.9375,0.0625,0.0,0.6875,0.662
P001220,Electronics,25,3.36,0.52,0.24,0.16,0.8,0.7814
P001505,Toys & Games,21,2.48,0.1429,0.5238,0.0476,0.7619,0.8926
P000231,Electronics,12,4.33,1.0,0.0,0.1667,0.8333,0.7242
P000194,Toys & Games,13,4.08,0.6923,0.0,0.0,0.5385,0.7327
P002611,Health,16,4.06,0.6875,0.0,0.0625,0.9375,0.7581
P001611,Clothing,12,3.08,0.25,0.3333,0.1667,0.8333,0.7583
P003269,Food & Grocery,13,3.46,0.4615,0.3077,0.2308,0.8462,0.8772
P003368,Sports & Outdoors,6,2.83,0.3333,0.3333,0.0,0.6667,0.9263
P001685,Electronics,15,3.53,0.5333,0.0667,0.0667,0.7333,0.7638
P003967,Books,14,2.07,0.0714,0.6429,0.0714,0.6429,0.8393
P001333,Books,13,4.69,0.9231,0.0,0.0,0.6154,0.6848
P004092,Toys & Games,15,2.47,0.1333,0.5333,0.0,0.6667,0.8337
P000828,Clothing,19,3.95,0.8421,0.0526,0.1053,0.8947,0.7232
P004991,Electronics,16,4.0,0.75,0.0,0.0,0.8125,0.8219
P003405,Health,12,4.58,0.9167,0.0,0.25,0.8333,0.8899
P000863,Toys & Games,20,4.45,0.95,0.05,0.1,0.65,0.8418
P002168,Home & Kitchen,33,1.91,0.1212,0.7879,0.0909,0.7273,0.8708
P004834,Beauty,12,4.42,0.9167,0.0,0.0833,0.75,0.8145
P004653,Electronics,36,1.78,0.0833,0.8333,0.0833,0.7222,0.8361
P004166,Clothing,25,3.84,0.6,0.04,0.12,0.8,0.79
P003722,Books,16,4.19,0.75,0.0,0.1875,0.5625,0.7362
P004432,Health,35,2.97,0.2857,0.3143,0.1143,0.6857,0.8041
P002813,Beauty,24,3.42,0.4167,0.0833,0.0417,0.625,0.7721
P002600,Food & Grocery,16,2.25,0.125,0.6875,0.125,0.6875,0.7674
P003337,Books,22,3.64,0.5455,0.0455,0.0455,0.7727,0.823
P003257,Electronics,22,4.27,0.8636,0.0,0.0455,0.6364,0.7655
P002603,Home & Kitchen,29,4.28,0.8966,0.0345,0.0,0.7931,0.7936
P000643,Electronics,30,4.33,0.8333,0.0333,0.0667,0.7333,0.7882
P003715,Health,13,4.54,0.9231,0.0,0.0,0.9231,0.7768
P004743,Toys & Games,29,2.17,0.1034,0.7241,0.1034,0.7586,0.7359
P004933,Toys & Games,27,3.81,0.6667,0.037,0.0,0.7037,0.7906
P003002,Sports & Outdoors,12,4.0,0.8333,0.0833,0.0,0.8333,0.7963
P002138,Toys & Games,31,4.13,0.8065,0.0323,0.0323,0.5484,0.8213
P004983,Clothing,11,3.27,0.4545,0.1818,0.0,0.6364,0.6558
P002053,Home & Kitchen,18,2.5,0.0556,0.3333,0.0,0.8889,0.8471
P004885,Health,18,4.06,0.6667,0.0556,0.0,0.5556,0.8244
P002424,Electronics,16,2.94,0.4375,0.375,0.0,0.875,0.8643
P001595,Toys & Games,22,2.45,0.2273,0.5455,0.0455,0.8636,0.7797
P004005,Books,16,4.56,0.9375,0.0,0.0,0.6875,0.8729
P004654,Electronics,13,3.23,0.3077,0.0769,0.0769,0.9231,0.8153
P002643,Books,19,3.16,0.3158,0.1579,0.0526,0.7895,0.8515
P004073,Home & Kitchen,18,4.17,0.8333,0.0556,0.0556,0.7222,0.8296
P001990,Electronics,27,2.04,0.037,0.6667,0.037,0.8148,0.8042
P004774,Home & Kitchen,19,4.42,0.8947,0.0,0.0526,0.6316,0.8711
P000702,Clothing,23,3.0,0.2609,0.2609,0.0,0.7391,0.6975
P002541,Books,16,2.75,0.125,0.3125,0.0,0.75,0.5703
P000084,Electronics,25,4.32,0.84,0.0,0.0,0.8,0.8145
P001745,Beauty,16,2.12,0.0625,0.75,0.0,0.9375,0.7973
P001148,Toys & Games,8,2.5,0.125,0.625,0.25,0.875,0.8634
P004573,Electronics,19,4.42,0.8947,0.0,0.0,0.8421,0.8269
P003442,Clothing,30,3.63,0.6,0.1,0.1333,0.7,0.8374
P004477,Books,11,2.36,0.0909,0.6364,0.0909,0.6364,0.7496
P003177,Health,8,4.0,0.75,0.0,0.0,0.75,0.8396
P003755,Home & Kitchen,22,4.64,1.0,0.0,0.0,0.9091,0.8526
P004668,Home & Kitchen,17,4.06,0.8235,0.0588,0.0,0.7647,0.9026
P003203,Food & Grocery,14,4.36,0.9286,0.0,0.0,0.7857,0.7755
P001176,Beauty,29,3.59,0.4828,0.1034,0.069,0.7931,0.7166
P003050,Clothing,14,4.29,0.9286,0.0,0.1429,0.7857,0.6825
P002674,Home & Kitchen,18,4.5,1.0,0.0,0.0556,0.8333,0.8611
P004585,Beauty,9,4.11,0.6667,0.0,0.1111,0.7778,0.9378
P003089,Books,10,4.3,0.8,0.0,0.0,1.0,0.7869
P001400,Home & Kitchen,32,1.81,0.125,0.8438,0.125,0.8438,0.8843
P001965,Beauty,25,3.84,0.6,0.08,0.08,0.76,0.9181
P001035,Home & Kitchen,14,3.57,0.5,0.1429,0.0714,0.9286,0.9029
P001464,Clothing,15,2.53,0.2,0.5333,0.0667,0.7333,0.8305
P001340,Home & Kitchen,14,3.86,0.6429,0.0,0.0714,0.8571,0.8064
P002010,Beauty,34,4.03,0.7647,0.0,0.0588,0.7059,0.8018
P001621,Clothing,25,2.52,0.08,0.48,0.0,0.68,0.8656
P001577,Toys & Games,17,3.65,0.4118,0.0,0.0588,0.8235,0.8656
P004543,Automotive,30,2.8,0.2,0.4,0.0667,0.7,0.7168
P004163,Health,18,4.22,0.8889,0.0556,0.0,0.8889,0.8938
P003720,Home & Kitchen,30,3.73,0.6333,0.0667,0.0333,0.7667,0.7989
P004349,Books,21,4.38,0.9048,0.0476,0.0952,0.7143,0.7856
P004473,Sports & Outdoors,30,2.67,0.2,0.3667,0.0667,0.7333,0.9089
P004234,Toys & Games,25,3.56,0.52,0.08,0.04,0.84,0.8418
P001323,Electronics,22,3.0,0.3636,0.3182,0.0,0.6364,0.8553
P000364,Electronics,20,1.8,0.15,0.8,0.15,0.65,0.8322
P001212,Toys & Games,32,2.88,0.25,0.4062,0.0938,0.75,0.8273
P001710,Clothing,32,3.41,0.4688,0.125,0.0,0.6562,0.7785
P003861,Home & Kitchen,17,3.41,0.5882,0.2353,0.1176,0.5294,0.8822
P001348,Home & Kitchen,11,4.45,0.9091,0.0,0.1818,0.6364,0.7088
P003502,Books,18,4.61,0.8889,0.0,0.1111,0.8889,0.8128
P003639,Toys & Games,12,3.25,0.4167,0.1667,0.0,0.75,0.8153
P001547,Clothing,15,4.33,0.9333,0.0,0.0,0.9333,0.6747
P002120,Clothing,13,2.69,0.1538,0.3077,0.0769,0.6154,0.8421
P001753,Health,24,3.58,0.5417,0.125,0.0833,0.7917,0.8695
P002803,Electronics,18,3.5,0.5556,0.1667,0.0556,0.7778,0.7636
P000334,Health,24,4.62,0.9583,0.0,0.0833,0.8333,0.8873
P001173,Clothing,18,2.33,0.1111,0.6667,0.1111,0.8333,0.8566
P003493,Health,9,4.0,0.7778,0.0,0.0,0.6667,0.8273
P004421,Clothing,15,2.8,0.2,0.4,0.1333,0.8667,0.8425
P004402,Beauty,31,2.65,0.1613,0.4194,0.0323,0.8065,0.8199
P000767,Clothing,17,4.71,1.0,0.0,0.1176,0.6471,0.7811
P002363,Home & Kitchen,24,2.54,0.1667,0.5417,0.0833,0.75,0.759
P003097,Electronics,24,3.12,0.4583,0.25,0.0,0.6667,0.8646
P001146,Clothing,23,1.96,0.0435,0.8696,0.0435,0.8261,0.6976
P000566,Beauty,21,3.81,0.7143,0.0952,0.0,0.7619,0.779
P002254,Sports & Outdoors,18,3.06,0.2778,0.1667,0.0,0.7222,0.9095
P003080,Clothing,7,3.14,0.1429,0.1429,0.0,0.5714,0.7423
P004109,Food & Grocery,22,4.5,0.8636,0.0,0.0455,0.7273,0.8386
P004260,Clothing,20,2.9,0.3,0.25,0.05,0.65,0.8678
P000970,Clothing,20,4.25,0.85,0.05,0.0,0.7,0.904
P003578,Clothing,15,1.87,0.0667,0.8667,0.0,0.7333,0.8243
P004591,Clothing,15,3.87,0.6667,0.0667,0.1333,0.9333,0.6035
P002695,Health,26,4.73,0.9615,0.0,0.1154,0.6538,0.834
P001132,Books,23,4.22,0.7826,0.0,0.087,0.6522,0.8086
P001870,Toys & Games,18,4.28,0.9444,0.0,0.0,0.5,0.7694
P004836,Toys & Games,17,4.06,0.7647,0.0,0.0588,0.5882,0.8209
P004312,Toys & Games,27,3.37,0.4815,0.1481,0.0,0.6667,0.8719
P004256,Electronics,10,3.6,0.6,0.1,0.0,0.7,0.825
P001693,Clothing,11,2.73,0.1818,0.4545,0.0,0.7273,0.859
P002447,Electronics,31,2.84,0.2903,0.4194,0.0645,0.7742,0.7961
P003834,Home & Kitchen,29,4.31,0.8621,0.0345,0.0345,0.7931,0.8034
P000807,Beauty,27,4.7,0.963,0.0,0.0741,0.6667,0.7484
P001230,Electronics,14,3.64,0.5714,0.1429,0.0,0.7857,0.9121
P003037,Sports & Outdoors,11,3.64,0.6364,0.1818,0.0909,0.7273,0.746
P001637,Home & Kitchen,19,2.47,0.0526,0.4211,0.0526,0.9474,0.7162
P000238,Toys & Games,25,3.72,0.72,0.16,0.04,0.76,0.6524
P004146,Clothing,7,5.0,1.0,0.0,0.0,0.5714,0.7447
P003021,Home & Kitchen,12,2.08,0.0,0.5833,0.0,0.5,0.8716
P000954,Electronics,18,1.67,0.0556,0.8333,0.0556,0.9444,0.6459
P004788,Beauty,40,3.05,0.325,0.225,0.025,0.85,0.7713
P004875,Books,24,2.46,0.1667,0.625,0.125,0.75,0.6835
P004532,Clothing,16,3.06,0.375,0.3125,0.125,0.875,0.7724
P001628,Clothing,22,4.27,0.8182,0.0,0.0,0.7727,0.8066
P004460,Toys & Games,11,2.0,0.0909,0.8182,0.0909,0.8182,0.8788
P004099,Beauty,26,3.42,0.5769,0.2308,0.1923,0.7308,0.8323
P003953,Food & Grocery,10,2.9,0.2,0.3,0.0,0.8,0.9457
P000005,Electronics,17,4.24,0.8235,0.0,0.0588,0.8824,0.7817
P001879,Books,10,3.0,0.3,0.2,0.0,0.4,0.7041
P000324,Books,28,2.79,0.1786,0.3571,0.1071,0.75,0.7773
P002191,Electronics,11,2.55,0.0,0.2727,0.0,0.9091,0.778
P003365,Clothing,19,4.53,0.8947,0.0,0.2105,0.6316,0.9435
P000276,Home & Kitchen,13,3.62,0.6154,0.0769,0.0,0.6923,0.8388
P000891,Clothing,16,1.69,0.0,0.875,0.0,0.6875,0.8663
P001214,Home & Kitchen,26,4.81,1.0,0.0,0.0385,0.6923,0.8151
P003134,Electronics,15,1.93,0.0,0.8667,0.0,0.9333,0.8181
P000424,Electronics,25,4.0,0.84,0.08,0.08,0.8,0.8539
P004189,Electronics,14,4.64,1.0,0.0,0.1429,0.8571,0.7244
P004242,Toys & Games,18,3.94,0.7778,0.0556,0.0556,0.9444,0.8448
P000362,Electronics,14,4.07,0.7857,0.0,0.0,0.7143,0.7233
P001606,Clothing,13,3.85,0.5385,0.0769,0.0,0.7692,0.6972
P000818,Books,16,4.69,0.9375,0.0,0.125,0.8125,0.7901
P000338,Beauty,19,4.53,0.8947,0.0,0.0,0.6842,0.8895
P002828,Clothing,28,4.0,0.7857,0.0357,0.0714,0.7857,0.7348
P001301,Clothing,20,3.85,0.65,0.0,0.05,0.7,0.9324
P001000,Clothing,26,3.5,0.6154,0.1538,0.0,0.6538,0.7358
P004765,Home & Kitchen,22,3.68,0.5909,0.1364,0.0909,0.8182,0.8229
P001025,Sports & Outdoors,18,4.28,0.8333,0.0,0.1111,0.8333,0.8356
P003016,Beauty,25,4.04,0.76,0.04,0.0,0.84,0.8581
P000698,Sports & Outdoors,17,3.94,0.7059,0.0588,0.1176,0.7059,0.6841
P004003,Health,20,3.4,0.4,0.15,0.05,0.75,0.8911
P000479,Sports & Outdoors,14,3.0,0.2857,0.1429,0.0,0.7143,0.7403
P002112,Books,16,3.06,0.375,0.3125,0.0,0.8125,0.7621
P002381,Health,10,3.9,0.6,0.2,0.2,0.7,0.8297
P002786,Beauty,36,4.72,1.0,0.0,0.0556,0.9167,0.8075
P004267,Home & Kitchen,19,2.21,0.0,0.7368,0.0,0.7895,0.8503
P003946,Health,42,1.69,0.0952,0.881,0.0714,0.7619,0.7805
P004010,Sports & Outdoors,14,4.57,1.0,0.0,0.0714,0.8571,0.8358
P004816,Electronics,12,3.83,0.5833,0.0833,0.1667,0.75,0.6947
P003549,Electronics,25,4.0,0.76,0.04,0.08,0.92,0.8334
P002410,Food & Grocery,14,3.14,0.2143,0.0714,0.0,0.6429,0.6896
P003225,Electronics,30,4.4,0.9,0.0,0.1,0.6667,0.7433
P004770,Beauty,8,2.25,0.125,0.75,0.125,0.75,0.9485
P003041,Home & Kitchen,38,3.34,0.5526,0.2105,0.0263,0.7105,0.8647
P004141,Home & Kitchen,15,3.53,0.4667,0.0,0.0,0.6,0.8338
P004012,Electronics,30,2.33,0.0667,0.5667,0.0667,0.8,0.7034
P003730,Beauty,20,4.55,0.95,0.0,0.0,0.65,0.6593
P004385,Health,12,4.33,0.8333,0.0,0.0833,0.8333,0.7258
P000227,Electronics,14,3.21,0.4286,0.1429,0.0,0.7857,0.9118
P000330,Clothing,13,2.69,0.1538,0.4615,0.0769,0.7692,0.8899
P003937,Home & Kitchen,17,3.65,0.6471,0.1176,0.0,0.9412,0.7972
P001158,Electronics,14,1.5,0.0,1.0,0.0,0.9286,0.9369
P002087,Home & Kitchen,8,2.25,0.125,0.875,0.125,0.625,0.6584
P002205,Clothing,13,3.23,0.3846,0.1538,0.0,0.5385,0.8702
P000032,Automotive,34,4.18,0.8235,0.0588,0.0882,0.7353,0.7295
P001976,Clothing,19,2.84,0.2105,0.3684,0.1579,0.8421,0.8771
P002042,Toys & Games,15,3.47,0.5333,0.1333,0.0,0.7333,0.9134
P002578,Health,25,3.6,0.52,0.08,0.08,0.68,0.7506
P000279,Health,16,4.44,0.9375,0.0,0.0,0.625,0.8074
P000532,Beauty,17,3.35,0.2941,0.1176,0.0,0.8824,0.8099
P002297,Beauty,13,2.31,0.1538,0.5385,0.0769,0.6154,0.7338
P001079,Sports & Outdoors,12,3.92,0.8333,0.0833,0.1667,0.75,0.6007
P001359,Beauty,21,3.9,0.6667,0.0,0.0476,0.7619,0.8357
P004994,Home & Kitchen,12,1.92,0.0833,0.75,0.0,0.8333,0.8657
P004801,Home & Kitchen,20,3.55,0.4,0.0,0.0,0.65,0.7801
P001072,Sports & Outdoors,16,4.19,0.8125,0.0625,0.125,0.75,0.8833
P003729,Beauty,27,4.33,0.9259,0.0,0.1111,0.5926,0.8434
P004159,Home & Kitchen,8,3.38,0.625,0.25,0.125,0.75,0.8886
P004479,Toys & Games,15,2.4,0.0667,0.4,0.0667,0.8667,0.729
P001451,Toys & Games,22,3.86,0.7727,0.0455,0.0455,0.8636,0.7534
P003618,Electronics,18,3.61,0.5,0.1111,0.0556,0.6667,0.8418
P000210,Books,20,4.3,0.8,0.0,0.1,0.7,0.8642
P001239,Electronics,19,2.32,0.0526,0.5789,0.0526,0.6316,0.8352
P002054,Health,15,4.0,0.6667,0.0667,0.2667,0.6667,0.8599
P004487,Toys & Games,20,3.1,0.3,0.25,0.05,0.8,0.8849
P004424,Clothing,28,4.36,0.9286,0.0,0.0357,0.7143,0.7709
P000503,Food & Grocery,17,2.88,0.2353,0.2941,0.0588,0.5882,0.6974
P003622,Clothing,23,3.96,0.6957,0.0435,0.1304,0.7391,0.6467
P002250,Home & Kitchen,11,1.82,0.0,0.7273,0.0,0.8182,0.6885
P003356,Home & Kitchen,24,2.83,0.125,0.2083,0.0417,0.75,0.7478
P003318,Electronics,11,4.55,1.0,0.0,0.0909,0.6364,0.5855
P001154,Electronics,17,2.47,0.1176,0.4118,0.0588,0.6471,0.9076
P002198,Books,11,2.18,0.0,0.6364,0.0,0.6364,0.8469
P000804,Sports & Outdoors,16,4.06,0.625,0.0,0.1875,0.8125,0.7242
P002083,Beauty,28,3.79,0.6786,0.1071,0.1429,0.7143,0.7509
P004780,Sports & Outdoors,13,2.31,0.1538,0.6154,0.1538,0.6923,0.8164
P003066,Home & Kitchen,25,3.24,0.36,0.16,0.04,0.84,0.8194
P000849,Electronics,6,2.67,0.0,0.1667,0.0,0.5,0.9872
P002784,Home & Kitchen,22,2.77,0.2273,0.4091,0.1818,0.7727,0.816
P001291,Home & Kitchen,12,3.5,0.5833,0.25,0.0,0.75,0.775
P000260,Sports & Outdoors,13,2.08,0.0,0.6923,0.0,0.7692,0.599
P004814,Food & Grocery,43,2.63,0.1163,0.4419,0.0233,0.7907,0.8044
P003610,Clothing,19,4.05,0.7368,0.0526,0.1053,0.7368,0.7688
P003818,Clothing,10,4.9,1.0,0.0,0.2,0.8,0.636
P004948,Toys & Games,23,4.61,1.0,0.0,0.1304,0.7826,0.7805
P000409,Electronics,12,4.25,0.8333,0.0,0.0,0.9167,0.8181
P004188,Electronics,15,3.33,0.4667,0.1333,0.0667,0.7333,0.8419
P002755,Health,29,1.66,0.0345,0.9655,0.0345,0.6897,0.7812
P002032,Books,17,3.41,0.4706,0.1765,0.1765,0.7647,0.9225
P001286,Food & Grocery,27,2.74,0.2593,0.4444,0.0741,0.7037,0.8507
P000887,Home & Kitchen,10,4.4,0.9,0.0,0.1,0.8,0.9568
P004226,Health,10,4.3,0.8,0.0,0.2,0.8,0.9513
P002055,Clothing,12,3.67,0.5833,0.0833,0.0,0.75,0.7819
P000004,Beauty,10,4.5,0.9,0.0,0.1,0.6,0.6617
P001998,Clothing,17,4.18,0.8824,0.1176,0.0,0.8235,0.8185
P004527,Beauty,16,3.62,0.5625,0.0625,0.125,0.75,0.7413
P002672,Home & Kitchen,23,4.83,1.0,0.0,0.1304,0.7826,0.7707
P000431,Food & Grocery,14,4.57,0.9286,0.0,0.0,0.4286,0.7313
P000513,Electronics,37,2.03,0.0541,0.7568,0.027,0.6486,0.8185
P004246,Clothing,32,1.88,0.0938,0.75,0.0625,0.8125,0.8351
P002736,Home & Kitchen,15,4.47,1.0,0.0,0.0667,0.6,0.6993
P004987,Sports & Outdoors,23,3.96,0.6522,0.0435,0.0435,0.7826,0.703
P003179,Electronics,19,3.47,0.4737,0.1579,0.0526,0.5789,0.8145
P004682,Electronics,31,4.65,0.9677,0.0,0.129,0.8065,0.8453
P004229,Books,26,4.42,0.9231,0.0385,0.1538,0.6923,0.8473
P000081,Sports & Outdoors,16,4.31,0.875,0.0,0.0625,0.9375,0.7356
P002673,Home & Kitchen,24,3.25,0.4583,0.2083,0.0417,0.75,0.8496
P002382,Clothing,29,4.45,0.931,0.0345,0.069,0.7586,0.7974
P004958,Clothing,11,3.55,0.4545,0.1818,0.1818,0.7273,0.8428
P003326,Health,28,3.82,0.6071,0.0357,0.0357,0.7143,0.824
P003467,Sports & Outdoors,11,4.27,0.9091,0.0,0.0909,0.8182,0.7962
P000327,Toys & Games,9,4.22,0.7778,0.0,0.0,1.0,0.7444
P002800,Toys & Games,30,2.1,0.0333,0.7333,0.0333,0.7667,0.7131
P000809,Books,20,2.4,0.0,0.5,0.05,0.75,0.7449
P002955,Books,22,4.09,0.7727,0.0455,0.0909,0.7727,0.7713
P000187,Home & Kitchen,24,2.17,0.125,0.75,0.0417,0.75,0.875
P001427,Electronics,7,4.14,0.8571,0.0,0.0,0.8571,0.8091
P000313,Clothing,10,2.9,0.2,0.2,0.0,0.8,0.9344
P001669,Electronics,25,4.32,0.92,0.0,0.04,0.52,0.838
P004891,Clothing,27,4.07,0.7778,0.0741,0.1111,0.5926,0.7893
P004284,Electronics,22,2.59,0.0909,0.4091,0.0455,0.6818,0.8397
P003702,Clothing,26,1.38,0.0,0.9615,0.0,0.6538,0.7991
P001387,Beauty,26,4.19,0.8846,0.0385,0.0385,0.7692,0.7601
P004829,Toys & Games,25,3.92,0.68,0.04,0.2,0.64,0.7944
P000909,Clothing,24,4.29,0.9167,0.0,0.0833,0.75,0.8357
P002035,Electronics,19,4.63,0.9474,0.0,0.1053,0.8947,0.6805
P003498,Beauty,30,4.07,0.8,0.0667,0.0667,0.8667,0.8656
P003205,Food & Grocery,25,4.04,0.8,0.04,0.08,0.68,0.737
P000173,Clothing,20,2.15,0.1,0.8,0.05,0.7,0.8233
P004872,Clothing,18,4.17,0.8889,0.0,0.0556,0.6667,0.9076
P002423,Toys & Games,17,4.59,1.0,0.0,0.0,0.8235,0.7292
P002542,Home & Kitchen,26,2.12,0.0769,0.7692,0.0769,0.5769,0.8928
P002351,Electronics,17,3.94,0.7059,0.0588,0.0,0.7647,0.8177
P003064,Health,29,3.28,0.3448,0.1724,0.0,0.7241,0.8122
P001920,Food & Grocery,17,4.82,1.0,0.0,0.1176,0.8235,0.7484
P003512,Beauty,28,4.43,0.8929,0.0,0.0714,0.8214,0.7215
P000525,Electronics,18,2.28,0.2222,0.7778,0.1111,0.7222,0.8009
P003669,Home & Kitchen,19,3.21,0.3684,0.2632,0.1053,0.4737,0.8253
P002326,Automotive,24,4.25,0.9167,0.0417,0.0417,0.8333,0.7178
P002376,Electronics,26,4.46,0.9615,0.0,0.0385,0.8077,0.9171
P002134,Food & Grocery,24,2.38,0.0833,0.5833,0.0417,0.875,0.7942
P002497,Books,23,3.43,0.3913,0.087,0.087,0.7391,0.8023
P002731,Electronics,24,4.58,0.9167,0.0,0.0417,0.75,0.7492
P004153,Home & Kitchen,14,3.64,0.5714,0.1429,0.0714,0.7143,0.8492
P003324,Toys & Games,19,4.37,0.9474,0.0,0.0526,0.6842,0.8735
P001076,Clothing,26,3.88,0.6538,0.0769,0.0385,0.6154,0.802
P003352,Electronics,22,3.41,0.4545,0.1818,0.1364,0.4545,0.7532
P002847,Clothing,12,2.92,0.3333,0.4167,0.0,0.75,0.7917
P001215,Clothing,16,4.81,1.0,0.0,0.0,0.6875,0.7348
P003592,Clothing,9,3.89,0.7778,0.1111,0.0,0.6667,0.9914
P003028,Health,10,3.8,0.7,0.2,0.0,0.7,0.885
P003317,Beauty,13,2.92,0.3077,0.3846,0.1538,0.8462,0.8528
P001905,Sports & Outdoors,12,3.25,0.4167,0.3333,0.0833,0.5833,0.6147
P004769,Clothing,19,2.53,0.1053,0.3158,0.0,0.7368,0.7446
P003534,Electronics,21,3.86,0.619,0.0,0.0952,0.8095,0.8624
P002737,Clothing,18,3.89,0.7778,0.0556,0.0,0.7778,0.7002
P004051,Food & Grocery,14,2.36,0.0714,0.5714,0.0,0.8571,0.7624
P000704,Health,23,2.91,0.2609,0.3478,0.0435,0.8261,0.863
P003751,Electronics,20,4.0,0.75,0.0,0.0,0.7,0.7382
P003734,Books,19,3.32,0.3684,0.1053,0.0526,0.5789,0.8685
P002430,Beauty,13,2.0,0.0,0.7692,0.0,0.7692,0.7368
P001407,Automotive,15,3.13,0.4,0.3333,0.1333,0.4,0.8113
P002211,Automotive,12,3.92,0.75,0.0833,0.25,0.75,0.8742
P004416,Toys & Games,7,4.71,0.8571,0.0,0.0,0.8571,0.5657
P000020,Sports & Outdoors,22,1.27,0.0,1.0,0.0,0.6364,0.928
P001837,Electronics,22,4.0,0.7273,0.0455,0.0455,0.7727,0.7728
P001502,Automotive,22,3.36,0.4545,0.1364,0.0455,0.8182,0.7981
P003914,Home & Kitchen,27,3.67,0.5926,0.1481,0.0,0.8148,0.7609
P001716,Toys & Games,17,4.41,1.0,0.0,0.0588,0.7059,0.7135
P003034,Clothing,10,2.6,0.1,0.5,0.1,0.9,0.8583
P004414,Electronics,19,3.53,0.5263,0.1053,0.0,0.5789,0.9518
P003359,Beauty,29,1.83,0.0345,0.8966,0.0,0.7931,0.8713
P004498,Books,28,4.29,0.8929,0.0,0.1786,0.8214,0.8444
P003207,Electronics,20,4.35,0.95,0.0,0.1,0.85,0.7655
P000661,Clothing,17,3.12,0.2941,0.2941,0.1176,0.8235,0.7218
P004418,Electronics,23,4.0,0.7826,0.0435,0.0435,0.7391,0.8582
P002060,Electronics,36,3.67,0.5556,0.0833,0.0278,0.7222,0.7691
P001666,Health,24,2.75,0.25,0.375,0.0,0.6667,0.8053
P001375,Automotive,15,3.67,0.6,0.1333,0.0,0.6,0.7525
P002869,Food & Grocery,19,4.21,0.7895,0.0526,0.0526,0.8421,0.8325
P002772,Toys & Games,21,4.48,0.9524,0.0,0.0,0.7143,0.8142
P001660,Electronics,6,4.33,1.0,0.0,0.0,0.3333,0.601
P001673,Beauty,21,4.0,0.8571,0.0,0.0476,0.6667,0.8151
P000169,Clothing,19,4.37,0.8947,0.0526,0.0526,0.7368,0.8677
P004397,Clothing,16,3.75,0.75,0.1875,0.1875,0.9375,0.7027
P002511,Home & Kitchen,18,4.28,0.8889,0.0,0.0,0.8889,0.7181
P003194,Beauty,26,4.62,1.0,0.0,0.0385,0.6923,0.8145
P003921,Clothing,7,3.57,0.5714,0.0,0.0,0.8571,0.9444
P000857,Beauty,8,4.75,1.0,0.0,0.25,0.75,0.8136
P002507,Food & Grocery,28,2.89,0.25,0.25,0.0,0.75,0.7802
P004145,Home & Kitchen,12,3.5,0.5,0.1667,0.0,0.6667,0.755
P002503,Food & Grocery,13,3.38,0.6154,0.1538,0.0769,0.8462,0.7385
P000973,Electronics,18,3.72,0.6111,0.1111,0.2222,0.7222,0.7973
P001751,Sports & Outdoors,23,4.26,0.8261,0.0,0.1304,0.7391,0.7751
P004474,Electronics,20,1.65,0.1,0.9,0.1,0.5,0.9237
P000981,Automotive,19,4.11,0.8421,0.0,0.1579,0.8421,0.7898
P000076,Clothing,34,3.09,0.4118,0.3235,0.0882,0.6176,0.7894
P002486,Home & Kitchen,13,2.62,0.1538,0.3846,0.0,0.6923,0.9018
P003563,Health,32,2.88,0.25,0.3125,0.0938,0.5938,0.7555
P001187,Home & Kitchen,12,4.08,0.8333,0.0,0.0,0.5,0.9486
P000133,Sports & Outdoors,19,2.63,0.1053,0.4211,0.1053,0.6316,0.8541
P000460,Sports & Outdoors,18,3.39,0.4444,0.1667,0.0556,0.6111,0.5487
P001860,Clothing,19,3.32,0.4211,0.1053,0.0526,0.7368,0.679
P001316,Beauty,20,3.4,0.45,0.15,0.1,0.8,0.7106
P003887,Automotive,20,3.65,0.6,0.15,0.2,0.9,0.7578
P004177,Sports & Outdoors,7,2.29,0.0,0.7143,0.0,0.8571,0.8311
P002348,Toys & Games,15,3.53,0.5333,0.0667,0.0667,0.9333,0.9455
P000070,Home & Kitchen,17,3.82,0.6471,0.0,0.0,0.5294,0.8191
P002207,Beauty,24,3.04,0.2917,0.2083,0.0833,0.6667,0.7564
P002596,Food & Grocery,18,3.78,0.6667,0.0556,0.0,0.7778,0.7927
P000705,Clothing,11,3.91,0.6364,0.0,0.0,0.8182,0.839
P001573,Books,17,3.82,0.6471,0.1176,0.0588,0.6471,0.8796
P001060,Beauty,17,1.88,0.0588,0.7059,0.0588,0.8824,0.7984
P003737,Clothing,17,4.71,1.0,0.0,0.0,0.7647,0.6661
P000465,Books,1,3.0,0.0,0.0,0.0,1.0,0.7
P002106,Beauty,23,3.43,0.4348,0.2174,0.087,0.8261,0.8296
P004270,Beauty,21,4.19,0.8571,0.0476,0.0,0.8095,0.7858
P004243,Home & Kitchen,22,1.77,0.0,0.8182,0.0,0.6364,0.8555
P003732,Health,27,4.3,0.8519,0.0,0.0741,0.8519,0.824
P000624,Home & Kitchen,14,3.5,0.5,0.1429,0.0,0.6429,0.8245
P003615,Sports & Outdoors,23,3.74,0.6522,0.0435,0.0435,0.7391,0.7681
P003218,Electronics,28,2.71,0.2143,0.5357,0.1071,0.6429,0.7668
P004912,Home & Kitchen,25,4.44,0.88,0.0,0.08,0.76,0.7847
P000772,Books,9,2.11,0.0,0.7778,0.0,0.6667,0.8449
P002099,Electronics,17,4.24,0.8824,0.0588,0.0588,0.8824,0.8159
P002860,Home & Kitchen,15,3.33,0.3333,0.1333,0.0667,0.6667,0.906
P004431,Clothing,14,4.43,0.8571,0.0,0.0,0.8571,0.7209
P002974,Food & Grocery,20,4.05,0.8,0.0,0.05,0.5,0.7682
P002230,Sports & Outdoors,30,2.67,0.1667,0.4667,0.0667,0.7,0.7298
P001199,Clothing,15,3.47,0.5333,0.2,0.0667,0.7333,0.8266
P001202,Books,19,3.84,0.6842,0.0526,0.0526,0.6316,0.9284
P003262,Beauty,22,2.14,0.0,0.6364,0.0,0.6364,0.7141
P002605,Electronics,13,3.85,0.6923,0.0,0.0769,0.6923,0.7131
P004400,Toys & Games,11,3.82,0.7273,0.0909,0.0909,0.9091,0.7328
P000945,Home & Kitchen,27,2.7,0.2593,0.4815,0.037,0.6296,0.7961
P002224,Clothing,28,4.18,0.8214,0.0,0.0357,0.6786,0.8127
P002771,Electronics,14,2.0,0.0,0.6429,0.0,0.7857,0.6481
P002291,Automotive,17,4.18,0.8235,0.0,0.1176,0.6471,0.7737
P004637,Home & Kitchen,33,2.21,0.1515,0.7273,0.0909,0.7879,0.6993
P001581,Health,25,4.52,0.96,0.0,0.04,0.76,0.6788
P002874,Clothing,26,4.27,0.8462,0.0,0.0769,0.7692,0.7892
P000844,Home & Kitchen,17,2.71,0.2353,0.3529,0.0588,0.6471,0.7886
P002496,Books,20,4.0,0.75,0.05,0.1,0.75,0.7235
P002892,Automotive,16,4.25,0.875,0.0,0.1875,0.8125,0.7302
P001374,Toys & Games,24,4.67,0.9167,0.0,0.0417,0.75,0.8451
P001761,Clothing,15,3.2,0.4,0.2,0.0,0.8,0.8335
P001589,Clothing,14,4.57,0.9286,0.0,0.0,0.5714,0.7409
P000391,Sports & Outdoors,15,4.53,0.8667,0.0667,0.0667,0.8,0.8727
P000053,Toys & Games,10,4.8,1.0,0.0,0.0,0.7,0.8747
P002129,Electronics,20,3.45,0.45,0.15,0.05,0.8,0.6267
P002190,Food & Grocery,7,4.71,1.0,0.0,0.0,1.0,0.8286
P004337,Electronics,28,4.46,0.9286,0.0,0.0357,0.75,0.802
P000311,Home & Kitchen,22,4.55,0.9091,0.0,0.0,0.6364,0.767
P002880,Electronics,8,2.38,0.125,0.625,0.125,0.75,0.7777
P001295,Home & Kitchen,14,4.43,0.9286,0.0,0.0714,0.7857,0.7882
P000937,Food & Grocery,32,4.31,0.875,0.0312,0.125,0.8438,0.8731
P001692,Food & Grocery,17,4.12,0.7647,0.0588,0.0588,0.8235,0.7092
P004990,Electronics,17,4.24,0.9412,0.0,0.0,0.5294,0.7934
P002908,Electronics,21,3.67,0.6667,0.0476,0.0476,0.7143,0.8321
P000485,Electronics,11,4.64,1.0,0.0,0.0909,0.6364,0.7659
P003298,Books,20,2.75,0.15,0.45,0.1,0.55,0.8135
P004683,Toys & Games,23,2.91,0.1739,0.2174,0.0,0.8261,0.7611
P001853,Books,10,4.3,0.8,0.0,0.2,0.6,0.8513
P003464,Clothing,31,3.71,0.6129,0.0323,0.0323,0.6774,0.8016
P001003,Electronics,32,4.0,0.75,0.0938,0.1562,0.7188,0.7911
P004525,Beauty,14,3.93,0.8571,0.0714,0.0,0.8571,0.8334
P004398,Beauty,17,4.65,0.9412,0.0,0.1765,0.7059,0.7221
P000508,Toys & Games,34,4.41,0.9412,0.0,0.0,0.7353,0.8421
P004352,Electronics,7,4.71,1.0,0.0,0.0,0.5714,0.798
P002113,Electronics,30,2.47,0.2,0.5333,0.0667,0.8,0.854
P004931,Beauty,20,3.8,0.65,0.05,0.1,0.65,0.6856
P003787,Automotive,20,2.7,0.2,0.5,0.15,0.85,0.8017
P002693,Health,22,3.27,0.3636,0.1818,0.1364,0.9545,0.8377
P004184,Books,30,2.47,0.1,0.4667,0.0333,0.7333,0.8124
P003133,Electronics,20,4.65,1.0,0.0,0.0,0.9,0.9016
P001871,Clothing,17,3.12,0.3529,0.2353,0.0588,0.7059,0.8304
P001842,Books,28,4.68,0.9643,0.0,0.1429,0.75,0.8241
P004419,Electronics,22,3.23,0.3636,0.1818,0.0909,0.8182,0.7828
P002226,Clothing,13,1.85,0.0769,0.7692,0.0769,0.8462,0.7855
P001893,Books,30,3.97,0.7333,0.0,0.0333,0.7,0.8336
P001331,Toys & Games,29,1.72,0.1034,0.8621,0.1034,0.7931,0.736
P001153,Electronics,15,2.93,0.2667,0.3333,0.0667,0.8,0.7831
P001811,Clothing,11,4.45,0.8182,0.0,0.1818,0.6364,0.7013
P002770,Automotive,18,4.56,1.0,0.0,0.0556,0.7222,0.7626
P001686,Clothing,17,2.65,0.1176,0.3529,0.0,0.8235,0.7537
P002475,Home & Kitchen,25,3.84,0.68,0.08,0.04,0.52,0.7461
P003771,Food & Grocery,15,2.87,0.3333,0.2667,0.0,0.8,0.6608
P003757,Clothing,24,4.33,0.875,0.0,0.0,0.7083,0.7478
P004734,Clothing,22,3.09,0.4091,0.2727,0.0455,0.4545,0.7925
P000217,Electronics,15,4.2,0.8,0.0,0.0,0.7333,0.8067
P004921,Home & Kitchen,8,3.88,0.75,0.0,0.0,0.875,0.802
P002325,Clothing,10,3.4,0.2,0.0,0.2,0.8,0.6595
P002216,Electronics,13,4.15,0.9231,0.0769,0.0,0.7692,0.7632
P003244,Clothing,11,4.09,0.9091,0.0909,0.0909,0.8182,0.8529
P000234,Sports & Outdoors,25,3.28,0.4,0.2,0.08,0.84,0.8632
P001897,Sports & Outdoors,15,2.27,0.0667,0.6,0.0,0.9333,0.8738
P004616,Clothing,18,4.33,0.8889,0.0,0.0556,0.7778,0.7493
P001915,Electronics,16,4.31,0.8125,0.0625,0.0,0.75,0.8976
P001678,Home & Kitchen,9,3.22,0.3333,0.2222,0.2222,0.7778,0.8259
P003958,Food & Grocery,12,1.42,0.0,1.0,0.0,0.9167,0.758
P002616,Books,19,4.26,0.8947,0.0,0.0,0.5263,0.7188
P004156,Electronics,10,4.0,0.7,0.0,0.1,0.7,0.8142
P002232,Sports & Outdoors,28,3.75,0.6786,0.1071,0.0,0.8214,0.7919
P001422,Books,8,4.62,1.0,0.0,0.0,0.625,0.8755
P004130,Health,15,3.87,0.7333,0.0667,0.0667,0.6,0.7907
P001435,Clothing,13,4.15,0.7692,0.0,0.1538,0.6154,0.9254
P000423,Electronics,24,2.5,0.1667,0.5833,0.0417,0.8333,0.8572
P004998,Home & Kitchen,21,3.33,0.5238,0.2381,0.0476,0.8095,0.8841
P003267,Clothing,13,3.0,0.2308,0.1538,0.0769,0.6923,0.8274
P002143,Toys & Games,29,4.62,1.0,0.0,0.069,0.8276,0.7527
P004641,Clothing,9,4.22,0.8889,0.0,0.0,0.3333,0.6727
P004888,Beauty,30,3.0,0.2667,0.3,0.1,0.7,0.8767
P002893,Sports & Outdoors,15,4.87,1.0,0.0,0.0667,0.6,0.7287
P002084,Clothing,17,3.88,0.7647,0.1765,0.0,0.7647,0.7426
P000379,Home & Kitchen,15,3.8,0.6,0.1333,0.1333,0.8667,0.8422
P001377,Sports & Outdoors,14,4.14,0.7857,0.0714,0.0,0.8571,0.9251
P004356,Beauty,9,3.0,0.3333,0.4444,0.1111,0.8889,0.6912
P002914,Beauty,20,4.6,1.0,0.0,0.05,0.6,0.7454
P003687,Home & Kitchen,24,4.21,0.9167,0.0417,0.125,0.75,0.7091
P000802,Clothing,20,1.75,0.05,0.85,0.05,0.95,0.7871
P003333,Electronics,17,4.47,0.9412,0.0,0.1176,0.7647,0.8485
P002751,Clothing,17,3.94,0.5882,0.0588,0.0588,0.8235,0.8469
P002441,Automotive,28,1.79,0.0357,0.8929,0.0357,0.6786,0.9105
P002280,Sports & Outdoors,13,4.0,0.8462,0.1538,0.0,0.6923,0.8241
P000415,Electronics,8,3.5,0.5,0.125,0.125,0.625,0.6092
P004744,Clothing,26,4.0,0.7692,0.0385,0.0,0.7692,0.8382
P001953,Toys & Games,20,4.4,0.9,0.05,0.05,0.85,0.8662
P003070,Home & Kitchen,18,4.61,0.9444,0.0,0.0,0.8333,0.7335
P004169,Books,10,2.4,0.1,0.5,0.0,0.5,0.7055
P003431,Books,9,2.89,0.3333,0.3333,0.0,0.5556,0.8869
P004441,Electronics,16,4.62,1.0,0.0,0.25,0.6875,0.8622
P004082,Clothing,21,2.24,0.0952,0.6667,0.0952,0.9048,0.84
P004024,Health,15,3.53,0.6667,0.1333,0.0667,0.8667,0.8355
P000505,Books,28,2.54,0.0714,0.4286,0.0357,0.6429,0.6957
P002792,Electronics,31,3.52,0.5484,0.0968,0.0,0.8065,0.7347
P003404,Health,9,1.56,0.0,1.0,0.0,0.8889,0.7617
P002132,Beauty,9,2.89,0.1111,0.1111,0.0,0.8889,0.7629
P001058,Clothing,23,2.39,0.087,0.5217,0.0435,0.6957,0.7991
P002728,Electronics,23,3.57,0.5652,0.087,0.0,0.7391,0.7817
P000531,Beauty,26,3.15,0.3462,0.2308,0.0385,0.8077,0.8392
P000966,Books,11,2.27,0.0909,0.8182,0.0909,0.5455,0.5843
P003982,Home & Kitchen,32,2.97,0.3438,0.3125,0.0625,0.6875,0.7496
P001625,Home & Kitchen,13,4.23,0.8462,0.0769,0.0,0.8462,0.7596
P001738,Clothing,32,3.06,0.375,0.25,0.0938,0.7188,0.7947
P000926,Clothing,23,3.09,0.3043,0.1739,0.0435,0.7826,0.8813
P000738,Clothing,23,4.3,0.9565,0.0435,0.1739,0.8261,0.8283
P002870,Electronics,37,4.62,0.973,0.0,0.0,0.7568,0.8684
P002290,Clothing,24,4.42,0.9167,0.0417,0.1667,0.75,0.811
P001343,Books,20,4.85,1.0,0.0,0.05,0.7,0.7995
P003220,Clothing,26,4.12,0.6923,0.0385,0.1923,0.6923,0.8846
P003312,Food & Grocery,12,3.67,0.6667,0.0833,0.0,0.6667,0.7706
P000571,Clothing,13,3.23,0.3846,0.2308,0.3077,0.7692,0.7115
P001312,Food & Grocery,14,2.93,0.2857,0.3571,0.0,0.7143,0.6539
P001957,Books,10,3.6,0.5,0.1,0.0,0.9,0.6778
P003747,Clothing,16,4.06,0.75,0.0625,0.125,0.6875,0.8887
P000654,Clothing,24,3.83,0.7917,0.125,0.125,0.8333,0.8021
P001360,Electronics,20,4.6,0.95,0.0,0.0,0.6,0.9053
P003156,Clothing,16,3.81,0.625,0.0625,0.0,0.75,0.7926
P003769,Sports & Outdoors,13,3.31,0.3077,0.1538,0.1538,0.7692,0.9405
P003852,Clothing,7,2.71,0.1429,0.2857,0.0,0.7143,0.8806
P000382,Food & Grocery,13,3.38,0.3846,0.0769,0.0,0.8462,0.837
P002464,Sports & Outdoors,13,4.62,0.9231,0.0,0.1538,0.7692,0.7289
P000671,Electronics,21,3.52,0.4286,0.0952,0.0952,0.7143,0.7676
P004181,Beauty,12,4.75,1.0,0.0,0.0,0.75,0.8652
P001841,Electronics,22,2.91,0.2727,0.3182,0.0909,0.6818,0.739
P000085,Electronics,13,2.69,0.1538,0.4615,0.1538,0.7692,0.8501
P004942,Electronics,12,2.42,0.0833,0.5,0.0,0.75,0.8296
P002049,Electronics,17,2.53,0.1176,0.5294,0.0588,0.5882,0.8212
P000250,Home & Kitchen,25,3.8,0.72,0.08,0.12,0.76,0.8363
P002620,Health,13,4.0,0.7692,0.0769,0.0,0.6923,0.7733
P004020,Beauty,21,3.14,0.3333,0.2381,0.0476,0.8095,0.721
P004407,Food & Grocery,11,4.82,0.9091,0.0,0.1818,0.6364,0.723
P004412,Electronics,23,3.7,0.5652,0.0,0.1304,0.8696,0.7509
P003594,Electronics,15,4.47,0.8667,0.0,0.0,0.7333,0.8253
P003159,Food & Grocery,22,3.91,0.9091,0.0909,0.0455,0.7273,0.7388
P002239,Home & Kitchen,23,3.74,0.6522,0.087,0.0435,0.6522,0.7613
P003820,Health,21,4.29,0.9048,0.0,0.0,0.6667,0.8885
P001780,Home & Kitchen,17,4.18,0.8824,0.0,0.0,0.6471,0.8331
P001713,Automotive,15,4.6,1.0,0.0,0.0,0.8,0.7145
P004222,Electronics,25,2.08,0.12,0.72,0.08,0.6,0.8472
P004436,Books,12,1.92,0.1667,0.75,0.1667,0.75,0.8495
P004894,Clothing,11,3.64,0.5455,0.0909,0.2727,0.8182,0.7237
P003965,Home & Kitchen,27,4.37,0.8519,0.0,0.1111,0.6296,0.7573
P004309,Food & Grocery,28,2.54,0.1429,0.4643,0.0357,0.7143,0.7826
P001971,Clothing,14,2.43,0.0714,0.5,0.0,0.5714,0.6192
P002970,Clothing,34,4.56,1.0,0.0,0.0588,0.7059,0.8384
P001235,Clothing,13,3.23,0.4615,0.3077,0.0769,0.6154,0.7709
P002700,Health,21,2.43,0.0476,0.619,0.0,0.6667,0.7754
P003723,Health,10,3.2,0.4,0.4,0.2,0.7,0.8127
P002260,Home & Kitchen,18,1.94,0.0556,0.7222,0.0,0.6667,0.8531
P002031,Electronics,8,1.62,0.0,0.75,0.0,0.75,0.9293
P004475,Books,27,4.15,0.8148,0.037,0.0741,0.5926,0.7796
P004255,Health,11,3.18,0.3636,0.1818,0.0909,0.6364,0.6815
P003047,Home & Kitchen,13,3.46,0.4615,0.0769,0.0769,0.7692,0.6637
P001209,Clothing,17,4.82,1.0,0.0,0.0588,0.5882,0.8399
P000518,Beauty,15,3.87,0.6667,0.0667,0.0667,0.7333,0.8833
P000384,Home & Kitchen,21,3.76,0.6667,0.0952,0.0,0.7619,0.8516
P004722,Books,9,3.56,0.6667,0.1111,0.1111,0.8889,0.8777
P003968,Electronics,16,4.75,1.0,0.0,0.0,0.8125,0.8173
P003371,Health,13,4.54,0.9231,0.0,0.0769,0.9231,0.8258
P000179,Health,21,4.24,0.8095,0.0476,0.0,0.8095,0.802
P004752,Books,20,4.0,0.75,0.05,0.1,0.6,0.8257
P004030,Health,24,4.21,0.75,0.0417,0.1667,0.7083,0.768
P004901,Books,21,4.19,0.8571,0.0,0.0476,0.8571,0.6869
P000884,Home & Kitchen,13,2.23,0.0,0.6154,0.0,0.8462,0.7828
P003091,Health,22,4.18,0.8636,0.0455,0.1364,0.7273,0.8225
P000237,Home & Kitchen,5,3.2,0.4,0.2,0.0,0.4,0.7156
P002233,Electronics,18,2.89,0.2222,0.2222,0.0556,0.7778,0.7508
P004810,Books,17,2.71,0.2353,0.4706,0.0588,0.8235,0.8672
P000440,Sports & Outdoors,25,3.84,0.72,0.12,0.12,0.8,0.8077
P003388,Food & Grocery,12,4.33,0.9167,0.0,0.0,0.75,0.845
P001609,Home & Kitchen,13,3.92,0.7692,0.0769,0.0769,0.8462,0.847
P004013,Food & Grocery,19,4.37,0.7895,0.0,0.1579,0.7368,0.8007
P003554,Books,20,3.35,0.5,0.15,0.0,0.7,0.7039
P000365,Sports & Outdoors,21,4.33,0.9524,0.0,0.1905,0.5714,0.8953
P004731,Clothing,29,3.14,0.3448,0.3448,0.1034,0.7586,0.9288
P002256,Books,13,3.62,0.6923,0.0769,0.0769,0.5385,0.8668
P003637,Toys & Games,15,4.0,0.9333,0.0,0.0,0.6,0.7765
P002056,Home & Kitchen,19,2.42,0.0526,0.5263,0.0526,0.8421,0.6888
P003864,Home & Kitchen,20,3.95,0.85,0.1,0.0,0.85,0.8502
P001001,Electronics,24,3.38,0.4583,0.0833,0.0,0.7917,0.8209
P002716,Clothing,14,2.86,0.2857,0.2857,0.0,0.7857,0.5408
P001586,Food & Grocery,16,3.25,0.3125,0.1875,0.125,0.8125,0.7622
P002208,Home & Kitchen,23,3.0,0.3478,0.2609,0.087,0.6957,0.843
P004064,Sports & Outdoors,11,3.0,0.3636,0.3636,0.1818,0.4545,0.8698
P002328,Clothing,17,4.35,0.9412,0.0,0.1176,0.7059,0.7014
P003738,Beauty,9,3.33,0.2222,0.1111,0.1111,0.6667,0.7867
P003256,Toys & Games,11,4.09,0.8182,0.0909,0.0,0.5455,0.743
P003332,Clothing,18,3.67,0.5556,0.1111,0.0556,0.6111,0.8095
P001483,Sports & Outdoors,7,3.14,0.4286,0.2857,0.0,0.5714,0.8931
P003892,Sports & Outdoors,16,3.25,0.5,0.1875,0.0,0.9375,0.8689
P003126,Clothing,13,3.38,0.4615,0.0769,0.0769,0.8462,0.8207
P004114,Books,13,3.92,0.7692,0.0769,0.0,0.7692,0.7838
P003744,Books,13,4.77,1.0,0.0,0.0769,0.7692,0.6462
P000458,Home & Kitchen,23,3.26,0.4783,0.1739,0.0435,0.6522,0.8333
P004171,Automotive,17,4.35,0.8235,0.0,0.1176,0.8824,0.8008
P002810,Electronics,21,4.43,0.8571,0.0,0.0952,0.8095,0.739
P001749,Home & Kitchen,11,4.09,0.8182,0.0909,0.0909,0.8182,0.9135
P004076,Home & Kitchen,16,4.25,0.875,0.0625,0.125,0.875,0.8307
P002804,Sports & Outdoors,11,3.27,0.3636,0.1818,0.0909,0.6364,0.9209
P003415,Clothing,20,4.2,0.85,0.0,0.05,0.95,0.7438
P004863,Clothing,21,4.86,1.0,0.0,0.0,0.7619,0.7265
P004727,Toys & Games,20,1.7,0.05,0.85,0.05,0.8,0.8026
P000224,Food & Grocery,10,2.2,0.0,0.7,0.0,0.7,0.7574
P004084,Clothing,21,4.14,0.8571,0.0,0.0476,0.8095,0.7612
P001053,Clothing,16,1.81,0.0,0.8125,0.0,0.625,0.6864
P002627,Books,14,3.0,0.2857,0.3571,0.0,0.7143,0.8031
P002750,Electronics,18,2.56,0.2222,0.6667,0.1667,0.7778,0.7157
P003090,Food & Grocery,35,3.23,0.3714,0.1714,0.0286,0.8857,0.7553
P004317,Food & Grocery,18,4.06,0.7222,0.0,0.1111,0.8333,0.8057
P003420,Health,16,3.06,0.3125,0.125,0.0625,0.6875,0.9118
P000610,Home & Kitchen,13,2.38,0.1538,0.6154,0.0,1.0,0.9112
P000712,Beauty,12,4.25,0.9167,0.0,0.0,1.0,0.806
P002594,Electronics,7,3.86,0.5714,0.0,0.2857,0.8571,0.9109
P004926,Home & Kitchen,11,3.36,0.2727,0.1818,0.0909,0.4545,0.7317
P000130,Sports & Outdoors,16,3.56,0.4375,0.0625,0.0,0.75,0.8153
P001296,Home & Kitchen,20,4.5,0.95,0.0,0.05,0.75,0.8424
P001512,Clothing,16,3.88,0.75,0.0625,0.0625,0.75,0.7528
P002073,Clothing,14,3.14,0.2857,0.2143,0.1429,0.7857,0.7418
P000144,Books,11,3.27,0.3636,0.0909,0.0909,0.5455,0.8281
P000377,Food & Grocery,16,4.75,1.0,0.0,0.0,0.5625,0.9441
P004614,Home & Kitchen,19,4.32,0.8421,0.0,0.1053,0.7368,0.8248
P004433,Toys & Games,15,4.13,0.8667,0.0667,0.0,0.8,0.7431
P001098,Toys & Games,21,4.67,1.0,0.0,0.0,0.6667,0.7994
P004979,Toys & Games,13,4.62,1.0,0.0,0.2308,0.8462,0.8362
P001694,Beauty,9,4.0,0.7778,0.0,0.1111,0.6667,0.911
P002692,Home & Kitchen,17,1.94,0.1176,0.7647,0.0588,0.7059,0.9064
P002845,Clothing,23,4.04,0.8261,0.0435,0.087,0.7391,0.8192
P004854,Electronics,24,4.46,1.0,0.0,0.1667,0.8333,0.8329
P001332,Books,13,3.46,0.5385,0.2308,0.0,0.7692,0.8764
P001105,Electronics,12,4.58,1.0,0.0,0.0,0.75,0.7218
P003692,Sports & Outdoors,19,3.37,0.4211,0.2105,0.1579,0.6842,0.8032
P001052,Electronics,20,4.55,0.95,0.0,0.0,0.8,0.7501
P000855,Clothing,13,4.15,0.6923,0.0,0.0769,0.6154,0.7478
P001501,Beauty,22,3.77,0.7273,0.1364,0.1364,0.8182,0.8845
P003725,Toys & Games,14,4.5,0.9286,0.0,0.0,0.7857,0.7989
P000473,Electronics,13,4.62,0.9231,0.0,0.1538,0.6923,0.8315
P003315,Clothing,21,2.76,0.2381,0.4762,0.0952,0.8095,0.8474
P000512,Health,18,4.44,0.8333,0.0556,0.0556,0.5556,0.9111
P001828,Books,31,3.97,0.8065,0.0968,0.0323,0.7097,0.8281
P001737,Health,21,3.67,0.7143,0.1429,0.0476,0.7619,0.8519
P003361,Clothing,19,2.63,0.1579,0.5789,0.1579,0.8947,0.7598
P004733,Home & Kitchen,22,3.23,0.4545,0.1818,0.0455,0.8636,0.8542
P000630,Toys & Games,11,3.91,0.8182,0.0909,0.0,0.9091,0.8089
P003394,Electronics,10,4.5,1.0,0.0,0.0,0.6,0.805
P000035,Home & Kitchen,13,4.23,0.8462,0.0769,0.0,0.7692,0.7027
P001531,Clothing,9,4.22,0.7778,0.0,0.1111,0.5556,0.9124
P003304,Automotive,14,2.64,0.1429,0.4286,0.0714,0.7857,0.8093
P004293,Electronics,15,2.87,0.2,0.3333,0.0667,0.8,0.7662
P001061,Food & Grocery,27,2.67,0.2593,0.4444,0.1111,0.7778,0.7889
P003566,Toys & Games,12,3.25,0.3333,0.25,0.0833,0.75,0.8273
P003579,Beauty,9,3.11,0.2222,0.3333,0.1111,0.5556,0.8006
P004782,Automotive,15,4.33,0.8667,0.0,0.0,0.8,0.8223
P002272,Sports & Outdoors,24,2.71,0.125,0.2917,0.0417,0.4583,0.8058
P000577,Health,18,4.17,0.8333,0.0,0.1111,0.7222,0.7352
P002962,Automotive,16,3.19,0.375,0.25,0.0,0.5625,0.7417
P001290,Books,18,2.0,0.0556,0.7778,0.0556,0.7778,0.8825
P000856,Home & Kitchen,16,4.56,1.0,0.0,0.0625,0.8125,0.8394
P003295,Books,18,4.28,0.8889,0.0556,0.0556,0.9444,0.7332
P004098,Sports & Outdoors,11,2.64,0.0909,0.3636,0.0,0.7273,0.8504
P001487,Automotive,9,4.56,1.0,0.0,0.1111,0.6667,0.7704
P004068,Beauty,12,4.08,0.8333,0.0833,0.1667,0.75,0.7748
P002960,Food & Grocery,10,3.9,0.8,0.1,0.0,0.7,0.8571
P003943,Clothing,20,3.65,0.6,0.1,0.1,0.7,0.6993
P001689,Sports & Outdoors,11,3.64,0.6364,0.0,0.0,0.7273,0.7244
P000447,Automotive,21,2.76,0.2381,0.3333,0.0,0.8571,0.7536
P000987,Home & Kitchen,16,4.31,0.875,0.0,0.125,0.9375,0.8295
P004837,Electronics,12,4.08,0.75,0.0,0.0,0.8333,0.6729
P002070,Books,31,3.52,0.5484,0.0968,0.0968,0.7742,0.8008
P003634,Home & Kitchen,14,3.29,0.4286,0.1429,0.0,0.5714,0.8403
P004675,Sports & Outdoors,22,4.68,0.9545,0.0,0.0,0.8636,0.7239
P000155,Electronics,22,2.09,0.0455,0.6364,0.0,0.7727,0.8607
P000916,Food & Grocery,24,3.67,0.5833,0.1667,0.0417,0.6667,0.6723
P001408,Electronics,18,4.33,0.8889,0.0556,0.0556,0.7222,0.7407
P001334,Automotive,15,3.6,0.5333,0.0667,0.1333,0.8667,0.872
P001150,Health,28,2.93,0.3571,0.2857,0.0714,0.8929,0.7927
P001174,Beauty,15,3.87,0.7333,0.0,0.0,0.7333,0.7869
P003308,Electronics,10,4.3,0.9,0.0,0.0,0.8,0.7018
P002646,Health,17,2.82,0.1765,0.2353,0.0,0.7647,0.7332
P004719,Books,15,3.07,0.2667,0.2,0.0667,0.5333,0.8715
P001426,Home & Kitchen,24,3.96,0.7083,0.0,0.0833,0.875,0.7109
P002292,Beauty,17,3.88,0.8235,0.0,0.0,0.4706,0.7985
P004448,Books,23,4.43,0.913,0.0,0.1304,0.7391,0.8619
P004677,Electronics,17,4.41,0.8824,0.0,0.1765,0.7059,0.6888
P000553,Clothing,25,4.68,0.96,0.0,0.0,0.68,0.7089
P002510,Sports & Outdoors,6,3.5,0.6667,0.1667,0.0,0.6667,0.401
P000230,Electronics,26,4.69,1.0,0.0,0.0,0.6538,0.732
P002675,Sports & Outdoors,17,4.35,0.8824,0.0588,0.0588,0.6471,0.6448
P004972,Electronics,17,2.88,0.2941,0.3529,0.0588,0.7059,0.7306
P001724,Books,7,4.71,1.0,0.0,0.0,1.0,0.721
P004895,Beauty,21,4.52,0.9048,0.0,0.0476,0.9048,0.8124
P000588,Clothing,20,2.95,0.25,0.25,0.1,0.7,0.8818
P003838,Electronics,9,4.33,0.7778,0.0,0.0,0.4444,0.9537
P004205,Beauty,26,3.69,0.6154,0.1154,0.0,0.7308,0.8455
P003191,Clothing,11,3.18,0.2727,0.0909,0.0,0.7273,0.6856
P002844,Clothing,5,4.0,0.8,0.0,0.0,0.6,0.7662
P001311,Home & Kitchen,10,3.8,0.6,0.0,0.1,0.7,0.7862
P004518,Clothing,8,4.88,1.0,0.0,0.125,0.75,0.8626
P004890,Automotive,16,2.75,0.25,0.375,0.0625,0.8125,0.7912
P004122,Toys & Games,29,3.03,0.2414,0.1379,0.069,0.7241,0.8023
P004405,Home & Kitchen,9,3.44,0.4444,0.1111,0.0,0.7778,0.7861
P000436,Clothing,18,3.83,0.7778,0.0556,0.1111,0.7778,0.7917
P003374,Electronics,13,4.85,1.0,0.0,0.0769,0.6154,0.8874
P003972,Electronics,30,3.97,0.7667,0.0333,0.0667,0.7667,0.8219
P004786,Health,24,3.46,0.5,0.125,0.0417,0.7083,0.7835
P004522,Home & Kitchen,16,3.94,0.75,0.0625,0.1875,0.625,0.9154
P003230,Books,20,3.25,0.4,0.15,0.0,0.65,0.841
P000969,Books,4,4.0,1.0,0.0,0.25,1.0,0.9062
P001556,Toys & Games,20,2.5,0.15,0.5,0.0,0.75,0.8468
P004461,Home & Kitchen,28,2.54,0.1429,0.5357,0.1071,0.6429,0.7885
P001269,Books,9,4.11,0.6667,0.0,0.0,0.6667,0.8078
P000509,Books,25,2.2,0.04,0.56,0.0,0.68,0.8237
P003798,Toys & Games,13,3.08,0.3077,0.1538,0.1538,0.7692,0.7999
P002659,Electronics,16,3.44,0.5625,0.125,0.0,0.75,0.8493
P003287,Sports & Outdoors,16,4.81,1.0,0.0,0.0,0.6875,0.6969
P000314,Home & Kitchen,10,4.0,0.9,0.0,0.0,0.8,0.6803
P000290,Electronics,11,3.0,0.4545,0.3636,0.0909,0.7273,0.9109
P002923,Electronics,16,4.69,0.9375,0.0,0.125,0.8125,0.7985
P004357,Food & Grocery,28,4.46,0.9643,0.0357,0.0357,0.7143,0.8923
P003311,Food & Grocery,13,4.08,0.7692,0.0,0.1538,0.6923,0.9298
P000150,Electronics,17,3.59,0.6471,0.1176,0.0,0.8235,0.8724
P000263,Clothing,28,4.32,0.8214,0.0357,0.0714,0.75,0.8787
P003510,Clothing,31,1.74,0.129,0.8387,0.129,0.7097,0.7734
P003651,Clothing,22,4.32,0.9091,0.0455,0.0,0.6364,0.7961
P003460,Toys & Games,17,4.59,0.9412,0.0,0.1176,0.5294,0.8758
P004399,Electronics,21,4.29,0.9048,0.0,0.1429,0.7619,0.6503
P003969,Home & Kitchen,13,2.77,0.1538,0.3846,0.0,0.9231,0.9588
P004756,Books,31,1.87,0.0,0.7419,0.0,0.7419,0.8177
P001880,Books,15,4.4,0.8667,0.0667,0.0,0.8,0.8193
P002007,Books,28,4.54,0.9643,0.0357,0.1071,0.6786,0.9443
P000293,Food & Grocery,18,3.44,0.4444,0.0556,0.0,0.6667,0.7746
P003366,Clothing,20,4.45,1.0,0.0,0.15,0.85,0.7272
P004292,Electronics,14,3.07,0.2857,0.2857,0.0714,0.6429,0.7639
P002105,Sports & Outdoors,24,3.33,0.5833,0.2917,0.125,0.7083,0.7998
P004091,Electronics,15,2.53,0.2,0.5333,0.1333,0.8667,0.9141
P003848,Beauty,16,4.88,1.0,0.0,0.0625,0.6875,0.7829
P004622,Food & Grocery,16,4.62,1.0,0.0,0.0625,0.875,0.7611
P001456,Electronics,21,3.57,0.5238,0.1429,0.0,0.8095,0.7145
P002117,Clothing,6,3.83,0.6667,0.0,0.1667,0.6667,0.9478
P001165,Electronics,20,2.85,0.3,0.4,0.1,0.7,0.6986
P002078,Clothing,16,4.25,0.875,0.0,0.0,0.875,0.6961
P004401,Toys & Games,18,3.67,0.6667,0.1667,0.1667,0.7778,0.7259
P003724,Home & Kitchen,17,3.59,0.4706,0.1176,0.1176,0.5294,0.7809
P003495,Electronics,15,4.8,1.0,0.0,0.0,0.8,0.7596
P004577,Toys & Games,23,3.83,0.5652,0.087,0.0435,0.7826,0.6644
P001043,Sports & Outdoors,11,4.18,0.9091,0.0,0.1818,0.6364,0.8726
P002712,Clothing,27,3.19,0.4074,0.2222,0.1111,0.8148,0.8636
P000878,Clothing,19,4.21,0.8421,0.1053,0.0526,0.6316,0.7957
P001168,Books,28,4.68,1.0,0.0,0.1429,0.6071,0.751
P000953,Clothing,8,3.25,0.5,0.125,0.0,0.875,0.8986
P000519,Electronics,12,3.67,0.5833,0.0,0.0,0.8333,0.8137
P002030,Sports & Outdoors,27,4.33,0.8519,0.0,0.037,0.6667,0.8374
P004701,Automotive,16,3.44,0.5,0.0625,0.0625,0.8125,0.6802
P001164,Electronics,32,3.0,0.3438,0.25,0.0,0.6875,0.7176
P002637,Home & Kitchen,11,3.09,0.2727,0.2727,0.0,0.7273,0.6702
P001475,Books,16,3.38,0.5,0.1875,0.0625,0.75,0.8566
P003306,Electronics,14,3.29,0.4286,0.1429,0.0,0.5714,0.8176
P000754,Home & Kitchen,23,4.7,0.9565,0.0,0.0,0.6522,0.8223
P004530,Books,22,4.09,0.8636,0.0909,0.0,0.7273,0.7365
P001100,Electronics,15,2.53,0.1333,0.4667,0.0667,0.7333,0.8472
P004348,Health,18,1.67,0.0,0.9444,0.0,0.7778,0.7569
P003840,Clothing,19,3.26,0.3684,0.2105,0.1053,0.8421,0.8003
P004772,Home & Kitchen,17,2.94,0.2941,0.2941,0.0588,0.6471,0.8512
P002777,Sports & Outdoors,23,4.48,0.8696,0.0,0.0,0.7826,0.8461
P001896,Electronics,16,3.0,0.3125,0.1875,0.0,0.75,0.7771
P003180,Books,19,3.37,0.3684,0.1579,0.1579,0.7368,0.8115
P002361,Toys & Games,9,3.33,0.6667,0.2222,0.1111,0.7778,0.6667
P002426,Beauty,20,4.1,0.75,0.0,0.1,0.75,0.7802
P004066,Toys & Games,12,3.67,0.6667,0.1667,0.0833,0.75,0.7544
P001739,Books,12,3.83,0.6667,0.0,0.0,0.5833,0.9193
P000057,Home & Kitchen,27,4.07,0.7778,0.0741,0.037,0.6667,0.8039
P004329,Health,11,3.45,0.3636,0.1818,0.1818,0.8182,0.798
P001077,Books,12,3.67,0.5,0.0833,0.0833,0.6667,0.9462
P001192,Home & Kitchen,24,4.67,0.9167,0.0,0.1667,0.7917,0.7604
P003349,Toys & Games,16,2.5,0.1875,0.625,0.125,0.9375,0.8502
P004845,Home & Kitchen,16,3.5,0.5625,0.1875,0.0,0.8125,0.7467
P004136,Electronics,25,2.88,0.2,0.28,0.0,0.8,0.8826
P000930,Beauty,7,4.0,0.7143,0.0,0.0,0.8571,0.9357
P000062,Home & Kitchen,11,4.55,1.0,0.0,0.0,0.8182,0.8421
P001886,Clothing,17,3.53,0.4706,0.1176,0.1176,0.7059,0.6796
P001928,Beauty,22,4.68,1.0,0.0,0.0,0.8182,0.7384
P000009,Electronics,18,3.28,0.4444,0.2778,0.0556,0.8333,0.757
P001676,Food & Grocery,24,3.79,0.75,0.0833,0.0417,0.75,0.742
P004252,Electronics,17,4.47,0.9412,0.0,0.0,0.7647,0.8623
P002485,Toys & Games,15,3.73,0.6667,0.0667,0.0,0.7333,0.8863
P000565,Sports & Outdoors,17,3.18,0.4706,0.1765,0.0,0.7647,0.7384
P001597,Clothing,22,3.27,0.3182,0.0909,0.0909,0.7727,0.8105
P002400,Books,14,4.71,1.0,0.0,0.0,0.7143,0.7544
P003201,Toys & Games,26,2.96,0.2692,0.2308,0.0,0.8462,0.908
P001272,Home & Kitchen,26,4.69,1.0,0.0,0.0,0.8077,0.8647
P002109,Home & Kitchen,16,3.69,0.6875,0.125,0.0,0.6875,0.9337
P001304,Clothing,14,4.5,0.9286,0.0,0.0,0.7143,0.7126
P004488,Electronics,19,4.0,0.7368,0.0526,0.0526,0.7895,0.8647
P002931,Sports & Outdoors,18,3.94,0.7222,0.0556,0.0,0.6667,0.7664
P000976,Sports & Outdoors,22,3.32,0.3636,0.1364,0.0455,0.6818,0.7398
P004247,Health,30,2.9,0.2667,0.2333,0.0333,0.8,0.7636
P002088,Home & Kitchen,26,1.96,0.0385,0.8077,0.1154,0.7692,0.6949
P001639,Clothing,25,3.36,0.64,0.24,0.12,0.84,0.7886
P004172,Beauty,14,3.21,0.3571,0.2143,0.0714,0.7143,0.7421
P004789,Electronics,20,2.45,0.1,0.55,0.05,0.75,0.8575
P000258,Electronics,11,4.0,0.8182,0.0909,0.0909,0.8182,0.7643
P001874,Automotive,7,2.86,0.5714,0.4286,0.0,0.7143,0.8721
P004183,Beauty,12,4.5,1.0,0.0,0.0,0.6667,0.6768
P003934,Electronics,17,1.94,0.0,0.8235,0.0,0.7059,0.8169
P000277,Clothing,20,3.8,0.7,0.05,0.05,0.9,0.7805
P001657,Clothing,19,3.26,0.4737,0.2105,0.1579,0.7368,0.8389
P003984,Clothing,29,2.55,0.1379,0.5517,0.1379,0.8966,0.6883
P004347,Toys & Games,11,2.45,0.1818,0.6364,0.1818,1.0,0.7218
P002940,Electronics,10,4.6,1.0,0.0,0.2,0.8,0.8531
P004070,Clothing,18,2.56,0.1111,0.5556,0.0556,0.8333,0.7185
P002556,Beauty,30,4.13,0.7,0.0333,0.0333,0.7333,0.7482
P001278,Electronics,11,3.18,0.4545,0.1818,0.0909,0.7273,0.7237
P001553,Clothing,26,3.23,0.3846,0.1538,0.0385,0.7308,0.7977
P000910,Clothing,15,3.4,0.6,0.2667,0.1333,0.8,0.8128
P004456,Clothing,9,2.56,0.1111,0.3333,0.1111,1.0,0.8848
P001236,Electronics,30,4.47,0.9333,0.0,0.0333,0.6,0.8567
P002151,Sports & Outdoors,21,2.05,0.0476,0.7143,0.0,0.8095,0.9018
P004480,Automotive,23,4.48,0.913,0.0,0.087,0.8696,0.7577
P000484,Clothing,28,3.96,0.8571,0.1071,0.1071,0.75,0.8555
P003216,Beauty,12,4.08,0.8333,0.0,0.0833,0.75,0.6764
P002093,Books,19,4.32,0.9474,0.0,0.0526,0.5789,0.843
P001319,Beauty,16,3.25,0.5,0.1875,0.0625,0.8125,0.7893
P003670,Books,11,4.36,0.9091,0.0,0.0909,0.9091,0.8356
P000434,Toys & Games,24,3.38,0.4167,0.2083,0.1667,0.7083,0.705
P001444,Electronics,15,4.53,0.8667,0.0,0.0667,0.7333,0.7977
P002298,Electronics,10,2.4,0.0,0.5,0.1,0.7,0.8249
P002247,Clothing,13,4.31,0.8462,0.0,0.0769,0.6154,0.8109
P002330,Books,29,4.62,0.9655,0.0,0.0,0.6897,0.8035
P004491,Books,17,2.06,0.1765,0.7647,0.1765,0.8235,0.8028
P001109,Automotive,13,2.31,0.0,0.4615,0.0,0.6923,0.7872
P000167,Toys & Games,4,3.75,0.5,0.0,0.25,1.0,0.4375
P000911,Toys & Games,16,3.62,0.5625,0.0625,0.0625,0.75,0.874
P001627,Home & Kitchen,19,3.79,0.6316,0.0,0.0,0.8421,0.9464
P004334,Home & Kitchen,30,4.33,0.8667,0.0,0.0333,0.7667,0.7976
P003816,Home & Kitchen,24,2.58,0.1667,0.4167,0.0833,0.7083,0.8345
P004454,Sports & Outdoors,17,3.88,0.7059,0.0588,0.0,0.9412,0.8631
P000199,Clothing,11,1.55,0.0,0.9091,0.0,1.0,0.8951
P004443,Health,12,3.67,0.5,0.1667,0.1667,0.9167,0.7881
P004027,Sports & Outdoors,21,2.95,0.3333,0.2381,0.0,0.6667,0.7596
P002394,Electronics,23,2.3,0.1304,0.6522,0.1304,0.8261,0.7188
P002752,Beauty,15,4.27,0.8,0.0,0.2,0.8,0.7077
P000317,Home & Kitchen,16,4.31,0.875,0.0,0.125,0.5625,0.8147
P002953,Electronics,13,4.62,0.9231,0.0,0.0,0.9231,0.7945
P001317,Books,13,3.31,0.4615,0.2308,0.2308,0.6154,0.7702
P004625,Electronics,8,4.62,1.0,0.0,0.0,0.75,0.7691
P003750,Clothing,20,4.4,0.95,0.0,0.0,0.85,0.8672
P000845,Electronics,16,3.94,0.75,0.0625,0.125,0.5,0.7396
P001566,Home & Kitchen,20,4.9,1.0,0.0,0.0,0.75,0.801
P004182,Electronics,9,4.44,0.8889,0.0,0.1111,0.7778,0.9344
P004720,Electronics,8,2.5,0.125,0.625,0.0,0.75,0.8846
P004103,Books,12,4.08,0.75,0.0,0.0,0.6667,0.6258
P003938,Sports & Outdoors,21,4.05,0.8571,0.0952,0.0476,0.8571,0.8858
P004763,Food & Grocery,38,4.32,0.8421,0.0,0.1316,0.7632,0.8167
P001801,Sports & Outdoors,13,2.69,0.0769,0.3846,0.0,0.8462,0.8697
P001125,Home & Kitchen,23,4.52,0.8696,0.0,0.1304,0.8261,0.7558
P003215,Electronics,13,3.08,0.2308,0.2308,0.0,0.6923,0.7689
P000083,Toys & Games,14,2.57,0.1429,0.3571,0.0,0.8571,0.8759
P003597,Health,21,3.14,0.4286,0.3333,0.1905,0.8095,0.7871
P001518,Food & Grocery,10,4.6,0.9,0.0,0.1,0.8,0.7819
P003414,Electronics,22,4.09,0.8636,0.0,0.0455,0.7273,0.8105
P004465,Electronics,10,3.6,0.5,0.0,0.0,0.7,0.6257
P000614,Automotive,11,4.27,0.9091,0.0,0.0909,0.6364,0.7375
P004499,Health,15,4.67,0.9333,0.0,0.0,0.6667,0.8416
P000093,Home & Kitchen,15,4.8,1.0,0.0,0.0,0.7333,0.8266
P000478,Sports & Outdoors,19,4.63,1.0,0.0,0.0,0.7895,0.7244
P003258,Clothing,12,4.0,0.8333,0.0,0.0,0.6667,0.7517
P004766,Clothing,18,1.94,0.0,0.6667,0.0,0.5,0.8384
P001503,Home & Kitchen,23,4.13,0.8696,0.0,0.0,0.6522,0.7466
P001368,Electronics,10,1.9,0.0,0.7,0.0,0.8,0.6371
P004761,Books,7,4.14,0.8571,0.0,0.0,0.7143,0.8911
P000010,Home & Kitchen,38,4.61,0.9737,0.0263,0.0789,0.7368,0.8798
P004738,Electronics,17,4.06,0.8235,0.1176,0.0588,0.7647,0.747
P000412,Sports & Outdoors,21,4.24,0.7619,0.0,0.0476,0.6667,0.7675
P003856,Clothing,11,4.64,1.0,0.0,0.0909,0.6364,0.8085
P000596,Clothing,12,2.58,0.1667,0.5833,0.1667,0.8333,0.625
P001521,Clothing,18,4.22,0.8333,0.0556,0.0556,0.6667,0.742
P001362,Home & Kitchen,14,4.29,0.9286,0.0,0.0,0.6429,0.9291
P004551,Electronics,19,3.32,0.4737,0.3158,0.0526,0.5263,0.7827
P002710,Sports & Outdoors,16,4.12,0.8125,0.0,0.125,0.8125,0.8296
P000538,Electronics,16,3.19,0.3125,0.125,0.125,0.75,0.6576
P000166,Home & Kitchen,11,3.36,0.2727,0.0909,0.0,0.5455,0.7271
P001093,Clothing,27,3.93,0.7037,0.037,0.0741,0.4074,0.7914
P001884,Beauty,20,2.95,0.25,0.35,0.1,0.9,0.7721
P003455,Automotive,11,3.45,0.5455,0.1818,0.0909,0.9091,0.9015
P003157,Electronics,20,3.7,0.65,0.1,0.05,0.7,0.8744
P003870,Home & Kitchen,13,3.69,0.6154,0.0769,0.0769,0.9231,0.851
P001136,Clothing,27,3.26,0.3704,0.2593,0.037,0.6667,0.766
P002575,Books,15,2.33,0.1333,0.6667,0.1333,0.6,0.8436
P001466,Beauty,16,3.69,0.6875,0.0625,0.0,0.8125,0.7779
P004773,Electronics,34,4.59,0.9412,0.0,0.0882,0.6471,0.736
P001608,Clothing,17,2.29,0.0588,0.5882,0.0588,0.6471,0.9106
P004959,Home & Kitchen,14,3.57,0.6429,0.0714,0.0714,0.7857,0.89
P003292,Beauty,19,2.74,0.2105,0.4211,0.1053,0.6316,0.8558
P001588,Books,29,4.52,0.8966,0.0,0.0345,0.5862,0.7988
P003162,Automotive,7,2.86,0.1429,0.4286,0.1429,0.8571,0.836
P002767,Home & Kitchen,14,2.57,0.2857,0.5,0.1429,0.7857,0.7863
P003577,Toys & Games,11,2.18,0.0909,0.6364,0.0,0.8182,0.6459
P002550,Clothing,7,4.29,0.8571,0.0,0.0,0.5714,0.7263
P004627,Health,25,3.32,0.32,0.08,0.08,0.8,0.7467
P003372,Electronics,10,4.7,0.9,0.0,0.1,0.8,0.8291
P002052,Electronics,29,4.62,0.931,0.0,0.1034,0.6552,0.834
P003115,Home & Kitchen,11,4.36,0.9091,0.0,0.0,0.5455,0.8415
P004126,Electronics,20,3.8,0.7,0.15,0.05,0.75,0.7313
P002859,Beauty,23,2.78,0.3043,0.3913,0.1304,0.7826,0.7687
P000297,Automotive,6,4.0,0.8333,0.0,0.1667,0.6667,0.8055
P001582,Clothing,13,3.08,0.3077,0.2308,0.0,0.5385,0.7225
P001701,Food & Grocery,16,4.19,0.8125,0.0625,0.0,0.625,0.7459
P004892,Clothing,14,3.0,0.3571,0.3571,0.0,0.4286,0.9364
P001826,Electronics,6,2.67,0.0,0.3333,0.0,0.6667,0.7355
P000348,Clothing,18,4.0,0.7778,0.0,0.0556,0.5,0.7358
P001933,Toys & Games,22,4.41,0.8182,0.0,0.0909,0.6364,0.7715
P000270,Electronics,15,3.87,0.6667,0.1333,0.1333,0.7333,0.7003
P004413,Beauty,11,2.73,0.0909,0.3636,0.0909,0.8182,0.9208
P001644,Clothing,22,3.27,0.4545,0.2273,0.0909,0.8182,0.8322
P002186,Electronics,7,2.14,0.1429,0.7143,0.0,0.8571,0.9143
P001843,Electronics,14,4.43,1.0,0.0,0.0714,0.7857,0.8256
P000951,Books,14,2.5,0.1429,0.5714,0.0714,0.5714,0.8381
P003860,Electronics,8,2.88,0.375,0.375,0.0,0.75,0.8196
P001414,Food & Grocery,19,4.0,0.8421,0.0526,0.1053,0.6316,0.7012
P001193,Health,17,3.53,0.5882,0.0588,0.0,0.4706,0.7271
P001141,Home & Kitchen,15,3.07,0.2667,0.2,0.0,0.7333,0.7369
P003062,Home & Kitchen,12,4.33,0.8333,0.0,0.0833,0.8333,0.9036
P002545,Books,9,2.33,0.1111,0.4444,0.0,0.7778,0.8626
P004336,Electronics,24,3.38,0.375,0.125,0.0833,0.7917,0.8706
P003682,Electronics,10,2.3,0.1,0.6,0.1,0.8,0.7959
P000449,Electronics,16,3.62,0.5625,0.0625,0.125,0.875,0.7163
P003795,Books,12,3.25,0.3333,0.1667,0.0,0.6667,0.9346
P002036,Toys & Games,5,4.6,1.0,0.0,0.0,1.0,0.89
P001723,Beauty,19,3.79,0.6842,0.0526,0.0,0.7368,0.6281
P004265,Beauty,19,4.68,1.0,0.0,0.2105,0.5789,0.8047
P004755,Food & Grocery,8,3.75,0.625,0.25,0.125,0.625,0.8125
P000684,Home & Kitchen,15,4.87,1.0,0.0,0.0,0.8,0.8341
P004787,Clothing,8,3.62,0.625,0.125,0.125,1.0,0.8931
P002875,Electronics,13,2.77,0.2308,0.3846,0.0769,0.8462,0.8512
P001857,Clothing,28,4.29,0.8214,0.0714,0.1429,0.8214,0.6881
P000715,Toys & Games,9,3.78,0.7778,0.1111,0.1111,0.8889,0.8213
P001285,Food & Grocery,17,4.18,0.8235,0.0588,0.0588,0.7059,0.8781
P001167,Toys & Games,16,2.44,0.125,0.5,0.0,0.8125,0.8043
P003975,Electronics,10,3.6,0.7,0.1,0.0,0.9,0.882
P002884,Clothing,16,3.62,0.5,0.0625,0.1875,1.0,0.7918
P003188,Health,7,4.29,0.8571,0.0,0.0,0.7143,1.0
P004445,Electronics,9,3.11,0.4444,0.3333,0.1111,0.8889,0.747
P001484,Clothing,11,3.73,0.8182,0.1818,0.0,0.7273,0.777
P000061,Sports & Outdoors,7,3.57,0.5714,0.2857,0.1429,0.7143,0.805
P002968,Clothing,20,3.4,0.6,0.2,0.0,0.8,0.8702
P003746,Beauty,15,2.13,0.2,0.6,0.0,0.6,0.8189
P000111,Home & Kitchen,15,2.2,0.1333,0.8,0.1333,0.8667,0.8779
P000028,Electronics,17,3.88,0.6471,0.0,0.1176,0.8824,0.7317
P003217,Home & Kitchen,18,3.67,0.4444,0.0,0.2222,0.7222,0.8208
P002697,Toys & Games,10,4.3,0.8,0.1,0.1,0.6,0.6266
P000262,Toys & Games,11,3.36,0.3636,0.0,0.0,0.7273,0.8145
P002726,Beauty,11,4.36,1.0,0.0,0.0,0.7273,0.8459
P000600,Sports & Outdoors,4,3.25,0.5,0.25,0.0,0.5,0.9227
P004108,Beauty,23,3.57,0.4783,0.1304,0.1739,0.6087,0.7818
P003603,Books,15,4.13,0.9333,0.0,0.0,0.6,0.8085
P000605,Automotive,11,4.36,0.8182,0.0,0.0,0.7273,0.8519
P004724,Sports & Outdoors,15,3.6,0.6,0.0667,0.0,0.6,0.7831
P000125,Electronics,31,1.42,0.0,1.0,0.0,0.7097,0.7917
P004173,Automotive,19,4.53,0.8947,0.0,0.0526,0.6842,0.8712
P004490,Books,14,4.71,1.0,0.0,0.0,0.7857,0.8381
P003863,Beauty,7,4.0,0.8571,0.1429,0.2857,1.0,0.9239
P004214,Electronics,19,4.37,0.9474,0.0526,0.0,0.8421,0.6481
P002872,Home & Kitchen,33,4.7,0.9697,0.0,0.1515,0.8485,0.8743
P003277,Books,12,3.33,0.5,0.1667,0.0,0.9167,0.9079
P004342,Electronics,15,4.47,0.9333,0.0,0.0,0.7333,0.7861
P004300,Beauty,24,4.62,0.9583,0.0,0.0833,0.5417,0.821
P002080,Electronics,14,4.71,1.0,0.0,0.0,0.7143,0.8583
P004858,Sports & Outdoors,19,3.84,0.6316,0.1053,0.1579,0.6842,0.8249
P004404,Clothing,16,2.25,0.0,0.625,0.0,0.875,0.8186
P001411,Toys & Games,27,2.33,0.0741,0.6296,0.0,0.8148,0.771
P004629,Clothing,11,3.55,0.8182,0.1818,0.0,0.9091,0.8645
P003440,Sports & Outdoors,32,4.0,0.6875,0.0625,0.0625,0.625,0.7126
P000429,Electronics,12,2.5,0.1667,0.3333,0.0,0.75,0.9207
P000854,Food & Grocery,25,3.36,0.48,0.24,0.12,0.8,0.727
P002451,Sports & Outdoors,9,4.67,1.0,0.0,0.0,0.5556,0.8401
P002279,Health,25,3.68,0.68,0.08,0.0,0.84,0.7917
P000027,Home & Kitchen,20,2.35,0.1,0.55,0.0,0.8,0.768
P001563,Health,14,4.14,0.7143,0.0,0.3571,0.7857,0.7826
P000963,Electronics,20,4.7,0.95,0.0,0.1,0.75,0.6734
P000414,Health,13,3.69,0.6154,0.1538,0.0769,0.6154,0.66
P002164,Home & Kitchen,8,3.38,0.375,0.0,0.0,0.75,0.8097
P003581,Toys & Games,24,3.83,0.7083,0.0833,0.0417,0.5833,0.8813
P001827,Books,14,3.71,0.6429,0.1429,0.0,0.7143,0.7691
P003521,Books,21,4.43,0.8571,0.0,0.0,0.8571,0.7631
P001624,Electronics,7,3.43,0.5714,0.1429,0.0,0.7143,0.8867
P001687,Books,12,4.75,1.0,0.0,0.0,0.5833,0.7586
P004006,Clothing,13,2.38,0.1538,0.6154,0.0769,0.6154,0.8685
P000727,Clothing,7,3.57,0.7143,0.1429,0.0,0.8571,0.8346
P002354,Books,10,4.7,1.0,0.0,0.0,0.8,0.6912
P003952,Food & Grocery,9,3.44,0.5556,0.2222,0.0,0.8889,0.9127
P004000,Clothing,20,3.95,0.7,0.05,0.05,0.95,0.7612
P004215,Books,11,3.73,0.7273,0.1818,0.0909,0.8182,0.7721
P003143,Automotive,7,4.57,1.0,0.0,0.2857,0.5714,0.7143
P002583,Electronics,28,2.21,0.0714,0.7143,0.0357,0.75,0.8761
P001706,Automotive,16,2.81,0.3125,0.5,0.0625,0.75,0.8176
P000120,Sports & Outdoors,8,4.5,1.0,0.0,0.0,0.75,0.7063
P004650,Home & Kitchen,18,1.78,0.0556,0.8333,0.0556,0.8889,0.7278
P004850,Toys & Games,16,4.81,1.0,0.0,0.125,0.875,0.8226
P002058,Home & Kitchen,15,3.27,0.5333,0.2667,0.2,0.7333,0.9073
P004707,Electronics,24,2.29,0.0833,0.5833,0.0,0.75,0.7006
P003812,Electronics,8,4.62,0.875,0.0,0.25,0.875,0.9629
P000316,Clothing,15,4.47,0.9333,0.0,0.0,0.5333,0.8802
P004489,Clothing,18,3.11,0.2778,0.1667,0.0,0.6667,0.9118
P000906,Sports & Outdoors,8,3.25,0.375,0.125,0.0,0.75,0.8918
P003694,Books,20,4.45,0.95,0.0,0.15,0.8,0.8383
P000676,Home & Kitchen,5,2.6,0.2,0.6,0.0,1.0,0.6692
P002154,Toys & Games,22,3.5,0.4545,0.0,0.0455,0.6818,0.8516
P004660,Electronics,15,2.27,0.1333,0.5333,0.0667,0.8,0.8232
P002588,Electronics,15,4.47,0.9333,0.0,0.0667,0.6667,0.6974
P003716,Toys & Games,23,3.13,0.4348,0.2609,0.0435,0.6957,0.8149
P003700,Home & Kitchen,30,2.97,0.2333,0.2667,0.1,0.8,0.8188
P001489,Health,15,4.4,0.8667,0.0,0.0,0.6667,0.9363
P002746,Toys & Games,17,4.59,1.0,0.0,0.1176,0.6471,0.8262
P002509,Books,19,3.63,0.6842,0.1579,0.1053,0.8947,0.8525
P000730,Books,19,2.68,0.1579,0.4211,0.0526,0.7368,0.7688
P003336,Home & Kitchen,12,4.42,0.9167,0.0,0.0,1.0,0.867
P004025,Toys & Games,9,3.89,0.7778,0.1111,0.0,1.0,0.9009
P001725,Books,17,4.47,0.8824,0.0,0.1176,0.5882,0.7848
P001223,Health,15,3.8,0.5333,0.0,0.0667,0.6667,0.896
P002644,Health,9,2.22,0.1111,0.6667,0.0,0.7778,0.7612
P002580,Food & Grocery,27,4.07,0.8148,0.0741,0.0741,0.6296,0.7461
P004276,Electronics,20,4.1,0.75,0.05,0.0,0.85,0.6247
P001548,Beauty,13,3.46,0.5385,0.1538,0.0,0.8462,0.8097
P002532,Sports & Outdoors,14,3.71,0.6429,0.0714,0.0,0.6429,0.8094
P001517,Electronics,22,3.91,0.7273,0.0909,0.1364,0.5455,0.9054
P002978,Beauty,11,3.36,0.4545,0.0909,0.0909,0.7273,0.9352
P000073,Health,24,3.54,0.5,0.1667,0.0417,0.7083,0.8156
P004866,Electronics,23,3.91,0.6957,0.087,0.1304,0.8261,0.9322
P004710,Home & Kitchen,16,4.56,0.9375,0.0,0.0625,0.625,0.7212
P003774,Toys & Games,17,3.41,0.5294,0.1765,0.1176,0.5882,0.799
P004666,Home & Kitchen,15,3.87,0.7333,0.0667,0.0667,0.9333,0.7267
P003698,Electronics,24,3.88,0.625,0.0833,0.125,0.75,0.7228
P001773,Sports & Outdoors,19,3.42,0.4211,0.1579,0.0,0.6842,0.8376
P003955,Electronics,17,2.41,0.1765,0.5294,0.0588,0.6471,0.6152
P000787,Toys & Games,11,3.18,0.4545,0.1818,0.0909,0.7273,0.8789
P003575,Clothing,8,3.88,0.625,0.0,0.25,0.75,0.8533
P002862,Books,17,3.24,0.4118,0.2353,0.1176,0.7059,0.7368
P002694,Automotive,16,2.88,0.125,0.25,0.0625,0.75,0.8544
P001672,Sports & Outdoors,13,2.92,0.3846,0.3077,0.0,0.6923,0.7635
P000656,Home & Kitchen,12,3.5,0.5,0.25,0.25,0.6667,0.6922
P000158,Sports & Outdoors,19,4.53,0.9474,0.0526,0.0,0.8421,0.827
P003434,Clothing,10,4.8,1.0,0.0,0.3,0.8,0.7746
P003791,Clothing,11,4.09,0.9091,0.0,0.0909,0.8182,0.9228
P002581,Electronics,21,4.05,0.7619,0.0,0.0,0.8095,0.6129
P002434,Clothing,19,2.42,0.1053,0.4211,0.0,0.7895,0.8043
P003650,Health,23,4.52,0.913,0.0435,0.1304,0.5652,0.8417
P001188,Automotive,24,2.5,0.0833,0.4583,0.125,0.7083,0.8554
P001655,Food & Grocery,14,3.93,0.6429,0.0714,0.0,0.5714,0.8503
P004847,Electronics,23,2.52,0.2174,0.5652,0.0,0.7826,0.9475
P001457,Clothing,14,4.71,1.0,0.0,0.0,0.3571,0.7777
P003040,Sports & Outdoors,15,4.33,0.8667,0.0,0.0667,0.8,0.7774
P003824,Electronics,15,4.27,0.8,0.0667,0.0667,0.9333,0.7964
P004505,Electronics,11,4.0,0.7273,0.0909,0.0,0.8182,0.7742
P001946,Food & Grocery,3,2.67,0.3333,0.3333,0.0,0.6667,0.8897
P004041,Home & Kitchen,10,3.3,0.4,0.2,0.1,0.7,0.8163
P001383,Books,10,3.9,0.8,0.0,0.0,0.7,0.4882
P002422,Clothing,16,2.44,0.125,0.5625,0.0,0.75,0.7134
P004644,Electronics,17,4.88,1.0,0.0,0.0,0.8824,0.7929
P002385,Electronics,18,3.72,0.6667,0.0556,0.0556,0.7222,0.85
P000510,Electronics,21,2.86,0.2381,0.2857,0.0952,0.7143,0.7975
P003922,Health,26,3.73,0.6154,0.0769,0.0,0.6154,0.8296
P001450,Clothing,18,3.06,0.3333,0.1667,0.0,0.8333,0.7478
P004598,Clothing,21,3.1,0.381,0.3333,0.0476,0.9048,0.889
P004149,Home & Kitchen,21,2.48,0.0952,0.4762,0.0476,0.6667,0.7476
P000718,Electronics,26,2.23,0.0769,0.6538,0.0385,0.7692,0.8869
P001342,Toys & Games,15,4.4,0.9333,0.0667,0.2,0.6,0.7459
P001560,Health,23,2.13,0.087,0.6957,0.087,0.6957,0.8138
P004887,Electronics,14,3.86,0.7857,0.1429,0.0,0.9286,0.726
P003604,Clothing,13,3.77,0.6923,0.0769,0.0,0.6923,0.774
P000662,Health,9,4.0,0.7778,0.1111,0.0,0.6667,0.9444
P002543,Clothing,12,1.92,0.0833,0.9167,0.0833,0.9167,0.6987
P001515,Health,10,4.5,0.8,0.0,0.0,0.7,0.805
P001845,Electronics,6,4.83,1.0,0.0,0.0,0.8333,0.8795
P001722,Clothing,14,1.5,0.0,0.9286,0.0,0.6429,0.7844
P002519,Books,8,2.62,0.125,0.5,0.125,0.75,0.7691
P002558,Clothing,8,3.88,0.625,0.0,0.125,0.25,0.8676
P003239,Home & Kitchen,6,4.33,0.8333,0.0,0.0,1.0,0.6028
P001651,Clothing,15,3.27,0.3333,0.0667,0.0,0.7333,0.6914
P001087,Toys & Games,8,5.0,1.0,0.0,0.125,0.75,0.782
P002997,Sports & Outdoors,6,3.17,0.1667,0.0,0.0,0.6667,0.8
P004200,Electronics,15,3.6,0.5333,0.2667,0.1333,0.8,0.9203
P000354,Books,13,4.31,0.7692,0.0769,0.0769,0.8462,0.8998
P000472,Home & Kitchen,10,4.2,1.0,0.0,0.0,0.5,0.602
P002335,Home & Kitchen,9,4.56,1.0,0.0,0.0,0.7778,0.6776
P004896,Books,21,3.29,0.4286,0.1429,0.0,0.7619,0.838
P001029,Beauty,18,4.78,0.9444,0.0,0.0,0.7222,0.7894
P004026,Food & Grocery,15,3.93,0.7333,0.1333,0.0667,0.7333,0.7074
P003379,Home & Kitchen,16,3.31,0.5,0.125,0.0625,0.75,0.7424
P001017,Beauty,14,4.07,0.7857,0.0,0.1429,0.7857,0.8139
P000273,Electronics,15,2.47,0.2,0.6,0.1333,0.7333,0.8159
P004886,Health,13,3.62,0.5385,0.0769,0.0,0.9231,0.7709
P001754,Toys & Games,18,4.0,0.7222,0.0,0.0,0.7778,0.8434
P002866,Electronics,21,2.76,0.1429,0.2857,0.0476,0.5714,0.8654
P003279,Clothing,21,4.38,0.9524,0.0,0.0,0.7619,0.7711
P001106,Toys & Games,21,3.57,0.619,0.1905,0.0,0.5714,0.7829
P004328,Beauty,14,4.07,0.7857,0.0,0.0,0.7857,0.8679
P002650,Health,17,3.47,0.4706,0.1765,0.0588,1.0,0.7381
P002144,Toys & Games,17,3.0,0.2353,0.1765,0.0588,0.8235,0.8077
P003193,Books,9,4.44,1.0,0.0,0.0,0.4444,0.8543
P003796,Sports & Outdoors,22,4.0,0.8636,0.0909,0.1364,0.7727,0.7849
P003589,Toys & Games,17,2.88,0.2353,0.2353,0.0,0.7647,0.8425
P002636,Home & Kitchen,19,3.53,0.5789,0.2632,0.1053,0.8421,0.7545
P002666,Toys & Games,10,4.4,0.9,0.0,0.0,0.6,0.9153
P004652,Toys & Games,10,3.4,0.6,0.3,0.1,0.8,0.526
P002902,Food & Grocery,21,4.19,0.7619,0.0,0.0476,0.6667,0.7196
P003196,Home & Kitchen,15,2.93,0.2,0.4,0.0667,0.7333,0.8272
P001839,Toys & Games,13,4.31,0.7692,0.0,0.0769,0.7692,0.8496
P001270,Books,6,4.33,1.0,0.0,0.0,0.8333,0.752
P001129,Sports & Outdoors,11,4.73,1.0,0.0,0.0,0.6364,0.6511
P001308,Sports & Outdoors,20,3.6,0.6,0.1,0.05,0.75,0.8221
P000784,Sports & Outdoors,21,4.24,0.8571,0.0476,0.0476,0.619,0.821
P002161,Home & Kitchen,16,2.69,0.3125,0.4375,0.0,0.75,0.8546
P002918,Health,19,4.16,0.7895,0.0,0.0526,0.7368,0.7317
P002973,Electronics,22,4.27,0.9091,0.0,0.0,0.5,0.8611
P004711,Toys & Games,5,3.8,0.8,0.2,0.0,0.6,0.7708
P004395,Home & Kitchen,9,4.56,1.0,0.0,0.1111,0.5556,0.8942
P003340,Books,2,2.5,0.0,0.5,0.0,0.5,0.667
P003847,Beauty,9,4.11,0.7778,0.0,0.0,0.5556,0.795
P004391,Clothing,18,3.39,0.3333,0.1111,0.0556,0.6667,0.8228
P000868,Toys & Games,22,3.64,0.7727,0.1364,0.0,0.7727,0.8198
P004947,Sports & Outdoors,24,4.54,1.0,0.0,0.0,0.625,0.8051
P000355,Home & Kitchen,14,2.29,0.0714,0.5714,0.0,0.7143,0.9222
P002664,Clothing,14,3.36,0.5714,0.2143,0.0,0.7857,0.745
P004507,Home & Kitchen,13,3.08,0.2308,0.1538,0.0769,0.6923,0.8255
P004118,Health,18,4.28,0.9444,0.0,0.0556,0.8333,0.7537
P003354,Clothing,9,2.67,0.2222,0.3333,0.0,0.5556,0.8268
P003903,Beauty,14,3.43,0.4286,0.2143,0.1429,0.8571,0.8002
P002127,Clothing,10,3.8,0.7,0.1,0.0,0.8,0.9083
P002945,Clothing,6,2.5,0.1667,0.6667,0.1667,0.6667,0.6967
P002682,Health,17,3.65,0.6471,0.1765,0.2353,0.7059,0.8034
P000817,Health,10,1.6,0.1,0.8,0.1,0.7,0.8824
P004919,Food & Grocery,30,4.27,0.8667,0.0,0.1333,0.6333,0.8115
P002092,Health,7,4.57,1.0,0.0,0.1429,1.0,0.5196
P004057,Clothing,20,3.8,0.7,0.05,0.0,0.9,0.7364
P002074,Health,17,3.76,0.6471,0.0588,0.1765,0.7059,0.7837
P000048,Clothing,12,2.42,0.1667,0.75,0.1667,0.75,0.8872
P002442,Electronics,14,2.93,0.2857,0.2857,0.0714,0.7857,0.8631
P003402,Toys & Games,19,3.84,0.6842,0.0526,0.0526,0.5263,0.8785
P002690,Books,15,2.53,0.2667,0.4,0.0,0.8667,0.8635
P003117,Electronics,13,2.38,0.1538,0.6154,0.1538,0.6154,0.735
P000302,Electronics,11,3.91,0.6364,0.0,0.0909,0.7273,0.8619
P000996,Home & Kitchen,17,4.71,0.9412,0.0,0.0588,0.7647,0.7986
P000240,Electronics,14,3.21,0.4286,0.2143,0.0714,0.8571,0.7872
P002379,Electronics,21,2.38,0.0952,0.619,0.0,0.5714,0.9019
P002749,Books,11,3.45,0.3636,0.0909,0.0909,1.0,0.8895
P001728,Health,11,3.45,0.5455,0.0909,0.0,0.7273,0.79
P004194,Toys & Games,26,3.23,0.3846,0.2308,0.1538,0.7308,0.8578
P004235,Electronics,17,3.18,0.4118,0.2353,0.0588,0.7059,0.7334
P001630,Home & Kitchen,17,3.35,0.4706,0.1176,0.1176,0.7647,0.8358
P003251,Automotive,11,2.73,0.2727,0.3636,0.0909,0.7273,0.9104
P003628,Beauty,12,2.83,0.25,0.3333,0.0,0.75,0.8066
P003846,Books,18,3.33,0.5,0.1111,0.0,0.5556,0.852
P004669,Health,11,3.36,0.4545,0.1818,0.0,0.7273,0.7899
P000580,Home & Kitchen,21,4.62,1.0,0.0,0.0476,0.6667,0.7524
P004053,Books,15,4.4,0.8667,0.0,0.0667,0.6667,0.8194
P004058,Food & Grocery,15,2.93,0.2667,0.4,0.0667,0.8,0.8609
P004939,Sports & Outdoors,14,1.86,0.0714,0.8571,0.0714,0.7143,0.7471
P004544,Books,13,4.69,0.9231,0.0,0.0,0.6154,0.8912
P000352,Electronics,16,2.06,0.0625,0.6875,0.0,0.75,0.8386
P001532,Electronics,13,4.38,0.9231,0.0,0.0,1.0,0.6823
P001640,Beauty,22,2.95,0.2727,0.2273,0.0,0.5909,0.8291
P001279,Health,20,2.45,0.15,0.55,0.05,0.7,0.7907
P003450,Toys & Games,22,3.09,0.3182,0.1818,0.0,0.8182,0.8267
P002640,Clothing,17,3.12,0.4118,0.2941,0.0,0.5882,0.7005
P001800,Sports & Outdoors,19,3.95,0.6842,0.1053,0.0526,0.7368,0.8382
P000882,Sports & Outdoors,18,2.83,0.3333,0.4444,0.1111,0.7778,0.9101
P003377,Electronics,8,4.12,0.875,0.125,0.25,0.625,0.8331
P001140,Beauty,10,4.0,0.7,0.1,0.0,0.6,0.8091
P004142,Books,13,4.08,0.8462,0.0769,0.1538,0.6923,0.7015
P002868,Books,16,4.88,1.0,0.0,0.0625,0.6875,0.8219
P001495,Home & Kitchen,26,4.54,1.0,0.0,0.0,0.8077,0.7708
P002240,Books,19,3.11,0.3684,0.2632,0.0,0.7895,0.8024
P002995,Books,20,2.9,0.2,0.25,0.0,0.7,0.8243
P002689,Clothing,13,2.0,0.0,0.6923,0.0769,0.9231,0.8426
P002315,Home & Kitchen,15,2.2,0.0667,0.6667,0.0,0.7333,0.7795
P004052,Sports & Outdoors,14,2.29,0.1429,0.7143,0.1429,0.7857,0.7529
P000149,Home & Kitchen,16,2.31,0.125,0.5625,0.0,0.75,0.8377
P004647,Food & Grocery,16,1.62,0.0,1.0,0.0,0.8125,0.8397
P000982,Toys & Games,21,4.0,0.7143,0.0476,0.0952,0.7143,0.7308
P001646,Home & Kitchen,18,3.06,0.2222,0.2222,0.1111,0.8889,0.8042
P004427,Clothing,27,4.0,0.6296,0.037,0.0741,0.6667,0.8124
P000775,Electronics,20,4.3,0.95,0.05,0.05,0.75,0.8378
P003192,Electronics,7,4.0,0.7143,0.0,0.0,0.4286,0.6786
P000140,Electronics,20,4.95,1.0,0.0,0.2,0.75,0.8851
P000923,Sports & Outdoors,21,4.24,0.9048,0.0,0.0,0.6667,0.873
P004093,Toys & Games,12,2.83,0.1667,0.25,0.0,0.6667,0.8205
P003328,Health,21,4.19,0.8571,0.0,0.0,0.7619,0.8409
P002437,Sports & Outdoors,16,4.19,0.8125,0.0,0.25,0.8125,0.8264
P003507,Books,9,4.78,1.0,0.0,0.1111,0.5556,0.8944
P003369,Electronics,14,3.86,0.5714,0.1429,0.0,0.7857,0.7897
P004985,Clothing,13,3.77,0.4615,0.0769,0.2308,0.6923,0.6098
P004624,Health,16,3.31,0.4375,0.25,0.0,0.875,0.8604
P001602,Electronics,11,2.0,0.0,0.9091,0.0,0.8182,0.6445
P002604,Beauty,25,3.68,0.72,0.16,0.04,0.52,0.7601
P004935,Sports & Outdoors,10,4.3,0.8,0.0,0.2,0.6,0.9655
P001050,Clothing,15,3.87,0.6667,0.0667,0.0667,0.6667,0.8941
P000618,Home & Kitchen,17,3.12,0.3529,0.1765,0.0,0.7647,0.8076
P004370,Home & Kitchen,23,3.83,0.6957,0.087,0.0,0.6957,0.8794
P004685,Automotive,15,4.27,0.9333,0.0667,0.1333,0.7333,0.8703
P002159,Home & Kitchen,18,4.22,0.8889,0.1111,0.0556,0.5556,0.6782
P003170,Sports & Outdoors,9,3.22,0.3333,0.2222,0.1111,0.5556,0.7367
P001439,Food & Grocery,9,4.56,1.0,0.0,0.2222,0.6667,0.742
P001465,Sports & Outdoors,35,3.49,0.4857,0.1143,0.0857,0.6857,0.7816
P002971,Home & Kitchen,20,3.5,0.5,0.2,0.2,0.85,0.7497
P003632,Automotive,11,3.0,0.2727,0.2727,0.1818,0.7273,0.6153
P004599,Clothing,21,4.67,0.9524,0.0,0.0952,0.619,0.725
P003243,Food & Grocery,8,3.12,0.375,0.25,0.0,1.0,0.8255
P003745,Electronics,11,2.73,0.0,0.2727,0.0,0.5455,0.8326
P004394,Sports & Outdoors,15,3.67,0.6,0.0667,0.1333,0.8667,0.8633
P002217,Electronics,17,4.41,0.9412,0.0,0.0588,0.5882,0.8475
P000877,Home & Kitchen,10,2.5,0.2,0.6,0.1,0.6,0.8526
P002628,Home & Kitchen,14,2.57,0.1429,0.3571,0.0,0.6429,0.8239
P004556,Beauty,15,4.53,0.9333,0.0,0.0667,0.9333,0.8165
P000947,Beauty,8,4.38,0.875,0.0,0.0,0.5,0.6576
P001790,Electronics,28,3.75,0.75,0.1071,0.0714,0.8214,0.8605
P001726,Electronics,12,3.42,0.5833,0.1667,0.1667,0.9167,0.7233
P001634,Beauty,19,4.53,1.0,0.0,0.0526,0.6316,0.8744
P001070,Home & Kitchen,23,2.91,0.2609,0.3043,0.1304,0.6522,0.7362
P000762,Electronics,4,3.25,0.5,0.25,0.0,0.75,0.9792
P004795,Clothing,21,3.1,0.2381,0.1905,0.0476,0.8571,0.808
P003907,Toys & Games,11,4.55,0.9091,0.0,0.0,0.8182,0.6345
P000633,Electronics,12,4.58,0.9167,0.0,0.0,0.9167,0.9367
P002598,Home & Kitchen,5,3.0,0.4,0.4,0.0,1.0,0.96
P002176,Books,16,2.19,0.0625,0.625,0.0625,0.875,0.8312
P001935,Beauty,11,4.18,0.8182,0.0,0.0,0.4545,0.8258
P002011,Electronics,11,3.36,0.6364,0.1818,0.0,0.6364,0.9204
P001987,Clothing,15,4.53,0.8667,0.0,0.0667,0.6667,0.7681
P002027,Toys & Games,9,3.56,0.5556,0.1111,0.1111,0.5556,0.7988
P002375,Home & Kitchen,15,4.13,0.8,0.0,0.0,0.8667,0.8361
P000087,Beauty,9,3.22,0.4444,0.2222,0.0,0.7778,0.8924
P002370,Books,18,1.67,0.0,0.8889,0.0,0.7778,0.8395
P003154,Electronics,14,4.21,0.7857,0.0,0.0,0.7857,0.7939
P000138,Books,7,3.43,0.5714,0.1429,0.0,0.8571,0.6444
P000341,Electronics,14,2.5,0.0714,0.4286,0.0,0.8571,0.9028
P002281,Home & Kitchen,20,3.0,0.3,0.35,0.1,0.75,0.6474
P003689,Sports & Outdoors,28,2.25,0.1429,0.6071,0.1071,0.75,0.8814
P002463,Electronics,9,3.89,0.5556,0.0,0.0,0.7778,0.6598
P004583,Health,3,5.0,1.0,0.0,0.0,0.6667,0.9567
P002999,Automotive,17,4.24,0.8235,0.0,0.0588,0.5294,0.8052
P003998,Home & Kitchen,10,3.6,0.7,0.1,0.0,0.8,0.83
P003036,Beauty,23,3.65,0.5652,0.1739,0.087,0.7826,0.7582
P003676,Health,18,4.39,0.9444,0.0556,0.1667,0.7778,0.7997
P001854,Beauty,14,3.57,0.4286,0.0714,0.1429,0.7857,0.7682
P004289,Automotive,15,3.73,0.6,0.0667,0.0667,0.8,0.7302
P001376,Electronics,21,4.0,0.7619,0.0,0.0952,0.8095,0.8756
P000574,Toys & Games,8,4.62,1.0,0.0,0.0,0.875,0.887
P001727,Home & Kitchen,8,3.88,0.5,0.125,0.375,1.0,0.8179
P004040,Toys & Games,12,3.83,0.6667,0.0,0.0,0.8333,0.9213
P002075,Home & Kitchen,18,4.78,1.0,0.0,0.1667,0.6111,0.8514
P000464,Clothing,11,2.18,0.1818,0.7273,0.0,0.9091,0.8309
P001013,Home & Kitchen,16,3.69,0.5625,0.0625,0.0,0.8125,0.7492
P004345,Beauty,22,4.14,0.8182,0.0,0.0,0.6818,0.855
P000090,Books,13,2.69,0.1538,0.3846,0.0,0.6154,0.8951
P002966,Books,19,3.21,0.3158,0.1053,0.0,0.8421,0.7263
P000225,Clothing,16,3.56,0.5625,0.125,0.125,0.6875,0.8351
P000576,Books,16,3.12,0.5,0.1875,0.0,0.75,0.8986
P004848,Sports & Outdoors,15,3.53,0.4667,0.2,0.1333,0.6,0.808
P002525,Food & Grocery,17,4.76,1.0,0.0,0.0588,0.8235,0.7426
P001088,Toys & Games,13,2.85,0.1538,0.3077,0.0769,0.9231,0.843
P004635,Sports & Outdoors,14,2.86,0.2857,0.2857,0.0,0.8571,0.8745
P001241,Health,26,4.54,0.9231,0.0769,0.0385,0.6923,0.6579
P000547,Home & Kitchen,13,3.85,0.6923,0.0,0.0,0.8462,0.9105
P000723,Electronics,12,3.92,0.75,0.0833,0.0833,0.6667,0.7639
P003810,Toys & Games,11,4.36,0.9091,0.0,0.0909,0.7273,0.8393
P001834,Clothing,20,4.3,0.85,0.0,0.0,0.75,0.8964
P000178,Automotive,15,4.4,0.9333,0.0,0.0667,0.8667,0.8213
P001047,Clothing,14,4.36,0.9286,0.0,0.0714,0.8571,0.7264
P002684,Sports & Outdoors,10,1.8,0.1,0.9,0.1,0.7,0.854
P002017,Clothing,32,3.44,0.5,0.125,0.0312,0.9062,0.795
P003920,Home & Kitchen,6,3.67,0.6667,0.3333,0.0,0.6667,0.9093
P003656,Electronics,10,2.2,0.3,0.7,0.3,0.8,0.8448
P004910,Clothing,6,4.67,1.0,0.0,0.0,0.8333,0.5903
P000701,Clothing,13,4.23,0.8462,0.0,0.1538,0.9231,0.8933
P001596,Beauty,14,4.21,0.7857,0.0,0.0714,0.7857,0.645
P004486,Clothing,21,3.76,0.7619,0.0952,0.0476,0.8095,0.7661
P003101,Food & Grocery,10,3.8,0.6,0.1,0.2,0.6,0.9281
P000592,Home & Kitchen,17,3.94,0.7059,0.0588,0.0,0.7647,0.6793
P000371,Toys & Games,13,2.38,0.0769,0.4615,0.0769,0.7692,0.8665
P001927,Home & Kitchen,23,2.96,0.3043,0.3043,0.0435,0.7826,0.7683
P003358,Books,4,2.75,0.25,0.5,0.25,1.0,0.8975
P002170,Books,12,3.83,0.6667,0.0833,0.0833,0.5833,0.5282
P003384,Books,6,2.5,0.0,0.3333,0.0,0.8333,0.5625
P002403,Beauty,10,3.2,0.3,0.2,0.1,0.9,0.8605
P001782,Toys & Games,13,2.69,0.2308,0.3846,0.1538,0.6923,0.7515
P000501,Beauty,4,3.25,0.25,0.0,0.0,0.25,0.8045
P004380,Electronics,6,2.33,0.3333,0.5,0.0,0.6667,0.874
P003879,Electronics,14,4.43,0.8571,0.0714,0.0714,0.7857,0.8705
P003135,Beauty,5,2.6,0.4,0.6,0.0,0.4,0.725
P004975,Sports & Outdoors,21,3.9,0.6667,0.0476,0.0,0.7143,0.8277
P003000,Electronics,19,2.95,0.2632,0.2105,0.0,0.7895,0.8665
P001099,Health,16,3.56,0.5625,0.125,0.125,0.75,0.7322
P001130,Automotive,21,3.1,0.2381,0.1905,0.0476,0.7143,0.7589
P004364,Automotive,26,3.42,0.5,0.1538,0.0385,0.7308,0.768
P000711,Automotive,13,4.31,0.8462,0.0,0.1538,0.9231,0.8539
P004137,Books,12,3.42,0.5833,0.1667,0.0833,0.75,0.7943
P001945,Toys & Games,18,4.33,0.9444,0.0,0.0,0.6111,0.7788
P003195,Sports & Outdoors,9,3.0,0.3333,0.3333,0.1111,0.7778,0.7111
P004468,Sports & Outdoors,7,2.14,0.1429,0.7143,0.1429,0.8571,0.9167
P002585,Electronics,22,4.41,0.9545,0.0455,0.0455,0.8182,0.7578
P002905,Home & Kitchen,19,3.32,0.3158,0.1053,0.0,0.6842,0.8054
P000831,Sports & Outdoors,6,4.17,0.8333,0.0,0.0,0.6667,0.7273
P002886,Clothing,22,3.32,0.5,0.2273,0.0,0.8182,0.75
P003307,Electronics,15,3.33,0.4667,0.2,0.1333,0.8,0.7117
P001711,Toys & Games,8,2.88,0.375,0.375,0.0,0.75,0.8091
P003026,Electronics,22,4.0,0.7273,0.0,0.0,0.7273,0.7932
P002019,Sports & Outdoors,13,3.31,0.5385,0.2308,0.0769,0.7692,0.8371
P001423,Home & Kitchen,19,3.21,0.3158,0.1579,0.1579,0.6842,0.7933
P000979,Books,20,4.55,0.95,0.0,0.1,0.85,0.8654
P002502,Beauty,8,3.25,0.375,0.125,0.0,0.5,0.8876
P003158,Electronics,9,3.44,0.5556,0.2222,0.0,0.7778,0.8408
P004392,Toys & Games,12,4.33,0.9167,0.0,0.0,0.75,0.7167
P002679,Beauty,8,3.88,0.75,0.125,0.125,0.75,0.7722
P004945,Books,22,3.91,0.6818,0.0,0.0,0.8182,0.7672
P001979,Beauty,21,4.14,0.8095,0.0,0.0952,0.8095,0.753
P001937,Home & Kitchen,9,4.33,0.8889,0.0,0.1111,0.5556,0.8716
P002185,Books,15,3.27,0.5333,0.2667,0.0667,0.4667,0.8589
P003794,Electronics,14,4.79,1.0,0.0,0.0,0.6429,0.8159
P003884,Home & Kitchen,20,3.9,0.75,0.15,0.05,0.95,0.6775
P002523,Home & Kitchen,17,3.53,0.5882,0.1176,0.0,0.8235,0.8695
P000765,Food & Grocery,13,4.15,0.7692,0.0,0.0,0.8462,0.9313
P002944,Electronics,11,3.73,0.5455,0.0,0.0,0.6364,0.7892
P004930,Clothing,9,3.11,0.3333,0.2222,0.0,0.8889,0.939
P002428,Beauty,5,4.8,1.0,0.0,0.0,0.8,0.743
P002553,Sports & Outdoors,13,2.46,0.1538,0.5385,0.0,0.6923,0.8872
P002419,Electronics,14,4.71,1.0,0.0,0.1429,0.7143,0.7294
P000543,Toys & Games,16,4.25,0.875,0.0,0.0,0.75,0.8191
P001244,Electronics,20,4.6,0.95,0.0,0.05,0.8,0.809
P000552,Electronics,17,4.47,0.9412,0.0,0.1765,0.7647,0.8586
P002904,Automotive,16,1.88,0.0,0.75,0.125,0.8125,0.6949
P001008,Clothing,17,2.88,0.2353,0.3529,0.0,0.7059,0.7756
P003023,Home & Kitchen,13,3.69,0.5385,0.0769,0.1538,0.5385,0.719
P000636,Electronics,23,4.22,0.8696,0.087,0.087,0.6957,0.8767
P002183,Toys & Games,6,4.67,1.0,0.0,0.1667,0.8333,0.7917
P001658,Health,12,1.83,0.0833,0.8333,0.0833,0.8333,0.8411
P003643,Toys & Games,9,2.67,0.3333,0.5556,0.0,0.5556,0.7909
P002402,Toys & Games,21,4.0,0.7619,0.0952,0.0,0.8571,0.8733
P003949,Health,12,3.67,0.4167,0.0,0.1667,0.6667,0.8052
P001477,Home & Kitchen,26,4.73,1.0,0.0,0.0,0.8077,0.81
P003885,Automotive,4,3.5,0.5,0.0,0.0,0.5,0.6875
P000322,Books,14,4.57,0.9286,0.0,0.0,0.2857,0.7538
P003453,Electronics,9,3.22,0.3333,0.1111,0.1111,0.7778,0.8458
P003756,Home & Kitchen,18,4.61,0.9444,0.0,0.1111,0.7778,0.9206
P000551,Home & Kitchen,9,3.0,0.3333,0.2222,0.0,0.8889,0.7646
P000697,Beauty,8,4.0,0.875,0.0,0.0,0.625,0.8525
P003664,Beauty,13,1.77,0.0,0.9231,0.0,0.9231,0.8479
P003783,Food & Grocery,8,2.75,0.125,0.25,0.0,0.5,0.8213
P003645,Electronics,15,4.13,0.8,0.0667,0.0,0.6,0.9425
P000482,Clothing,18,4.83,1.0,0.0,0.0556,0.7222,0.7336
P002377,Health,18,3.78,0.6667,0.1667,0.0,0.7778,0.7632
P004196,Books,7,3.57,0.7143,0.1429,0.0,0.7143,0.8679
P004659,Books,10,2.2,0.1,0.6,0.1,0.9,0.882
P001228,Home & Kitchen,24,4.21,0.9167,0.0,0.0,0.7917,0.7879
P004831,Sports & Outdoors,11,1.18,0.0,1.0,0.0,0.8182,0.8975
P004952,Beauty,10,3.0,0.3,0.4,0.0,0.4,0.7282
P001126,Books,12,4.42,1.0,0.0,0.0833,0.6667,0.8595
P002747,Clothing,11,2.91,0.2727,0.3636,0.1818,0.6364,0.8562
P003222,Toys & Games,7,3.71,0.5714,0.1429,0.0,0.8571,0.8883
P004971,Sports & Outdoors,23,4.65,0.913,0.0,0.0,0.6522,0.8011
P002756,Toys & Games,18,4.0,0.7222,0.0,0.0,0.6111,0.8067
P002500,Books,21,3.9,0.7143,0.0476,0.0,0.8095,0.796
P002098,Books,11,3.36,0.4545,0.1818,0.0,0.7273,0.6933
P000893,Clothing,10,3.6,0.5,0.1,0.0,0.6,0.8144
P000514,Clothing,17,4.12,0.8235,0.0588,0.0588,0.8235,0.7392
P002323,Home & Kitchen,21,3.76,0.5714,0.0952,0.0476,0.9048,0.896
P000573,Books,18,3.56,0.6667,0.1111,0.0,0.7222,0.8651
P004420,Books,14,3.93,0.6429,0.0,0.0,0.7143,0.6948
P004536,Electronics,10,3.9,0.7,0.0,0.1,0.6,0.7783
P000233,Automotive,1,4.0,1.0,0.0,0.0,1.0,1.0
P003881,Beauty,23,3.65,0.6957,0.1304,0.0435,0.6957,0.8557
P002909,Food & Grocery,12,4.08,0.75,0.0,0.0833,0.8333,0.8504
P003249,Health,3,3.0,0.0,0.0,0.0,0.6667,0.772
P002774,Electronics,19,4.37,0.8947,0.0526,0.1053,0.7895,0.7992
P001821,Food & Grocery,12,3.92,0.75,0.0833,0.0833,0.5833,0.7649
P003662,Health,22,4.64,0.9545,0.0455,0.1364,0.9091,0.7298
P003039,Clothing,14,4.07,0.7857,0.0,0.0714,0.6429,0.8805
P001978,Food & Grocery,10,2.8,0.2,0.4,0.2,0.8,0.7931
P000527,Food & Grocery,7,3.86,0.7143,0.0,0.1429,0.5714,0.7446
P001960,Sports & Outdoors,17,1.82,0.0588,0.8824,0.0588,0.8235,0.6268
P001473,Electronics,11,4.55,0.9091,0.0,0.0,0.8182,0.9243
P000687,Home & Kitchen,7,4.0,0.7143,0.1429,0.0,0.8571,0.7941
P001785,Clothing,7,4.29,0.8571,0.0,0.2857,0.8571,0.509
P003582,Toys & Games,19,4.58,1.0,0.0,0.0,0.5789,0.7666
P002795,Health,17,2.82,0.2353,0.2353,0.0,0.4706,0.8138
P003489,Clothing,8,3.12,0.25,0.25,0.0,0.875,0.9397
P002397,Clothing,8,3.38,0.625,0.25,0.0,0.75,0.8079
P004409,Health,12,4.67,1.0,0.0,0.0,0.9167,0.8819
P001569,Home & Kitchen,5,2.8,0.2,0.2,0.0,1.0,1.0
P004250,Toys & Games,8,3.25,0.5,0.125,0.0,0.625,0.8475
P003424,Home & Kitchen,18,3.83,0.6111,0.1111,0.1111,0.7222,0.7522
P000751,Clothing,20,4.65,1.0,0.0,0.0,0.7,0.7896
P004825,Home & Kitchen,9,3.78,0.6667,0.0,0.0,0.7778,0.8163
P000145,Home & Kitchen,7,3.0,0.2857,0.2857,0.2857,0.8571,0.8961
P001900,Electronics,18,3.67,0.6667,0.0556,0.0,0.7778,0.7858
P000502,Health,19,4.21,0.8421,0.0,0.1579,0.9474,0.8561
P004009,Electronics,11,2.64,0.2727,0.3636,0.0,0.8182,0.6983
P002018,Electronics,15,4.27,0.8667,0.0,0.0667,0.8,0.7347
P001298,Electronics,13,4.23,0.8462,0.0769,0.1538,0.7692,0.8171
P000575,Health,9,4.44,0.8889,0.0,0.0,0.8889,0.8316
P003973,Books,12,2.67,0.1667,0.3333,0.0833,0.6667,0.8352
P004855,Electronics,16,2.94,0.375,0.3125,0.0625,0.875,0.8247
P001299,Beauty,12,4.08,0.75,0.0,0.1667,0.6667,0.7546
P004390,Sports & Outdoors,16,3.31,0.25,0.0625,0.125,0.75,0.7783
P003583,Home & Kitchen,10,3.8,0.7,0.1,0.0,0.6,0.7612
P000554,Health,14,3.86,0.7143,0.0714,0.1429,0.8571,0.7279
P003804,Electronics,10,1.5,0.0,0.9,0.0,0.7,0.7429
P003475,Books,12,4.5,0.9167,0.0,0.1667,0.8333,0.8877
P001829,Food & Grocery,13,4.46,0.9231,0.0,0.0769,0.7692,0.8572
P000557,Clothing,18,4.67,1.0,0.0,0.0556,0.6111,0.8543
P001580,Health,10,2.6,0.1,0.4,0.0,0.8,0.8994
P004500,Toys & Games,7,4.57,1.0,0.0,0.0,0.7143,0.8274
P000645,Sports & Outdoors,23,2.39,0.1739,0.6087,0.0435,0.6957,0.7176
P001287,Home & Kitchen,17,2.0,0.1176,0.7059,0.0,0.4706,0.8499
P001508,Home & Kitchen,19,4.63,1.0,0.0,0.1053,0.7368,0.8169
P001264,Food & Grocery,9,3.44,0.4444,0.2222,0.2222,0.7778,0.89
P003246,Books,18,4.56,0.9444,0.0,0.0,0.7778,0.7602
P004502,Home & Kitchen,14,3.79,0.6429,0.0,0.0,0.8571,0.8021
P001027,Food & Grocery,20,4.35,0.85,0.05,0.0,0.75,0.8579
P002368,Home & Kitchen,20,2.9,0.4,0.35,0.05,0.9,0.8532
P000363,Electronics,16,1.5,0.0625,0.9375,0.0625,0.5,0.6166
P004981,Food & Grocery,15,4.27,0.8,0.0,0.0,0.6667,0.8381
P004811,Books,22,3.41,0.5,0.2273,0.0,0.7273,0.7702
P004239,Books,26,2.46,0.1154,0.5769,0.1154,0.8846,0.8701
P004283,Sports & Outdoors,10,4.2,0.8,0.1,0.0,0.5,0.7928
P000284,Clothing,11,4.18,0.8182,0.0,0.0909,0.7273,0.8095
P004072,Sports & Outdoors,18,2.11,0.0556,0.8333,0.0,0.7222,0.7142
P000827,Sports & Outdoors,23,3.48,0.4783,0.087,0.0435,0.8696,0.828
P000497,Home & Kitchen,6,3.33,0.3333,0.3333,0.1667,1.0,0.91
P002924,Beauty,13,4.15,0.9231,0.0769,0.0769,0.7692,0.7677
P000933,Home & Kitchen,10,4.1,0.8,0.0,0.1,0.9,0.8021
P004426,Home & Kitchen,8,4.0,0.625,0.0,0.0,1.0,0.7937
P002899,Sports & Outdoors,13,3.38,0.4615,0.0769,0.0769,0.7692,0.8952
P003548,Automotive,18,2.44,0.1667,0.5,0.0,0.9444,0.8278
P000533,Home & Kitchen,5,3.8,0.8,0.0,0.0,1.0,0.9108
P001675,Toys & Games,6,1.5,0.0,0.8333,0.0,0.6667,0.9455
P000454,Electronics,14,4.64,1.0,0.0,0.0,1.0,0.8322
P000161,Electronics,9,3.22,0.4444,0.2222,0.0,0.7778,0.7483
P002984,Sports & Outdoors,10,4.6,1.0,0.0,0.2,0.7,0.694
P000686,Home & Kitchen,13,4.85,1.0,0.0,0.0,0.6923,0.8535
P004376,Electronics,13,3.77,0.6154,0.0,0.0769,0.7692,0.7692
P002842,Home & Kitchen,23,1.83,0.0,0.8261,0.0,0.6522,0.6581
P004124,Home & Kitchen,3,4.67,1.0,0.0,0.0,0.6667,0.803
P000220,Home & Kitchen,21,4.67,0.9524,0.0,0.0,0.8571,0.8025
P003601,Clothing,8,3.75,0.75,0.25,0.0,0.75,0.93
P002082,Clothing,14,4.64,0.9286,0.0,0.0,0.7857,0.8047
P000091,Electronics,15,2.8,0.2667,0.4667,0.0667,0.5333,0.8343
P001137,Home & Kitchen,7,2.86,0.2857,0.4286,0.0,0.8571,0.8164
P002980,Health,11,4.18,1.0,0.0,0.0,0.5455,0.8621
P004534,Books,9,3.22,0.4444,0.2222,0.0,0.8889,0.7082
P002013,Electronics,18,4.67,0.9444,0.0,0.1111,0.9444,0.8839
P004268,Toys & Games,5,2.8,0.4,0.4,0.0,0.8,0.575
P004155,Sports & Outdoors,7,4.0,0.7143,0.1429,0.0,0.8571,0.9149
P001704,Sports & Outdoors,26,3.31,0.5,0.2308,0.0,0.7308,0.8281
P003570,Clothing,6,4.5,1.0,0.0,0.0,0.5,0.9557
P003104,Toys & Games,8,4.38,0.875,0.0,0.125,0.875,0.6385
P001139,Electronics,8,4.5,0.875,0.0,0.0,0.875,0.5833
P003561,Beauty,9,4.22,0.6667,0.0,0.1111,0.6667,0.5972
P000437,Electronics,9,4.44,0.8889,0.0,0.0,0.8889,0.912
P003270,Electronics,12,3.83,0.6667,0.1667,0.0,0.5833,0.8668
P003978,Electronics,11,4.27,0.9091,0.0,0.0,0.9091,0.7462
P003742,Clothing,7,2.29,0.0,0.5714,0.0,0.8571,0.8254
P000555,Electronics,8,4.75,1.0,0.0,0.125,0.875,0.789
P003237,Food & Grocery,14,2.79,0.2857,0.3571,0.0,0.9286,0.8313
P003076,Health,13,3.54,0.4615,0.0769,0.0,0.6923,0.701
P001075,Health,22,3.82,0.6364,0.0455,0.0455,0.6364,0.9107
P000895,Beauty,16,3.44,0.5,0.125,0.0,0.8125,0.9271
P004451,Health,6,4.5,0.8333,0.0,0.0,0.8333,0.6707
P003997,Electronics,7,3.86,0.7143,0.0,0.0,0.7143,0.7836
P002408,Clothing,13,3.77,0.6923,0.1538,0.0,0.8462,0.7998
P004287,Health,6,2.33,0.0,0.6667,0.0,0.5,0.7583
P004259,Food & Grocery,8,3.75,0.625,0.125,0.125,0.875,0.6849
P002046,Electronics,9,3.78,0.6667,0.0,0.1111,0.7778,0.8388
P004360,Beauty,24,3.46,0.5,0.125,0.0417,0.8333,0.7262
P002454,Toys & Games,8,2.38,0.125,0.625,0.125,0.875,0.8197
P000668,Automotive,18,3.28,0.3889,0.2222,0.2222,0.7222,0.8677
P002863,Clothing,15,3.73,0.6667,0.0667,0.0667,0.8,0.7287
P001086,Beauty,12,4.08,0.75,0.0,0.0833,0.5,0.8887
P000088,Home & Kitchen,6,3.83,0.5,0.0,0.1667,0.6667,0.3958
P004238,Health,10,2.6,0.3,0.6,0.1,0.6,0.8958
P001054,Electronics,7,4.29,0.7143,0.0,0.0,0.7143,0.9349
P001273,Home & Kitchen,17,3.12,0.4706,0.2353,0.0588,0.7059,0.8786
P004927,Clothing,8,4.62,1.0,0.0,0.0,0.75,0.6739
P000336,Sports & Outdoors,15,4.67,0.9333,0.0,0.0,0.9333,0.7336
P000274,Sports & Outdoors,9,5.0,1.0,0.0,0.1111,0.6667,0.6726
P004821,Beauty,8,4.5,0.875,0.0,0.0,0.75,0.5614
P001470,Electronics,15,4.0,0.8,0.0,0.0667,0.6667,0.8164
P001607,Automotive,9,2.89,0.2222,0.3333,0.0,0.8889,0.936
P004973,Clothing,14,2.43,0.1429,0.5714,0.0,0.7143,0.7966
P003526,Home & Kitchen,14,2.36,0.1429,0.5,0.0,0.4286,0.8768
P000667,Toys & Games,16,3.94,0.75,0.0625,0.125,0.75,0.7997
P001638,Food & Grocery,14,3.14,0.3571,0.1429,0.0,0.7143,0.7425
P003013,Toys & Games,21,1.86,0.0,0.8095,0.0,0.7619,0.9318
P004651,Health,15,3.47,0.4667,0.1333,0.0667,0.8,0.8517
P000051,Clothing,5,1.2,0.0,1.0,0.0,0.8,0.922
P001539,Toys & Games,13,3.92,0.7692,0.0769,0.0769,0.8462,0.6803
P002158,Clothing,15,2.8,0.1333,0.3333,0.0667,0.4667,0.7854
P000524,Sports & Outdoors,7,2.43,0.1429,0.5714,0.1429,0.8571,0.6726
P002855,Beauty,9,4.44,1.0,0.0,0.1111,0.7778,0.5521
P000603,Health,4,3.5,0.25,0.0,0.0,0.75,0.649
P001559,Sports & Outdoors,3,3.0,0.0,0.0,0.0,1.0,0.0
P000306,Home & Kitchen,12,2.83,0.0833,0.1667,0.0,0.5,0.7153
P001104,Toys & Games,6,4.33,0.8333,0.0,0.0,0.6667,0.8727
P000753,Clothing,11,3.73,0.6364,0.0909,0.0909,0.8182,0.8708
P002316,Clothing,7,3.86,0.7143,0.1429,0.1429,0.7143,0.7001
P003779,Beauty,13,1.69,0.0769,0.7692,0.0769,0.8462,0.9124
P002152,Electronics,6,4.17,0.8333,0.0,0.0,0.8333,0.8942
P002983,Electronics,12,3.17,0.3333,0.4167,0.1667,1.0,0.6703
P002266,Electronics,9,3.67,0.6667,0.1111,0.0,0.7778,0.7311
P000729,Home & Kitchen,18,4.61,0.8889,0.0,0.0556,0.8333,0.7962
P004630,Clothing,12,2.67,0.1667,0.5833,0.1667,0.9167,0.8233
P003108,Sports & Outdoors,10,3.2,0.6,0.3,0.1,0.8,0.8736
P003451,Beauty,22,3.23,0.4091,0.2273,0.0455,0.7273,0.8442
P000069,Electronics,16,4.06,0.75,0.0,0.0625,0.6875,0.7436
P004869,Home & Kitchen,10,1.2,0.0,1.0,0.0,0.9,0.8982
P001294,Clothing,12,4.25,0.8333,0.0833,0.0,0.5,0.4382
P000800,Beauty,9,3.33,0.4444,0.1111,0.1111,0.8889,0.6494
P001181,Beauty,12,4.08,0.8333,0.0,0.0,0.75,0.8079
P000639,Toys & Games,10,1.4,0.0,1.0,0.0,0.5,0.9104
P002897,Automotive,6,3.5,0.6667,0.1667,0.0,0.5,0.943
P002796,Books,20,2.9,0.3,0.4,0.05,0.7,0.922
P003753,Home & Kitchen,4,4.75,1.0,0.0,0.0,0.75,0.8137
P004271,Automotive,16,3.81,0.625,0.0625,0.125,0.8125,0.7322
P000601,Home & Kitchen,20,2.85,0.3,0.35,0.05,0.75,0.8066
P004694,Health,6,3.67,0.8333,0.1667,0.0,0.8333,0.731
P004691,Home & Kitchen,4,2.0,0.0,1.0,0.0,0.75,0.95
P004175,Toys & Games,16,3.75,0.6875,0.125,0.0625,0.75,0.7715
P000044,Clothing,9,3.0,0.3333,0.2222,0.0,0.5556,0.7183
P003390,Clothing,15,3.8,0.8667,0.1333,0.0667,0.8,0.8827
P001504,Home & Kitchen,15,4.2,0.9333,0.0,0.0667,0.6667,0.6681
P000318,Beauty,6,4.5,0.8333,0.0,0.0,0.6667,0.7873
P003100,Electronics,15,3.93,0.6667,0.0,0.1333,0.7333,0.8654
P004324,Electronics,10,4.2,0.8,0.0,0.0,0.8,0.8829
P000131,Electronics,6,3.67,0.6667,0.1667,0.0,0.8333,0.6055
P000902,Clothing,6,4.33,0.8333,0.0,0.0,0.6667,0.7368
P002843,Home & Kitchen,10,4.2,0.9,0.0,0.0,0.5,0.8192
P003766,Toys & Games,6,4.0,0.6667,0.1667,0.0,0.3333,0.9505
P002037,Food & Grocery,8,4.25,0.75,0.0,0.125,0.875,0.7886
P003168,Clothing,7,4.43,0.8571,0.0,0.0,0.5714,0.6339
P001200,Beauty,8,2.5,0.125,0.625,0.125,0.75,0.7294
P004139,Beauty,8,4.12,0.75,0.0,0.125,0.875,0.6867
P003486,Beauty,4,4.25,1.0,0.0,0.0,1.0,0.714
P002883,Books,14,2.79,0.2857,0.4286,0.0714,0.7143,0.6623
P001972,Automotive,11,2.45,0.0909,0.5455,0.0,0.5455,0.912
P004962,Electronics,6,2.83,0.1667,0.1667,0.0,1.0,0.9393
P000342,Food & Grocery,12,4.75,1.0,0.0,0.0,0.8333,0.9339
P002975,Books,3,3.67,0.6667,0.3333,0.0,0.6667,0.8747
P002473,Beauty,9,2.67,0.1111,0.3333,0.0,0.7778,0.91
P000381,Books,7,3.71,0.8571,0.1429,0.0,0.7143,0.917
P002610,Home & Kitchen,13,3.92,0.6923,0.0,0.0769,0.6923,0.8306
P000018,Electronics,5,1.4,0.0,1.0,0.0,1.0,0.58
P002885,Books,3,3.67,0.6667,0.0,0.0,1.0,0.9207
P001950,Food & Grocery,5,4.0,0.6,0.0,0.0,0.4,0.98
P001549,Clothing,13,4.62,1.0,0.0,0.0769,0.9231,0.7756
P000439,Beauty,7,3.29,0.5714,0.2857,0.0,0.5714,0.4476
P003709,Home & Kitchen,12,4.5,1.0,0.0,0.0,0.8333,0.9139
P001729,Electronics,10,4.3,0.9,0.0,0.1,0.6,0.7965
P002041,Clothing,11,3.36,0.3636,0.0,0.0909,0.9091,0.7594
P002687,Clothing,12,4.5,0.9167,0.0,0.0833,0.9167,0.9406
P001472,Clothing,9,4.0,0.8889,0.0,0.1111,0.7778,0.8543
P000795,Electronics,4,3.25,0.5,0.25,0.25,0.75,0.9167
P003212,Beauty,3,4.33,1.0,0.0,0.3333,0.6667,0.611
P001866,Health,6,3.33,0.5,0.1667,0.0,0.5,0.924
P001310,Food & Grocery,3,3.33,0.3333,0.0,0.0,1.0,0.7423
P004204,Sports & Outdoors,7,4.43,0.8571,0.0,0.0,0.7143,0.7577
P000283,Clothing,8,2.62,0.125,0.5,0.0,0.875,0.7352
P001403,Automotive,4,5.0,1.0,0.0,0.0,0.75,0.8135
P004022,Clothing,3,2.0,0.0,0.6667,0.0,0.6667,0.5157
P004233,Beauty,7,4.29,1.0,0.0,0.0,0.8571,0.8424
P003630,Clothing,9,3.33,0.5556,0.1111,0.0,0.8889,0.6693
P001975,Electronics,11,3.91,0.7273,0.0,0.0,0.8182,0.8761
P000897,Clothing,8,4.0,0.625,0.125,0.25,0.75,0.9166
P003313,Books,5,5.0,1.0,0.0,0.0,0.8,0.7218
P000569,Home & Kitchen,10,3.0,0.2,0.2,0.0,0.6,0.8286
P003924,Food & Grocery,10,4.8,0.9,0.0,0.3,0.9,0.8856
P003024,Books,3,5.0,1.0,0.0,0.0,0.6667,0.9583
P003990,Automotive,5,2.4,0.0,0.4,0.0,0.8,0.6746
P000498,Sports & Outdoors,1,5.0,1.0,0.0,0.0,0.0,1.0
P004940,Clothing,4,4.25,1.0,0.0,0.0,1.0,0.9545
P002919,Electronics,3,2.67,0.0,0.3333,0.0,0.6667,0.909
P004272,Home & Kitchen,4,4.25,1.0,0.0,0.0,0.5,0.6155
P001309,Electronics,6,2.83,0.1667,0.3333,0.0,1.0,0.9038
P003197,Books,1,3.0,0.0,0.0,0.0,1.0,1.0
