product_id,category,price_usd,true_quality,seller_id,is_prime,num_images,bullet_points,has_video,brand_tier,days_on_platform,total_reviews,avg_rating
P000001,Toys & Games,16.55,4.07,S0157,0,4,4,0,premium,655,37,4.31
P000002,Home & Kitchen,39.75,4.61,S0479,1,0,7,0,mid,1589,124,4.2
P000003,Health,44.74,4.53,S0113,1,4,5,0,mid,905,18,3.82
P000004,Beauty,19.21,3.75,S0176,0,3,6,0,mid,1682,72,3.29
P000005,Electronics,156.54,4.32,S0440,1,5,3,0,mid,281,25,3.79
P000006,Automotive,97.74,3.2,S0174,1,3,6,1,premium,1794,182,2.68
P000007,Toys & Games,25.96,1.98,S0380,1,1,5,1,mid,1584,6,2.0
P000008,Toys & Games,36.65,4.48,S0046,0,1,7,0,budget,722,158,3.49
P000009,Electronics,481.06,3.29,S0478,0,4,3,0,mid,1025,17,3.04
P000010,Home & Kitchen,49.61,4.74,S0309,1,7,4,1,budget,255,417,4.65
P000011,Home & Kitchen,111.6,2.0,S0376,1,3,7,0,mid,308,55,2.17
P000012,Food & Grocery,30.77,2.44,S0014,0,1,5,1,premium,698,91,2.5
P000013,Sports & Outdoors,26.95,3.51,S0483,1,6,5,0,premium,609,27,2.96
P000014,Toys & Games,16.52,3.02,S0249,1,2,5,0,mid,1066,74,3.16
P000015,Home & Kitchen,33.35,3.82,S0106,1,3,4,0,budget,1630,74,3.55
P000016,Clothing,26.94,3.14,S0077,0,6,7,1,mid,106,27,3.25
P000017,Books,17.05,2.66,S0044,1,0,5,1,budget,1512,82,2.72
P000018,Electronics,267.51,1.39,S0337,1,1,3,1,premium,515,0,1.35
P000019,Toys & Games,67.95,2.98,S0107,1,1,4,0,budget,1183,15,2.61
P000020,Sports & Outdoors,78.2,1.25,S0465,1,3,7,0,premium,1697,33,1.83
P000021,Beauty,21.43,3.27,S0114,0,6,5,1,mid,1328,60,2.41
P000022,Home & Kitchen,15.77,4.0,S0045,0,5,6,0,mid,108,106,3.55
P000023,Automotive,78.24,4.12,S0427,0,6,3,0,premium,1079,24,3.29
P000024,Health,38.59,4.22,S0389,1,2,3,1,mid,297,20,3.83
P000025,Toys & Games,35.71,3.72,S0260,1,3,4,0,mid,479,94,3.46
P000026,Clothing,159.24,4.51,S0416,1,3,5,0,budget,1058,131,3.87
P000027,Home & Kitchen,115.78,2.35,S0363,1,0,6,0,budget,1061,80,1.94
P000028,Electronics,296.31,3.52,S0089,0,4,3,0,mid,1725,27,2.77
P000029,Electronics,103.87,4.2,S0208,1,2,7,0,mid,532,705,3.92
P000030,Beauty,20.58,3.42,S0462,0,7,6,1,mid,1694,36,2.94
P000031,Beauty,26.45,3.99,S0340,1,5,4,0,mid,801,42,3.72
P000032,Automotive,47.1,4.38,S0311,1,6,5,0,budget,485,234,3.78
P000033,Clothing,60.76,3.03,S0089,1,1,5,0,mid,1132,207,2.8
P000034,Home & Kitchen,68.13,1.91,S0268,1,0,6,0,premium,1116,77,1.94
P000035,Home & Kitchen,28.63,4.36,S0083,1,3,3,0,premium,1619,11,4.07
P000036,Clothing,92.27,4.5,S0336,1,4,5,0,budget,1738,37,4.11
P000037,Electronics,196.71,3.58,S0112,0,4,5,0,budget,1206,61,3.19
P000038,Home & Kitchen,19.49,4.29,S0145,1,5,6,0,budget,1144,344,4.0
P000039,Clothing,43.63,3.04,S0287,1,6,4,1,premium,538,1141,2.56
P000040,Sports & Outdoors,76.95,4.36,S0013,1,2,4,0,mid,422,16,3.87
P000041,Home & Kitchen,98.59,3.99,S0350,1,2,7,0,premium,1081,92,3.69
P000042,Toys & Games,26.13,3.84,S0222,0,2,7,1,premium,1257,12,3.92
P000043,Beauty,46.02,2.67,S0257,1,2,7,0,budget,681,28,2.22
P000044,Clothing,50.35,3.38,S0372,0,4,7,0,mid,934,11,2.78
P000045,Toys & Games,14.54,2.17,S0386,0,6,3,0,mid,1047,245,2.04
P000046,Toys & Games,13.69,3.95,S0460,1,3,6,0,mid,903,44,3.92
P000047,Home & Kitchen,107.86,4.88,S0090,1,3,6,0,premium,111,47,4.64
P000048,Clothing,92.23,2.27,S0216,1,7,4,0,budget,894,35,2.05
P000049,Beauty,33.99,1.45,S0048,1,2,5,0,mid,408,52,1.67
P000050,Electronics,453.86,4.74,S0132,1,1,7,0,budget,229,54,3.72
P000051,Clothing,84.83,1.0,S0276,0,2,3,0,mid,859,14,1.2
P000052,Electronics,278.81,3.9,S0066,0,0,7,0,budget,1427,4,3.42
P000053,Toys & Games,18.52,4.74,S0223,1,2,4,0,mid,1440,6,4.45
P000054,Sports & Outdoors,183.69,4.3,S0468,0,7,7,1,mid,644,4,4.17
P000055,Beauty,38.63,4.0,S0036,0,6,5,0,mid,1035,41,3.66
P000056,Toys & Games,25.39,3.98,S0116,1,7,3,0,premium,357,12,3.6
P000057,Home & Kitchen,36.83,4.21,S0142,1,2,3,1,mid,526,107,3.67
P000058,Books,21.0,4.47,S0456,1,3,7,0,budget,810,44,4.53
P000059,Electronics,67.88,2.37,S0368,1,6,6,0,mid,720,3,2.24
P000060,Electronics,281.51,3.76,S0092,1,6,4,0,budget,1168,20,3.45
P000061,Sports & Outdoors,36.68,3.74,S0351,1,1,6,0,budget,1349,2,3.82
P000062,Home & Kitchen,68.7,4.1,S0010,0,6,5,1,budget,1009,8,3.54
P000063,Books,13.16,4.67,S0400,1,0,3,0,budget,81,18,4.13
P000064,Toys & Games,27.31,3.01,S0113,0,2,6,0,premium,1479,10,2.99
P000065,Sports & Outdoors,41.27,4.43,S0356,1,4,3,1,premium,835,317,4.52
P000066,Books,16.34,3.91,S0247,1,5,5,0,budget,1522,81,3.53
P000067,Books,55.92,3.18,S0367,1,6,3,0,mid,514,22,2.98
P000068,Clothing,103.31,3.95,S0175,1,5,4,0,budget,1128,183,3.08
P000069,Electronics,228.84,4.24,S0266,1,2,7,0,mid,463,10,4.2
P000070,Home & Kitchen,54.17,3.58,S0454,1,2,5,1,budget,1006,22,2.9
P000071,Clothing,74.68,3.9,S0402,1,5,6,0,budget,1511,92,3.35
P000072,Home & Kitchen,108.34,4.42,S0273,1,7,4,0,mid,1033,8,4.03
P000073,Health,23.1,3.6,S0462,1,6,3,0,mid,1796,75,3.05
P000074,Clothing,42.96,3.85,S0059,1,7,6,0,mid,725,47,2.88
P000075,Electronics,62.0,4.21,S0351,1,5,4,1,premium,254,67,3.42
P000076,Clothing,88.28,2.8,S0313,1,3,3,0,budget,860,286,2.55
P000077,Clothing,155.35,2.93,S0129,1,6,5,1,mid,1504,57,3.09
P000078,Sports & Outdoors,68.2,4.15,S0195,1,0,5,0,budget,962,38,4.16
P000079,Books,5.03,3.02,S0203,1,7,3,0,budget,1112,5,2.83
P000080,Toys & Games,46.11,4.26,S0340,0,7,5,0,budget,1447,42,3.88
P000081,Sports & Outdoors,37.79,4.27,S0313,0,4,5,0,budget,494,18,4.08
P000082,Home & Kitchen,36.94,2.34,S0394,1,4,7,1,mid,1350,28,2.5
P000083,Toys & Games,46.6,2.91,S0329,1,4,3,0,mid,1718,18,2.65
P000084,Electronics,215.53,4.31,S0493,0,1,5,1,mid,376,59,3.92
P000085,Electronics,138.03,2.36,S0415,1,1,6,0,budget,357,10,2.19
P000086,Electronics,125.29,4.69,S0289,1,5,5,1,budget,1760,42,4.52
P000087,Beauty,30.2,3.75,S0010,0,0,4,1,mid,1750,9,2.96
P000088,Home & Kitchen,43.02,3.33,S0184,1,5,7,0,budget,1738,3,3.0
P000089,Electronics,95.09,2.73,S0064,1,2,4,0,budget,1547,21,2.58
P000090,Books,14.74,2.96,S0217,1,1,7,1,budget,524,57,2.1
P000091,Electronics,226.81,2.27,S0497,1,4,7,0,premium,1022,13,2.32
P000092,Beauty,25.16,4.1,S0202,1,2,6,1,mid,1797,39,4.01
P000093,Home & Kitchen,23.55,4.89,S0409,1,3,6,0,budget,1273,21,3.82
P000094,Home & Kitchen,99.56,3.13,S0226,0,6,5,0,mid,959,9,2.69
P000095,Clothing,8.7,2.71,S0289,1,5,6,1,premium,1106,64,2.32
P000096,Sports & Outdoors,49.73,2.44,S0016,1,7,4,0,budget,431,15,1.93
P000097,Home & Kitchen,37.91,2.81,S0344,1,3,3,1,budget,651,51,2.3
P000098,Electronics,202.2,3.11,S0124,0,3,6,0,premium,1305,5,2.64
P000099,Electronics,259.14,3.42,S0231,1,5,7,0,premium,1736,39,3.26
P000100,Automotive,147.46,2.57,S0494,1,1,7,0,mid,114,70,2.69
P000101,Health,24.78,4.52,S0112,1,6,6,1,budget,763,50,4.23
P000102,Beauty,39.81,3.84,S0465,1,2,7,0,budget,1247,96,3.18
P000103,Clothing,50.61,2.35,S0415,1,3,5,0,premium,852,71,2.35
P000104,Automotive,26.86,4.3,S0025,1,4,3,0,mid,1507,47,4.05
P000105,Toys & Games,100.09,3.22,S0185,0,0,4,0,mid,1172,91,2.02
P000106,Beauty,11.81,4.03,S0490,0,2,4,0,budget,650,21,4.0
P000107,Home & Kitchen,70.74,2.7,S0228,1,1,7,0,budget,1383,61,2.47
P000108,Clothing,56.86,3.25,S0396,0,4,7,0,mid,622,33,2.98
P000109,Electronics,218.27,4.47,S0460,0,5,6,0,mid,760,305,3.5
P000110,Health,28.24,3.81,S0002,1,0,7,0,mid,512,45,3.91
P000111,Home & Kitchen,90.35,2.11,S0366,1,0,4,0,mid,1797,7,2.0
P000112,Clothing,17.64,3.97,S0457,1,6,6,1,mid,751,44,3.81
P000113,Clothing,43.26,3.29,S0289,1,2,3,1,mid,1718,10,2.56
P000114,Books,12.83,4.51,S0481,0,6,3,0,budget,1044,79,4.21
P000115,Electronics,123.22,4.16,S0350,1,5,6,0,premium,251,81,3.9
P000116,Health,49.15,4.23,S0315,1,6,6,0,budget,1378,15,3.76
P000117,Beauty,53.45,2.99,S0062,1,3,5,0,mid,375,9,2.3
P000118,Beauty,22.79,4.31,S0395,1,2,5,1,budget,1599,38,3.86
P000119,Home & Kitchen,87.86,1.78,S0428,0,5,6,1,mid,1737,11,1.32
P000120,Sports & Outdoors,66.97,4.58,S0167,1,5,4,0,mid,1000,12,3.91
P000121,Sports & Outdoors,38.04,2.52,S0080,1,4,4,0,budget,735,18,2.62
P000122,Sports & Outdoors,55.68,3.38,S0287,0,2,4,0,mid,870,70,3.07
P000123,Electronics,154.57,2.96,S0470,0,4,4,0,mid,1402,5,2.64
P000124,Home & Kitchen,36.21,4.01,S0366,1,3,4,0,mid,693,13,3.26
P000125,Electronics,239.23,1.32,S0406,1,7,3,0,budget,119,589,1.17
P000126,Books,20.72,3.14,S0281,0,5,5,0,budget,1083,345,2.78
P000127,Clothing,17.33,1.32,S0209,1,3,5,0,premium,1338,141,1.0
P000128,Electronics,68.68,4.61,S0153,0,6,3,0,budget,286,34,4.47
P000129,Electronics,238.69,3.08,S0404,0,0,7,0,mid,666,81,3.08
P000130,Sports & Outdoors,39.85,3.54,S0325,0,6,5,0,budget,856,20,2.95
P000131,Electronics,221.76,3.83,S0374,0,3,3,0,mid,1115,1,3.57
P000132,Food & Grocery,35.15,3.01,S0420,0,1,3,0,mid,930,16,2.15
P000133,Sports & Outdoors,30.32,2.45,S0490,1,6,3,0,mid,1366,18,2.3
P000134,Home & Kitchen,23.58,4.36,S0419,0,5,5,0,mid,1143,34,4.16
P000135,Sports & Outdoors,177.51,4.05,S0224,0,0,4,1,mid,1293,59,3.31
P000136,Electronics,228.45,4.73,S0067,1,2,7,0,premium,151,240,4.26
P000137,Food & Grocery,17.11,4.55,S0280,0,3,5,0,mid,1657,34,4.13
P000138,Books,10.28,3.77,S0223,0,5,6,1,mid,790,9,4.26
P000139,Toys & Games,23.56,3.21,S0468,0,6,4,1,mid,779,26,3.66
P000140,Electronics,90.56,4.83,S0020,1,2,3,0,mid,1378,71,4.44
P000141,Books,30.58,4.08,S0429,1,6,4,0,mid,765,28,3.47
P000142,Books,11.29,4.4,S0317,0,6,6,0,mid,1417,12,4.03
P000143,Food & Grocery,42.4,3.02,S0036,0,3,6,0,premium,1489,62,3.06
P000144,Books,14.15,3.47,S0122,1,7,3,0,premium,991,8,2.62
P000145,Home & Kitchen,29.41,2.84,S0032,1,7,4,0,mid,1031,11,1.93
P000146,Clothing,34.84,3.79,S0466,0,2,5,0,mid,1573,54,3.07
P000147,Clothing,9.32,2.42,S0323,1,4,4,0,budget,1352,12,2.41
P000148,Books,16.74,4.02,S0310,0,6,4,0,premium,1365,21,3.86
P000149,Home & Kitchen,49.66,2.97,S0261,0,4,7,0,mid,1267,33,2.81
P000150,Electronics,303.45,3.89,S0201,1,5,7,0,premium,1441,31,3.83
P000151,Toys & Games,10.32,3.88,S0086,0,6,4,0,mid,1392,10,3.44
P000152,Health,76.3,3.06,S0366,1,4,3,0,mid,1433,49,2.67
P000153,Electronics,302.69,3.93,S0066,1,2,4,0,budget,748,11,3.65
P000154,Books,38.15,2.52,S0104,1,4,7,1,mid,1319,240,2.78
P000155,Electronics,179.24,1.97,S0489,1,6,7,0,mid,942,20,1.9
P000156,Beauty,51.45,4.29,S0046,0,2,6,1,mid,1545,68,3.83
P000157,Clothing,18.61,3.83,S0476,1,6,6,0,budget,903,79,3.57
P000158,Sports & Outdoors,99.7,4.42,S0044,0,1,4,1,budget,201,21,4.4
P000159,Beauty,17.63,4.72,S0244,1,3,5,0,premium,1472,10,4.14
P000160,Toys & Games,11.88,4.48,S0292,0,0,7,0,mid,921,79,3.9
P000161,Electronics,94.24,3.48,S0057,1,6,4,0,budget,103,6,2.99
P000162,Food & Grocery,22.07,4.22,S0445,1,5,5,0,mid,1491,7,4.04
P000163,Clothing,27.44,2.89,S0479,1,0,7,0,budget,119,68,2.37
P000164,Electronics,231.83,4.18,S0112,1,1,6,0,budget,223,26,3.95
P000165,Books,6.08,4.55,S0111,1,4,3,0,budget,1287,14,3.65
P000166,Home & Kitchen,15.35,3.29,S0381,0,3,6,0,budget,304,18,2.88
P000167,Toys & Games,72.91,3.8,S0186,0,0,3,0,premium,506,12,3.4
P000168,Toys & Games,55.04,4.59,S0019,1,7,4,0,mid,740,453,4.67
P000169,Clothing,23.98,4.3,S0376,1,3,7,0,mid,1754,112,4.16
P000170,Food & Grocery,21.96,4.03,S0177,1,5,3,0,mid,1028,12,3.52
P000171,Clothing,82.96,3.92,S0204,0,6,3,0,mid,1748,22,3.37
P000172,Books,23.15,3.98,S0327,0,1,7,0,mid,1311,67,3.38
P000173,Clothing,49.19,2.29,S0289,1,2,6,0,mid,540,10,1.72
P000174,Food & Grocery,42.44,2.14,S0414,1,5,4,1,mid,1022,16,2.41
P000175,Electronics,119.33,4.54,S0399,1,6,4,0,mid,623,23,3.86
P000176,Electronics,188.49,4.22,S0472,1,1,7,0,budget,413,11,4.31
P000177,Home & Kitchen,54.41,4.26,S0460,1,2,6,0,budget,974,123,3.86
P000178,Automotive,63.68,4.55,S0317,1,6,4,0,budget,1530,14,4.07
P000179,Health,30.08,4.69,S0279,0,2,3,0,mid,1427,28,4.25
P000180,Beauty,29.25,4.48,S0232,1,0,5,1,budget,499,38,4.39
P000181,Health,38.79,3.49,S0333,0,3,4,1,mid,487,222,2.88
P000182,Health,20.26,3.95,S0031,0,1,5,0,mid,1548,29,3.71
P000183,Books,29.12,2.89,S0202,1,4,3,0,mid,1148,430,2.59
P000184,Clothing,25.05,4.03,S0138,1,7,5,0,mid,906,21,3.75
P000185,Toys & Games,28.07,3.86,S0279,1,0,4,0,budget,1486,25,3.41
P000186,Sports & Outdoors,54.45,1.75,S0462,0,2,7,0,premium,101,101,1.47
P000187,Home & Kitchen,68.18,2.51,S0241,1,4,4,0,budget,1363,331,2.42
P000188,Electronics,51.88,2.0,S0292,0,1,4,0,mid,878,24,1.39
P000189,Beauty,47.79,2.84,S0202,0,4,4,0,budget,889,145,2.97
P000190,Clothing,29.98,4.03,S0172,1,1,6,0,mid,1187,91,3.66
P000191,Food & Grocery,45.74,4.37,S0341,1,5,6,0,mid,428,13,3.77
P000192,Clothing,33.78,3.85,S0125,1,2,4,0,budget,1587,32,3.58
P000193,Electronics,179.66,2.99,S0440,1,7,6,0,budget,179,31,2.48
P000194,Toys & Games,100.89,3.77,S0057,1,6,3,0,mid,1060,9,3.42
P000195,Electronics,156.64,2.51,S0112,0,7,3,0,premium,872,40,2.28
P000196,Electronics,389.03,3.66,S0376,1,1,4,0,mid,1784,36,3.67
P000197,Sports & Outdoors,66.54,3.73,S0042,1,7,6,1,budget,1181,51,3.44
P000198,Health,48.76,4.37,S0207,0,0,5,0,budget,703,36,3.6
P000199,Clothing,46.93,1.86,S0189,0,1,5,1,premium,775,14,1.85
P000200,Clothing,74.84,4.35,S0469,1,6,6,1,budget,464,623,4.13
P000201,Toys & Games,21.21,3.49,S0080,1,6,3,0,mid,120,42,2.66
P000202,Automotive,41.56,4.26,S0228,0,2,4,0,budget,814,157,3.48
P000203,Books,12.27,3.5,S0230,1,6,6,1,mid,67,56,3.75
P000204,Electronics,196.41,4.49,S0410,1,0,7,0,mid,1195,202,3.94
P000205,Electronics,162.04,1.97,S0271,0,2,3,0,premium,1626,13,1.68
P000206,Clothing,68.91,3.98,S0066,0,0,4,0,mid,198,29,3.57
P000207,Electronics,404.72,3.38,S0436,1,4,7,1,budget,1749,19,2.85
P000208,Beauty,15.59,4.18,S0076,1,7,7,1,mid,189,16,3.23
P000209,Electronics,119.1,4.9,S0348,0,4,4,0,budget,871,45,4.07
P000210,Books,7.6,3.79,S0137,1,4,3,0,premium,1135,24,3.22
P000211,Beauty,94.67,3.7,S0061,0,1,5,1,budget,1164,5,3.18
P000212,Sports & Outdoors,78.04,4.45,S0096,1,4,6,0,premium,709,23,3.77
P000213,Clothing,60.01,3.72,S0473,0,2,4,0,premium,108,20,2.9
P000214,Toys & Games,14.32,3.09,S0489,0,4,4,0,budget,1416,95,2.61
P000215,Beauty,27.98,3.22,S0301,1,1,6,0,premium,849,5,3.23
P000216,Beauty,38.01,4.72,S0405,0,4,5,1,premium,496,17,4.05
P000217,Electronics,158.97,3.99,S0452,1,3,4,1,premium,827,13,3.54
P000218,Electronics,352.76,3.08,S0175,0,6,7,0,mid,797,80,3.21
P000219,Food & Grocery,88.07,4.55,S0379,0,7,7,1,mid,1085,17,3.89
P000220,Home & Kitchen,31.16,4.82,S0260,0,7,6,1,budget,941,116,5.0
P000221,Clothing,24.37,3.53,S0087,1,2,7,0,premium,1091,31,3.44
P000222,Books,10.63,4.04,S0267,0,5,4,0,budget,1697,59,3.66
P000223,Sports & Outdoors,170.39,4.56,S0023,0,5,3,0,mid,1662,124,4.03
P000224,Food & Grocery,41.12,2.69,S0304,1,6,6,0,premium,42,7,2.82
P000225,Clothing,41.49,3.34,S0131,0,6,5,0,premium,1170,24,2.8
P000226,Food & Grocery,22.49,2.95,S0052,1,0,5,0,premium,414,54,2.53
P000227,Electronics,113.34,3.11,S0353,0,6,4,0,premium,150,41,3.28
P000228,Books,30.7,4.74,S0175,0,3,3,0,mid,192,6,4.15
P000229,Sports & Outdoors,51.75,1.0,S0224,1,7,3,1,mid,1159,76,1.0
P000230,Electronics,158.27,4.72,S0043,1,4,6,1,budget,1784,35,4.05
P000231,Electronics,266.57,4.51,S0040,0,3,4,1,premium,1411,38,3.48
P000232,Home & Kitchen,49.13,2.25,S0460,1,1,7,0,mid,264,25,2.33
P000233,Automotive,65.14,3.87,S0300,1,7,5,0,mid,402,0,3.47
P000234,Sports & Outdoors,65.41,3.31,S0202,1,1,3,1,mid,1487,63,3.3
P000235,Food & Grocery,35.45,4.14,S0333,1,0,6,0,mid,1104,67,3.68
P000236,Toys & Games,85.94,4.73,S0364,1,1,6,0,mid,950,19,4.13
P000237,Home & Kitchen,78.15,3.47,S0057,1,4,3,0,premium,354,5,2.92
P000238,Toys & Games,51.82,3.96,S0461,0,2,7,0,budget,1414,17,3.77
P000239,Electronics,164.09,3.88,S0328,0,4,6,0,mid,1505,109,3.25
P000240,Electronics,120.99,3.48,S0155,0,6,5,0,budget,564,20,3.25
P000241,Toys & Games,47.38,3.05,S0135,1,2,3,0,mid,1796,34,2.76
P000242,Toys & Games,35.46,4.16,S0044,0,0,5,0,mid,871,22,3.43
P000243,Clothing,19.16,4.53,S0129,1,2,7,0,budget,98,48,3.94
P000244,Books,14.78,2.62,S0169,0,4,4,1,mid,1760,6,2.36
P000245,Sports & Outdoors,61.85,4.11,S0107,0,5,7,0,premium,373,25,3.61
P000246,Health,27.98,2.83,S0336,1,0,3,0,premium,198,123,3.12
P000247,Sports & Outdoors,158.13,3.53,S0127,0,7,6,0,mid,832,11,3.25
P000248,Home & Kitchen,73.35,2.86,S0250,0,4,4,1,budget,1128,23,2.52
P000249,Home & Kitchen,125.37,4.95,S0280,1,3,3,0,mid,1143,117,4.35
P000250,Home & Kitchen,64.42,3.89,S0038,0,2,6,0,mid,1726,81,3.43
P000251,Sports & Outdoors,68.25,4.22,S0085,0,7,5,0,mid,848,56,3.62
P000252,Health,21.66,4.71,S0036,1,1,4,1,mid,254,52,3.99
P000253,Home & Kitchen,55.4,4.62,S0346,1,3,4,0,mid,833,51,4.34
P000254,Clothing,45.35,4.68,S0350,0,3,5,0,mid,1516,25,4.67
P000255,Clothing,19.81,4.22,S0065,0,4,3,0,premium,50,124,3.66
P000256,Beauty,20.26,3.81,S0369,1,1,5,0,mid,518,18,3.56
P000257,Toys & Games,26.36,4.14,S0406,1,7,3,1,budget,1227,10,3.53
P000258,Electronics,237.09,4.02,S0055,1,3,4,0,premium,385,6,3.65
P000259,Electronics,244.0,3.19,S0059,1,5,5,0,mid,891,15,2.48
P000260,Sports & Outdoors,45.86,2.06,S0398,1,5,6,1,mid,324,15,1.6
P000261,Electronics,245.1,4.59,S0155,1,1,4,1,budget,253,14,3.86
P000262,Toys & Games,28.69,3.53,S0173,0,7,6,0,budget,1332,8,3.13
P000263,Clothing,8.04,4.42,S0295,1,3,7,0,mid,1408,51,3.63
P000264,Electronics,138.32,4.19,S0035,0,4,5,0,budget,93,10,3.1
P000265,Food & Grocery,42.03,3.21,S0219,0,5,6,1,mid,978,63,2.48
P000266,Electronics,67.44,4.43,S0167,0,4,5,0,mid,774,78,3.93
P000267,Clothing,48.15,1.94,S0412,0,5,4,1,budget,681,726,1.51
P000268,Electronics,478.91,4.21,S0366,0,4,4,0,mid,1263,19,3.62
P000269,Electronics,117.21,4.09,S0144,1,5,4,0,budget,1158,27,3.76
P000270,Electronics,185.24,3.89,S0328,1,3,5,0,budget,277,13,3.25
P000271,Electronics,84.6,3.09,S0202,1,6,3,0,premium,1750,8,2.76
P000272,Electronics,491.12,3.65,S0241,1,4,6,0,mid,426,19,3.93
P000273,Electronics,175.98,2.36,S0368,1,7,3,1,premium,998,13,2.01
P000274,Sports & Outdoors,66.84,4.55,S0140,1,4,6,0,mid,299,7,4.03
P000275,Beauty,63.1,4.95,S0290,1,4,5,0,premium,1093,43,4.57
P000276,Home & Kitchen,81.8,3.6,S0209,1,3,6,0,budget,76,9,2.99
P000277,Clothing,26.61,3.69,S0326,0,3,3,0,budget,506,65,3.14
P000278,Books,12.21,4.31,S0191,0,6,4,1,budget,838,92,3.85
P000279,Health,51.14,4.28,S0468,1,5,4,1,budget,204,11,3.91
P000280,Health,26.13,1.79,S0196,1,3,6,0,premium,909,177,1.33
P000281,Electronics,51.94,3.51,S0055,1,6,4,0,mid,1058,53,3.33
P000282,Clothing,43.59,3.99,S0245,1,0,4,0,mid,1703,30,4.05
P000283,Clothing,18.51,2.8,S0120,0,0,3,1,mid,693,3,1.95
P000284,Clothing,118.68,3.62,S0228,1,5,4,0,budget,1318,4,3.38
P000285,Books,20.01,3.11,S0461,1,3,7,0,premium,498,218,2.77
P000286,Home & Kitchen,31.95,3.53,S0052,0,6,3,0,mid,1747,161,3.09
P000287,Electronics,121.65,2.69,S0022,1,5,7,1,budget,1737,225,2.52
P000288,Home & Kitchen,17.7,2.29,S0146,1,6,7,0,mid,1369,307,2.47
P000289,Books,9.31,3.89,S0218,1,2,7,0,budget,407,172,3.58
P000290,Electronics,340.41,3.87,S0065,1,2,6,1,mid,1762,44,3.77
P000291,Toys & Games,122.1,3.75,S0348,1,2,6,1,mid,736,64,3.36
P000292,Electronics,286.06,2.98,S0302,0,5,7,0,premium,469,14,2.79
P000293,Food & Grocery,20.82,3.65,S0351,1,5,6,0,premium,741,44,3.12
P000294,Electronics,142.76,3.45,S0212,1,7,5,1,budget,326,81,3.12
P000295,Health,21.41,4.18,S0466,0,1,5,1,budget,664,82,3.68
P000296,Health,130.77,2.97,S0336,1,0,7,0,premium,722,28,2.71
P000297,Automotive,66.97,3.7,S0461,1,7,4,0,mid,1794,2,2.83
P000298,Toys & Games,113.88,3.42,S0044,0,4,5,1,mid,900,5,2.74
P000299,Toys & Games,73.84,4.44,S0334,0,2,3,0,mid,1342,58,4.35
P000300,Sports & Outdoors,22.87,4.29,S0173,0,2,6,1,mid,1489,18,4.28
P000301,Toys & Games,21.46,4.11,S0097,1,7,3,0,mid,1701,73,3.18
P000302,Electronics,123.83,3.62,S0091,1,6,3,1,premium,988,7,3.09
P000303,Books,17.16,1.83,S0099,1,1,4,0,mid,1065,169,1.42
P000304,Books,17.36,3.7,S0047,1,2,6,0,budget,1715,10,3.41
P000305,Health,229.37,4.59,S0228,1,6,7,1,budget,1235,194,4.11
P000306,Home & Kitchen,28.82,2.93,S0387,1,5,5,0,premium,540,5,2.84
P000307,Home & Kitchen,63.1,4.28,S0232,0,6,6,0,mid,1082,68,3.45
P000308,Sports & Outdoors,94.09,3.07,S0066,0,1,4,0,mid,1054,10,2.87
P000309,Clothing,44.96,2.66,S0354,1,4,3,0,budget,1067,32,2.29
P000310,Electronics,197.64,4.27,S0088,1,0,3,0,premium,1183,120,3.62
P000311,Home & Kitchen,29.38,4.62,S0435,1,3,3,0,mid,793,97,4.29
P000312,Home & Kitchen,58.63,3.47,S0184,0,0,4,0,premium,305,12,3.05
P000313,Clothing,61.16,2.98,S0001,1,2,6,0,budget,675,15,2.65
P000314,Home & Kitchen,66.95,4.14,S0147,0,2,3,0,budget,1420,5,4.13
P000315,Home & Kitchen,77.44,4.06,S0417,1,1,4,0,budget,1799,3,3.68
P000316,Clothing,105.03,4.37,S0460,0,6,6,0,mid,1161,12,4.52
P000317,Home & Kitchen,96.5,3.96,S0211,0,2,3,0,premium,1406,11,2.87
P000318,Beauty,29.22,4.58,S0495,1,1,5,0,mid,369,5,4.12
P000319,Clothing,22.28,4.06,S0116,0,7,4,0,premium,1418,25,3.32
P000320,Food & Grocery,15.35,3.84,S0212,0,0,7,0,mid,761,31,3.18
P000321,Food & Grocery,19.28,4.49,S0230,1,1,5,0,budget,1273,32,3.84
P000322,Books,20.94,4.41,S0101,1,6,5,0,mid,1164,12,4.25
P000323,Clothing,33.77,4.45,S0192,1,3,7,0,premium,1376,16,3.88
P000324,Books,10.27,2.86,S0250,1,2,6,0,mid,1328,22,2.23
P000325,Health,18.63,3.89,S0350,0,2,5,0,budget,1173,88,3.7
P000326,Sports & Outdoors,24.14,2.76,S0248,1,4,6,0,premium,768,14,2.13
P000327,Toys & Games,27.79,4.34,S0052,0,2,5,1,mid,1470,4,4.41
P000328,Books,7.45,4.01,S0234,0,0,6,1,premium,1308,22,3.22
P000329,Sports & Outdoors,35.66,4.37,S0425,1,7,4,1,mid,274,19,3.85
P000330,Clothing,35.53,2.75,S0011,1,7,4,0,mid,491,4,3.05
P000331,Beauty,12.56,3.51,S0500,0,1,7,0,mid,506,20,3.06
P000332,Clothing,56.52,3.83,S0065,1,4,5,1,premium,569,11,3.57
P000333,Beauty,43.66,4.59,S0005,1,3,5,1,premium,1274,30,4.1
P000334,Health,27.33,4.6,S0071,0,0,3,0,mid,50,54,4.14
P000335,Electronics,142.33,3.79,S0126,1,3,4,0,budget,491,17,3.17
P000336,Sports & Outdoors,89.73,4.73,S0176,0,5,6,1,budget,892,61,4.39
P000337,Electronics,120.54,4.64,S0415,1,0,5,0,budget,345,22,4.57
P000338,Beauty,17.51,4.45,S0291,0,2,4,0,budget,363,24,3.42
P000339,Electronics,379.27,4.13,S0320,0,2,3,0,mid,792,22,3.44
P000340,Food & Grocery,37.4,4.39,S0439,1,2,5,0,budget,1095,26,3.79
P000341,Electronics,265.41,2.54,S0066,1,5,4,0,mid,622,6,2.02
P000342,Food & Grocery,38.34,4.68,S0112,1,3,7,1,premium,1739,3,4.4
P000343,Toys & Games,9.77,3.49,S0485,0,6,3,1,budget,771,126,2.96
P000344,Sports & Outdoors,146.45,4.88,S0386,1,4,6,0,mid,1799,42,4.42
P000345,Toys & Games,40.49,3.75,S0030,1,5,4,0,budget,1026,17,3.82
P000346,Toys & Games,58.69,3.4,S0114,0,4,4,0,mid,692,118,2.52
P000347,Food & Grocery,27.75,4.06,S0187,0,6,6,1,premium,231,1029,3.75
P000348,Clothing,46.34,3.97,S0017,1,1,5,0,budget,1328,5,3.54
P000349,Sports & Outdoors,55.1,3.84,S0292,0,7,3,0,premium,983,31,3.42
P000350,Electronics,230.59,4.71,S0325,0,6,6,0,budget,1730,73,3.97
P000351,Sports & Outdoors,53.91,2.76,S0168,1,1,3,1,mid,1741,4,2.37
P000352,Electronics,311.4,2.26,S0108,0,0,7,0,budget,956,5,2.03
P000353,Books,6.95,3.1,S0213,0,0,4,1,mid,465,103,2.73
P000354,Books,13.01,4.24,S0460,0,5,6,0,budget,621,31,4.03
P000355,Home & Kitchen,187.58,2.58,S0360,0,3,4,0,mid,156,14,1.99
P000356,Books,12.36,4.24,S0467,1,1,4,0,budget,305,4,3.4
P000357,Toys & Games,27.73,3.18,S0277,1,2,3,1,premium,760,48,2.26
P000358,Toys & Games,18.84,2.34,S0053,0,3,7,0,budget,341,6,2.15
P000359,Books,22.02,4.97,S0030,1,0,5,0,budget,1546,9,4.7
P000360,Sports & Outdoors,41.79,4.23,S0098,1,4,3,0,mid,1541,10,3.45
P000361,Food & Grocery,19.68,3.73,S0261,0,0,3,1,mid,340,22,2.98
P000362,Electronics,307.87,3.85,S0106,1,5,4,0,premium,488,8,4.03
P000363,Electronics,121.64,1.13,S0159,1,0,5,0,premium,1494,10,1.4
P000364,Electronics,296.94,1.62,S0456,1,6,3,0,mid,509,102,1.86
P000365,Sports & Outdoors,106.46,4.27,S0022,1,2,4,1,premium,490,40,3.95
P000366,Home & Kitchen,103.58,4.55,S0040,1,4,4,0,budget,1351,33,4.31
P000367,Toys & Games,34.82,4.69,S0195,1,3,7,0,premium,740,55,4.13
P000368,Beauty,195.77,3.95,S0376,1,7,5,0,mid,1511,9,3.13
P000369,Clothing,84.72,3.6,S0412,1,6,3,1,budget,966,51,2.83
P000370,Health,46.18,4.05,S0144,0,7,4,0,mid,398,55,3.65
P000371,Toys & Games,18.92,2.17,S0146,0,5,7,0,mid,301,9,2.23
P000372,Clothing,42.45,3.68,S0292,1,7,3,0,mid,1248,67,3.26
P000373,Home & Kitchen,129.43,4.74,S0433,1,1,3,1,budget,822,43,4.45
P000374,Clothing,125.51,3.83,S0089,1,2,3,0,mid,820,45,3.42
P000375,Electronics,449.15,3.64,S0447,1,6,3,0,mid,1233,244,3.37
P000376,Electronics,296.33,3.89,S0404,0,0,7,0,mid,519,38,3.73
P000377,Food & Grocery,10.36,4.91,S0134,1,1,7,0,premium,1798,10,4.82
P000378,Home & Kitchen,73.67,3.05,S0336,1,5,6,0,premium,950,38,2.83
P000379,Home & Kitchen,26.11,3.58,S0315,0,3,3,0,mid,1552,33,3.8
P000380,Beauty,11.47,3.89,S0011,0,2,6,0,mid,1406,8,3.43
P000381,Books,20.78,4.48,S0201,1,2,6,0,mid,1105,2,4.43
P000382,Food & Grocery,30.11,3.14,S0119,0,6,6,0,premium,206,30,3.0
P000383,Toys & Games,55.02,3.29,S0035,1,3,6,1,mid,1333,102,2.41
P000384,Home & Kitchen,74.11,3.98,S0234,0,0,6,0,mid,155,103,4.01
P000385,Home & Kitchen,75.66,4.74,S0352,1,4,5,0,mid,1335,46,3.99
P000386,Automotive,41.54,4.8,S0266,1,6,3,0,premium,1643,217,4.25
P000387,Beauty,26.29,4.3,S0045,1,1,7,1,mid,972,40,4.13
P000388,Food & Grocery,8.91,2.32,S0414,1,0,7,0,budget,1735,26,1.86
P000389,Electronics,55.61,2.84,S0036,1,5,5,0,mid,1140,42,2.53
P000390,Health,59.26,4.36,S0194,0,7,5,1,budget,965,13,4.12
P000391,Sports & Outdoors,41.37,4.69,S0285,1,0,7,0,budget,971,7,3.97
P000392,Electronics,312.27,3.52,S0464,0,5,5,0,mid,284,10,3.1
P000393,Sports & Outdoors,126.39,3.34,S0377,1,6,4,0,mid,147,18,2.9
P000394,Beauty,19.31,4.46,S0097,0,1,7,0,premium,169,93,4.3
P000395,Electronics,263.63,2.35,S0214,1,2,7,0,premium,1614,5,2.59
P000396,Home & Kitchen,36.99,1.02,S0429,1,4,4,0,mid,306,10,1.0
P000397,Toys & Games,10.57,2.27,S0124,1,4,4,0,budget,1157,87,2.07
P000398,Clothing,48.46,2.88,S0453,1,4,4,1,budget,530,21,2.43
P000399,Home & Kitchen,41.46,2.98,S0267,1,1,3,0,premium,708,26,2.69
P000400,Home & Kitchen,42.24,2.28,S0314,0,7,7,0,mid,1240,21,2.58
P000401,Clothing,147.21,4.01,S0332,1,3,7,0,budget,1573,336,3.72
P000402,Food & Grocery,8.81,3.68,S0484,1,4,5,1,mid,225,64,3.14
P000403,Toys & Games,40.26,3.62,S0344,1,4,6,0,budget,958,44,2.85
P000404,Electronics,101.85,3.06,S0206,0,4,5,0,mid,272,41,3.05
P000405,Automotive,129.34,3.52,S0296,1,2,7,0,premium,386,54,3.03
P000406,Health,45.45,2.23,S0350,1,2,7,1,mid,1292,304,1.77
P000407,Clothing,56.5,3.9,S0300,1,1,6,0,mid,82,21,3.6
P000408,Toys & Games,18.15,4.04,S0006,0,5,7,1,budget,485,40,3.81
P000409,Electronics,116.86,4.18,S0451,0,2,3,0,budget,1016,34,3.65
P000410,Automotive,130.82,3.35,S0138,1,0,7,0,budget,412,97,2.73
P000411,Sports & Outdoors,188.08,4.54,S0326,1,0,5,1,mid,711,256,4.5
P000412,Sports & Outdoors,86.71,4.16,S0284,1,7,4,0,budget,1061,16,3.95
P000413,Electronics,107.98,4.27,S0061,1,3,7,0,mid,1625,57,4.14
P000414,Health,46.57,3.86,S0438,0,4,7,0,mid,169,40,3.37
P000415,Electronics,793.81,3.27,S0042,0,4,3,0,mid,928,6,2.69
P000416,Clothing,47.85,4.38,S0477,1,6,6,0,budget,1143,106,3.78
P000417,Electronics,444.73,2.89,S0461,0,7,7,0,mid,877,216,2.14
P000418,Toys & Games,20.52,3.12,S0290,1,6,6,0,mid,64,88,2.71
P000419,Clothing,43.88,1.84,S0478,0,7,5,1,budget,1376,15,1.45
P000420,Food & Grocery,31.91,3.83,S0428,0,1,3,0,mid,442,6,3.42
P000421,Sports & Outdoors,82.5,4.35,S0450,0,3,5,0,mid,204,71,3.93
P000422,Electronics,116.81,4.34,S0400,1,2,5,1,mid,827,9,3.93
P000423,Electronics,113.82,2.42,S0465,1,6,7,0,premium,368,10,2.0
P000424,Electronics,334.73,3.97,S0387,1,2,4,0,mid,1146,42,3.22
P000425,Sports & Outdoors,132.86,4.62,S0441,1,6,4,0,mid,984,80,3.73
P000426,Toys & Games,79.28,3.84,S0056,1,1,7,1,premium,390,22,3.51
P000427,Clothing,132.82,3.69,S0214,0,5,7,0,premium,1656,25,3.36
P000428,Health,41.2,4.33,S0240,1,0,5,1,premium,1586,28,3.48
P000429,Electronics,153.49,3.49,S0455,1,6,5,1,mid,586,11,3.57
P000430,Toys & Games,71.98,2.63,S0244,0,6,6,1,premium,1656,20,2.62
P000431,Food & Grocery,33.75,4.4,S0220,1,4,3,0,budget,606,4,3.65
P000432,Toys & Games,17.75,4.29,S0394,1,4,4,1,premium,880,80,3.94
P000433,Beauty,15.06,4.17,S0326,1,3,5,1,budget,1031,940,3.71
P000434,Toys & Games,42.99,3.02,S0294,0,4,5,0,budget,512,35,2.8
P000435,Electronics,166.33,4.16,S0457,1,4,3,0,budget,1093,138,3.8
P000436,Clothing,44.29,3.91,S0410,1,3,5,0,mid,225,24,3.72
P000437,Electronics,352.09,4.13,S0356,1,4,6,0,mid,1100,6,4.16
P000438,Books,28.38,3.06,S0479,0,0,7,0,mid,1691,493,2.84
P000439,Beauty,62.19,3.52,S0025,0,3,6,0,mid,603,12,3.33
P000440,Sports & Outdoors,20.4,3.78,S0278,0,3,6,0,mid,266,103,3.84
P000441,Health,44.24,4.62,S0016,1,7,5,0,premium,1054,42,4.0
P000442,Electronics,280.67,4.74,S0396,1,2,3,0,mid,558,137,3.99
P000443,Beauty,11.2,3.37,S0064,1,7,4,0,mid,1345,30,3.23
P000444,Clothing,30.38,4.83,S0281,0,7,5,0,premium,612,8,3.98
P000445,Clothing,27.18,2.35,S0392,1,6,5,1,budget,140,14,1.87
P000446,Beauty,28.37,1.26,S0313,1,5,4,0,mid,504,557,1.59
P000447,Automotive,199.18,3.33,S0030,1,2,6,0,budget,1494,48,2.48
P000448,Sports & Outdoors,218.75,4.29,S0239,1,1,5,1,mid,33,451,3.95
P000449,Electronics,113.5,3.65,S0390,0,6,4,0,mid,1598,21,2.85
P000450,Sports & Outdoors,89.15,4.52,S0480,1,5,5,0,budget,396,77,4.19
P000451,Electronics,258.69,1.76,S0450,0,6,6,0,budget,513,7,2.13
P000452,Health,47.95,3.73,S0409,1,4,3,0,mid,1354,34,3.05
P000453,Beauty,35.57,2.89,S0154,1,7,4,0,mid,1681,477,1.97
P000454,Electronics,221.98,4.31,S0376,0,0,4,1,mid,393,12,3.99
P000455,Electronics,509.23,3.55,S0084,1,0,4,0,mid,1645,14,3.01
P000456,Clothing,87.19,4.06,S0165,0,0,6,0,budget,1382,89,3.6
P000457,Automotive,39.7,4.12,S0142,1,2,4,1,budget,77,37,3.82
P000458,Home & Kitchen,88.66,3.39,S0243,1,1,5,1,mid,766,322,3.22
P000459,Toys & Games,54.66,2.67,S0438,1,0,4,0,mid,478,24,2.57
P000460,Sports & Outdoors,78.52,3.27,S0432,0,6,3,0,premium,173,35,2.93
P000461,Books,35.49,2.33,S0447,0,1,7,0,mid,1665,48,2.23
P000462,Electronics,207.1,4.74,S0469,0,6,5,0,budget,1493,9,4.21
P000463,Food & Grocery,24.81,3.66,S0015,0,5,4,0,budget,1576,6,3.2
P000464,Clothing,48.4,2.76,S0499,1,4,5,0,mid,1154,6,2.48
P000465,Books,5.36,1.96,S0439,0,0,7,0,mid,1320,0,1.94
P000466,Beauty,26.68,4.08,S0368,1,0,3,0,mid,1113,29,3.48
P000467,Sports & Outdoors,43.53,3.23,S0041,0,1,7,0,mid,112,6,2.97
P000468,Food & Grocery,10.8,4.32,S0366,0,2,3,0,budget,295,17,3.75
P000469,Electronics,437.36,2.81,S0338,1,7,7,0,premium,1602,112,2.31
P000470,Books,24.36,3.21,S0047,0,3,4,0,budget,1133,10,3.2
P000471,Home & Kitchen,54.02,3.63,S0101,0,1,4,0,budget,603,75,3.38
P000472,Home & Kitchen,39.19,3.83,S0376,1,2,6,0,mid,1439,4,3.56
P000473,Electronics,220.98,4.34,S0084,0,2,3,0,mid,965,14,3.62
P000474,Electronics,335.36,4.45,S0174,1,4,3,0,mid,1793,267,3.93
P000475,Clothing,27.4,4.5,S0305,0,6,5,0,mid,910,19,4.23
P000476,Clothing,44.87,4.34,S0433,0,0,7,0,mid,1217,155,4.02
P000477,Home & Kitchen,92.59,4.0,S0143,1,6,4,0,premium,1769,559,4.37
P000478,Sports & Outdoors,20.34,4.39,S0006,1,0,5,0,mid,794,20,4.02
P000479,Sports & Outdoors,62.79,3.18,S0426,1,2,4,0,mid,1672,14,2.66
P000480,Home & Kitchen,42.51,4.81,S0468,0,4,6,1,budget,1479,2,4.2
P000481,Home & Kitchen,50.76,3.54,S0428,0,0,7,1,mid,93,47,2.93
P000482,Clothing,33.3,4.58,S0242,0,2,7,1,mid,119,52,3.93
P000483,Sports & Outdoors,70.6,3.13,S0361,0,5,4,0,budget,193,83,2.85
P000484,Clothing,142.71,4.0,S0064,0,5,4,0,budget,772,175,3.46
P000485,Electronics,152.32,4.5,S0319,1,0,7,0,premium,1465,9,4.45
P000486,Home & Kitchen,65.52,3.54,S0301,0,6,5,0,premium,1325,312,3.45
P000487,Home & Kitchen,182.03,2.78,S0318,1,3,4,0,premium,1336,23,2.76
P000488,Clothing,32.35,1.55,S0347,1,4,4,0,mid,666,51,1.32
P000489,Books,53.47,2.5,S0445,1,1,3,0,budget,109,30,2.52
P000490,Books,18.06,3.99,S0390,1,7,3,0,budget,134,13,3.9
P000491,Beauty,81.56,4.69,S0019,0,6,4,0,mid,274,7,4.7
P000492,Sports & Outdoors,101.95,2.75,S0351,1,5,6,1,premium,226,42,2.31
P000493,Sports & Outdoors,78.15,2.33,S0365,1,1,6,0,mid,1705,10,2.1
P000494,Clothing,43.26,3.49,S0277,1,6,3,0,mid,325,25,2.92
P000495,Toys & Games,22.01,2.91,S0312,1,3,3,1,premium,595,20,3.41
P000496,Books,18.84,2.46,S0041,1,5,7,0,budget,1501,21,2.15
P000497,Home & Kitchen,94.23,2.83,S0131,0,5,6,0,budget,397,3,2.93
P000498,Sports & Outdoors,64.49,4.56,S0432,1,6,6,0,premium,1305,0,4.15
P000499,Home & Kitchen,45.48,2.52,S0002,0,6,7,0,mid,853,90,2.53
P000500,Books,15.49,4.72,S0492,1,3,6,0,mid,1382,127,4.24
P000501,Beauty,50.79,3.3,S0112,1,0,4,0,premium,562,1,3.25
P000502,Health,79.26,3.92,S0390,0,3,5,0,premium,1639,54,3.61
P000503,Food & Grocery,14.74,2.72,S0110,1,3,6,1,mid,1324,42,2.96
P000504,Books,12.05,4.21,S0018,1,2,7,0,mid,565,6,3.88
P000505,Books,22.6,2.69,S0303,1,3,5,0,mid,1208,97,2.2
P000506,Toys & Games,80.02,4.01,S0378,0,4,3,0,premium,1345,129,3.76
P000507,Clothing,89.5,3.97,S0043,0,4,6,0,budget,1775,118,3.58
P000508,Toys & Games,15.1,4.52,S0135,1,2,6,0,mid,675,268,3.77
P000509,Books,15.36,2.54,S0153,0,4,7,1,premium,1759,109,2.4
P000510,Electronics,105.85,2.61,S0482,1,7,3,0,mid,1420,12,2.16
P000511,Electronics,157.57,3.89,S0156,0,5,7,0,mid,804,33,3.43
P000512,Health,99.51,4.62,S0032,0,4,3,1,budget,1261,52,4.17
P000513,Electronics,78.79,2.12,S0493,1,2,6,1,budget,1030,204,1.3
P000514,Clothing,17.04,4.1,S0047,1,2,4,0,budget,1781,24,3.56
P000515,Clothing,27.37,3.51,S0244,0,0,3,0,mid,138,15,3.44
P000516,Electronics,219.81,3.72,S0091,1,4,4,1,budget,1370,4,3.29
P000517,Clothing,65.31,2.92,S0127,0,0,5,0,mid,1504,94,2.06
P000518,Beauty,36.4,4.18,S0377,1,6,3,0,mid,40,42,3.74
P000519,Electronics,374.57,3.29,S0069,0,7,5,0,budget,931,11,3.11
P000520,Toys & Games,11.11,2.71,S0326,1,6,6,0,budget,1268,83,2.35
P000521,Health,77.52,2.57,S0284,0,1,7,0,mid,1534,22,2.23
P000522,Home & Kitchen,45.61,4.03,S0364,1,5,5,0,mid,209,6,3.49
P000523,Electronics,286.93,3.46,S0081,0,3,6,0,mid,521,163,3.3
P000524,Sports & Outdoors,29.38,1.82,S0177,0,0,7,0,premium,996,2,1.39
P000525,Electronics,185.55,2.34,S0002,0,5,3,0,mid,1167,39,2.27
P000526,Home & Kitchen,63.38,2.72,S0440,0,6,6,0,mid,308,28,2.37
P000527,Food & Grocery,44.01,3.52,S0495,1,3,7,1,mid,1488,4,3.54
P000528,Automotive,28.97,3.82,S0224,1,7,7,0,mid,905,48,3.29
P000529,Toys & Games,32.6,4.72,S0265,1,0,7,1,mid,740,14,3.91
P000530,Clothing,23.47,4.66,S0068,1,6,7,1,budget,1432,249,4.38
P000531,Beauty,37.92,3.24,S0439,1,5,5,0,premium,937,110,3.06
P000532,Beauty,44.64,3.21,S0384,0,5,7,0,premium,541,43,3.01
P000533,Home & Kitchen,119.06,4.24,S0058,0,4,4,1,mid,801,1,4.07
P000534,Sports & Outdoors,47.15,4.29,S0265,1,0,3,0,mid,300,16,3.56
P000535,Electronics,322.69,4.43,S0086,1,3,3,1,mid,1522,15,3.75
P000536,Clothing,101.82,4.63,S0297,1,7,3,0,budget,586,141,4.56
P000537,Books,6.72,3.34,S0329,0,3,6,0,budget,649,40,3.14
P000538,Electronics,267.14,3.3,S0193,0,0,5,0,budget,337,48,2.83
P000539,Electronics,328.8,4.72,S0221,1,3,7,0,mid,690,112,3.72
P000540,Toys & Games,27.4,3.08,S0356,1,1,4,0,mid,354,234,2.4
P000541,Automotive,36.27,3.54,S0078,0,3,6,0,mid,111,190,2.9
P000542,Books,31.69,4.64,S0018,1,5,7,0,budget,1264,63,4.01
P000543,Toys & Games,15.58,3.53,S0209,0,0,4,0,premium,696,23,3.27
P000544,Automotive,67.39,3.5,S0246,1,3,5,1,mid,1276,55,2.74
P000545,Electronics,180.6,3.38,S0144,0,4,5,0,premium,424,31,2.88
P000546,Home & Kitchen,84.49,3.88,S0214,0,6,7,1,mid,966,85,3.11
P000547,Home & Kitchen,37.76,3.78,S0052,1,0,4,0,mid,401,16,3.28
P000548,Electronics,122.68,2.52,S0374,1,5,4,0,mid,476,97,2.98
P000549,Beauty,29.71,3.76,S0384,1,4,6,0,budget,1745,35,3.74
P000550,Home & Kitchen,100.6,3.81,S0133,1,0,7,0,mid,967,52,3.6
P000551,Home & Kitchen,216.98,3.1,S0326,1,0,3,0,mid,40,7,2.63
P000552,Electronics,74.88,4.39,S0117,1,5,3,1,mid,1708,23,3.63
P000553,Clothing,54.37,4.93,S0198,0,6,7,0,mid,1485,56,4.41
P000554,Health,19.8,3.74,S0160,1,6,5,0,budget,709,26,2.9
P000555,Electronics,340.92,4.53,S0486,1,6,5,0,mid,455,1,4.27
P000556,Clothing,25.62,3.2,S0241,0,6,7,0,mid,779,7,2.82
P000557,Clothing,30.02,4.6,S0317,1,4,4,0,mid,1398,49,4.13
P000558,Books,12.64,4.05,S0105,1,1,5,0,premium,904,201,3.15
P000559,Sports & Outdoors,62.1,4.12,S0464,0,4,7,1,budget,338,25,3.72
P000560,Books,21.85,3.31,S0343,0,2,6,1,mid,345,18,2.91
P000561,Electronics,247.29,3.35,S0053,1,2,6,0,mid,1787,117,2.73
P000562,Clothing,44.84,2.18,S0166,0,0,4,0,mid,463,33,2.03
P000563,Health,17.11,3.48,S0253,1,0,6,0,premium,1054,80,3.01
P000564,Sports & Outdoors,100.59,3.58,S0211,1,6,7,0,mid,1252,23,3.31
P000565,Sports & Outdoors,62.97,3.65,S0401,1,1,7,0,premium,303,20,3.47
P000566,Beauty,56.22,3.84,S0279,1,5,6,0,budget,315,88,3.13
P000567,Toys & Games,20.93,3.67,S0279,1,2,7,1,premium,582,74,3.34
P000568,Electronics,70.74,3.88,S0189,1,3,7,0,mid,1099,22,3.52
P000569,Home & Kitchen,53.89,2.77,S0423,0,3,6,0,budget,1526,8,2.87
P000570,Books,39.17,2.28,S0351,1,2,5,1,mid,713,4,2.3
P000571,Clothing,49.56,3.29,S0353,0,3,5,1,mid,534,5,2.86
P000572,Health,33.71,2.59,S0329,1,6,6,0,premium,572,15,2.2
P000573,Books,10.68,3.72,S0333,0,4,7,0,budget,1399,48,3.39
P000574,Toys & Games,91.87,4.5,S0379,1,6,5,1,mid,1003,4,3.71
P000575,Health,20.49,3.9,S0118,1,7,6,0,mid,1126,4,3.22
P000576,Books,11.65,3.93,S0262,0,3,5,0,budget,429,52,3.4
P000577,Health,53.5,3.85,S0066,1,6,6,0,premium,1165,217,2.75
P000578,Sports & Outdoors,21.34,3.64,S0184,0,0,6,0,mid,578,122,2.98
P000579,Health,81.64,4.54,S0146,0,4,3,1,mid,1598,3,3.99
P000580,Home & Kitchen,79.99,4.73,S0101,0,3,3,0,premium,958,52,5.0
P000581,Books,30.87,3.06,S0274,0,0,3,0,premium,305,104,2.56
P000582,Books,25.16,4.24,S0219,0,7,6,1,premium,1193,18,4.01
P000583,Electronics,167.95,3.29,S0228,1,5,7,0,budget,78,24,2.9
P000584,Home & Kitchen,29.06,3.91,S0437,0,4,4,0,premium,1510,49,3.65
P000585,Food & Grocery,20.23,2.75,S0181,1,5,3,0,budget,749,59,2.15
P000586,Sports & Outdoors,36.21,1.55,S0061,1,6,3,0,mid,1489,52,1.0
P000587,Electronics,247.66,4.28,S0396,0,6,5,0,premium,1693,78,4.27
P000588,Clothing,73.02,3.27,S0108,1,2,6,0,budget,910,42,2.54
P000589,Clothing,109.15,3.49,S0487,0,3,4,0,budget,226,15,3.59
P000590,Electronics,231.23,2.2,S0333,0,2,6,0,premium,161,19,1.87
P000591,Food & Grocery,38.31,4.76,S0128,0,7,3,0,budget,594,13,4.04
P000592,Home & Kitchen,46.02,4.08,S0288,1,0,6,0,budget,362,19,3.52
P000593,Clothing,33.77,4.54,S0467,1,7,4,0,budget,1293,64,4.57
P000594,Sports & Outdoors,86.37,3.32,S0459,1,2,7,0,mid,30,13,2.78
P000595,Electronics,146.71,2.95,S0199,1,6,6,0,mid,1293,119,2.54
P000596,Clothing,52.89,2.22,S0015,0,1,5,0,mid,358,10,2.29
P000597,Beauty,14.81,4.45,S0040,0,6,7,0,premium,251,42,4.15
P000598,Sports & Outdoors,38.3,2.91,S0440,0,4,7,1,mid,84,90,3.24
P000599,Automotive,109.81,3.38,S0331,0,7,3,1,mid,1458,56,3.39
P000600,Sports & Outdoors,110.65,3.49,S0363,0,3,5,0,budget,1295,3,2.93
P000601,Home & Kitchen,30.45,3.34,S0361,1,7,6,0,premium,1616,38,3.4
P000602,Toys & Games,47.85,3.12,S0388,1,6,4,1,budget,996,13,2.23
P000603,Health,27.6,3.39,S0255,0,0,7,1,premium,1084,6,3.28
P000604,Beauty,28.28,4.37,S0190,0,3,6,0,budget,93,43,3.74
P000605,Automotive,175.5,4.11,S0118,1,3,6,0,premium,67,7,3.88
P000606,Toys & Games,51.95,4.06,S0154,1,1,3,0,premium,1123,44,4.24
P000607,Health,61.26,1.0,S0376,1,7,7,0,budget,935,190,1.0
P000608,Electronics,581.51,4.0,S0008,0,0,7,0,budget,1471,47,3.88
P000609,Beauty,18.35,1.86,S0073,1,2,7,0,budget,1005,25,1.93
P000610,Home & Kitchen,30.44,2.31,S0394,0,2,5,1,budget,80,27,2.28
P000611,Books,11.67,3.23,S0325,0,3,7,1,mid,1171,99,2.61
P000612,Sports & Outdoors,55.8,3.66,S0081,0,5,3,0,budget,254,22,3.27
P000613,Automotive,18.26,4.27,S0019,1,0,4,0,budget,1599,18,3.55
P000614,Automotive,66.22,3.83,S0114,0,5,6,0,mid,864,10,3.58
P000615,Clothing,32.46,3.23,S0060,0,3,6,1,budget,813,11,2.52
P000616,Beauty,44.81,4.42,S0139,1,4,3,0,mid,104,96,3.85
P000617,Beauty,34.59,3.83,S0417,1,0,4,1,budget,570,18,3.64
P000618,Home & Kitchen,38.36,3.42,S0435,1,6,3,0,budget,67,64,2.86
P000619,Electronics,263.57,3.08,S0144,1,4,3,0,budget,222,71,2.65
P000620,Electronics,285.52,4.74,S0144,1,2,3,0,budget,1060,10,3.99
P000621,Toys & Games,20.18,2.07,S0414,1,6,7,0,budget,888,12,1.94
P000622,Books,13.39,4.64,S0213,0,3,7,1,budget,1025,66,4.13
P000623,Automotive,19.73,3.31,S0107,1,3,6,0,budget,1458,39,2.76
P000624,Home & Kitchen,28.59,3.48,S0374,1,1,3,0,mid,1457,26,2.94
P000625,Automotive,48.04,3.33,S0246,0,3,6,0,mid,1590,57,3.04
P000626,Home & Kitchen,57.5,3.56,S0447,0,1,5,0,mid,167,111,2.89
P000627,Toys & Games,18.15,2.94,S0439,0,5,6,0,premium,162,31,2.63
P000628,Electronics,135.95,3.75,S0396,0,2,5,0,mid,1618,16,3.38
P000629,Books,8.63,3.56,S0487,0,0,3,0,budget,1570,38,3.25
P000630,Toys & Games,35.46,4.07,S0268,1,5,7,0,mid,62,12,3.5
P000631,Food & Grocery,28.4,2.92,S0274,1,6,7,0,mid,82,39,2.81
P000632,Toys & Games,40.74,4.3,S0002,1,6,7,0,mid,563,33,4.16
P000633,Electronics,186.38,4.13,S0085,0,3,6,0,budget,1001,12,3.91
P000634,Home & Kitchen,21.82,3.59,S0079,1,2,7,1,mid,116,20,3.29
P000635,Electronics,127.53,3.21,S0461,1,1,3,0,budget,823,22,2.46
P000636,Electronics,144.89,3.99,S0127,1,3,5,0,budget,462,79,4.09
P000637,Beauty,21.98,3.9,S0312,0,0,4,0,mid,1659,11,3.53
P000638,Beauty,29.29,3.38,S0207,1,7,5,0,premium,1472,12,3.14
P000639,Toys & Games,75.27,1.5,S0383,0,1,3,0,premium,956,21,1.14
P000640,Health,61.86,3.44,S0182,0,6,7,0,premium,251,65,3.03
P000641,Beauty,15.48,3.2,S0469,1,3,4,1,mid,497,79,3.23
P000642,Toys & Games,48.08,3.98,S0258,0,5,3,0,mid,387,45,3.82
P000643,Electronics,271.66,4.45,S0122,1,7,3,0,budget,1550,78,3.91
P000644,Clothing,27.74,4.56,S0207,1,3,3,1,mid,1112,133,4.56
P000645,Sports & Outdoors,108.17,2.2,S0183,1,7,6,0,mid,639,40,1.68
P000646,Health,34.51,3.4,S0364,0,2,7,0,budget,68,12,2.56
P000647,Electronics,79.39,2.81,S0162,1,2,3,0,budget,1500,30,1.95
P000648,Books,23.65,3.73,S0027,0,5,3,0,premium,1096,6,3.6
P000649,Beauty,31.89,4.69,S0392,0,1,7,0,budget,456,53,4.01
P000650,Electronics,161.38,4.45,S0498,1,0,4,1,budget,1613,18,3.96
P000651,Home & Kitchen,53.78,1.4,S0126,1,2,3,0,premium,1367,37,1.59
P000652,Health,24.68,4.53,S0422,1,4,3,0,budget,153,29,4.18
P000653,Beauty,40.38,3.13,S0020,1,3,6,0,premium,43,20,2.46
P000654,Clothing,43.84,4.09,S0168,0,0,3,1,budget,40,43,4.17
P000655,Health,41.99,4.0,S0006,1,4,5,1,budget,508,28,3.51
P000656,Home & Kitchen,68.14,2.81,S0199,0,4,7,1,budget,748,15,2.51
P000657,Health,19.01,4.46,S0305,0,2,5,0,budget,1674,8,3.8
P000658,Clothing,26.31,4.14,S0482,1,4,3,0,mid,1532,50,3.39
P000659,Sports & Outdoors,17.26,3.68,S0421,1,2,6,0,mid,1796,7,3.38
P000660,Home & Kitchen,77.18,3.53,S0468,0,0,5,0,mid,1685,285,2.74
P000661,Clothing,21.74,3.02,S0327,0,5,4,0,mid,37,155,2.69
P000662,Health,41.15,4.01,S0197,1,3,4,0,budget,1448,4,4.08
P000663,Clothing,56.22,2.25,S0454,0,7,6,0,mid,1664,70,2.25
P000664,Electronics,265.54,3.41,S0030,0,1,5,0,budget,1179,129,3.13
P000665,Home & Kitchen,26.71,3.72,S0408,0,0,5,0,budget,1734,16,3.02
P000666,Beauty,26.93,3.84,S0494,0,6,6,0,premium,785,50,3.44
P000667,Toys & Games,87.17,3.97,S0012,0,6,4,0,premium,1425,28,3.33
P000668,Automotive,209.78,3.02,S0327,0,7,6,0,budget,1426,75,3.15
P000669,Clothing,81.37,3.76,S0438,1,7,3,0,budget,431,19,3.24
P000670,Home & Kitchen,67.35,3.74,S0347,0,2,5,1,mid,1369,111,3.13
P000671,Electronics,101.22,3.01,S0488,1,5,5,1,mid,871,27,2.64
P000672,Books,27.7,1.83,S0138,0,0,5,0,premium,355,22,1.41
P000673,Automotive,68.22,3.58,S0320,1,3,4,0,mid,220,72,3.29
P000674,Beauty,39.19,1.81,S0410,0,7,3,0,budget,1296,97,2.18
P000675,Sports & Outdoors,44.46,4.03,S0035,0,5,7,0,mid,1468,2,3.63
P000676,Home & Kitchen,49.58,2.64,S0279,0,6,5,0,budget,1432,1,2.1
P000677,Food & Grocery,24.28,3.93,S0481,1,7,6,0,mid,1747,49,3.49
P000678,Books,20.87,3.91,S0236,0,6,7,0,mid,1624,14,3.14
P000679,Electronics,248.79,4.56,S0408,1,5,5,0,premium,357,6,4.97
P000680,Home & Kitchen,38.85,4.04,S0371,1,2,7,0,budget,1321,21,4.18
P000681,Electronics,82.63,3.26,S0135,1,4,5,0,mid,421,1089,3.31
P000682,Clothing,119.29,2.87,S0186,0,0,3,0,budget,1326,6,2.81
P000683,Electronics,823.78,3.66,S0246,0,4,7,0,premium,793,95,3.24
P000684,Home & Kitchen,71.94,4.74,S0215,1,7,7,0,budget,1625,13,4.22
P000685,Sports & Outdoors,29.37,4.49,S0298,0,1,5,0,budget,250,5,3.97
P000686,Home & Kitchen,34.58,4.86,S0327,1,3,7,1,budget,373,15,5.0
P000687,Home & Kitchen,74.65,3.88,S0207,1,7,6,0,mid,1128,6,3.43
P000688,Food & Grocery,49.19,2.75,S0320,0,2,7,0,budget,1003,5,2.31
P000689,Beauty,13.52,3.4,S0330,0,4,3,0,mid,1551,13,3.03
P000690,Books,16.71,4.15,S0486,0,6,7,0,budget,1611,8,3.89
P000691,Clothing,50.61,4.12,S0409,1,6,4,0,mid,493,27,2.66
P000692,Health,63.84,2.57,S0282,1,5,7,0,premium,1148,40,2.43
P000693,Clothing,36.62,4.51,S0089,1,0,7,0,budget,1371,12,3.3
P000694,Clothing,17.61,3.09,S0161,0,0,3,0,mid,1678,70,3.22
P000695,Health,55.16,3.66,S0166,1,6,6,0,mid,657,14,2.78
P000696,Books,35.35,4.29,S0144,1,7,4,1,mid,119,27,3.62
P000697,Beauty,26.65,3.83,S0474,1,2,4,1,budget,651,2,2.87
P000698,Sports & Outdoors,82.89,3.62,S0268,1,4,7,0,budget,408,36,3.8
P000699,Sports & Outdoors,48.9,2.54,S0495,1,0,5,1,mid,114,493,2.28
P000700,Clothing,27.09,4.29,S0060,0,1,5,1,budget,421,85,4.53
P000701,Clothing,83.31,3.44,S0357,1,3,4,1,budget,372,26,3.69
P000702,Clothing,56.78,3.42,S0295,1,0,6,0,budget,168,8,3.45
P000703,Electronics,248.28,3.57,S0382,0,4,4,1,mid,1390,234,2.79
P000704,Health,93.58,2.99,S0196,1,4,4,0,premium,1132,27,2.74
P000705,Clothing,23.9,3.62,S0260,1,0,6,0,premium,302,14,3.67
P000706,Books,12.92,4.63,S0176,0,4,4,0,mid,740,15,4.28
P000707,Toys & Games,35.18,3.92,S0349,0,3,6,0,premium,1513,398,3.42
P000708,Toys & Games,22.81,3.71,S0097,0,0,7,0,mid,459,28,3.44
P000709,Home & Kitchen,87.99,4.02,S0331,1,1,6,0,mid,448,56,3.75
P000710,Home & Kitchen,49.15,3.67,S0248,0,4,4,1,mid,1318,25,2.86
P000711,Automotive,41.35,4.67,S0399,1,6,3,0,premium,734,30,4.03
P000712,Beauty,29.13,4.12,S0019,1,3,5,0,budget,1226,19,3.9
P000713,Toys & Games,35.44,1.7,S0092,1,5,5,0,mid,371,182,1.79
P000714,Health,66.58,4.81,S0304,1,3,4,0,mid,99,34,4.4
P000715,Toys & Games,40.51,3.8,S0187,1,6,4,0,budget,980,6,3.3
P000716,Clothing,59.34,2.37,S0143,1,7,7,0,premium,807,53,2.08
P000717,Books,21.81,1.25,S0467,1,3,3,0,premium,1527,28,1.0
P000718,Electronics,165.24,2.29,S0453,1,2,4,0,mid,1304,52,2.03
P000719,Sports & Outdoors,42.29,3.89,S0046,1,4,4,1,premium,627,22,3.76
P000720,Food & Grocery,26.16,2.84,S0264,1,7,7,0,budget,212,17,3.28
P000721,Books,14.74,4.82,S0334,1,4,4,0,premium,989,96,3.98
P000722,Home & Kitchen,151.6,4.34,S0391,0,2,4,0,budget,1437,308,4.29
P000723,Electronics,413.92,3.89,S0102,0,6,4,0,budget,564,3,3.62
P000724,Food & Grocery,32.16,3.57,S0426,1,1,7,0,mid,1120,36,2.73
P000725,Electronics,232.16,2.05,S0328,0,2,4,1,mid,88,17,1.82
P000726,Electronics,175.49,3.81,S0440,0,1,4,0,mid,1301,11,3.37
P000727,Clothing,21.12,3.93,S0341,0,7,4,0,mid,1510,2,3.54
P000728,Electronics,162.5,3.68,S0436,1,7,7,1,mid,473,51,3.63
P000729,Home & Kitchen,58.45,4.37,S0015,1,7,6,0,mid,1215,18,4.53
P000730,Books,20.66,2.82,S0113,0,0,5,1,premium,1353,17,2.93
P000731,Clothing,59.64,2.41,S0267,1,7,4,0,budget,452,140,2.23
P000732,Electronics,321.55,1.56,S0152,0,1,3,0,premium,337,19,1.5
P000733,Electronics,122.13,4.07,S0099,0,7,3,0,premium,709,18,4.29
P000734,Home & Kitchen,36.51,3.58,S0354,1,2,4,0,premium,1552,6,2.9
P000735,Electronics,441.81,4.57,S0497,1,2,6,1,mid,681,11,4.49
P000736,Beauty,44.47,4.51,S0269,1,5,6,0,premium,394,192,3.71
P000737,Clothing,35.59,3.77,S0305,0,6,6,0,budget,536,68,2.94
P000738,Clothing,42.2,4.19,S0305,0,3,6,0,budget,504,155,3.96
P000739,Home & Kitchen,51.71,3.06,S0209,0,6,5,1,mid,972,12,2.26
P000740,Home & Kitchen,56.05,4.16,S0339,1,0,4,1,premium,1217,51,3.63
P000741,Electronics,245.66,2.04,S0404,0,7,6,0,premium,516,116,2.25
P000742,Electronics,846.7,4.78,S0058,1,4,3,0,mid,620,66,4.03
P000743,Health,42.58,4.88,S0138,1,4,3,0,mid,894,220,4.93
P000744,Electronics,275.31,3.89,S0085,1,7,7,0,mid,577,53,2.82
P000745,Books,6.54,3.88,S0397,1,0,5,0,budget,832,33,3.81
P000746,Books,13.46,2.87,S0319,1,7,6,0,mid,140,1,2.17
P000747,Clothing,94.06,3.96,S0336,1,1,7,1,budget,703,54,3.51
P000748,Home & Kitchen,70.02,4.02,S0313,1,7,6,0,mid,1481,67,3.68
P000749,Toys & Games,2.3,3.44,S0267,1,5,6,0,budget,805,131,3.01
P000750,Health,56.94,4.34,S0409,1,2,5,1,budget,843,12,3.83
P000751,Clothing,142.25,4.77,S0079,0,0,4,0,mid,1096,31,3.86
P000752,Clothing,13.59,3.26,S0347,1,0,4,0,mid,725,4,3.36
P000753,Clothing,111.98,3.66,S0418,1,0,7,0,premium,776,4,2.93
P000754,Home & Kitchen,10.42,4.69,S0104,1,0,4,0,mid,464,61,3.85
P000755,Beauty,49.16,1.95,S0355,0,4,7,1,budget,1371,151,1.73
P000756,Clothing,44.77,4.27,S0036,1,6,3,1,mid,1012,157,3.63
P000757,Clothing,10.99,4.28,S0082,1,6,4,0,budget,59,56,4.1
P000758,Food & Grocery,28.75,4.11,S0196,0,5,7,0,mid,1020,385,3.54
P000759,Electronics,369.02,3.84,S0500,1,7,5,0,mid,667,20,3.46
P000760,Home & Kitchen,68.42,3.98,S0186,1,5,4,0,budget,34,97,3.62
P000761,Beauty,39.77,2.92,S0215,0,0,3,1,mid,928,6,2.92
P000762,Electronics,144.51,3.88,S0384,1,3,5,1,premium,181,0,3.33
P000763,Electronics,60.55,4.17,S0400,1,6,7,0,budget,371,18,3.25
P000764,Electronics,280.19,3.55,S0336,1,3,4,1,premium,1114,28,2.95
P000765,Food & Grocery,62.86,3.64,S0016,0,2,5,0,mid,940,43,3.62
P000766,Electronics,364.35,4.17,S0437,1,3,4,0,budget,532,26,3.86
P000767,Clothing,13.65,4.86,S0131,1,6,7,0,mid,1565,51,4.26
P000768,Electronics,74.55,4.7,S0253,1,2,6,0,mid,1771,267,4.25
P000769,Electronics,111.36,4.8,S0366,1,2,6,0,mid,195,80,4.24
P000770,Sports & Outdoors,24.99,3.31,S0145,1,3,6,0,budget,469,13,3.22
P000771,Clothing,46.21,3.77,S0343,1,3,5,1,premium,37,1,3.49
P000772,Books,22.79,2.4,S0253,1,1,7,0,premium,299,9,2.08
P000773,Sports & Outdoors,27.56,3.25,S0079,1,2,6,0,mid,674,165,3.2
P000774,Health,60.57,3.97,S0108,0,0,3,0,mid,109,18,3.93
P000775,Electronics,265.34,4.18,S0382,0,6,4,0,mid,1654,74,3.49
P000776,Health,27.35,3.08,S0031,1,1,7,0,mid,1245,71,2.5
P000777,Sports & Outdoors,58.61,3.15,S0191,1,7,4,0,mid,176,30,3.56
P000778,Electronics,57.42,3.93,S0250,0,7,7,0,budget,544,29,3.72
P000779,Toys & Games,26.22,3.38,S0192,0,5,7,0,mid,1294,14,3.54
P000780,Health,38.17,3.02,S0207,1,7,7,0,budget,514,479,2.99
P000781,Clothing,49.79,4.18,S0486,1,6,6,0,premium,871,10,3.9
P000782,Food & Grocery,27.62,3.81,S0017,1,6,3,0,budget,225,127,2.79
P000783,Home & Kitchen,63.68,3.72,S0491,1,2,3,0,mid,1558,89,2.98
P000784,Sports & Outdoors,55.47,4.3,S0361,1,6,5,0,budget,122,69,4.07
P000785,Automotive,89.05,2.96,S0459,1,2,4,0,premium,200,28,2.39
P000786,Home & Kitchen,100.34,3.44,S0323,0,0,7,0,mid,437,5,3.05
P000787,Toys & Games,30.22,3.47,S0472,1,4,7,0,mid,676,8,3.4
P000788,Clothing,54.45,4.58,S0037,1,0,6,0,budget,732,13,4.16
P000789,Toys & Games,28.62,2.94,S0360,1,0,7,1,mid,1254,51,2.77
P000790,Sports & Outdoors,44.09,4.28,S0356,0,0,3,0,mid,1201,96,4.27
P000791,Clothing,61.58,3.38,S0466,1,7,6,0,mid,37,48,3.49
P000792,Home & Kitchen,39.42,4.71,S0042,0,0,7,0,mid,209,45,4.22
P000793,Clothing,56.73,2.79,S0255,1,3,7,0,mid,592,115,2.89
P000794,Electronics,188.16,3.76,S0259,1,5,7,0,budget,678,2,3.1
P000795,Electronics,154.16,2.88,S0048,1,6,7,0,budget,1397,2,2.66
P000796,Home & Kitchen,45.17,4.6,S0312,0,0,6,0,mid,1786,5,4.31
P000797,Electronics,136.39,2.06,S0241,0,7,3,1,mid,474,100,1.82
P000798,Electronics,68.92,4.67,S0250,1,7,5,1,mid,1235,2,4.14
P000799,Beauty,35.23,3.62,S0342,0,7,7,0,mid,516,32,2.92
P000800,Beauty,32.17,3.94,S0374,1,5,6,0,mid,1798,11,3.54
P000801,Beauty,46.62,3.41,S0332,1,4,4,0,mid,1132,39,2.59
P000802,Clothing,32.71,1.84,S0193,1,1,6,0,mid,170,27,1.62
P000803,Health,118.49,3.49,S0482,0,0,3,0,premium,195,44,3.16
P000804,Sports & Outdoors,51.76,3.87,S0107,0,6,4,1,budget,746,20,3.71
P000805,Electronics,109.43,1.98,S0170,0,6,6,0,budget,815,77,1.43
P000806,Electronics,101.92,4.21,S0244,0,6,6,0,budget,437,191,3.89
P000807,Beauty,9.89,4.66,S0157,1,4,5,0,budget,172,151,4.36
P000808,Electronics,464.02,4.54,S0172,0,4,4,1,mid,1696,21,4.08
P000809,Books,40.98,2.24,S0464,1,1,5,1,premium,1245,11,2.15
P000810,Automotive,107.55,3.2,S0076,0,0,3,0,mid,1632,41,2.96
P000811,Electronics,108.06,3.92,S0256,1,1,7,0,premium,537,354,2.75
P000812,Electronics,548.46,3.92,S0236,1,3,7,0,budget,1037,31,3.25
P000813,Automotive,60.73,3.78,S0044,1,2,6,0,budget,1155,90,4.04
P000814,Sports & Outdoors,55.31,2.1,S0101,1,4,4,0,budget,573,84,2.09
P000815,Electronics,438.22,3.2,S0137,1,6,3,1,mid,1170,83,2.7
P000816,Health,56.43,2.78,S0236,0,5,3,0,mid,994,152,2.61
P000817,Health,142.34,1.2,S0209,0,6,4,0,budget,1546,6,1.29
P000818,Books,20.9,4.43,S0297,1,2,7,0,budget,1571,10,4.45
P000819,Sports & Outdoors,51.22,3.18,S0189,1,7,4,0,premium,1673,35,2.75
P000820,Clothing,31.17,4.74,S0392,0,6,6,0,budget,1045,144,4.09
P000821,Electronics,61.08,4.53,S0184,1,2,3,0,budget,128,144,3.93
P000822,Sports & Outdoors,54.99,3.3,S0427,1,2,7,0,mid,1384,31,2.8
P000823,Clothing,89.43,4.14,S0500,0,7,3,1,mid,760,109,3.54
P000824,Sports & Outdoors,93.1,3.53,S0335,0,7,4,1,mid,1247,19,3.23
P000825,Toys & Games,32.39,2.63,S0051,1,3,3,0,mid,1210,12,2.24
P000826,Electronics,101.84,4.04,S0447,0,0,6,0,premium,202,6,3.62
P000827,Sports & Outdoors,74.48,3.51,S0409,1,4,3,0,premium,369,28,3.72
P000828,Clothing,82.63,3.91,S0279,0,6,3,0,mid,1371,21,3.23
P000829,Health,49.21,2.86,S0170,0,3,4,0,premium,1013,110,2.68
P000830,Clothing,49.73,1.79,S0356,1,1,3,1,mid,399,65,1.27
P000831,Sports & Outdoors,40.29,3.96,S0308,1,5,4,0,premium,1538,35,3.84
P000832,Books,30.29,3.89,S0386,0,6,4,0,mid,1570,35,3.84
P000833,Home & Kitchen,8.4,3.6,S0323,0,6,7,0,budget,424,20,2.98
P000834,Beauty,35.23,4.43,S0413,0,6,5,1,mid,578,3,3.78
P000835,Beauty,130.9,4.17,S0484,1,3,5,0,premium,372,8,3.95
P000836,Books,7.28,2.14,S0376,1,2,6,1,premium,1028,85,1.84
P000837,Beauty,24.22,3.14,S0159,1,1,3,1,budget,1389,28,3.25
P000838,Automotive,74.64,2.66,S0452,1,0,3,0,mid,535,6,2.03
P000839,Home & Kitchen,41.67,2.09,S0414,1,6,3,0,premium,62,170,2.2
P000840,Books,33.52,2.97,S0237,1,7,7,0,mid,45,254,3.34
P000841,Electronics,245.63,4.13,S0030,0,5,6,0,mid,496,140,3.83
P000842,Toys & Games,35.06,2.14,S0477,1,7,7,0,premium,1410,55,1.73
P000843,Books,29.04,4.85,S0271,0,2,7,0,mid,671,46,4.13
P000844,Home & Kitchen,55.56,2.77,S0201,1,6,3,1,budget,1295,32,2.44
P000845,Electronics,1246.72,3.66,S0304,1,3,3,0,budget,1635,40,3.5
P000846,Health,41.61,2.68,S0036,1,3,7,0,mid,1664,70,1.96
P000847,Home & Kitchen,61.84,4.08,S0413,0,5,5,0,mid,579,77,3.58
P000848,Beauty,10.03,3.23,S0092,0,1,6,0,premium,1043,57,2.95
P000849,Electronics,133.52,2.91,S0129,1,3,4,0,mid,1319,0,3.09
P000850,Automotive,149.29,3.04,S0280,0,3,5,0,budget,363,131,3.29
P000851,Electronics,83.02,3.1,S0333,1,3,7,0,premium,1261,42,2.75
P000852,Clothing,12.33,3.57,S0008,1,5,5,0,budget,332,6,2.88
P000853,Health,38.74,4.53,S0291,0,2,6,0,budget,1030,41,4.12
P000854,Food & Grocery,50.07,3.61,S0079,1,1,6,0,mid,719,47,3.3
P000855,Clothing,46.16,3.95,S0478,0,4,7,0,mid,707,5,3.91
P000856,Home & Kitchen,44.95,4.39,S0188,0,0,4,0,budget,615,15,3.82
P000857,Beauty,9.18,4.37,S0246,0,7,7,0,mid,895,8,3.64
P000858,Health,49.85,3.12,S0313,1,7,6,0,premium,752,10,2.8
P000859,Home & Kitchen,81.79,3.45,S0079,1,3,7,0,mid,491,65,3.0
P000860,Books,6.18,2.7,S0083,0,5,4,1,budget,428,15,2.32
P000861,Beauty,55.31,4.55,S0480,1,4,3,0,premium,892,37,3.83
P000862,Beauty,44.33,2.13,S0288,1,5,3,1,budget,1779,80,1.54
P000863,Toys & Games,63.13,4.71,S0114,0,1,4,1,budget,1181,19,4.42
P000864,Books,25.55,3.43,S0332,0,7,5,1,budget,181,84,3.17
P000865,Electronics,273.85,4.58,S0447,1,7,4,0,budget,157,168,3.88
P000866,Health,51.94,3.64,S0382,0,4,4,0,budget,1338,91,3.52
P000867,Health,63.99,3.24,S0201,1,7,7,1,budget,996,68,2.36
P000868,Toys & Games,10.75,3.86,S0331,0,2,6,0,mid,1034,92,3.35
P000869,Electronics,75.17,4.16,S0448,1,6,6,0,budget,688,53,3.81
P000870,Clothing,28.94,3.01,S0126,1,7,6,0,budget,1013,91,3.04
P000871,Beauty,25.9,4.73,S0396,1,5,7,0,mid,1066,8,4.09
P000872,Electronics,233.51,4.24,S0499,1,7,4,0,mid,1115,30,4.15
P000873,Automotive,91.13,4.58,S0173,1,1,7,0,mid,1699,53,3.93
P000874,Home & Kitchen,107.51,4.51,S0445,0,0,7,0,budget,1630,30,4.31
P000875,Beauty,55.77,4.62,S0012,1,4,4,0,mid,1508,667,4.66
P000876,Health,22.51,3.07,S0187,0,2,4,0,premium,1225,26,2.46
P000877,Home & Kitchen,63.46,2.19,S0139,1,5,3,0,budget,1244,3,2.02
P000878,Clothing,27.06,4.42,S0015,1,2,6,1,mid,509,35,4.14
P000879,Sports & Outdoors,58.06,3.05,S0302,0,6,4,1,mid,1558,89,2.37
P000880,Sports & Outdoors,78.84,2.47,S0265,0,0,4,0,mid,506,11,2.35
P000881,Home & Kitchen,7.11,3.65,S0190,1,7,6,0,budget,248,31,3.12
P000882,Sports & Outdoors,276.2,3.18,S0433,1,1,3,1,budget,1495,30,2.61
P000883,Food & Grocery,30.9,3.01,S0125,1,2,3,0,mid,761,30,2.58
P000884,Home & Kitchen,38.47,2.61,S0411,0,0,7,1,mid,876,16,2.2
P000885,Clothing,143.03,3.89,S0318,0,5,3,0,premium,1145,123,3.74
P000886,Home & Kitchen,44.65,4.87,S0449,0,5,7,0,budget,1277,446,4.38
P000887,Home & Kitchen,59.55,4.27,S0004,0,7,6,0,budget,171,12,4.54
P000888,Electronics,138.11,4.03,S0485,0,0,4,0,mid,695,6,3.47
P000889,Electronics,498.47,3.4,S0002,0,3,5,0,mid,1420,19,3.2
P000890,Beauty,26.29,4.1,S0357,0,7,4,0,mid,1336,179,3.64
P000891,Clothing,49.22,1.38,S0377,1,0,5,0,budget,1143,24,1.0
P000892,Food & Grocery,45.3,2.74,S0082,1,4,6,0,mid,780,51,2.94
P000893,Clothing,63.93,4.25,S0018,0,1,7,0,premium,657,11,3.86
P000894,Electronics,179.06,4.51,S0019,0,2,4,0,premium,902,281,3.82
P000895,Beauty,54.51,3.67,S0065,0,6,5,1,premium,351,23,3.42
P000896,Health,174.28,2.77,S0076,1,6,7,1,mid,1673,44,2.8
P000897,Clothing,54.44,3.54,S0484,0,0,3,0,premium,364,12,2.93
P000898,Clothing,48.27,2.27,S0101,1,5,3,1,mid,905,11,2.06
P000899,Clothing,49.85,4.76,S0403,1,3,6,0,budget,1369,32,4.6
P000900,Books,39.51,3.34,S0031,1,6,3,0,premium,427,37,3.06
P000901,Home & Kitchen,38.39,3.24,S0328,1,6,7,0,budget,1779,93,3.08
P000902,Clothing,38.08,4.09,S0227,1,7,3,0,budget,970,4,3.6
P000903,Electronics,73.54,3.5,S0271,0,0,6,0,budget,309,10,2.68
P000904,Books,8.85,2.58,S0392,0,6,4,1,mid,45,14,2.25
P000905,Food & Grocery,16.12,4.16,S0105,1,7,7,0,mid,581,38,3.58
P000906,Sports & Outdoors,62.85,3.34,S0003,1,6,7,0,mid,523,8,2.97
P000907,Books,52.03,4.57,S0111,0,3,6,1,budget,118,29,3.95
P000908,Electronics,255.18,3.57,S0402,0,5,6,0,budget,1099,15,3.26
P000909,Clothing,26.03,4.12,S0296,0,0,4,0,budget,945,28,3.6
P000910,Clothing,29.07,3.36,S0463,1,3,3,1,budget,155,13,3.27
P000911,Toys & Games,73.01,3.35,S0418,1,6,4,1,budget,1498,9,3.2
P000912,Health,74.71,4.14,S0076,0,5,3,0,budget,836,46,3.45
P000913,Health,38.65,3.54,S0029,1,2,6,0,premium,1072,125,3.56
P000914,Automotive,57.51,4.38,S0011,0,4,4,0,premium,1089,87,3.73
P000915,Automotive,147.3,3.27,S0095,1,0,5,0,mid,1513,125,2.61
P000916,Food & Grocery,12.12,3.63,S0240,0,7,6,0,mid,430,144,3.58
P000917,Electronics,234.06,3.53,S0009,1,4,6,1,premium,104,27,3.0
P000918,Electronics,723.39,3.68,S0435,1,4,5,0,mid,415,312,3.34
P000919,Clothing,50.9,4.03,S0240,1,2,6,0,premium,1235,82,3.24
P000920,Books,11.3,4.24,S0369,1,1,3,0,premium,1213,10,3.71
P000921,Electronics,236.65,2.89,S0437,1,2,4,0,budget,579,14,2.57
P000922,Health,28.66,2.43,S0018,1,3,6,0,budget,1754,39,2.07
P000923,Sports & Outdoors,28.16,4.22,S0217,1,3,6,0,budget,1252,95,3.64
P000924,Books,27.41,2.71,S0337,1,3,6,0,mid,574,25,2.45
P000925,Electronics,361.79,4.31,S0499,1,4,7,1,premium,1772,10,4.18
P000926,Clothing,37.34,3.02,S0409,1,3,7,0,budget,397,85,2.44
P000927,Electronics,147.53,3.92,S0109,0,2,3,1,premium,83,8,2.77
P000928,Health,21.34,3.71,S0136,1,4,5,1,mid,1771,47,3.71
P000929,Sports & Outdoors,59.41,4.79,S0400,0,1,7,1,mid,804,34,4.11
P000930,Beauty,19.98,3.9,S0327,1,7,4,0,mid,1507,6,3.34
P000931,Clothing,24.53,2.89,S0125,1,5,3,0,mid,1549,279,2.44
P000932,Home & Kitchen,171.17,4.62,S0247,0,2,3,0,mid,1686,33,3.76
P000933,Home & Kitchen,72.76,4.02,S0465,0,5,6,0,mid,1374,7,3.5
P000934,Toys & Games,45.11,4.24,S0103,0,7,7,0,mid,111,35,3.73
P000935,Toys & Games,54.37,3.87,S0165,1,6,6,0,budget,994,4,3.61
P000936,Clothing,71.47,4.51,S0451,1,6,3,0,mid,1682,51,3.89
P000937,Food & Grocery,17.17,3.97,S0337,1,1,5,1,mid,1384,93,2.84
P000938,Electronics,217.87,3.01,S0112,1,1,4,0,premium,1513,847,2.31
P000939,Health,32.34,4.65,S0144,0,4,7,0,budget,1422,37,4.52
P000940,Electronics,240.67,4.23,S0421,1,2,5,0,budget,560,15,3.55
P000941,Clothing,55.24,3.95,S0141,1,0,4,1,mid,1403,42,3.72
P000942,Health,30.2,3.14,S0351,1,7,5,0,premium,1134,186,2.61
P000943,Electronics,83.33,2.67,S0248,1,2,6,0,mid,1057,60,2.65
P000944,Home & Kitchen,60.04,3.29,S0111,1,6,5,0,budget,334,89,2.99
P000945,Home & Kitchen,48.66,2.91,S0185,1,5,5,1,mid,221,82,2.18
P000946,Clothing,14.48,3.74,S0356,0,1,6,1,mid,769,60,3.01
P000947,Beauty,37.97,3.88,S0402,1,1,4,0,mid,467,6,3.05
P000948,Health,67.82,4.6,S0014,1,4,3,0,mid,1096,5,4.41
P000949,Health,173.23,4.43,S0453,1,4,7,0,mid,587,4,3.61
P000950,Clothing,35.59,3.29,S0119,1,2,6,0,budget,225,7,2.85
P000951,Books,13.03,2.31,S0325,1,1,6,0,budget,90,9,2.05
P000952,Clothing,23.13,4.28,S0143,0,5,7,1,mid,1740,308,3.92
P000953,Clothing,51.0,3.43,S0134,1,1,6,0,budget,220,14,2.95
P000954,Electronics,208.88,1.58,S0445,1,1,3,0,budget,1674,37,1.0
P000955,Food & Grocery,13.52,3.35,S0351,0,3,7,0,mid,1021,24,2.65
P000956,Health,34.21,4.82,S0458,1,2,3,0,mid,1565,41,4.02
P000957,Toys & Games,9.76,3.41,S0011,1,3,6,1,mid,1642,36,2.27
P000958,Books,31.38,4.09,S0136,0,3,7,0,premium,257,7,3.81
P000959,Books,11.34,1.31,S0025,1,4,5,0,budget,988,67,1.33
P000960,Books,17.63,3.45,S0238,1,4,4,0,budget,1214,14,2.78
P000961,Books,7.65,1.77,S0231,0,0,7,0,premium,1146,14,1.98
P000962,Home & Kitchen,38.78,4.03,S0491,0,1,5,1,budget,1606,22,3.6
P000963,Electronics,156.43,4.7,S0116,1,4,7,0,premium,328,87,4.48
P000964,Electronics,183.75,4.3,S0333,0,5,4,1,budget,273,15,4.1
P000965,Food & Grocery,29.34,3.38,S0498,1,0,3,0,mid,1506,36,3.0
P000966,Books,42.68,2.41,S0035,0,6,5,0,mid,1175,53,1.56
P000967,Food & Grocery,34.15,2.3,S0223,1,0,4,0,mid,1655,45,2.13
P000968,Electronics,329.53,4.03,S0196,1,5,6,0,mid,391,42,3.78
P000969,Books,42.86,4.52,S0014,0,1,4,0,budget,130,6,3.87
P000970,Clothing,63.34,4.41,S0211,1,7,6,1,budget,1251,38,4.02
P000971,Clothing,44.02,2.43,S0127,0,5,4,1,mid,1371,11,2.18
P000972,Electronics,338.94,4.57,S0154,1,6,4,0,premium,1176,4,3.83
P000973,Electronics,352.19,3.46,S0107,0,6,6,0,mid,115,19,3.08
P000974,Food & Grocery,32.47,3.45,S0260,1,0,4,0,mid,1572,17,2.95
P000975,Clothing,18.8,3.6,S0200,1,6,4,1,premium,477,1155,3.35
P000976,Sports & Outdoors,39.23,3.47,S0369,1,0,5,0,mid,889,106,2.95
P000977,Home & Kitchen,46.64,2.94,S0177,1,4,4,1,mid,70,84,2.43
P000978,Home & Kitchen,87.8,3.17,S0346,0,5,4,1,budget,1373,20,2.36
P000979,Books,17.77,4.4,S0264,0,7,4,0,mid,1475,26,4.62
P000980,Clothing,89.01,3.05,S0176,0,5,6,0,budget,369,724,2.61
P000981,Automotive,165.11,3.98,S0412,1,5,4,0,budget,168,15,3.24
P000982,Toys & Games,65.71,4.11,S0369,1,7,6,0,budget,1167,44,3.88
P000983,Beauty,57.72,4.73,S0263,1,0,4,0,budget,1011,301,4.31
P000984,Home & Kitchen,29.52,3.52,S0268,0,0,7,0,mid,1582,13,3.33
P000985,Electronics,247.14,2.12,S0382,0,1,7,0,budget,549,39,2.1
P000986,Food & Grocery,15.28,1.8,S0385,1,1,3,1,mid,1309,32,1.95
P000987,Home & Kitchen,20.45,4.37,S0357,1,3,3,0,mid,1530,11,3.61
P000988,Electronics,155.69,3.96,S0057,1,6,3,0,budget,1585,83,3.61
P000989,Home & Kitchen,121.78,3.14,S0116,1,3,3,0,budget,179,8,2.35
P000990,Toys & Games,42.19,2.69,S0203,1,7,6,0,budget,1144,84,2.33
P000991,Sports & Outdoors,218.13,4.47,S0288,1,5,4,1,mid,640,55,4.22
P000992,Beauty,31.14,3.0,S0198,0,3,5,1,mid,1005,97,2.43
P000993,Toys & Games,138.99,3.89,S0415,1,6,4,0,budget,1217,26,4.17
P000994,Clothing,50.06,3.08,S0176,1,3,3,0,budget,1649,52,2.78
P000995,Food & Grocery,22.3,4.34,S0273,1,0,3,1,budget,860,113,3.36
P000996,Home & Kitchen,25.53,4.65,S0350,1,6,7,0,premium,602,6,4.4
P000997,Sports & Outdoors,126.56,4.31,S0189,0,1,5,0,premium,369,7,4.55
P000998,Electronics,136.88,2.72,S0279,0,3,6,0,mid,1354,66,1.78
P000999,Automotive,50.87,3.5,S0364,1,1,3,1,premium,632,88,3.36
P001000,Clothing,97.07,3.72,S0193,1,6,5,1,budget,1256,38,3.05
P001001,Electronics,370.66,3.58,S0486,0,5,6,0,mid,503,99,3.21
P001002,Home & Kitchen,108.48,3.82,S0269,0,7,6,0,mid,1471,21,3.05
P001003,Electronics,148.87,4.03,S0394,0,6,6,0,mid,1212,151,3.88
P001004,Electronics,179.43,2.71,S0353,1,2,5,0,mid,910,30,2.34
P001005,Sports & Outdoors,62.71,2.97,S0408,1,2,6,1,mid,1780,13,3.02
P001006,Home & Kitchen,87.96,3.37,S0338,1,2,4,0,premium,903,183,2.72
P001007,Food & Grocery,55.88,3.21,S0270,1,1,6,0,budget,986,89,2.83
P001008,Clothing,56.12,3.04,S0381,0,7,4,0,budget,90,19,2.04
P001009,Beauty,91.57,4.17,S0234,1,0,6,1,mid,1177,19,4.53
P001010,Home & Kitchen,94.22,2.18,S0426,1,3,5,0,budget,1678,68,2.54
P001011,Sports & Outdoors,56.46,4.66,S0251,1,2,5,1,budget,1060,9,4.85
P001012,Sports & Outdoors,106.87,2.27,S0370,1,0,5,0,budget,715,48,2.5
P001013,Home & Kitchen,153.07,3.87,S0104,0,6,5,0,mid,1175,27,3.31
P001014,Food & Grocery,72.97,4.01,S0091,1,4,6,0,mid,1007,42,3.6
P001015,Home & Kitchen,112.11,4.47,S0283,1,7,4,1,mid,405,2,4.11
P001016,Electronics,187.87,3.88,S0424,0,4,5,0,mid,380,11,3.6
P001017,Beauty,24.59,3.91,S0367,1,3,5,0,budget,1618,44,3.19
P001018,Health,53.69,3.19,S0167,1,1,3,1,mid,1120,117,2.53
P001019,Electronics,505.09,2.93,S0428,1,4,7,1,budget,1599,28,2.24
P001020,Home & Kitchen,71.35,3.99,S0333,1,5,6,0,budget,642,78,3.46
P001021,Health,49.91,4.58,S0279,1,0,3,0,mid,1721,5,4.03
P001022,Beauty,28.88,4.57,S0496,0,1,3,0,budget,1065,19,3.98
P001023,Automotive,61.61,3.53,S0390,1,2,7,1,budget,1563,46,3.25
P001024,Books,16.33,4.6,S0148,0,0,7,1,premium,1331,30,3.73
P001025,Sports & Outdoors,70.5,4.28,S0033,0,0,6,0,mid,1672,82,3.6
P001026,Clothing,126.16,3.2,S0136,1,1,6,1,premium,1109,24,2.65
P001027,Food & Grocery,19.05,4.14,S0089,1,2,7,1,mid,1393,24,3.97
P001028,Home & Kitchen,56.76,2.15,S0092,1,4,5,1,budget,84,72,1.99
P001029,Beauty,16.66,4.75,S0262,1,6,3,0,mid,979,17,4.38
P001030,Home & Kitchen,84.55,4.84,S0493,1,6,5,0,premium,1456,11,4.08
P001031,Books,40.87,4.75,S0325,1,3,4,0,premium,1478,57,4.29
P001032,Beauty,74.21,3.95,S0214,1,4,3,0,mid,1022,10,3.32
P001033,Books,20.34,2.44,S0125,1,0,7,0,budget,1702,181,1.97
P001034,Health,53.63,2.69,S0392,1,6,6,1,mid,451,3,2.53
P001035,Home & Kitchen,50.16,3.73,S0275,0,1,7,0,budget,1435,23,3.16
P001036,Sports & Outdoors,89.23,3.97,S0025,1,0,3,1,budget,602,233,3.54
P001037,Home & Kitchen,66.4,3.23,S0234,0,4,7,0,budget,487,354,2.83
P001038,Home & Kitchen,56.96,3.46,S0091,1,2,6,0,budget,1465,29,2.76
P001039,Home & Kitchen,59.74,3.14,S0250,1,3,5,0,mid,1457,124,2.65
P001040,Electronics,242.62,3.63,S0032,0,3,3,0,premium,1687,83,3.1
P001041,Electronics,155.07,3.94,S0107,1,5,6,1,mid,787,18,3.43
P001042,Sports & Outdoors,56.2,2.7,S0408,0,6,5,0,mid,1469,58,1.89
P001043,Sports & Outdoors,181.06,4.01,S0085,1,4,6,0,premium,1390,11,3.39
P001044,Sports & Outdoors,330.54,4.55,S0054,1,4,3,0,budget,1598,5,4.37
P001045,Electronics,89.81,4.33,S0111,1,6,6,0,mid,583,60,4.03
P001046,Clothing,21.14,3.61,S0462,1,6,3,0,mid,897,65,3.13
P001047,Clothing,25.34,4.28,S0475,0,1,3,0,budget,1282,7,3.5
P001048,Toys & Games,30.08,4.18,S0332,1,2,5,0,mid,767,27,3.79
P001049,Health,65.04,3.62,S0391,1,3,3,0,mid,1798,7,3.55
P001050,Clothing,64.16,3.47,S0455,1,7,6,0,premium,1479,19,3.58
P001051,Sports & Outdoors,72.07,4.32,S0148,1,4,5,0,mid,67,19,3.73
P001052,Electronics,254.1,4.31,S0205,1,6,4,0,mid,728,80,3.56
P001053,Clothing,29.71,1.89,S0014,0,6,4,1,mid,980,18,1.85
P001054,Electronics,159.79,4.05,S0263,0,7,5,0,premium,1279,7,3.75
P001055,Clothing,44.46,4.34,S0463,0,4,5,0,mid,984,259,3.91
P001056,Beauty,10.82,4.28,S0014,1,2,6,0,budget,1115,59,3.66
P001057,Food & Grocery,10.96,4.22,S0356,0,3,5,1,mid,1064,97,3.41
P001058,Clothing,22.96,2.06,S0233,0,0,5,1,premium,300,68,2.06
P001059,Books,28.47,2.27,S0483,1,5,6,0,mid,659,102,2.31
P001060,Beauty,32.44,1.58,S0296,0,4,5,0,mid,576,55,1.31
P001061,Food & Grocery,31.74,2.45,S0203,1,1,4,0,mid,685,57,2.72
P001062,Sports & Outdoors,21.55,4.75,S0051,1,3,4,0,mid,406,38,4.35
P001063,Clothing,18.48,4.19,S0281,0,5,5,0,mid,1721,19,3.72
P001064,Sports & Outdoors,96.77,4.28,S0491,1,6,3,1,mid,252,95,3.5
P001065,Clothing,8.49,3.92,S0007,0,6,4,0,budget,618,24,3.02
P001066,Automotive,156.38,3.45,S0003,0,0,3,1,mid,773,38,2.95
P001067,Home & Kitchen,18.42,3.87,S0446,0,2,5,0,mid,1131,51,3.59
P001068,Beauty,46.44,4.22,S0134,0,4,7,0,premium,381,57,4.5
P001069,Electronics,108.55,2.43,S0304,0,0,7,0,budget,1283,9,2.21
P001070,Home & Kitchen,103.2,3.13,S0308,1,1,3,0,mid,156,42,2.99
P001071,Health,260.47,3.02,S0241,1,7,7,1,budget,133,9,2.47
P001072,Sports & Outdoors,16.62,3.87,S0249,0,4,3,0,mid,396,41,3.55
P001073,Home & Kitchen,83.48,3.57,S0344,1,4,7,0,premium,420,84,3.24
P001074,Food & Grocery,7.43,1.11,S0120,1,1,4,0,mid,1125,287,1.0
P001075,Health,49.09,3.62,S0090,0,5,3,0,mid,1457,66,3.66
P001076,Clothing,39.75,3.86,S0494,1,7,6,0,budget,1460,93,3.43
P001077,Books,19.46,3.79,S0005,0,7,7,0,premium,349,8,3.74
P001078,Books,10.42,2.69,S0095,1,1,4,0,budget,849,63,2.42
P001079,Sports & Outdoors,103.83,3.87,S0365,1,1,5,0,budget,336,8,3.38
P001080,Clothing,18.87,3.22,S0285,0,4,6,1,budget,1108,140,2.66
P001081,Clothing,94.79,2.79,S0162,1,7,7,0,mid,475,9,2.41
P001082,Food & Grocery,17.21,4.51,S0058,0,0,5,0,premium,1181,10,4.5
P001083,Food & Grocery,9.48,2.6,S0184,1,1,6,0,premium,1399,81,2.07
P001084,Health,98.94,3.07,S0029,1,1,6,0,mid,1183,248,2.96
P001085,Automotive,72.03,3.51,S0277,0,6,6,0,mid,44,117,3.07
P001086,Beauty,87.95,3.93,S0244,1,3,7,0,premium,1776,21,3.71
P001087,Toys & Games,66.59,4.65,S0460,1,5,7,0,mid,832,10,4.25
P001088,Toys & Games,19.82,3.19,S0403,1,0,5,0,mid,1107,19,2.47
P001089,Books,17.11,3.67,S0235,0,1,4,1,premium,1244,38,3.35
P001090,Home & Kitchen,59.14,3.73,S0266,0,4,7,0,premium,996,30,4.01
P001091,Clothing,112.44,2.69,S0345,1,3,5,1,mid,1723,9,2.51
P001092,Sports & Outdoors,84.51,4.37,S0147,1,1,7,1,mid,1564,154,4.21
P001093,Clothing,50.02,3.62,S0301,0,2,7,0,premium,1192,159,3.35
P001094,Clothing,39.91,4.11,S0009,0,5,3,1,mid,1129,317,3.94
P001095,Sports & Outdoors,63.06,2.15,S0470,1,0,3,0,budget,648,4,1.72
P001096,Home & Kitchen,120.31,3.14,S0471,0,6,5,0,premium,840,12,2.79
P001097,Clothing,45.1,4.78,S0445,1,1,3,0,mid,40,44,4.57
P001098,Toys & Games,25.25,4.67,S0106,1,6,6,0,mid,1344,33,4.1
P001099,Health,27.08,3.31,S0395,0,5,3,0,mid,262,19,3.3
P001100,Electronics,132.7,2.22,S0288,0,0,7,0,budget,426,11,1.7
P001101,Electronics,79.77,4.17,S0492,1,6,5,0,budget,1049,10,3.77
P001102,Clothing,28.69,2.47,S0008,0,3,6,1,budget,1220,376,2.15
P001103,Toys & Games,78.63,3.13,S0199,1,2,5,1,mid,89,5,3.61
P001104,Toys & Games,28.27,4.32,S0049,0,0,6,0,mid,1387,5,3.77
P001105,Electronics,282.31,4.61,S0474,1,0,6,0,mid,275,7,4.28
P001106,Toys & Games,7.23,3.68,S0086,0,3,4,1,mid,1160,41,2.71
P001107,Electronics,260.17,4.5,S0020,1,2,7,0,budget,1409,23,3.7
P001108,Home & Kitchen,49.92,4.52,S0057,1,6,7,0,mid,362,54,4.16
P001109,Automotive,56.18,2.39,S0483,0,4,4,0,mid,737,14,2.07
P001110,Clothing,50.16,4.88,S0266,1,0,3,0,mid,941,36,4.32
P001111,Electronics,137.4,2.39,S0054,1,7,5,0,budget,1004,36,2.05
P001112,Home & Kitchen,15.38,4.5,S0199,0,2,6,0,budget,1463,219,3.99
P001113,Sports & Outdoors,113.04,2.36,S0213,1,4,6,0,mid,1719,280,1.61
P001114,Food & Grocery,25.45,2.51,S0401,0,6,4,0,mid,742,27,2.23
P001115,Automotive,62.12,4.26,S0110,1,5,5,1,mid,1083,92,3.77
P001116,Electronics,103.61,4.41,S0059,1,3,6,0,premium,1672,40,4.29
P001117,Electronics,76.59,4.14,S0375,1,0,5,0,mid,1101,83,3.98
P001118,Toys & Games,36.6,3.56,S0216,1,1,6,1,mid,115,52,2.36
P001119,Clothing,118.48,2.46,S0063,1,4,6,0,budget,577,80,1.99
P001120,Health,42.93,4.43,S0215,1,7,3,0,mid,1207,92,4.53
P001121,Sports & Outdoors,28.35,2.77,S0214,1,0,4,0,budget,1774,55,2.76
P001122,Electronics,211.75,4.03,S0116,1,1,6,0,budget,442,39,3.77
P001123,Toys & Games,30.99,4.02,S0101,0,2,6,0,budget,411,115,3.47
P001124,Electronics,310.69,3.48,S0048,1,6,7,0,budget,1178,28,3.35
P001125,Home & Kitchen,79.15,4.63,S0421,1,7,4,1,budget,234,16,3.71
P001126,Books,3.0,4.46,S0006,1,1,3,0,premium,1710,5,3.84
P001127,Books,24.97,4.53,S0255,0,4,4,1,mid,1641,55,4.18
P001128,Beauty,15.33,4.65,S0010,1,7,5,0,mid,1047,76,4.37
P001129,Sports & Outdoors,27.7,4.9,S0403,0,7,3,0,budget,630,4,4.47
P001130,Automotive,66.98,2.8,S0200,1,6,3,0,mid,803,15,2.64
P001131,Automotive,95.97,4.24,S0491,0,6,3,0,premium,1008,81,3.87
P001132,Books,6.73,4.06,S0028,1,2,3,0,budget,1549,27,3.56
P001133,Electronics,282.34,4.51,S0167,1,2,4,1,premium,1308,35,4.46
P001134,Beauty,44.27,3.61,S0198,1,7,7,0,premium,850,99,3.8
P001135,Automotive,77.14,3.35,S0035,0,4,4,0,mid,1158,29,3.0
P001136,Clothing,26.74,3.07,S0219,1,0,4,0,mid,1028,52,2.41
P001137,Home & Kitchen,30.56,2.74,S0230,0,0,5,0,budget,239,9,2.4
P001138,Home & Kitchen,101.79,2.9,S0223,1,6,6,1,budget,573,50,2.64
P001139,Electronics,74.71,4.17,S0267,1,1,4,1,mid,390,6,3.09
P001140,Beauty,53.03,3.98,S0096,0,5,3,0,premium,1002,6,3.98
P001141,Home & Kitchen,49.81,3.08,S0120,1,2,4,0,mid,1747,18,2.58
P001142,Toys & Games,30.21,3.9,S0250,0,1,3,0,budget,1296,63,3.26
P001143,Toys & Games,11.48,3.32,S0323,0,0,3,0,budget,1201,35,2.89
P001144,Toys & Games,29.3,4.7,S0197,1,4,6,0,mid,931,12,4.09
P001145,Home & Kitchen,79.48,3.23,S0229,1,6,3,0,premium,656,94,2.92
P001146,Clothing,20.18,1.85,S0495,1,0,4,0,budget,403,48,1.9
P001147,Beauty,37.77,4.1,S0323,0,5,4,0,budget,1636,116,4.07
P001148,Toys & Games,33.76,1.95,S0023,1,4,7,0,mid,64,11,1.99
P001149,Books,12.23,3.0,S0181,0,6,3,0,budget,1641,185,2.42
P001150,Health,63.46,3.28,S0027,1,4,3,0,budget,415,221,2.92
P001151,Electronics,49.35,2.44,S0438,0,1,5,0,budget,1451,98,2.23
P001152,Health,46.79,3.53,S0413,0,3,6,0,mid,1534,59,3.27
P001153,Electronics,488.83,3.18,S0233,1,7,5,0,budget,1653,60,3.01
P001154,Electronics,438.92,2.63,S0134,0,6,6,0,budget,1727,49,2.39
P001155,Books,22.74,4.12,S0360,0,2,7,1,mid,919,6,3.68
P001156,Electronics,154.37,2.71,S0092,1,7,6,1,mid,1025,16,2.71
P001157,Electronics,126.33,3.24,S0386,1,0,5,0,mid,86,29,2.88
P001158,Electronics,154.25,1.55,S0438,1,4,6,0,mid,1497,9,1.68
P001159,Home & Kitchen,76.22,1.44,S0090,1,6,4,1,mid,1058,185,1.54
P001160,Toys & Games,19.72,4.42,S0267,1,5,4,0,mid,113,60,4.41
P001161,Electronics,291.43,4.27,S0078,1,1,4,0,budget,643,281,3.91
P001162,Sports & Outdoors,233.76,4.07,S0308,1,1,6,0,budget,1540,85,4.1
P001163,Toys & Games,30.83,2.52,S0338,1,5,7,1,mid,709,6,2.18
P001164,Electronics,82.58,3.33,S0004,1,7,5,0,budget,538,158,3.1
P001165,Electronics,82.56,3.05,S0473,1,6,6,0,budget,511,19,2.97
P001166,Health,60.55,3.08,S0131,1,6,6,0,budget,340,170,2.47
P001167,Toys & Games,30.87,2.83,S0232,1,7,4,0,premium,986,202,2.43
P001168,Books,30.46,4.63,S0130,1,7,3,1,premium,520,167,3.97
P001169,Toys & Games,23.23,4.25,S0453,0,6,6,0,budget,1062,120,3.81
P001170,Electronics,304.52,3.56,S0381,0,6,3,1,budget,911,55,3.04
P001171,Home & Kitchen,50.02,3.32,S0495,0,6,3,1,budget,1183,32,3.02
P001172,Beauty,18.04,4.02,S0193,0,2,4,0,budget,1069,318,3.59
P001173,Clothing,35.38,2.15,S0282,0,4,6,0,budget,134,45,1.85
P001174,Beauty,13.65,3.66,S0289,0,1,4,0,budget,42,20,3.34
P001175,Books,59.38,4.63,S0116,1,4,3,0,mid,567,56,3.96
P001176,Beauty,26.43,3.17,S0466,0,4,3,0,premium,637,131,2.59
P001177,Home & Kitchen,80.97,2.08,S0433,1,0,4,1,budget,829,125,1.51
P001178,Home & Kitchen,39.85,3.11,S0493,0,0,3,0,budget,1276,8,2.26
P001179,Clothing,23.94,3.93,S0229,1,7,4,0,mid,1750,121,3.33
P001180,Clothing,39.11,3.28,S0064,0,4,3,0,budget,1358,75,3.11
P001181,Beauty,54.21,4.17,S0080,1,0,7,0,budget,678,21,3.69
P001182,Electronics,135.36,2.15,S0278,0,2,3,0,budget,444,12,1.94
P001183,Electronics,109.73,3.57,S0410,0,7,3,0,mid,660,184,3.09
P001184,Electronics,203.09,4.03,S0350,0,5,3,0,budget,466,207,4.21
P001185,Electronics,249.58,2.9,S0367,1,6,4,0,budget,1021,217,2.66
P001186,Toys & Games,85.75,3.82,S0392,1,5,7,0,mid,1233,6,3.27
P001187,Home & Kitchen,68.01,4.01,S0422,0,5,5,0,budget,493,25,3.29
P001188,Automotive,110.38,2.55,S0461,1,1,7,1,premium,1108,35,2.81
P001189,Electronics,284.84,3.86,S0182,1,6,6,0,mid,684,200,3.05
P001190,Sports & Outdoors,32.54,3.82,S0365,0,5,5,0,budget,909,87,3.2
P001191,Home & Kitchen,30.86,3.3,S0140,0,1,7,1,budget,451,25,2.73
P001192,Home & Kitchen,28.7,4.85,S0345,1,2,3,0,premium,997,40,4.35
P001193,Health,17.09,3.58,S0028,1,6,3,0,budget,191,77,3.33
P001194,Automotive,120.88,3.38,S0028,0,1,4,0,budget,914,81,3.06
P001195,Health,45.22,3.05,S0100,0,5,7,0,budget,820,248,2.64
P001196,Clothing,47.2,2.56,S0273,0,3,7,0,premium,750,190,1.88
P001197,Clothing,9.5,4.11,S0456,0,2,5,0,premium,1626,147,4.26
P001198,Sports & Outdoors,223.11,4.32,S0300,1,1,7,0,mid,1424,13,3.97
P001199,Clothing,26.31,3.39,S0281,0,5,6,1,budget,1044,14,3.22
P001200,Beauty,95.9,2.48,S0349,0,2,4,1,budget,1602,10,2.03
P001201,Books,7.54,4.3,S0444,1,4,3,1,budget,1195,55,3.78
P001202,Books,11.06,3.46,S0292,1,2,3,0,budget,1162,18,3.47
P001203,Toys & Games,8.53,4.4,S0369,0,1,7,0,premium,881,67,3.3
P001204,Beauty,34.8,4.83,S0205,1,0,4,1,mid,507,80,4.58
P001205,Electronics,95.55,4.41,S0498,0,7,5,0,budget,559,44,3.89
P001206,Electronics,97.18,3.79,S0244,1,2,4,1,mid,1754,98,3.54
P001207,Sports & Outdoors,28.53,3.96,S0447,1,4,3,1,budget,1230,15,4.06
P001208,Books,28.7,4.28,S0484,0,3,3,0,mid,186,5,3.71
P001209,Clothing,68.96,4.62,S0442,1,2,6,0,budget,446,14,3.35
P001210,Home & Kitchen,163.13,3.11,S0165,1,6,6,0,mid,1715,93,2.47
P001211,Beauty,18.56,3.92,S0187,1,7,4,0,budget,398,312,3.53
P001212,Toys & Games,36.49,2.55,S0393,0,1,3,0,budget,1014,202,2.79
P001213,Books,8.3,3.96,S0465,0,0,5,0,premium,655,27,3.45
P001214,Home & Kitchen,44.98,4.8,S0304,1,2,3,0,premium,1286,109,4.78
P001215,Clothing,32.96,4.92,S0389,0,0,4,0,mid,1554,6,3.73
P001216,Books,23.78,3.31,S0222,0,0,6,0,mid,779,221,2.83
P001217,Clothing,82.84,4.06,S0429,1,6,3,0,budget,48,65,3.97
P001218,Books,32.62,3.28,S0208,1,0,6,1,mid,662,89,3.24
P001219,Beauty,16.89,2.67,S0311,0,0,7,0,budget,68,3,1.82
P001220,Electronics,336.78,3.34,S0269,1,2,3,0,budget,425,60,2.75
P001221,Electronics,180.17,3.45,S0419,1,4,6,0,mid,711,319,3.06
P001222,Clothing,37.04,2.55,S0400,1,3,6,0,mid,228,49,2.1
P001223,Health,24.84,3.7,S0420,1,5,5,0,mid,92,31,3.68
P001224,Sports & Outdoors,46.45,4.38,S0062,1,5,4,0,mid,583,25,3.95
P001225,Electronics,526.23,3.52,S0123,1,0,7,0,mid,76,14,2.73
P001226,Health,45.7,2.19,S0456,1,6,4,0,mid,480,39,2.11
P001227,Home & Kitchen,61.07,3.7,S0066,0,0,4,0,premium,237,8,3.48
P001228,Home & Kitchen,46.99,4.22,S0388,1,7,3,0,budget,974,60,3.45
P001229,Food & Grocery,95.45,3.05,S0318,1,2,7,0,mid,1444,133,2.48
P001230,Electronics,404.79,3.49,S0175,1,7,4,0,premium,1547,20,2.93
P001231,Clothing,29.2,4.13,S0019,1,7,3,0,mid,1129,55,4.13
P001232,Sports & Outdoors,55.16,2.49,S0006,0,0,3,0,mid,177,32,2.21
P001233,Clothing,39.57,2.03,S0447,1,3,4,1,mid,159,56,1.16
P001234,Beauty,30.56,3.92,S0053,0,0,6,0,premium,1352,104,3.17
P001235,Clothing,29.55,3.31,S0373,1,7,6,1,premium,1353,57,3.19
P001236,Electronics,240.72,4.35,S0073,0,3,7,0,mid,503,98,3.79
P001237,Clothing,107.55,3.92,S0199,0,6,6,1,budget,1786,65,3.16
P001238,Home & Kitchen,25.01,3.81,S0052,1,4,3,0,mid,1164,99,3.32
P001239,Electronics,94.02,2.57,S0319,0,6,7,0,budget,804,51,2.61
P001240,Electronics,138.44,2.41,S0052,0,4,4,0,budget,1140,52,2.82
P001241,Health,29.24,4.41,S0314,0,0,7,1,mid,63,80,3.95
P001242,Clothing,149.27,4.47,S0481,0,3,4,0,mid,1335,32,4.17
P001243,Home & Kitchen,100.32,4.39,S0371,0,5,3,0,premium,420,60,3.92
P001244,Electronics,326.02,4.43,S0330,1,7,4,0,budget,56,12,4.05
P001245,Home & Kitchen,46.93,4.37,S0454,1,6,5,1,budget,1136,3,3.66
P001246,Clothing,37.9,3.18,S0411,0,4,7,0,mid,32,39,3.3
P001247,Sports & Outdoors,27.2,4.34,S0367,0,6,5,1,mid,76,13,3.77
P001248,Clothing,71.93,3.56,S0282,1,7,3,0,budget,328,356,2.87
P001249,Health,51.02,3.53,S0196,1,7,3,0,budget,1719,13,2.95
P001250,Food & Grocery,47.59,3.05,S0310,1,7,6,0,budget,1765,87,2.94
P001251,Electronics,163.02,3.85,S0054,1,2,3,0,premium,774,14,3.26
P001252,Electronics,169.91,4.1,S0441,1,3,5,1,budget,634,33,4.15
P001253,Electronics,204.87,4.35,S0443,1,0,7,0,mid,785,9,4.11
P001254,Sports & Outdoors,111.0,4.01,S0131,0,1,7,0,premium,1136,8,3.87
P001255,Electronics,76.57,4.31,S0379,1,6,6,0,budget,1048,49,3.75
P001256,Health,59.1,4.0,S0348,0,2,4,1,premium,575,21,3.41
P001257,Beauty,27.66,4.82,S0427,0,3,5,0,mid,476,85,4.35
P001258,Toys & Games,16.95,4.14,S0450,0,2,3,0,mid,893,155,3.37
P001259,Books,5.15,4.59,S0372,1,7,6,0,premium,538,5,4.27
P001260,Automotive,69.1,2.53,S0469,1,7,3,0,budget,805,122,2.55
P001261,Electronics,440.97,2.34,S0163,0,5,3,1,premium,80,10,1.9
P001262,Home & Kitchen,150.23,4.56,S0223,0,7,6,0,budget,362,22,4.31
P001263,Clothing,55.69,4.57,S0075,1,4,5,0,mid,1746,6,4.19
P001264,Food & Grocery,71.4,3.07,S0429,1,1,5,1,budget,664,6,3.1
P001265,Books,17.54,4.13,S0139,0,5,5,0,mid,797,3,4.21
P001266,Toys & Games,56.7,1.61,S0252,1,0,5,0,budget,367,20,1.68
P001267,Electronics,141.12,2.45,S0082,1,3,5,0,budget,1576,35,2.19
P001268,Automotive,55.08,2.65,S0129,0,6,3,0,budget,525,21,2.75
P001269,Books,11.99,3.9,S0338,0,1,5,0,budget,549,3,3.52
P001270,Books,5.23,4.23,S0126,1,4,3,0,budget,768,3,3.73
P001271,Automotive,162.35,3.38,S0258,0,6,3,0,mid,1460,33,2.86
P001272,Home & Kitchen,37.43,4.57,S0226,1,6,5,0,mid,1438,85,4.14
P001273,Home & Kitchen,34.0,3.62,S0308,0,4,6,0,mid,353,44,3.56
P001274,Sports & Outdoors,32.02,3.64,S0129,0,2,3,0,mid,377,311,2.97
P001275,Electronics,163.65,4.41,S0243,1,1,4,0,budget,481,31,3.6
P001276,Clothing,129.64,3.45,S0015,0,1,7,0,budget,376,48,2.74
P001277,Clothing,158.05,4.32,S0260,0,5,6,0,mid,916,32,4.19
P001278,Electronics,68.29,3.63,S0053,1,2,7,1,mid,467,12,3.39
P001279,Health,30.72,2.23,S0365,0,5,6,0,mid,158,27,2.45
P001280,Sports & Outdoors,34.94,4.12,S0425,0,0,3,0,budget,1427,90,3.55
P001281,Home & Kitchen,99.52,2.45,S0201,1,2,4,1,mid,636,94,1.84
P001282,Home & Kitchen,65.32,4.42,S0442,1,3,5,1,mid,467,50,4.45
P001283,Home & Kitchen,37.54,4.33,S0197,1,6,6,1,mid,283,221,3.68
P001284,Sports & Outdoors,67.89,3.04,S0437,0,0,3,0,premium,1480,57,2.94
P001285,Food & Grocery,16.52,4.56,S0260,1,3,7,0,mid,1095,49,3.7
P001286,Food & Grocery,57.95,2.56,S0277,1,3,7,0,mid,601,200,2.36
P001287,Home & Kitchen,76.36,2.57,S0205,0,2,3,0,mid,1495,14,2.26
P001288,Clothing,67.26,3.46,S0468,1,6,5,0,premium,566,183,2.69
P001289,Home & Kitchen,11.1,2.36,S0354,1,7,3,0,premium,472,10,2.69
P001290,Books,17.29,2.18,S0250,1,0,4,0,budget,699,24,1.7
P001291,Home & Kitchen,191.95,3.75,S0398,1,7,7,0,budget,99,3,3.09
P001292,Sports & Outdoors,144.04,3.8,S0232,0,7,6,0,premium,823,44,3.22
P001293,Books,5.94,4.4,S0439,1,6,4,1,mid,1359,162,3.31
P001294,Clothing,37.29,4.29,S0238,1,0,3,1,mid,773,10,3.76
P001295,Home & Kitchen,26.75,4.31,S0405,1,3,7,0,mid,1057,23,3.68
P001296,Home & Kitchen,153.55,4.41,S0128,0,5,4,0,budget,728,25,4.27
P001297,Electronics,214.2,2.87,S0284,1,1,6,0,premium,1486,25,2.68
P001298,Electronics,116.71,3.97,S0307,1,1,4,0,mid,1796,9,3.19
P001299,Beauty,28.58,4.24,S0264,0,4,6,0,premium,990,34,3.62
P001300,Home & Kitchen,11.51,3.28,S0225,1,6,4,1,mid,1256,217,3.6
P001301,Clothing,23.47,3.89,S0001,0,1,6,1,budget,1108,18,3.23
P001302,Books,18.4,2.77,S0488,1,0,3,0,premium,1590,43,2.74
P001303,Beauty,46.51,4.25,S0108,0,7,6,0,mid,1632,43,3.62
P001304,Clothing,14.04,4.77,S0086,1,3,7,0,mid,1611,20,3.99
P001305,Toys & Games,25.46,3.57,S0406,0,0,5,0,budget,153,46,3.05
P001306,Food & Grocery,40.32,4.45,S0039,0,7,5,0,mid,785,20,4.45
P001307,Sports & Outdoors,27.21,2.47,S0382,0,2,6,0,mid,916,54,1.78
P001308,Sports & Outdoors,74.58,3.64,S0176,1,0,7,1,mid,1402,30,3.47
P001309,Electronics,192.47,2.52,S0361,0,5,7,0,premium,1029,6,2.63
P001310,Food & Grocery,61.54,3.15,S0108,1,6,3,1,mid,863,3,2.67
P001311,Home & Kitchen,47.91,3.98,S0352,1,1,4,0,budget,973,2,3.88
P001312,Food & Grocery,19.85,3.38,S0496,1,5,7,0,premium,1082,20,3.29
P001313,Books,30.06,3.27,S0253,1,3,7,0,premium,1098,89,2.7
P001314,Electronics,83.47,4.95,S0280,0,2,6,1,premium,1330,13,4.17
P001315,Electronics,162.04,3.3,S0307,0,5,3,1,premium,738,24,2.92
P001316,Beauty,21.3,3.54,S0180,0,0,6,1,mid,1059,15,3.22
P001317,Books,16.56,3.11,S0276,0,1,7,0,mid,243,12,2.69
P001318,Electronics,307.78,3.81,S0322,0,6,7,0,mid,927,465,3.6
P001319,Beauty,39.04,3.39,S0013,0,7,6,1,budget,692,12,2.82
P001320,Health,24.25,3.1,S0227,1,7,5,0,premium,50,6,2.52
P001321,Books,19.54,4.2,S0264,1,6,7,0,budget,395,11,3.78
P001322,Home & Kitchen,134.5,4.29,S0105,0,1,6,1,mid,1746,36,3.93
P001323,Electronics,112.34,3.06,S0236,0,2,5,0,budget,1002,16,3.15
P001324,Toys & Games,34.91,3.29,S0198,0,6,7,0,budget,97,46,3.1
P001325,Clothing,40.08,3.02,S0278,0,5,3,0,mid,1597,13,2.93
P001326,Health,36.59,2.99,S0144,0,6,3,0,mid,242,16,2.59
P001327,Home & Kitchen,20.68,4.41,S0450,1,3,7,0,mid,1135,14,3.87
P001328,Books,41.96,2.55,S0319,1,4,3,0,mid,105,29,2.1
P001329,Clothing,28.28,2.05,S0314,1,5,7,1,mid,1510,77,1.9
P001330,Electronics,342.41,4.34,S0409,0,6,7,1,budget,1138,88,3.95
P001331,Toys & Games,22.04,1.34,S0011,1,5,4,0,mid,1544,179,1.24
P001332,Books,12.37,3.38,S0132,1,0,7,1,budget,565,6,2.98
P001333,Books,37.27,4.72,S0091,1,1,5,0,premium,1610,9,4.24
P001334,Automotive,136.16,3.52,S0311,0,3,5,0,budget,1611,10,3.67
P001335,Automotive,85.0,3.24,S0172,1,5,7,1,premium,875,32,3.0
P001336,Health,60.0,4.48,S0355,0,7,6,0,budget,1079,9,4.21
P001337,Clothing,37.85,1.67,S0472,1,2,7,0,budget,696,14,1.64
P001338,Sports & Outdoors,64.67,2.87,S0186,1,6,7,1,premium,1413,75,2.53
P001339,Health,25.55,3.86,S0166,0,5,6,1,mid,1165,119,3.64
P001340,Home & Kitchen,94.61,3.99,S0244,1,2,5,1,budget,287,76,3.6
P001341,Electronics,122.03,2.93,S0245,0,1,3,0,mid,755,48,2.26
P001342,Toys & Games,78.01,4.0,S0180,0,4,3,0,budget,756,14,3.43
P001343,Books,14.89,4.79,S0174,1,2,4,0,budget,800,33,4.91
P001344,Books,18.22,3.43,S0187,0,1,5,1,budget,1135,130,3.44
P001345,Automotive,118.24,4.71,S0244,0,1,3,1,budget,525,73,4.15
P001346,Sports & Outdoors,65.94,4.27,S0224,1,1,4,0,budget,362,95,4.05
P001347,Home & Kitchen,46.0,3.14,S0229,1,0,6,1,mid,839,103,2.89
P001348,Home & Kitchen,54.02,4.45,S0148,1,1,3,0,premium,706,22,4.53
P001349,Home & Kitchen,94.03,3.72,S0317,1,7,4,0,mid,1636,70,3.31
P001350,Electronics,124.29,3.14,S0245,1,1,7,0,mid,1365,20,2.89
P001351,Toys & Games,29.67,3.66,S0115,0,3,4,0,budget,464,67,3.05
P001352,Toys & Games,32.2,2.27,S0377,0,3,6,0,premium,1237,144,2.0
P001353,Clothing,75.6,2.62,S0441,1,5,6,0,budget,1101,213,1.54
P001354,Clothing,42.38,1.6,S0198,0,2,6,0,budget,1626,67,1.52
P001355,Health,112.46,3.54,S0262,0,6,6,1,premium,1349,53,3.49
P001356,Electronics,168.42,3.64,S0473,0,6,5,0,mid,1018,175,3.78
P001357,Books,15.61,2.49,S0158,0,4,7,0,budget,472,11,2.39
P001358,Home & Kitchen,49.64,2.8,S0109,1,7,4,1,mid,396,187,2.41
P001359,Beauty,12.71,4.02,S0174,1,2,4,0,budget,692,38,3.37
P001360,Electronics,99.32,4.78,S0225,1,3,5,0,budget,1585,39,4.16
P001361,Sports & Outdoors,47.28,3.23,S0222,1,4,6,0,mid,1621,19,2.43
P001362,Home & Kitchen,108.73,4.34,S0301,1,1,6,1,premium,1732,8,3.83
P001363,Sports & Outdoors,63.72,2.55,S0139,1,0,7,0,premium,1766,193,1.93
P001364,Electronics,138.32,3.2,S0272,1,7,5,0,mid,889,53,2.7
P001365,Home & Kitchen,114.81,4.62,S0054,1,0,6,0,budget,1094,21,4.1
P001366,Books,45.65,3.79,S0474,1,0,3,0,mid,179,50,3.51
P001367,Clothing,95.57,2.78,S0148,1,0,3,0,premium,312,22,2.01
P001368,Electronics,110.89,1.99,S0163,1,4,7,0,mid,477,4,1.69
P001369,Clothing,33.43,2.59,S0081,1,2,5,0,budget,330,26,2.54
P001370,Home & Kitchen,163.3,1.0,S0189,0,1,4,0,premium,1361,6,1.32
P001371,Electronics,213.8,3.73,S0488,0,6,6,0,premium,1523,44,3.33
P001372,Food & Grocery,18.74,2.77,S0298,0,7,4,0,budget,30,222,3.15
P001373,Home & Kitchen,84.63,4.12,S0334,0,7,3,0,mid,1239,15,3.92
P001374,Toys & Games,58.56,4.92,S0299,0,2,5,0,premium,551,85,4.45
P001375,Automotive,53.23,4.11,S0168,0,0,3,0,budget,905,15,4.07
P001376,Electronics,211.03,3.86,S0394,1,7,7,0,premium,683,32,3.32
P001377,Sports & Outdoors,113.33,4.17,S0172,1,4,4,0,budget,298,11,3.44
P001378,Health,18.94,4.26,S0398,0,7,4,0,mid,1425,69,4.11
P001379,Sports & Outdoors,65.48,4.32,S0493,0,1,7,0,premium,574,166,4.05
P001380,Home & Kitchen,28.18,3.65,S0006,1,7,3,0,premium,803,41,3.6
P001381,Home & Kitchen,30.48,2.7,S0084,1,2,6,1,budget,1075,62,2.74
P001382,Electronics,131.96,3.76,S0383,1,6,7,0,premium,960,62,3.99
P001383,Books,23.97,3.67,S0061,1,0,3,0,mid,356,24,2.87
P001384,Automotive,61.82,3.6,S0359,1,5,7,0,premium,1218,158,3.13
P001385,Food & Grocery,14.91,3.51,S0124,1,3,6,1,mid,312,17,3.07
P001386,Electronics,190.81,3.62,S0293,1,7,3,0,premium,1419,5,3.61
P001387,Beauty,14.07,4.16,S0327,0,1,7,1,mid,1177,10,3.86
P001388,Clothing,58.2,4.53,S0159,0,1,7,0,mid,628,69,4.43
P001389,Health,74.92,4.52,S0429,0,5,7,0,mid,656,20,4.15
P001390,Electronics,176.41,4.59,S0454,1,6,7,0,mid,334,37,4.13
P001391,Food & Grocery,19.48,4.32,S0110,1,7,6,0,budget,814,24,4.09
P001392,Toys & Games,40.04,3.33,S0370,0,0,3,0,budget,352,41,3.08
P001393,Electronics,54.78,3.6,S0337,0,0,6,1,premium,927,122,3.36
P001394,Electronics,255.3,3.62,S0129,0,2,6,0,mid,313,206,3.45
P001395,Toys & Games,205.79,4.55,S0408,1,0,6,0,mid,1602,10,4.23
P001396,Electronics,171.87,4.16,S0153,1,3,3,0,budget,232,101,4.04
P001397,Books,16.76,4.73,S0128,1,3,6,0,mid,1303,41,4.27
P001398,Food & Grocery,34.37,4.26,S0356,1,7,7,1,mid,810,7,3.88
P001399,Books,48.31,4.35,S0060,1,0,3,0,premium,630,59,3.61
P001400,Home & Kitchen,98.72,1.75,S0459,1,2,3,0,budget,354,304,1.87
P001401,Home & Kitchen,15.09,4.56,S0193,1,2,3,0,budget,1157,13,4.62
P001402,Electronics,259.41,3.79,S0246,1,4,6,0,budget,1415,25,2.87
P001403,Automotive,350.95,4.47,S0340,0,2,4,0,budget,1176,4,4.22
P001404,Clothing,65.37,2.92,S0440,1,5,7,0,mid,30,28,2.58
P001405,Clothing,22.51,1.98,S0386,0,6,7,0,mid,1503,40,1.73
P001406,Clothing,53.29,3.5,S0192,0,5,3,0,mid,1717,353,3.34
P001407,Automotive,34.78,2.96,S0375,1,5,6,0,mid,1279,10,2.66
P001408,Electronics,387.62,4.34,S0198,1,0,6,0,premium,53,105,4.02
P001409,Health,21.41,3.64,S0259,1,7,3,1,mid,923,47,3.17
P001410,Beauty,29.28,3.28,S0343,1,4,3,0,mid,605,483,3.4
P001411,Toys & Games,19.13,2.32,S0276,0,1,7,0,mid,1185,40,2.02
P001412,Automotive,54.03,3.84,S0026,0,5,3,1,mid,1364,31,3.23
P001413,Health,92.69,3.06,S0023,1,3,3,0,budget,1600,91,2.86
P001414,Food & Grocery,23.41,3.55,S0070,1,7,7,1,budget,1573,59,2.94
P001415,Electronics,132.27,3.35,S0042,0,5,6,0,budget,1738,101,3.09
P001416,Toys & Games,16.1,2.59,S0365,1,7,7,0,mid,184,64,2.83
P001417,Books,5.86,3.88,S0097,1,7,4,1,budget,238,5,3.48
P001418,Books,8.5,4.81,S0122,1,1,6,0,mid,1447,61,3.92
P001419,Health,40.64,4.41,S0158,1,2,6,0,premium,1297,60,3.84
P001420,Automotive,135.05,4.8,S0088,1,1,7,0,mid,1360,13,4.56
P001421,Beauty,20.01,4.43,S0434,0,1,4,0,budget,445,46,4.02
P001422,Books,46.19,4.78,S0045,0,5,3,0,mid,843,3,4.51
P001423,Home & Kitchen,35.76,3.18,S0096,1,7,4,0,mid,1167,44,2.67
P001424,Home & Kitchen,47.68,3.61,S0113,0,3,5,0,budget,1139,75,3.13
P001425,Home & Kitchen,28.78,4.19,S0043,1,6,5,0,mid,1549,104,3.96
P001426,Home & Kitchen,99.66,3.73,S0126,1,5,7,1,budget,679,76,3.84
P001427,Electronics,651.23,4.1,S0094,0,2,6,1,mid,1510,11,3.57
P001428,Electronics,64.28,3.94,S0171,0,6,7,0,mid,581,5,3.56
P001429,Toys & Games,26.0,3.59,S0077,0,3,6,1,mid,1375,102,3.56
P001430,Home & Kitchen,117.47,3.02,S0470,1,0,4,0,premium,88,53,2.76
P001431,Food & Grocery,9.23,3.81,S0394,1,5,7,0,budget,393,59,3.62
P001432,Sports & Outdoors,91.32,4.11,S0323,0,7,4,0,mid,42,249,3.48
P001433,Electronics,385.0,4.47,S0297,1,1,7,0,budget,412,4,4.02
P001434,Electronics,193.89,3.76,S0347,0,2,6,0,premium,961,288,3.2
P001435,Clothing,62.6,3.96,S0471,0,5,4,1,budget,1571,16,3.06
P001436,Automotive,215.73,4.48,S0067,1,7,3,1,mid,50,89,3.77
P001437,Clothing,144.85,1.76,S0266,0,2,7,0,mid,1065,32,1.72
P001438,Books,17.34,4.49,S0097,0,3,6,0,premium,247,21,4.21
P001439,Food & Grocery,15.98,4.4,S0227,0,5,3,0,mid,337,5,4.19
P001440,Automotive,43.19,2.93,S0450,1,6,4,0,mid,200,14,2.79
P001441,Clothing,80.87,3.86,S0316,0,0,5,1,mid,1071,57,3.41
P001442,Electronics,81.23,3.75,S0318,1,1,5,0,mid,1150,50,2.83
P001443,Electronics,158.99,4.62,S0048,1,7,4,0,budget,519,103,3.81
P001444,Electronics,196.76,4.49,S0405,0,4,3,0,budget,1214,14,4.37
P001445,Clothing,33.28,4.06,S0358,0,6,6,0,budget,738,81,3.4
P001446,Books,21.29,3.01,S0179,1,0,6,1,mid,1365,35,2.69
P001447,Food & Grocery,102.49,4.09,S0167,0,0,6,0,mid,957,70,3.7
P001448,Books,16.73,2.45,S0289,0,5,7,0,premium,1752,61,1.79
P001449,Sports & Outdoors,50.06,4.21,S0380,0,3,4,0,mid,1210,18,3.89
P001450,Clothing,82.75,3.16,S0252,1,7,5,0,budget,1764,44,3.3
P001451,Toys & Games,36.95,3.75,S0429,1,3,4,0,mid,1641,57,3.37
P001452,Sports & Outdoors,154.16,3.66,S0103,1,6,7,0,mid,397,85,3.21
P001453,Health,41.95,4.47,S0346,0,4,5,1,mid,642,201,3.68
P001454,Food & Grocery,18.95,2.77,S0413,1,5,5,1,mid,652,15,2.41
P001455,Home & Kitchen,18.86,3.11,S0354,1,5,6,0,mid,1110,8,2.96
P001456,Electronics,70.0,3.74,S0167,0,0,4,0,premium,1023,155,3.36
P001457,Clothing,14.96,4.83,S0232,0,6,4,0,budget,864,7,4.22
P001458,Home & Kitchen,69.06,3.8,S0234,0,7,7,0,mid,108,114,3.72
P001459,Food & Grocery,9.72,3.95,S0155,0,3,3,0,premium,822,11,3.48
P001460,Home & Kitchen,116.83,3.76,S0067,0,2,3,0,budget,370,15,3.26
P001461,Toys & Games,32.59,4.04,S0094,0,4,7,1,mid,1710,30,3.68
P001462,Books,15.55,2.8,S0320,0,5,4,0,budget,1540,5,2.91
P001463,Clothing,27.12,1.93,S0113,0,3,6,0,mid,351,10,1.69
P001464,Clothing,65.37,3.09,S0396,1,2,6,0,budget,752,4,2.52
P001465,Sports & Outdoors,40.11,3.49,S0397,1,7,3,1,budget,1154,73,3.3
P001466,Beauty,15.5,3.66,S0206,1,6,3,0,mid,887,32,3.19
P001467,Home & Kitchen,112.21,2.94,S0183,0,4,7,1,mid,332,33,2.81
P001468,Clothing,55.67,4.07,S0490,1,3,7,0,budget,1333,30,3.05
P001469,Beauty,24.32,4.27,S0007,1,2,4,0,mid,1635,32,3.85
P001470,Electronics,271.84,3.79,S0129,0,3,5,1,mid,1461,18,3.34
P001471,Food & Grocery,22.12,2.89,S0346,0,4,7,0,budget,657,104,2.31
P001472,Clothing,56.63,4.03,S0437,0,0,4,1,premium,1560,3,3.26
P001473,Electronics,113.32,4.72,S0230,0,5,6,0,premium,1592,5,4.16
P001474,Books,62.34,3.81,S0361,1,4,4,1,budget,1613,168,3.11
P001475,Books,12.71,3.37,S0109,1,1,7,0,premium,1490,45,2.14
P001476,Books,45.79,4.69,S0464,0,2,4,0,premium,551,2,3.87
P001477,Home & Kitchen,49.11,4.66,S0292,0,2,5,0,mid,917,48,3.83
P001478,Automotive,121.72,3.21,S0371,1,7,6,0,premium,1178,4,2.9
P001479,Books,27.96,3.97,S0089,1,7,6,0,mid,1470,157,3.22
P001480,Home & Kitchen,109.45,2.25,S0248,1,6,3,0,premium,226,99,2.02
P001481,Home & Kitchen,33.21,4.58,S0365,1,5,3,0,budget,148,410,3.84
P001482,Electronics,352.74,4.48,S0207,1,7,7,0,mid,1744,23,4.27
P001483,Sports & Outdoors,196.81,3.47,S0481,1,5,6,0,budget,1262,7,3.24
P001484,Clothing,38.53,4.37,S0415,1,3,3,0,mid,503,17,3.84
P001485,Sports & Outdoors,66.37,4.27,S0065,1,2,6,0,budget,1792,17,3.89
P001486,Electronics,135.14,4.45,S0421,0,5,4,0,mid,720,52,4.18
P001487,Automotive,60.92,4.28,S0192,1,3,5,1,premium,1148,3,3.87
P001488,Home & Kitchen,153.57,2.14,S0295,1,3,6,0,mid,1677,32,1.97
P001489,Health,20.8,4.4,S0205,1,7,6,0,mid,1542,9,3.33
P001490,Home & Kitchen,31.25,3.67,S0352,0,7,4,0,budget,1145,17,3.15
P001491,Electronics,486.33,3.34,S0215,1,4,7,0,budget,1006,174,2.77
P001492,Toys & Games,46.55,2.95,S0232,0,2,5,0,premium,540,110,2.97
P001493,Sports & Outdoors,231.97,4.51,S0292,1,3,7,0,mid,343,79,3.94
P001494,Toys & Games,24.42,3.9,S0110,0,2,5,0,mid,182,71,3.31
P001495,Home & Kitchen,59.33,4.58,S0214,1,3,4,0,premium,59,24,4.3
P001496,Sports & Outdoors,43.73,2.54,S0025,0,2,4,1,mid,895,31,1.83
P001497,Health,41.41,2.16,S0030,0,3,3,0,mid,648,5,1.92
P001498,Sports & Outdoors,22.42,3.79,S0327,1,3,5,0,budget,1075,7,2.82
P001499,Home & Kitchen,82.96,3.55,S0140,1,5,5,0,budget,934,38,2.98
P001500,Sports & Outdoors,78.92,4.66,S0335,1,7,7,0,premium,1213,8,4.06
P001501,Beauty,27.05,3.96,S0380,1,4,4,0,premium,373,75,4.0
P001502,Automotive,59.34,3.17,S0333,0,1,3,0,budget,321,31,2.81
P001503,Home & Kitchen,32.15,4.09,S0211,0,1,7,0,mid,254,23,3.41
P001504,Home & Kitchen,85.11,4.06,S0282,0,5,5,0,mid,1279,15,3.61
P001505,Toys & Games,15.85,2.64,S0392,1,7,3,0,mid,1641,56,2.81
P001506,Books,24.47,3.92,S0172,1,2,4,0,mid,671,74,2.91
P001507,Beauty,97.21,2.13,S0209,0,0,7,0,budget,285,11,2.15
P001508,Home & Kitchen,134.11,4.45,S0122,1,0,7,1,mid,1700,17,4.12
P001509,Clothing,18.24,3.34,S0101,1,2,5,1,mid,436,26,2.97
P001510,Beauty,20.29,3.26,S0033,1,7,3,1,budget,1186,48,2.84
P001511,Electronics,238.23,3.12,S0036,1,6,6,0,mid,1591,47,3.24
P001512,Clothing,43.14,3.54,S0075,0,6,3,0,mid,1654,29,3.4
P001513,Sports & Outdoors,28.07,3.71,S0385,1,2,4,0,premium,426,77,3.03
P001514,Beauty,35.28,3.47,S0315,1,7,5,0,premium,83,28,3.13
P001515,Health,37.77,4.54,S0045,1,3,6,0,mid,775,6,4.46
P001516,Clothing,141.92,1.0,S0385,1,3,6,0,mid,1628,164,1.06
P001517,Electronics,158.92,3.58,S0376,1,7,5,0,premium,866,107,3.3
P001518,Food & Grocery,44.34,4.76,S0454,1,6,3,0,budget,1583,6,3.89
P001519,Electronics,86.5,2.6,S0485,1,2,3,1,mid,1505,41,3.03
P001520,Clothing,24.28,4.07,S0042,1,5,7,0,mid,934,157,3.88
P001521,Clothing,69.38,4.26,S0262,0,2,6,0,budget,1568,22,4.37
P001522,Books,34.49,1.19,S0408,1,4,4,0,premium,1758,83,1.16
P001523,Health,21.39,3.93,S0120,0,1,6,1,budget,1232,125,3.53
P001524,Toys & Games,32.47,2.94,S0299,1,0,7,1,mid,1356,45,2.45
P001525,Beauty,12.22,3.97,S0046,1,7,3,0,mid,820,433,3.87
P001526,Electronics,165.94,4.5,S0151,0,0,7,0,mid,1791,72,4.5
P001527,Home & Kitchen,90.88,4.33,S0490,1,3,4,0,budget,657,37,4.21
P001528,Home & Kitchen,42.37,2.84,S0363,1,1,6,0,mid,1368,27,3.23
P001529,Electronics,159.32,4.04,S0131,1,0,5,0,premium,1697,31,3.68
P001530,Clothing,22.85,3.25,S0495,1,5,6,0,mid,1649,16,2.74
P001531,Clothing,30.5,3.63,S0102,1,2,3,0,budget,1591,8,3.34
P001532,Electronics,531.24,4.68,S0190,1,6,6,1,mid,378,11,4.45
P001533,Books,18.81,4.79,S0223,1,4,7,0,mid,1764,27,4.23
P001534,Beauty,15.35,4.36,S0314,1,5,6,0,mid,378,86,3.91
P001535,Electronics,153.16,3.26,S0132,1,5,6,0,mid,447,49,3.0
P001536,Books,6.9,3.88,S0131,1,1,3,0,budget,928,40,3.64
P001537,Toys & Games,17.41,3.94,S0336,0,3,4,1,budget,284,421,3.59
P001538,Beauty,63.33,3.15,S0103,0,6,7,0,mid,1320,249,2.9
P001539,Toys & Games,29.38,3.99,S0072,1,1,5,0,premium,1672,11,3.78
P001540,Home & Kitchen,171.02,4.35,S0075,1,0,5,1,mid,499,77,4.15
P001541,Toys & Games,30.22,4.05,S0165,0,3,3,0,mid,609,7,3.5
P001542,Clothing,44.04,4.31,S0017,1,7,6,0,mid,767,45,3.33
P001543,Home & Kitchen,80.79,2.23,S0018,0,2,5,0,mid,183,6,1.7
P001544,Electronics,37.22,3.02,S0362,0,3,5,0,mid,335,15,2.86
P001545,Home & Kitchen,62.2,3.72,S0271,1,1,7,0,premium,1710,70,3.13
P001546,Home & Kitchen,53.41,4.29,S0073,0,5,6,0,mid,1668,19,3.94
P001547,Clothing,109.76,4.13,S0128,1,2,5,0,budget,919,9,3.7
P001548,Beauty,49.95,3.84,S0339,1,1,4,0,mid,1347,14,3.48
P001549,Clothing,22.79,4.53,S0402,0,0,6,0,budget,116,10,4.22
P001550,Clothing,94.82,2.6,S0435,0,2,5,0,mid,97,54,2.7
P001551,Electronics,158.06,3.69,S0109,1,1,4,0,premium,1596,140,3.32
P001552,Home & Kitchen,31.97,4.16,S0424,0,3,4,0,mid,69,26,3.43
P001553,Clothing,50.65,3.27,S0214,1,3,4,0,budget,1281,113,3.04
P001554,Home & Kitchen,48.7,3.82,S0150,0,3,6,0,mid,1789,16,3.65
P001555,Clothing,113.27,4.5,S0289,0,2,5,0,budget,1433,29,3.37
P001556,Toys & Games,39.26,2.79,S0063,0,0,4,1,mid,731,281,2.29
P001557,Food & Grocery,24.89,3.46,S0232,1,6,3,0,budget,979,26,3.12
P001558,Books,30.9,1.34,S0222,1,4,7,0,mid,1096,119,1.06
P001559,Sports & Outdoors,125.22,3.25,S0298,0,1,7,0,premium,816,13,2.97
P001560,Health,60.81,1.92,S0091,1,0,7,0,budget,1707,32,1.54
P001561,Automotive,175.77,2.74,S0031,0,7,6,0,mid,108,11,2.75
P001562,Sports & Outdoors,93.65,3.27,S0187,1,7,7,0,mid,1721,35,2.96
P001563,Health,42.02,4.18,S0492,1,1,6,0,mid,1550,44,3.22
P001564,Health,79.93,1.74,S0285,1,3,7,0,premium,199,82,1.79
P001565,Toys & Games,30.3,1.36,S0274,1,4,7,1,mid,1034,16,1.46
P001566,Home & Kitchen,56.11,4.73,S0323,1,3,5,0,budget,1154,27,4.25
P001567,Electronics,519.73,4.51,S0255,1,6,4,0,mid,1773,137,3.51
P001568,Electronics,489.56,2.5,S0110,0,4,7,0,mid,1787,7,2.52
P001569,Home & Kitchen,54.73,3.58,S0493,1,2,7,1,premium,862,1,2.92
P001570,Books,13.71,4.86,S0114,0,6,5,0,mid,347,15,4.27
P001571,Home & Kitchen,132.32,3.24,S0321,1,6,7,0,mid,1455,68,2.74
P001572,Books,29.1,2.34,S0433,0,0,3,0,mid,1203,36,1.67
P001573,Books,21.75,4.07,S0330,1,6,7,0,mid,938,10,3.66
P001574,Toys & Games,26.38,1.84,S0473,0,5,3,0,premium,1399,36,1.72
P001575,Electronics,225.74,3.76,S0089,1,7,3,0,mid,176,21,3.42
P001576,Clothing,44.42,4.57,S0322,1,7,3,0,mid,163,5,4.05
P001577,Toys & Games,21.48,3.58,S0047,1,0,3,0,mid,881,22,3.0
P001578,Health,41.06,3.54,S0279,1,3,3,0,budget,715,80,3.63
P001579,Automotive,87.95,4.28,S0092,1,0,4,0,mid,307,23,3.91
P001580,Health,30.34,2.9,S0330,0,0,4,1,budget,393,5,2.33
P001581,Health,65.36,4.71,S0164,1,7,5,0,premium,890,262,4.37
P001582,Clothing,97.51,3.24,S0065,0,1,7,1,mid,130,10,3.03
P001583,Home & Kitchen,98.42,3.35,S0434,1,0,5,0,budget,1289,51,3.2
P001584,Clothing,38.13,2.91,S0449,0,7,4,1,mid,205,90,2.61
P001585,Sports & Outdoors,102.3,3.19,S0086,1,3,3,0,premium,1210,54,2.68
P001586,Food & Grocery,23.05,3.04,S0105,0,0,7,0,budget,634,25,2.33
P001587,Home & Kitchen,26.2,2.25,S0019,0,2,4,0,budget,308,3,1.87
P001588,Books,26.95,4.62,S0335,1,0,7,0,mid,1055,135,3.66
P001589,Clothing,49.12,4.5,S0447,1,5,6,0,mid,1147,8,4.14
P001590,Electronics,876.98,4.21,S0111,0,7,7,1,budget,1717,106,3.31
P001591,Clothing,107.88,3.93,S0226,1,3,3,0,mid,802,125,3.43
P001592,Electronics,283.45,4.52,S0353,1,6,6,0,mid,1686,7,4.29
P001593,Food & Grocery,25.55,2.82,S0222,1,2,6,1,premium,871,7,2.47
P001594,Home & Kitchen,60.68,3.96,S0377,1,3,7,1,premium,1574,20,3.55
P001595,Toys & Games,17.52,2.51,S0378,0,1,6,0,budget,528,99,2.39
P001596,Beauty,9.86,4.38,S0371,1,0,3,0,mid,1395,16,4.1
P001597,Clothing,26.66,3.11,S0358,1,1,5,0,mid,418,37,3.11
P001598,Electronics,179.78,3.91,S0215,1,4,5,1,mid,102,18,3.69
P001599,Toys & Games,9.05,4.24,S0197,1,0,5,1,budget,260,85,3.92
P001600,Clothing,32.46,3.98,S0304,0,6,4,0,mid,747,15,2.99
P001601,Food & Grocery,18.96,1.21,S0054,0,7,7,0,premium,260,13,1.16
P001602,Electronics,162.57,2.19,S0299,0,2,4,0,budget,1409,9,2.47
P001603,Beauty,18.82,4.7,S0017,1,2,5,0,budget,187,9,4.42
P001604,Toys & Games,26.07,3.89,S0361,1,1,5,0,mid,1742,118,3.79
P001605,Clothing,126.6,2.44,S0303,1,3,6,0,premium,649,21,1.99
P001606,Clothing,66.95,4.06,S0250,0,7,5,0,mid,848,10,3.63
P001607,Automotive,53.59,3.09,S0152,0,3,7,0,budget,1347,4,2.95
P001608,Clothing,43.19,2.35,S0254,0,6,7,0,premium,1271,23,2.25
P001609,Home & Kitchen,54.07,3.51,S0318,0,2,5,0,mid,1512,12,3.4
P001610,Home & Kitchen,34.69,4.55,S0343,1,3,4,0,mid,1791,9,3.75
P001611,Clothing,28.37,2.75,S0462,0,3,6,0,budget,569,13,2.24
P001612,Toys & Games,58.68,4.27,S0086,0,7,7,0,budget,1132,38,3.45
P001613,Toys & Games,24.88,4.44,S0023,1,3,7,1,mid,1216,8,4.07
P001614,Home & Kitchen,28.52,2.73,S0327,1,4,3,0,premium,1408,22,2.4
P001615,Toys & Games,31.18,3.36,S0082,0,6,3,0,mid,540,95,2.97
P001616,Clothing,48.3,3.22,S0075,1,7,6,0,premium,1740,17,2.69
P001617,Electronics,56.64,4.04,S0138,1,7,4,0,mid,453,9,3.38
P001618,Books,17.57,3.97,S0363,1,0,4,0,mid,1286,117,3.57
P001619,Automotive,126.25,2.02,S0032,1,0,3,0,mid,1596,29,2.15
P001620,Electronics,242.52,4.15,S0195,0,3,7,0,mid,263,26,4.21
P001621,Clothing,171.49,2.64,S0053,0,2,3,0,budget,981,61,2.85
P001622,Books,38.13,2.1,S0420,0,5,6,0,premium,1763,29,1.75
P001623,Toys & Games,76.33,3.31,S0382,1,3,7,0,budget,292,36,2.62
P001624,Electronics,992.68,3.67,S0045,0,3,3,0,premium,1453,5,3.57
P001625,Home & Kitchen,86.68,4.34,S0137,1,0,6,0,premium,1514,12,4.29
P001626,Beauty,30.88,3.25,S0231,1,2,7,0,budget,498,309,3.05
P001627,Home & Kitchen,98.65,3.76,S0229,0,4,5,0,budget,1281,9,3.38
P001628,Clothing,32.17,4.25,S0084,0,5,4,1,mid,1777,35,3.64
P001629,Clothing,48.0,2.87,S0234,0,1,6,0,mid,715,267,2.76
P001630,Home & Kitchen,37.29,3.37,S0435,1,4,7,1,mid,170,75,3.21
P001631,Home & Kitchen,69.83,2.15,S0111,1,4,5,1,budget,489,46,2.02
P001632,Health,25.7,3.34,S0063,0,2,3,0,premium,1693,12,2.67
P001633,Sports & Outdoors,43.04,4.7,S0193,1,7,6,0,mid,1658,15,3.93
P001634,Beauty,35.88,4.38,S0243,1,3,4,0,mid,1518,22,3.91
P001635,Automotive,69.05,2.68,S0143,0,2,7,1,premium,1058,49,2.72
P001636,Home & Kitchen,17.3,4.61,S0053,1,5,4,0,mid,516,152,4.42
P001637,Home & Kitchen,22.97,2.7,S0043,1,1,6,0,mid,1122,38,2.31
P001638,Food & Grocery,11.05,3.02,S0399,1,5,6,0,premium,1552,16,2.17
P001639,Clothing,26.49,3.9,S0066,1,5,5,0,premium,1483,29,3.91
P001640,Beauty,35.9,3.01,S0142,1,3,6,0,premium,136,61,3.08
P001641,Beauty,31.93,3.69,S0382,1,1,7,0,premium,1288,49,3.36
P001642,Electronics,350.56,2.7,S0298,1,2,6,0,budget,1715,24,2.3
P001643,Home & Kitchen,86.4,3.04,S0013,1,1,6,0,premium,251,8,2.64
P001644,Clothing,85.61,3.71,S0086,1,0,3,0,premium,1100,120,3.62
P001645,Clothing,64.83,4.24,S0236,0,7,4,0,mid,1129,24,3.98
P001646,Home & Kitchen,62.37,2.91,S0176,1,6,5,0,mid,952,44,2.49
P001647,Clothing,87.03,3.81,S0495,0,4,3,0,mid,1360,14,4.09
P001648,Toys & Games,55.56,4.33,S0057,0,6,5,0,mid,1784,14,3.44
P001649,Health,47.62,4.23,S0014,1,5,3,0,budget,1181,60,3.63
P001650,Toys & Games,68.61,3.89,S0276,1,4,4,0,mid,76,7,3.33
P001651,Clothing,11.01,3.14,S0480,0,5,3,0,mid,946,8,2.86
P001652,Clothing,37.8,4.69,S0002,1,4,5,0,mid,937,202,4.56
P001653,Clothing,37.46,2.65,S0415,1,4,5,0,premium,510,89,2.63
P001654,Electronics,369.43,3.97,S0497,1,1,5,1,budget,1331,54,3.61
P001655,Food & Grocery,56.48,3.71,S0209,0,4,7,0,premium,1041,9,2.94
P001656,Home & Kitchen,23.04,2.64,S0209,1,3,5,0,mid,228,43,2.66
P001657,Clothing,104.94,3.03,S0497,1,1,3,1,premium,1404,30,2.39
P001658,Health,18.82,1.83,S0315,1,3,6,0,budget,56,19,1.53
P001659,Home & Kitchen,27.73,4.61,S0274,0,6,7,1,budget,1567,29,4.13
P001660,Electronics,160.74,4.24,S0144,1,3,4,0,mid,1118,5,3.57
P001661,Electronics,152.85,1.55,S0466,0,3,3,0,mid,1791,2,1.15
P001662,Sports & Outdoors,25.52,4.16,S0127,0,1,7,0,mid,628,47,4.01
P001663,Toys & Games,47.26,4.5,S0197,1,6,3,1,mid,425,40,4.49
P001664,Clothing,67.65,2.41,S0424,1,0,7,1,mid,882,44,2.15
P001665,Food & Grocery,41.41,4.42,S0256,0,6,5,1,premium,1459,83,3.44
P001666,Health,29.3,2.91,S0380,1,7,6,0,budget,1131,61,2.7
P001667,Health,37.11,4.18,S0498,1,1,6,0,budget,818,196,3.55
P001668,Clothing,44.19,4.63,S0322,1,4,7,0,premium,713,136,4.28
P001669,Electronics,509.36,4.4,S0082,1,4,6,1,mid,1426,35,4.05
P001670,Health,6.94,4.11,S0377,1,6,5,1,mid,409,40,3.13
P001671,Clothing,25.34,4.45,S0300,0,2,4,0,mid,89,43,3.89
P001672,Sports & Outdoors,65.22,3.55,S0088,0,5,7,0,budget,452,5,3.38
P001673,Beauty,14.6,4.01,S0056,1,0,3,0,mid,400,99,3.58
P001674,Electronics,158.44,3.94,S0468,1,6,4,0,budget,361,66,3.22
P001675,Toys & Games,29.67,1.73,S0053,1,6,4,0,budget,577,4,1.75
P001676,Food & Grocery,14.83,3.78,S0228,0,1,5,0,budget,1297,212,2.9
P001677,Beauty,29.1,3.65,S0493,1,1,4,1,budget,467,19,3.36
P001678,Home & Kitchen,80.18,2.73,S0435,0,0,7,0,premium,267,28,2.3
P001679,Health,32.98,1.8,S0420,0,6,5,1,premium,735,27,1.75
P001680,Books,13.71,3.25,S0369,0,4,7,0,budget,1750,26,2.86
P001681,Beauty,25.35,3.66,S0239,1,2,3,0,mid,1690,586,3.44
P001682,Toys & Games,31.86,3.74,S0143,0,4,5,0,mid,38,24,3.77
P001683,Beauty,9.86,3.96,S0449,1,4,5,0,budget,52,22,3.77
P001684,Clothing,59.36,4.65,S0285,0,0,7,1,budget,567,33,4.39
P001685,Electronics,141.14,3.61,S0198,0,3,6,0,mid,286,11,3.42
P001686,Clothing,95.93,2.7,S0484,0,4,6,0,budget,1450,47,1.91
P001687,Books,25.66,4.91,S0185,0,4,7,1,premium,294,12,4.44
P001688,Books,36.32,2.32,S0019,0,1,4,0,mid,189,60,2.17
P001689,Sports & Outdoors,35.44,3.57,S0301,1,7,7,0,mid,429,9,3.38
P001690,Home & Kitchen,44.01,2.37,S0214,1,0,7,0,premium,1070,16,2.11
P001691,Toys & Games,15.18,4.34,S0312,0,6,7,0,budget,323,9,4.12
P001692,Food & Grocery,14.41,3.91,S0311,0,7,5,0,mid,544,17,3.23
P001693,Clothing,95.39,2.94,S0315,0,6,3,1,budget,919,3,3.24
P001694,Beauty,68.35,4.01,S0170,0,4,7,0,mid,1738,1,3.78
P001695,Beauty,14.06,3.68,S0127,1,1,5,0,mid,1562,22,3.04
P001696,Books,13.67,4.26,S0159,0,2,7,0,budget,417,5,4.24
P001697,Clothing,42.99,4.59,S0483,0,4,3,0,mid,543,265,3.8
P001698,Toys & Games,45.47,3.93,S0375,1,0,3,1,budget,155,21,3.54
P001699,Automotive,26.09,3.32,S0197,1,5,4,0,budget,553,77,3.02
P001700,Beauty,10.7,4.63,S0459,1,7,7,0,premium,1116,47,4.04
P001701,Food & Grocery,29.51,4.0,S0383,1,5,3,1,budget,946,9,3.56
P001702,Automotive,23.29,3.52,S0269,0,7,3,1,budget,695,19,3.19
P001703,Home & Kitchen,42.07,4.19,S0401,0,3,5,0,budget,63,80,3.45
P001704,Sports & Outdoors,71.64,3.45,S0475,0,2,7,1,mid,1629,74,3.19
P001705,Home & Kitchen,70.58,3.57,S0284,1,0,3,0,premium,720,93,3.21
P001706,Automotive,68.89,2.56,S0051,1,3,6,1,premium,1649,15,2.89
P001707,Electronics,148.55,2.89,S0216,1,0,5,0,mid,1331,66,3.05
P001708,Home & Kitchen,91.29,2.38,S0114,0,5,6,0,mid,1437,16,1.92
P001709,Health,45.09,3.75,S0350,1,6,6,0,premium,776,111,3.33
P001710,Clothing,30.52,3.39,S0044,1,0,7,0,mid,257,107,2.84
P001711,Toys & Games,32.73,3.15,S0234,0,4,3,1,premium,427,6,2.76
P001712,Home & Kitchen,69.22,3.53,S0218,1,4,6,0,budget,1194,46,3.43
P001713,Automotive,210.28,4.74,S0193,0,2,5,0,mid,1065,8,4.24
P001714,Health,60.91,3.46,S0314,0,1,4,0,budget,193,89,2.96
P001715,Clothing,93.26,4.12,S0273,0,5,6,0,mid,1554,8,3.89
P001716,Toys & Games,22.18,4.61,S0101,0,1,5,0,premium,74,48,3.57
P001717,Clothing,32.86,4.56,S0401,0,0,5,1,mid,863,80,3.99
P001718,Sports & Outdoors,56.44,4.52,S0225,1,4,6,0,mid,379,35,4.48
P001719,Sports & Outdoors,59.64,2.9,S0079,1,0,5,0,budget,336,93,3.04
P001720,Toys & Games,17.48,3.43,S0343,1,2,4,0,mid,905,47,3.48
P001721,Electronics,395.41,4.1,S0197,1,0,4,0,premium,609,217,3.32
P001722,Clothing,76.45,2.11,S0320,0,4,4,0,budget,828,8,1.53
P001723,Beauty,23.31,3.67,S0378,1,1,4,0,budget,1703,20,3.15
P001724,Books,26.45,4.56,S0315,1,2,5,1,mid,1403,3,4.11
P001725,Books,20.58,4.29,S0471,0,3,3,1,mid,606,23,3.64
P001726,Electronics,284.93,2.87,S0304,1,3,7,0,mid,956,7,2.08
P001727,Home & Kitchen,24.55,3.0,S0191,1,5,5,0,budget,693,6,2.98
P001728,Health,34.82,3.16,S0494,0,7,6,0,mid,497,5,3.07
P001729,Electronics,178.67,3.93,S0258,1,4,5,0,mid,837,18,3.36
P001730,Home & Kitchen,79.96,3.9,S0357,1,3,7,0,mid,277,44,3.72
P001731,Food & Grocery,15.09,2.01,S0166,1,4,7,0,budget,446,58,2.09
P001732,Electronics,41.28,2.55,S0454,0,4,5,0,budget,1038,110,1.58
P001733,Beauty,14.63,2.32,S0470,0,0,4,0,mid,1333,102,2.28
P001734,Clothing,43.38,3.66,S0476,0,3,7,1,mid,1224,8,3.28
P001735,Health,39.48,3.98,S0195,1,5,5,0,budget,1776,13,2.83
P001736,Beauty,76.9,1.69,S0430,0,6,6,0,premium,406,41,1.83
P001737,Health,53.91,3.67,S0337,1,0,3,1,premium,243,42,3.33
P001738,Clothing,47.26,3.06,S0048,1,5,4,0,budget,1148,173,2.28
P001739,Books,17.65,3.6,S0459,1,0,4,0,mid,1033,23,3.36
P001740,Toys & Games,62.07,3.46,S0265,1,0,5,0,mid,1552,83,3.17
P001741,Clothing,31.58,3.7,S0267,1,0,5,0,mid,254,27,3.49
P001742,Clothing,41.37,1.85,S0191,1,0,7,0,mid,458,50,1.08
P001743,Electronics,96.24,4.22,S0427,1,0,3,0,mid,759,52,3.71
P001744,Food & Grocery,51.54,4.81,S0049,1,4,7,0,mid,1480,32,4.03
P001745,Beauty,35.44,2.17,S0193,0,7,7,0,budget,378,10,1.9
P001746,Sports & Outdoors,42.52,4.78,S0283,1,6,5,0,mid,1712,46,3.79
P001747,Beauty,26.14,2.2,S0099,0,5,4,1,mid,225,71,1.64
P001748,Books,24.44,4.0,S0107,1,0,7,0,budget,1687,37,4.06
P001749,Home & Kitchen,47.32,4.46,S0308,1,7,3,0,mid,1222,1,4.36
P001750,Home & Kitchen,39.91,1.75,S0291,0,4,7,1,budget,279,26,1.87
P001751,Sports & Outdoors,43.9,4.35,S0409,1,0,7,0,mid,1780,74,4.36
P001752,Clothing,55.15,4.66,S0409,0,5,4,0,budget,116,10,3.63
P001753,Health,30.65,3.41,S0010,0,5,5,0,mid,719,119,3.05
P001754,Toys & Games,24.37,3.8,S0197,1,3,5,0,mid,1316,15,3.49
P001755,Home & Kitchen,24.67,3.25,S0424,0,5,6,0,mid,638,22,2.81
P001756,Books,18.86,3.87,S0475,0,5,6,0,mid,706,42,2.92
P001757,Electronics,165.94,4.58,S0048,0,4,7,1,mid,536,10,4.39
P001758,Automotive,61.84,3.66,S0384,1,2,3,0,premium,344,98,3.48
P001759,Health,42.81,2.66,S0117,1,7,7,0,mid,1061,150,2.21
P001760,Food & Grocery,34.46,4.86,S0403,1,4,7,1,mid,821,8,4.63
P001761,Clothing,68.55,3.6,S0224,1,3,6,0,premium,1465,26,3.28
P001762,Electronics,257.75,4.11,S0057,1,6,4,0,mid,990,321,3.89
P001763,Clothing,38.95,2.95,S0103,0,1,6,0,mid,939,123,2.38
P001764,Electronics,131.65,3.87,S0471,1,7,5,0,mid,316,4,3.55
P001765,Electronics,98.89,3.48,S0384,0,5,4,0,budget,475,134,3.21
P001766,Electronics,129.6,4.05,S0018,0,5,4,0,budget,97,0,3.58
P001767,Automotive,75.89,3.42,S0475,1,2,5,1,mid,1754,69,2.28
P001768,Electronics,115.42,2.18,S0422,1,2,6,0,mid,1413,11,2.01
P001769,Electronics,195.98,3.83,S0273,1,7,4,1,mid,508,57,3.52
P001770,Toys & Games,17.93,3.91,S0015,1,5,4,0,budget,837,44,3.24
P001771,Sports & Outdoors,23.99,3.74,S0218,1,0,4,0,premium,1024,38,3.54
P001772,Toys & Games,52.32,3.18,S0082,0,6,5,0,mid,462,66,2.94
P001773,Sports & Outdoors,48.9,3.63,S0183,1,0,7,0,mid,257,18,3.39
P001774,Health,23.0,4.42,S0158,1,3,4,0,budget,1720,16,3.86
P001775,Sports & Outdoors,33.72,4.5,S0357,1,3,7,0,mid,661,101,3.54
P001776,Books,23.2,3.43,S0369,1,2,3,0,budget,1373,33,2.58
P001777,Beauty,63.89,2.96,S0087,0,3,5,0,mid,1150,16,2.87
P001778,Home & Kitchen,43.18,3.35,S0450,0,1,7,1,premium,742,26,2.69
P001779,Home & Kitchen,48.33,2.84,S0336,1,5,4,1,mid,1119,24,2.32
P001780,Home & Kitchen,104.62,4.17,S0334,1,5,4,0,premium,512,21,4.0
P001781,Electronics,62.43,4.42,S0389,0,6,6,0,mid,476,56,3.34
P001782,Toys & Games,104.15,2.57,S0364,0,3,4,0,budget,1320,11,1.83
P001783,Clothing,195.02,3.8,S0395,1,4,3,0,premium,1404,205,3.66
P001784,Electronics,36.47,3.19,S0145,1,1,3,0,premium,1312,43,2.9
P001785,Clothing,42.44,3.88,S0344,1,2,5,0,mid,1268,3,2.89
P001786,Health,24.69,4.03,S0488,1,4,5,0,budget,1594,46,3.5
P001787,Clothing,38.39,3.46,S0378,1,3,3,0,mid,567,10,3.17
P001788,Beauty,21.78,4.72,S0204,0,7,4,1,budget,53,32,3.92
P001789,Health,61.85,4.15,S0317,1,2,6,1,premium,520,27,3.3
P001790,Electronics,172.92,3.79,S0457,0,0,5,0,mid,1144,74,2.9
P001791,Toys & Games,18.53,2.75,S0328,0,6,6,0,budget,1087,73,2.73
P001792,Clothing,40.58,4.2,S0390,0,4,6,0,budget,528,43,4.09
P001793,Clothing,61.28,4.08,S0445,1,0,7,0,budget,1408,327,3.9
P001794,Beauty,13.76,4.6,S0184,1,7,3,0,mid,1755,13,4.51
P001795,Health,14.15,4.32,S0168,0,1,5,0,budget,247,170,4.27
P001796,Clothing,148.76,1.93,S0172,0,7,4,0,mid,73,176,1.28
P001797,Books,12.24,4.37,S0185,1,2,6,1,mid,1259,49,4.23
P001798,Clothing,41.44,4.25,S0340,0,2,4,1,mid,892,57,3.86
P001799,Books,14.18,1.0,S0243,0,1,3,0,mid,1214,103,1.47
P001800,Sports & Outdoors,90.31,4.02,S0471,0,1,7,1,budget,1288,22,4.63
P001801,Sports & Outdoors,188.3,2.96,S0344,1,6,5,0,budget,101,18,2.61
P001802,Sports & Outdoors,92.05,4.06,S0337,0,3,3,0,budget,1359,19,3.56
P001803,Electronics,74.39,2.58,S0476,1,4,4,0,premium,339,47,2.21
P001804,Beauty,12.2,2.37,S0429,1,2,6,0,mid,1150,18,2.15
P001805,Beauty,22.04,4.63,S0017,1,3,5,1,budget,1774,13,4.24
P001806,Beauty,23.84,4.5,S0484,0,3,7,0,mid,865,9,4.84
P001807,Electronics,65.84,3.45,S0441,1,2,3,0,budget,648,10,3.15
P001808,Home & Kitchen,89.92,3.4,S0166,1,4,3,0,mid,1639,15,2.93
P001809,Home & Kitchen,28.66,3.41,S0118,1,3,6,0,budget,768,15,3.07
P001810,Electronics,453.2,3.81,S0270,1,6,4,0,premium,1050,37,3.18
P001811,Clothing,134.16,4.54,S0500,1,6,7,0,mid,385,13,3.58
P001812,Home & Kitchen,47.39,2.6,S0305,1,5,6,0,mid,952,59,2.3
P001813,Beauty,36.44,4.47,S0290,1,0,3,0,budget,160,351,4.72
P001814,Clothing,21.49,3.89,S0109,1,7,7,0,budget,1547,148,3.77
P001815,Toys & Games,46.52,3.38,S0449,1,5,7,0,budget,1109,9,2.9
P001816,Books,13.35,4.11,S0399,0,5,4,0,premium,814,23,3.8
P001817,Toys & Games,16.67,3.64,S0029,1,5,6,0,premium,1354,7,4.03
P001818,Home & Kitchen,46.23,3.38,S0131,0,4,6,1,budget,1105,41,3.1
P001819,Books,13.61,4.11,S0441,1,4,3,0,premium,771,44,3.43
P001820,Sports & Outdoors,53.48,3.5,S0354,1,0,6,0,mid,612,40,3.17
P001821,Food & Grocery,38.89,3.93,S0202,1,7,7,1,mid,150,9,3.73
P001822,Books,11.24,3.77,S0262,1,6,5,1,premium,405,15,3.52
P001823,Books,50.98,4.28,S0064,1,7,7,0,premium,742,104,4.29
P001824,Sports & Outdoors,29.35,3.34,S0419,0,5,6,0,mid,844,53,3.04
P001825,Beauty,73.81,4.95,S0316,1,2,6,1,mid,1790,11,3.75
P001826,Electronics,100.53,3.04,S0256,1,2,5,1,mid,624,7,2.88
P001827,Books,17.99,3.89,S0306,1,6,6,0,budget,881,30,3.62
P001828,Books,13.41,4.47,S0294,1,1,7,1,mid,96,28,4.12
P001829,Food & Grocery,17.9,4.22,S0218,0,4,5,1,premium,191,7,3.54
P001830,Books,29.11,3.58,S0091,1,5,5,0,budget,891,22,3.82
P001831,Home & Kitchen,135.26,3.71,S0241,1,1,3,0,mid,646,18,3.01
P001832,Automotive,153.21,4.85,S0405,0,0,5,0,budget,1191,16,4.07
P001833,Home & Kitchen,43.14,2.91,S0027,1,0,7,0,mid,1523,19,2.55
P001834,Clothing,50.26,4.41,S0202,1,6,6,0,budget,122,46,4.37
P001835,Clothing,28.15,4.19,S0411,0,2,6,0,premium,322,36,4.18
P001836,Electronics,102.05,4.4,S0290,1,1,3,0,mid,1034,149,4.15
P001837,Electronics,93.0,3.9,S0013,0,7,7,0,budget,206,41,3.78
P001838,Home & Kitchen,42.3,4.37,S0424,0,4,5,0,budget,578,86,3.54
P001839,Toys & Games,37.17,4.03,S0027,1,0,5,0,budget,1282,6,3.12
P001840,Beauty,8.89,4.88,S0240,1,2,3,0,budget,102,39,4.28
P001841,Electronics,179.93,2.7,S0058,1,3,7,0,mid,1124,21,2.7
P001842,Books,44.7,4.71,S0138,0,3,6,0,budget,201,78,4.51
P001843,Electronics,362.67,4.46,S0197,1,6,4,0,mid,1373,44,3.75
P001844,Food & Grocery,15.49,2.53,S0133,0,6,5,0,budget,1297,219,1.98
P001845,Electronics,80.02,4.55,S0438,1,0,7,0,budget,123,10,4.45
P001846,Sports & Outdoors,85.65,2.98,S0284,0,2,7,1,premium,984,14,2.74
P001847,Clothing,11.2,3.78,S0181,0,4,4,0,premium,864,49,2.78
P001848,Sports & Outdoors,126.53,3.64,S0146,1,0,6,0,budget,1721,28,2.94
P001849,Home & Kitchen,48.38,2.79,S0249,1,4,3,0,mid,100,10,2.66
P001850,Beauty,84.01,3.69,S0170,1,0,5,0,budget,1236,51,2.97
P001851,Clothing,15.97,2.53,S0404,1,4,5,0,mid,992,18,1.98
P001852,Health,65.92,3.71,S0118,1,0,6,0,premium,1733,56,3.05
P001853,Books,16.95,4.58,S0345,0,5,3,0,mid,1330,4,4.38
P001854,Beauty,22.96,3.43,S0224,0,3,4,1,mid,534,23,3.08
P001855,Health,16.7,4.0,S0132,0,7,4,1,premium,222,39,4.1
P001856,Automotive,107.23,4.33,S0234,0,0,4,0,budget,1060,40,3.77
P001857,Clothing,67.51,4.6,S0060,0,6,6,0,mid,1533,76,4.08
P001858,Clothing,131.33,1.81,S0263,1,3,3,0,budget,1018,24,1.73
P001859,Clothing,82.39,2.78,S0359,1,3,6,0,budget,1057,56,2.31
P001860,Clothing,31.51,3.5,S0297,0,5,3,0,mid,956,30,2.67
P001861,Sports & Outdoors,35.59,2.82,S0008,0,4,5,1,budget,687,79,2.43
P001862,Automotive,33.0,3.81,S0294,0,7,7,0,budget,1618,5,3.2
P001863,Automotive,181.53,3.78,S0013,1,6,7,0,budget,325,1,3.36
P001864,Books,11.28,2.7,S0184,1,1,7,0,premium,964,149,2.25
P001865,Sports & Outdoors,157.99,3.61,S0318,1,2,5,0,budget,1568,16,3.38
P001866,Health,52.07,3.45,S0451,1,7,5,1,mid,496,4,3.0
P001867,Food & Grocery,26.82,4.56,S0489,1,6,7,0,budget,777,27,3.62
P001868,Clothing,37.43,2.79,S0256,1,7,3,0,premium,1272,17,2.32
P001869,Books,26.76,3.0,S0107,1,7,7,0,budget,256,51,2.34
P001870,Toys & Games,31.7,4.2,S0417,1,5,3,0,mid,498,59,4.36
P001871,Clothing,36.06,3.31,S0178,1,7,3,0,mid,1311,20,2.99
P001872,Home & Kitchen,83.51,2.09,S0279,0,5,3,0,mid,177,100,2.08
P001873,Automotive,68.79,2.48,S0100,0,7,4,1,premium,694,7,2.2
P001874,Automotive,46.46,3.3,S0186,1,3,7,0,budget,1071,1,3.52
P001875,Health,54.46,4.47,S0240,0,7,4,1,budget,1535,39,3.64
P001876,Toys & Games,30.79,3.35,S0370,1,0,5,0,mid,273,24,2.78
P001877,Clothing,60.34,1.86,S0450,0,7,7,0,mid,975,3,2.01
P001878,Clothing,34.27,3.83,S0089,0,7,7,0,premium,1294,68,3.29
P001879,Books,8.71,3.42,S0280,1,6,5,0,budget,732,4,2.85
P001880,Books,50.98,4.84,S0485,1,7,4,1,premium,805,28,4.19
P001881,Books,45.53,3.63,S0009,0,3,5,1,budget,843,83,3.85
P001882,Sports & Outdoors,110.46,4.43,S0287,0,2,5,1,budget,1563,45,4.6
P001883,Home & Kitchen,43.58,3.9,S0384,1,1,4,0,mid,1118,42,3.63
P001884,Beauty,23.38,3.08,S0053,1,1,6,0,mid,746,18,2.83
P001885,Clothing,103.14,2.98,S0335,1,6,7,0,budget,47,40,2.92
P001886,Clothing,36.39,3.35,S0211,0,0,3,0,premium,731,60,3.13
P001887,Electronics,126.57,2.37,S0301,1,1,7,1,budget,1474,15,2.19
P001888,Clothing,138.38,3.98,S0357,1,3,6,0,premium,789,8,3.45
P001889,Health,36.93,2.65,S0073,1,2,3,0,budget,726,85,2.2
P001890,Home & Kitchen,158.92,4.74,S0035,1,7,6,0,budget,1293,305,4.41
P001891,Clothing,19.45,2.85,S0159,1,0,5,0,premium,1749,199,2.61
P001892,Beauty,38.21,3.61,S0131,0,0,3,0,budget,304,1,3.69
P001893,Books,62.37,3.84,S0145,0,2,3,0,mid,1701,148,3.38
P001894,Electronics,188.33,3.97,S0463,1,4,3,0,premium,634,15,3.3
P001895,Clothing,38.41,1.99,S0344,0,2,5,0,budget,1068,287,1.35
P001896,Electronics,91.81,3.51,S0179,0,6,5,0,mid,504,9,2.93
P001897,Sports & Outdoors,124.44,2.53,S0303,0,0,4,0,mid,68,8,1.85
P001898,Clothing,28.35,3.96,S0080,1,3,7,0,budget,716,31,3.91
P001899,Electronics,174.77,3.82,S0092,1,5,3,0,budget,1592,20,3.31
P001900,Electronics,88.2,3.77,S0050,0,4,7,0,budget,1643,21,3.16
P001901,Sports & Outdoors,165.43,3.25,S0214,0,4,3,0,mid,696,102,3.07
P001902,Electronics,369.92,3.21,S0310,0,3,3,1,mid,1147,146,3.47
P001903,Health,37.29,4.85,S0255,1,0,5,0,mid,1395,10,4.24
P001904,Electronics,92.56,4.02,S0280,1,0,6,0,mid,920,237,3.28
P001905,Sports & Outdoors,163.36,3.05,S0082,1,0,6,0,mid,1467,7,2.63
P001906,Home & Kitchen,44.16,2.12,S0324,0,4,6,1,premium,258,16,1.35
P001907,Home & Kitchen,28.34,3.8,S0277,0,7,5,0,mid,1681,692,3.57
P001908,Electronics,64.27,2.21,S0480,1,0,7,0,premium,1049,51,2.16
P001909,Toys & Games,21.72,3.44,S0124,1,0,6,1,mid,306,15,2.96
P001910,Health,15.88,3.64,S0031,1,5,3,1,premium,1443,45,2.94
P001911,Electronics,127.31,3.58,S0228,1,4,5,0,premium,1674,77,3.94
P001912,Electronics,289.17,3.87,S0099,1,2,7,0,mid,668,49,3.11
P001913,Health,30.34,3.12,S0088,1,0,6,0,mid,854,153,2.58
P001914,Books,22.28,4.62,S0117,0,6,7,1,budget,1628,11,4.17
P001915,Electronics,119.86,4.02,S0340,1,5,6,1,mid,984,15,3.88
P001916,Clothing,46.79,3.52,S0214,0,4,6,0,mid,652,11,3.12
P001917,Sports & Outdoors,205.8,3.51,S0438,0,1,4,0,mid,1165,12,3.17
P001918,Beauty,22.72,3.21,S0061,1,7,3,1,budget,314,34,3.07
P001919,Sports & Outdoors,81.86,2.92,S0466,0,0,4,0,premium,633,9,3.59
P001920,Food & Grocery,8.6,4.67,S0205,1,5,4,0,budget,1495,46,4.03
P001921,Books,44.81,4.11,S0267,1,5,6,0,mid,195,70,3.55
P001922,Clothing,33.8,2.28,S0409,1,5,4,0,premium,1031,7,2.02
P001923,Home & Kitchen,103.3,3.72,S0246,1,4,4,1,budget,1235,15,3.55
P001924,Home & Kitchen,51.08,2.98,S0082,0,2,7,0,mid,944,17,3.44
P001925,Clothing,64.95,4.57,S0121,0,3,3,0,mid,719,25,4.08
P001926,Electronics,276.71,4.19,S0459,0,3,6,0,premium,1668,27,3.94
P001927,Home & Kitchen,41.92,2.94,S0035,1,6,4,0,premium,1461,98,2.0
P001928,Beauty,53.91,4.51,S0456,0,5,7,0,mid,1489,107,4.08
P001929,Electronics,117.33,4.34,S0338,0,3,7,0,premium,202,12,3.9
P001930,Home & Kitchen,87.72,4.6,S0257,0,5,5,1,budget,1787,75,4.45
P001931,Sports & Outdoors,51.43,3.24,S0159,0,7,6,0,budget,924,172,2.76
P001932,Sports & Outdoors,80.17,3.55,S0431,1,5,7,0,mid,1254,141,2.83
P001933,Toys & Games,24.25,4.24,S0017,1,2,6,1,mid,698,42,3.88
P001934,Toys & Games,32.97,3.65,S0356,1,0,7,0,budget,1055,31,2.82
P001935,Beauty,14.69,4.16,S0105,1,7,6,0,mid,1287,6,3.5
P001936,Electronics,214.62,3.09,S0179,0,0,3,0,budget,983,20,2.8
P001937,Home & Kitchen,56.48,4.07,S0032,0,4,6,0,budget,1039,5,2.94
P001938,Sports & Outdoors,47.01,4.03,S0281,0,0,4,1,premium,660,130,3.55
P001939,Clothing,43.54,3.3,S0074,1,7,5,0,mid,1786,24,3.44
P001940,Electronics,200.49,4.11,S0059,1,0,6,0,mid,350,29,3.22
P001941,Clothing,31.09,2.64,S0165,1,5,3,0,mid,691,15,2.17
P001942,Home & Kitchen,50.91,3.45,S0248,0,6,6,0,mid,1490,6,3.28
P001943,Home & Kitchen,30.08,3.78,S0473,0,5,5,0,budget,871,77,3.65
P001944,Electronics,755.81,4.63,S0415,0,4,4,1,mid,41,60,4.18
P001945,Toys & Games,60.41,4.31,S0201,0,4,6,0,premium,209,101,3.82
P001946,Food & Grocery,25.92,3.32,S0293,1,4,6,1,budget,1601,4,3.48
P001947,Clothing,90.92,2.89,S0386,1,6,3,0,budget,1785,161,2.66
P001948,Food & Grocery,6.71,3.58,S0192,0,0,4,0,mid,494,28,2.9
P001949,Electronics,39.87,3.4,S0384,1,7,3,0,mid,402,84,3.1
P001950,Food & Grocery,17.31,3.43,S0332,1,6,6,1,budget,453,1,3.05
P001951,Food & Grocery,9.62,2.98,S0352,1,7,7,0,mid,1649,54,2.55
P001952,Electronics,160.52,4.67,S0489,0,0,7,1,premium,42,30,3.7
P001953,Toys & Games,36.2,4.51,S0189,0,1,4,1,budget,201,25,4.06
P001954,Automotive,130.29,4.58,S0034,1,1,4,0,budget,667,29,4.3
P001955,Health,19.19,1.04,S0269,1,3,4,1,mid,1762,16,1.16
P001956,Automotive,95.32,3.81,S0166,0,6,3,0,mid,187,6,3.43
P001957,Books,18.16,3.91,S0030,1,6,4,0,budget,618,7,3.53
P001958,Electronics,227.89,3.83,S0078,0,5,6,1,mid,356,34,3.28
P001959,Health,27.82,4.35,S0267,0,3,3,0,mid,611,159,4.21
P001960,Sports & Outdoors,149.05,2.07,S0479,1,0,6,0,mid,1248,124,1.51
P001961,Sports & Outdoors,61.09,4.47,S0170,1,5,7,0,mid,383,43,3.87
P001962,Home & Kitchen,159.47,2.95,S0273,1,0,4,0,budget,765,18,2.41
P001963,Books,11.2,4.4,S0089,1,1,6,0,budget,316,393,3.93
P001964,Electronics,288.89,3.78,S0065,1,3,5,0,premium,49,74,3.8
P001965,Beauty,27.02,3.98,S0392,1,6,7,0,mid,914,67,3.23
P001966,Electronics,151.97,4.44,S0307,1,4,5,0,mid,590,6,4.08
P001967,Beauty,40.92,3.38,S0095,0,0,5,0,mid,1346,44,3.13
P001968,Health,31.76,3.68,S0251,1,1,7,0,budget,40,7,3.02
P001969,Home & Kitchen,11.14,3.5,S0291,1,6,4,0,premium,118,402,3.09
P001970,Books,2.87,3.48,S0030,1,4,6,1,mid,1649,12,2.86
P001971,Clothing,96.56,2.98,S0151,0,5,7,0,budget,795,15,2.71
P001972,Automotive,156.91,2.5,S0433,1,2,4,0,budget,1553,15,2.21
P001973,Beauty,86.89,3.97,S0182,1,6,7,0,budget,218,21,4.02
P001974,Home & Kitchen,54.42,4.27,S0355,0,4,4,1,budget,655,74,3.61
P001975,Electronics,85.18,3.58,S0303,0,0,6,0,mid,1262,33,3.17
P001976,Clothing,34.98,2.5,S0003,0,5,4,0,budget,455,34,2.14
P001977,Home & Kitchen,55.38,3.92,S0474,0,2,6,1,mid,421,78,3.94
P001978,Food & Grocery,12.02,2.14,S0480,1,6,3,0,mid,219,5,1.78
P001979,Beauty,75.29,4.55,S0335,1,5,7,1,budget,645,81,3.83
P001980,Clothing,172.49,3.35,S0080,1,1,3,0,budget,1278,38,2.78
P001981,Health,50.63,3.16,S0423,0,0,4,0,budget,549,14,2.61
P001982,Home & Kitchen,54.64,1.56,S0001,0,0,7,0,mid,243,38,1.23
P001983,Health,17.47,2.46,S0255,0,1,3,0,mid,1136,37,1.96
P001984,Clothing,113.81,4.26,S0214,1,0,7,0,mid,1215,1,3.84
P001985,Sports & Outdoors,68.05,2.55,S0349,0,5,5,1,budget,752,172,1.91
P001986,Food & Grocery,18.5,2.94,S0071,0,1,4,0,premium,487,141,2.82
P001987,Clothing,60.06,4.58,S0438,1,3,7,0,mid,1325,6,4.13
P001988,Beauty,19.7,3.84,S0286,1,2,7,1,mid,1320,13,3.94
P001989,Automotive,81.91,3.91,S0131,1,5,7,0,mid,1091,168,3.66
P001990,Electronics,77.86,2.16,S0156,1,0,5,0,budget,726,73,2.05
P001991,Electronics,355.17,3.72,S0344,0,3,3,0,mid,923,52,3.95
P001992,Beauty,26.3,3.05,S0093,1,6,6,0,mid,272,55,2.88
P001993,Clothing,90.19,2.43,S0149,0,1,6,0,budget,35,51,2.12
P001994,Electronics,163.97,4.29,S0493,1,6,7,1,budget,520,9,3.6
P001995,Home & Kitchen,50.68,2.51,S0440,1,1,6,0,mid,949,16,2.69
P001996,Beauty,13.53,2.57,S0167,0,5,4,0,mid,1251,109,2.01
P001997,Clothing,70.99,1.54,S0278,0,2,5,0,premium,450,72,1.04
P001998,Clothing,26.61,4.13,S0208,0,2,6,0,mid,1242,46,3.38
P001999,Health,28.38,4.22,S0101,0,4,6,0,premium,574,15,3.57
P002000,Books,18.01,3.98,S0148,0,5,4,0,budget,1087,108,3.6
P002001,Health,40.87,4.7,S0055,1,4,4,1,mid,224,10,4.15
P002002,Home & Kitchen,19.76,4.63,S0419,0,4,7,0,budget,602,195,4.32
P002003,Food & Grocery,19.15,4.56,S0124,1,2,7,0,premium,370,13,3.78
P002004,Sports & Outdoors,104.74,4.12,S0099,0,5,4,0,mid,1154,11,3.45
P002005,Electronics,147.43,3.67,S0319,0,0,3,0,mid,1285,34,3.35
P002006,Health,33.21,2.76,S0064,1,0,6,1,budget,104,42,2.19
P002007,Books,19.84,4.75,S0479,1,1,3,0,mid,733,37,3.87
P002008,Electronics,171.53,3.73,S0441,0,6,3,1,mid,1099,6,2.9
P002009,Electronics,99.69,4.17,S0207,1,4,5,0,budget,1338,54,3.74
P002010,Beauty,27.4,3.7,S0092,0,2,4,0,mid,1412,107,3.31
P002011,Electronics,335.9,4.0,S0071,0,5,3,1,mid,1394,30,3.57
P002012,Clothing,23.95,4.05,S0429,1,2,4,0,mid,274,5,4.01
P002013,Electronics,147.77,4.74,S0221,1,5,6,0,mid,1151,25,4.36
P002014,Home & Kitchen,24.01,3.92,S0290,0,3,6,0,mid,1475,8,3.53
P002015,Home & Kitchen,96.75,3.4,S0063,1,4,6,0,budget,1015,3,3.46
P002016,Books,17.03,3.02,S0412,1,1,4,1,mid,1631,17,3.01
P002017,Clothing,27.02,3.52,S0259,0,0,6,0,premium,1480,232,2.95
P002018,Electronics,195.53,4.1,S0036,0,7,4,0,budget,1727,29,3.94
P002019,Sports & Outdoors,31.57,3.53,S0039,0,5,6,0,premium,1709,23,3.71
P002020,Home & Kitchen,29.58,3.31,S0482,0,5,3,0,premium,83,77,3.51
P002021,Sports & Outdoors,27.07,4.46,S0029,1,4,5,0,budget,733,68,4.31
P002022,Electronics,97.54,3.17,S0150,1,7,4,1,budget,1615,5,2.97
P002023,Electronics,417.7,4.31,S0007,1,0,6,0,mid,173,311,3.97
P002024,Clothing,28.99,1.28,S0030,0,7,4,0,premium,142,41,1.59
P002025,Home & Kitchen,72.75,2.64,S0407,1,3,4,0,budget,527,98,1.97
P002026,Home & Kitchen,33.3,4.28,S0383,0,4,5,0,premium,701,16,4.23
P002027,Toys & Games,50.47,3.11,S0166,1,7,6,0,budget,1128,3,2.84
P002028,Home & Kitchen,29.72,3.56,S0090,1,6,5,1,mid,1000,28,2.93
P002029,Books,18.43,2.76,S0125,0,2,7,0,premium,1329,8,2.13
P002030,Sports & Outdoors,67.09,4.16,S0176,1,7,7,0,budget,422,135,3.23
P002031,Electronics,747.73,2.21,S0389,1,0,6,0,mid,882,6,2.16
P002032,Books,26.28,3.42,S0298,0,1,5,0,budget,639,34,3.65
P002033,Home & Kitchen,38.54,4.63,S0223,0,1,5,0,mid,1625,67,4.02
P002034,Home & Kitchen,82.96,2.45,S0035,1,2,3,0,premium,1637,55,1.95
P002035,Electronics,667.31,4.6,S0058,1,5,5,0,budget,1487,18,4.5
P002036,Toys & Games,12.04,4.75,S0101,0,3,7,0,mid,339,3,4.31
P002037,Food & Grocery,13.27,4.34,S0107,1,6,6,0,premium,194,5,4.28
P002038,Electronics,160.49,3.51,S0245,1,4,3,0,mid,983,13,2.87
P002039,Sports & Outdoors,50.61,3.75,S0432,1,4,3,0,premium,1282,6,3.57
P002040,Toys & Games,26.21,4.38,S0211,0,6,7,0,premium,1493,30,4.49
P002041,Clothing,20.58,3.63,S0165,1,3,6,0,budget,1440,13,2.95
P002042,Toys & Games,74.3,3.67,S0279,0,2,5,0,mid,456,7,3.21
P002043,Sports & Outdoors,27.68,2.81,S0038,1,0,7,0,mid,638,6,2.42
P002044,Food & Grocery,19.51,3.05,S0365,0,6,3,1,mid,1685,4,2.97
P002045,Automotive,140.47,3.4,S0028,1,1,6,0,mid,1283,30,3.44
P002046,Electronics,181.68,3.86,S0177,1,5,7,1,budget,1764,13,3.27
P002047,Home & Kitchen,30.56,4.07,S0477,0,6,5,0,mid,416,34,4.41
P002048,Books,8.01,2.85,S0203,1,2,5,1,mid,500,30,2.58
P002049,Electronics,161.15,2.23,S0374,0,1,4,0,mid,1190,25,1.84
P002050,Clothing,28.57,2.91,S0137,0,5,7,0,mid,867,72,3.05
P002051,Automotive,84.83,4.69,S0427,1,2,6,0,budget,1761,5,4.26
P002052,Electronics,79.8,4.73,S0170,0,6,5,0,mid,49,72,4.14
P002053,Home & Kitchen,89.58,3.0,S0114,0,3,4,0,mid,1132,53,2.54
P002054,Health,40.73,3.81,S0026,1,2,5,1,premium,1730,26,4.06
P002055,Clothing,50.43,3.76,S0154,1,5,5,0,mid,972,12,3.09
P002056,Home & Kitchen,130.58,2.41,S0291,0,3,4,0,premium,273,34,2.51
P002057,Automotive,57.67,3.07,S0032,1,6,7,0,mid,138,56,2.52
P002058,Home & Kitchen,35.58,3.3,S0087,0,5,4,0,premium,787,6,2.78
P002059,Electronics,133.18,4.07,S0174,1,7,3,0,budget,1378,68,3.64
P002060,Electronics,164.82,3.48,S0359,0,3,6,1,mid,1220,266,3.27
P002061,Food & Grocery,20.83,4.56,S0299,1,0,6,0,budget,213,30,3.61
P002062,Clothing,27.34,3.45,S0022,1,1,3,0,mid,1181,158,2.94
P002063,Books,5.35,2.63,S0019,0,0,6,1,premium,1640,58,2.68
P002064,Electronics,132.13,2.4,S0030,1,6,5,0,mid,1185,45,2.47
P002065,Home & Kitchen,68.25,4.31,S0166,1,1,6,0,mid,487,14,3.79
P002066,Food & Grocery,23.87,3.92,S0143,0,1,4,0,mid,60,21,3.18
P002067,Books,36.97,2.29,S0059,1,4,3,1,budget,1027,10,2.13
P002068,Automotive,242.45,4.14,S0220,1,1,5,0,premium,1329,102,3.98
P002069,Clothing,70.97,3.78,S0296,0,7,3,0,budget,1574,13,3.46
P002070,Books,41.26,3.8,S0347,0,6,4,1,budget,1350,274,3.84
P002071,Health,60.2,4.82,S0498,1,3,3,0,budget,854,56,4.26
P002072,Home & Kitchen,153.43,4.56,S0347,0,5,4,0,premium,995,53,3.71
P002073,Clothing,136.62,3.32,S0493,0,3,7,0,mid,376,6,2.81
P002074,Health,67.24,4.19,S0487,1,3,5,0,mid,1324,73,3.77
P002075,Home & Kitchen,84.03,4.75,S0424,0,3,6,1,mid,1197,25,4.06
P002076,Books,15.91,4.12,S0176,1,3,6,0,budget,31,16,3.55
P002077,Automotive,73.16,4.46,S0022,0,3,3,0,budget,571,15,4.3
P002078,Clothing,36.74,4.49,S0030,0,1,7,1,budget,324,7,3.8
P002079,Clothing,65.33,1.77,S0436,1,5,3,0,mid,1753,33,1.19
P002080,Electronics,120.08,4.37,S0431,1,0,4,0,budget,161,27,4.18
P002081,Home & Kitchen,49.04,3.74,S0155,1,7,6,0,mid,948,6,3.56
P002082,Clothing,10.95,4.16,S0366,1,7,5,0,mid,583,61,3.43
P002083,Beauty,78.73,3.76,S0228,0,1,4,0,mid,1669,425,3.6
P002084,Clothing,39.42,3.73,S0035,0,0,4,0,premium,390,5,3.02
P002085,Beauty,36.8,3.8,S0328,0,3,5,1,budget,1705,28,3.2
P002086,Clothing,107.91,4.43,S0042,1,0,6,0,mid,359,242,3.66
P002087,Home & Kitchen,65.86,1.68,S0066,1,3,6,0,budget,102,13,1.37
P002088,Home & Kitchen,130.84,2.03,S0239,0,6,4,0,premium,772,56,2.0
P002089,Beauty,13.29,3.44,S0036,1,2,4,0,premium,910,53,3.18
P002090,Home & Kitchen,231.77,2.98,S0171,1,7,3,0,budget,1133,72,2.44
P002091,Home & Kitchen,105.59,3.7,S0377,1,0,7,0,budget,958,298,3.39
P002092,Health,43.08,4.06,S0299,0,5,6,0,budget,991,3,3.77
P002093,Books,42.33,4.24,S0028,0,4,4,1,budget,574,41,4.1
P002094,Clothing,22.32,4.73,S0110,1,1,3,1,budget,1511,18,4.36
P002095,Health,31.96,3.76,S0497,0,3,7,0,budget,997,31,3.61
P002096,Home & Kitchen,130.83,4.05,S0480,0,2,3,1,budget,727,34,3.66
P002097,Electronics,60.35,4.08,S0460,0,4,3,0,budget,167,23,3.43
P002098,Books,25.2,3.26,S0257,1,7,7,0,mid,751,8,2.98
P002099,Electronics,254.59,4.2,S0216,1,4,4,0,budget,810,9,4.14
P002100,Clothing,146.67,4.21,S0376,1,5,7,1,mid,48,424,4.17
P002101,Beauty,10.83,4.33,S0479,0,4,5,0,premium,1458,6,3.12
P002102,Electronics,485.96,3.28,S0063,0,6,5,1,mid,1375,144,3.14
P002103,Toys & Games,22.88,3.6,S0448,1,4,7,0,budget,447,9,3.09
P002104,Food & Grocery,16.82,4.3,S0309,1,3,3,1,premium,1095,37,3.99
P002105,Sports & Outdoors,31.22,3.4,S0071,1,0,4,1,budget,271,351,2.65
P002106,Beauty,14.58,3.11,S0433,0,6,4,0,budget,252,85,2.67
P002107,Beauty,35.67,4.53,S0017,1,7,6,1,mid,1218,5,3.6
P002108,Automotive,38.48,3.92,S0012,0,7,4,0,budget,369,22,3.4
P002109,Home & Kitchen,85.76,3.83,S0184,0,5,7,0,mid,1661,32,3.63
P002110,Electronics,124.28,4.68,S0270,0,2,6,0,mid,332,114,4.35
P002111,Books,8.69,4.34,S0214,1,5,7,0,mid,1180,35,4.55
P002112,Books,13.11,3.36,S0124,0,2,7,0,premium,751,27,2.87
P002113,Electronics,226.42,2.61,S0329,0,7,6,0,budget,163,260,2.09
P002114,Sports & Outdoors,55.04,4.27,S0240,0,0,4,1,budget,97,220,4.26
P002115,Electronics,188.84,2.14,S0060,1,7,6,0,mid,276,76,1.41
P002116,Food & Grocery,33.41,4.52,S0408,1,5,5,0,mid,1408,15,4.13
P002117,Clothing,86.15,3.69,S0155,1,7,4,0,mid,1784,1,3.47
P002118,Electronics,153.59,4.53,S0346,1,1,4,1,mid,593,7,3.38
P002119,Electronics,98.87,3.52,S0176,0,4,7,0,budget,505,5,2.84
P002120,Clothing,47.1,2.99,S0378,1,2,6,0,premium,1656,30,2.28
P002121,Clothing,59.68,2.31,S0142,0,5,3,0,budget,751,102,2.33
P002122,Electronics,77.01,3.62,S0106,0,5,4,0,premium,510,354,3.07
P002123,Clothing,26.37,3.48,S0038,1,5,5,1,budget,1009,152,3.05
P002124,Clothing,29.23,3.72,S0417,1,5,6,0,mid,678,14,2.86
P002125,Home & Kitchen,48.55,4.31,S0361,1,0,4,0,mid,562,44,3.64
P002126,Home & Kitchen,34.84,2.77,S0307,1,3,6,1,mid,1660,53,2.26
P002127,Clothing,68.78,3.92,S0304,0,2,4,0,mid,1323,5,3.46
P002128,Clothing,17.18,3.24,S0035,1,7,3,0,mid,328,11,2.82
P002129,Electronics,71.7,3.38,S0207,1,4,3,0,mid,1077,19,3.48
P002130,Electronics,151.41,3.87,S0432,1,1,7,1,premium,1526,426,3.69
P002131,Clothing,40.5,3.01,S0145,0,3,6,1,budget,893,52,2.18
P002132,Beauty,11.7,3.0,S0028,0,4,7,0,mid,298,6,3.01
P002133,Automotive,52.11,3.12,S0420,0,2,5,0,mid,890,19,3.07
P002134,Food & Grocery,17.29,2.36,S0015,1,4,5,0,budget,906,56,2.14
P002135,Books,14.22,2.6,S0345,1,6,4,0,budget,386,24,2.64
P002136,Books,19.72,3.6,S0417,0,4,3,0,budget,1576,21,3.6
P002137,Clothing,30.26,3.73,S0373,1,4,6,0,budget,97,79,3.21
P002138,Toys & Games,77.67,4.17,S0007,1,5,3,0,mid,312,177,3.39
P002139,Toys & Games,42.89,4.21,S0449,0,2,7,1,mid,219,142,3.96
P002140,Health,23.41,3.59,S0045,1,5,3,1,budget,96,23,2.99
P002141,Health,40.22,2.97,S0426,1,0,7,0,mid,541,27,2.75
P002142,Home & Kitchen,59.25,4.56,S0009,0,6,5,0,budget,453,22,3.79
P002143,Toys & Games,66.33,4.77,S0246,1,3,4,0,premium,1467,117,4.59
P002144,Toys & Games,22.32,2.84,S0441,1,6,4,1,mid,493,20,2.33
P002145,Clothing,71.31,3.31,S0132,1,2,6,0,budget,463,3,2.92
P002146,Food & Grocery,22.56,3.23,S0023,1,7,7,0,budget,750,59,2.82
P002147,Electronics,452.73,3.34,S0045,1,4,5,0,premium,187,62,2.58
P002148,Automotive,162.72,4.69,S0187,0,7,5,0,mid,1346,20,4.54
P002149,Toys & Games,36.01,4.18,S0181,0,2,7,0,mid,1471,306,4.15
P002150,Electronics,158.06,3.95,S0109,0,4,5,1,mid,114,17,3.51
P002151,Sports & Outdoors,88.09,2.77,S0229,0,5,4,0,mid,1155,181,2.27
P002152,Electronics,166.02,4.6,S0171,1,5,7,1,premium,1042,6,4.07
P002153,Toys & Games,87.7,3.57,S0296,1,2,7,0,premium,1757,46,3.06
P002154,Toys & Games,33.54,3.6,S0146,1,3,5,0,budget,1313,12,3.23
P002155,Sports & Outdoors,50.96,4.12,S0158,1,1,3,0,mid,1632,30,3.61
P002156,Health,28.84,4.91,S0444,1,5,4,0,premium,1458,82,4.15
P002157,Electronics,89.35,1.46,S0393,1,3,7,0,budget,1110,16,1.65
P002158,Clothing,62.84,2.82,S0385,0,0,7,0,premium,1740,14,2.47
P002159,Home & Kitchen,33.63,4.37,S0190,1,2,6,1,mid,1115,25,4.51
P002160,Electronics,357.54,3.89,S0443,0,2,5,0,budget,1490,3015,3.53
P002161,Home & Kitchen,25.32,3.23,S0171,1,4,7,1,premium,818,42,2.79
P002162,Clothing,48.57,4.42,S0361,1,7,5,1,mid,212,39,3.89
P002163,Home & Kitchen,109.67,3.8,S0376,0,7,3,0,budget,1200,55,3.31
P002164,Home & Kitchen,15.12,3.26,S0166,1,5,4,0,mid,341,4,2.9
P002165,Health,127.55,4.74,S0308,1,7,4,0,mid,929,99,4.33
P002166,Clothing,34.87,3.5,S0093,0,0,6,1,mid,1305,77,2.81
P002167,Health,41.36,4.3,S0193,0,6,4,1,budget,1576,3,3.56
P002168,Home & Kitchen,77.49,1.97,S0265,1,4,6,0,mid,404,593,2.01
P002169,Clothing,69.57,2.97,S0333,1,2,4,1,premium,1616,33,2.83
P002170,Books,21.21,3.49,S0179,1,2,6,0,premium,467,8,2.67
P002171,Home & Kitchen,100.06,4.48,S0356,1,2,4,0,budget,1420,48,4.19
P002172,Clothing,61.44,4.76,S0322,0,6,4,0,premium,1533,11,4.54
P002173,Books,51.77,3.83,S0432,1,3,6,0,budget,1191,4,3.52
P002174,Electronics,253.09,3.58,S0020,1,0,7,1,mid,847,23,2.73
P002175,Home & Kitchen,178.77,4.03,S0257,0,7,6,0,budget,1068,25,3.23
P002176,Books,30.91,2.23,S0357,0,4,5,0,premium,732,5,1.99
P002177,Home & Kitchen,18.61,4.77,S0212,1,3,7,0,premium,219,12,4.86
P002178,Toys & Games,153.3,3.7,S0150,0,5,7,1,premium,860,9,3.17
P002179,Clothing,31.88,1.92,S0291,0,2,7,0,budget,67,21,1.91
P002180,Automotive,183.98,3.01,S0232,1,4,3,0,mid,484,72,2.52
P002181,Toys & Games,32.52,2.96,S0215,1,0,7,1,budget,1784,39,3.17
P002182,Automotive,141.76,4.12,S0490,0,2,5,0,mid,184,31,3.72
P002183,Toys & Games,21.17,4.39,S0212,1,2,6,0,premium,129,3,3.59
P002184,Electronics,269.29,4.49,S0108,1,6,7,1,mid,1759,32,3.8
P002185,Books,15.46,3.88,S0009,1,6,5,1,mid,1313,8,3.22
P002186,Electronics,477.12,2.79,S0059,1,6,6,0,budget,546,4,2.55
P002187,Toys & Games,41.63,2.73,S0269,1,3,7,0,mid,228,94,2.25
P002188,Sports & Outdoors,113.97,3.66,S0105,1,2,3,0,budget,936,6,3.15
P002189,Clothing,12.28,3.68,S0055,1,4,6,0,budget,1700,37,3.9
P002190,Food & Grocery,20.9,4.54,S0176,1,2,6,0,premium,133,18,3.91
P002191,Electronics,236.67,2.71,S0121,1,4,3,1,mid,1796,10,2.49
P002192,Books,20.58,4.76,S0269,1,5,3,0,budget,294,143,4.2
P002193,Beauty,49.84,3.89,S0029,0,7,6,0,mid,1753,16,3.49
P002194,Electronics,148.53,2.94,S0491,0,2,4,0,budget,210,17,2.85
P002195,Sports & Outdoors,66.93,4.56,S0456,1,0,4,0,budget,496,13,3.44
P002196,Toys & Games,65.01,4.58,S0435,1,2,4,1,premium,120,40,4.17
P002197,Electronics,47.14,4.4,S0086,1,6,5,0,budget,816,27,3.85
P002198,Books,25.64,2.52,S0358,0,3,4,0,budget,1182,14,2.32
P002199,Clothing,36.83,3.54,S0007,1,3,3,0,budget,274,10,3.12
P002200,Sports & Outdoors,37.6,4.98,S0361,1,3,3,0,mid,59,31,4.42
P002201,Electronics,226.4,3.55,S0399,0,2,4,0,budget,264,15,3.28
P002202,Food & Grocery,45.95,2.56,S0142,0,6,6,0,budget,838,262,2.14
P002203,Health,70.89,4.37,S0232,0,5,5,0,premium,939,17,4.52
P002204,Clothing,41.5,3.49,S0464,1,7,6,1,mid,1207,49,2.85
P002205,Clothing,76.1,3.3,S0100,0,0,5,0,budget,1703,29,3.4
P002206,Sports & Outdoors,109.42,3.02,S0270,1,5,4,0,premium,672,23,2.35
P002207,Beauty,26.57,2.86,S0152,0,0,7,0,mid,1068,97,2.49
P002208,Home & Kitchen,36.29,3.36,S0082,1,0,5,1,premium,295,66,3.12
P002209,Electronics,126.37,2.72,S0341,0,6,6,1,budget,634,64,2.17
P002210,Electronics,305.84,4.15,S0476,0,2,5,0,budget,425,64,3.43
P002211,Automotive,73.13,3.85,S0283,0,2,5,0,budget,363,4,3.38
P002212,Home & Kitchen,29.36,2.38,S0254,0,1,7,1,mid,301,56,2.41
P002213,Health,13.83,4.5,S0267,1,0,4,0,mid,108,24,4.07
P002214,Books,29.65,3.41,S0078,1,5,7,0,mid,552,17,3.64
P002215,Food & Grocery,15.85,2.25,S0101,1,4,3,0,mid,124,2105,2.19
P002216,Electronics,225.56,4.62,S0368,0,4,7,0,mid,660,5,4.02
P002217,Electronics,389.23,4.14,S0293,1,1,6,0,mid,139,29,2.92
P002218,Food & Grocery,10.03,2.96,S0117,1,7,7,0,budget,732,26,2.2
P002219,Food & Grocery,21.41,2.33,S0010,1,0,4,0,mid,1464,30,2.02
P002220,Clothing,40.62,3.13,S0094,0,3,6,0,premium,424,9,2.35
P002221,Home & Kitchen,69.07,4.1,S0253,1,4,6,1,premium,176,43,3.63
P002222,Home & Kitchen,115.68,4.11,S0134,1,0,3,0,budget,444,8,3.77
P002223,Home & Kitchen,24.77,2.54,S0366,1,4,6,0,mid,784,46,2.2
P002224,Clothing,63.34,4.0,S0290,1,4,7,0,budget,1161,39,3.52
P002225,Health,70.56,4.64,S0074,1,4,7,0,mid,1137,24,4.76
P002226,Clothing,40.24,1.83,S0147,1,2,6,0,mid,70,30,1.67
P002227,Beauty,25.78,4.41,S0018,0,7,7,0,premium,1671,221,3.93
P002228,Electronics,237.8,1.87,S0021,1,1,4,0,premium,811,66,1.38
P002229,Electronics,227.52,4.26,S0377,0,5,6,0,budget,588,40,3.83
P002230,Sports & Outdoors,92.19,2.82,S0194,1,2,4,0,mid,1674,55,2.39
P002231,Clothing,63.02,4.59,S0441,1,3,7,0,mid,357,34,4.67
P002232,Sports & Outdoors,36.06,4.06,S0118,0,1,5,0,mid,1377,64,3.82
P002233,Electronics,335.13,3.05,S0161,0,5,7,0,mid,1772,16,3.17
P002234,Food & Grocery,44.31,3.46,S0256,1,1,4,1,budget,619,470,3.18
P002235,Beauty,31.31,2.74,S0141,1,2,4,0,budget,796,41,2.84
P002236,Health,15.5,3.35,S0230,1,3,7,0,mid,1000,983,2.71
P002237,Electronics,172.69,4.46,S0062,0,0,7,1,mid,1498,473,4.09
P002238,Clothing,50.57,2.49,S0040,1,6,3,0,mid,1768,18,1.98
P002239,Home & Kitchen,27.68,3.89,S0431,1,2,4,0,budget,1027,44,3.37
P002240,Books,14.5,3.17,S0123,1,7,3,0,budget,1297,51,2.87
P002241,Clothing,19.32,3.37,S0052,1,5,6,0,budget,1547,101,2.75
P002242,Electronics,266.33,3.35,S0141,0,2,3,0,mid,1073,38,2.58
P002243,Home & Kitchen,60.76,3.73,S0210,1,5,3,0,mid,1419,140,3.65
P002244,Clothing,16.76,2.5,S0243,0,3,5,0,budget,1019,4,1.75
P002245,Home & Kitchen,67.91,3.61,S0383,1,3,7,0,budget,1001,15,3.76
P002246,Clothing,43.5,2.3,S0412,0,6,6,1,premium,1612,26,1.83
P002247,Clothing,61.34,3.84,S0146,0,5,6,0,mid,682,14,3.63
P002248,Sports & Outdoors,51.39,2.53,S0110,1,7,5,1,premium,374,4,2.46
P002249,Home & Kitchen,34.0,2.92,S0062,1,7,3,0,premium,1311,95,2.3
P002250,Home & Kitchen,34.63,2.46,S0080,1,6,4,1,budget,1054,8,2.35
P002251,Books,13.03,4.01,S0015,0,3,6,0,premium,1022,14,3.66
P002252,Toys & Games,32.36,3.85,S0001,1,3,7,0,mid,649,81,3.65
P002253,Home & Kitchen,60.11,4.57,S0210,0,7,3,0,mid,1295,143,4.48
P002254,Sports & Outdoors,57.97,3.06,S0304,0,6,4,0,mid,858,16,3.0
P002255,Automotive,58.18,2.61,S0410,1,2,3,0,mid,1190,9,2.09
P002256,Books,14.58,3.55,S0163,0,5,3,0,mid,100,12,3.15
P002257,Health,171.1,3.45,S0145,0,4,4,0,budget,1678,126,2.86
P002258,Toys & Games,20.15,3.67,S0336,0,0,3,0,mid,1433,135,3.13
P002259,Electronics,132.37,3.4,S0319,1,0,4,1,budget,910,49,3.21
P002260,Home & Kitchen,396.88,2.45,S0346,1,0,5,1,budget,356,44,2.39
P002261,Beauty,36.05,4.72,S0086,1,2,6,0,mid,1770,6,4.42
P002262,Automotive,32.77,4.04,S0023,1,7,5,1,mid,1025,57,3.72
P002263,Home & Kitchen,91.19,2.57,S0273,1,2,5,1,budget,849,85,2.45
P002264,Electronics,107.16,3.6,S0210,0,7,6,0,budget,1664,40,3.1
P002265,Books,31.06,4.11,S0130,1,3,4,0,premium,1634,42,4.1
P002266,Electronics,163.0,3.94,S0484,1,3,3,0,mid,485,9,3.75
P002267,Beauty,21.51,3.08,S0080,1,2,3,0,mid,1220,134,2.77
P002268,Books,47.27,4.87,S0138,0,5,7,0,budget,610,6,4.72
P002269,Beauty,39.33,3.69,S0375,1,4,7,0,mid,97,32,3.17
P002270,Health,68.13,3.92,S0265,1,2,4,0,mid,748,57,3.56
P002271,Sports & Outdoors,84.38,4.02,S0116,1,6,6,0,budget,455,130,3.89
P002272,Sports & Outdoors,49.79,2.7,S0269,1,5,4,0,mid,992,117,2.06
P002273,Beauty,40.41,2.19,S0210,1,5,4,0,budget,815,129,2.64
P002274,Health,78.5,4.41,S0131,1,3,6,0,budget,437,23,3.79
P002275,Health,41.2,4.14,S0336,1,5,7,0,mid,836,538,3.59
P002276,Electronics,545.3,2.8,S0390,1,2,6,1,mid,1337,122,2.53
P002277,Books,29.98,3.98,S0035,1,7,7,0,mid,1126,21,3.8
P002278,Clothing,51.1,3.91,S0002,0,3,7,0,mid,1144,23,3.77
P002279,Health,44.19,4.05,S0452,1,2,3,1,mid,254,82,4.09
P002280,Sports & Outdoors,70.58,4.33,S0114,0,3,5,0,mid,195,18,3.88
P002281,Home & Kitchen,25.96,3.32,S0044,1,7,5,1,budget,1153,7,3.09
P002282,Clothing,42.63,3.06,S0297,1,7,3,0,budget,932,36,2.29
P002283,Clothing,51.39,3.82,S0162,0,2,4,0,budget,1143,2,3.12
P002284,Beauty,21.81,3.47,S0459,1,7,7,1,premium,666,50,3.1
P002285,Clothing,55.11,2.04,S0481,1,2,3,0,budget,220,71,1.94
P002286,Electronics,187.38,1.54,S0005,1,1,5,0,mid,650,24,1.37
P002287,Health,60.45,4.47,S0096,0,1,5,0,mid,1171,131,4.18
P002288,Toys & Games,47.64,4.13,S0301,1,2,6,1,mid,1770,92,3.7
P002289,Clothing,49.75,3.05,S0169,1,2,5,0,mid,1039,9,2.67
P002290,Clothing,19.81,4.3,S0002,1,2,3,0,mid,747,34,4.59
P002291,Automotive,219.63,3.7,S0232,1,3,5,0,budget,674,17,3.25
P002292,Beauty,25.71,3.97,S0312,1,0,4,0,budget,72,22,3.88
P002293,Sports & Outdoors,61.92,3.77,S0495,0,3,3,1,premium,377,131,3.0
P002294,Clothing,36.64,3.5,S0206,0,4,7,0,premium,658,70,3.19
P002295,Clothing,33.57,3.75,S0395,0,3,5,1,premium,1116,13,3.17
P002296,Electronics,467.22,4.64,S0218,1,3,7,0,premium,1091,43,4.77
P002297,Beauty,64.32,2.26,S0336,1,1,7,0,mid,616,13,1.87
P002298,Electronics,241.53,2.34,S0484,1,0,7,1,budget,964,18,2.1
P002299,Electronics,173.44,2.8,S0407,1,7,4,0,mid,435,209,2.27
P002300,Beauty,40.6,4.14,S0342,1,7,7,0,mid,166,703,3.46
P002301,Food & Grocery,23.0,2.91,S0414,1,3,3,0,budget,545,280,2.6
P002302,Beauty,24.98,4.74,S0099,1,6,5,0,mid,327,46,4.37
P002303,Home & Kitchen,67.37,4.26,S0399,0,1,7,0,premium,976,41,4.15
P002304,Books,13.81,4.27,S0499,0,1,5,0,budget,1391,112,3.67
P002305,Home & Kitchen,63.99,3.65,S0487,0,4,4,1,mid,328,37,3.11
P002306,Clothing,50.87,3.84,S0129,1,5,3,0,mid,42,5,3.84
P002307,Books,25.85,4.23,S0214,0,5,5,0,budget,128,293,4.29
P002308,Home & Kitchen,37.93,4.51,S0343,1,2,6,1,mid,438,7,4.03
P002309,Sports & Outdoors,99.53,4.2,S0037,1,7,7,0,mid,322,141,3.92
P002310,Health,22.06,3.88,S0341,1,5,6,0,budget,1765,82,3.99
P002311,Automotive,53.19,4.81,S0138,1,2,5,0,premium,449,308,5.0
P002312,Electronics,134.69,1.81,S0425,1,3,6,0,mid,1190,93,1.75
P002313,Home & Kitchen,28.91,4.62,S0307,0,2,6,0,mid,1261,16,4.38
P002314,Clothing,82.77,3.67,S0200,1,1,4,0,mid,464,121,3.34
P002315,Home & Kitchen,30.75,2.43,S0026,0,0,4,0,premium,288,21,1.74
P002316,Clothing,29.59,3.44,S0348,1,3,4,0,budget,373,10,3.2
P002317,Electronics,392.92,4.2,S0269,0,0,6,0,mid,1586,3,4.19
P002318,Toys & Games,22.72,3.07,S0313,0,7,7,0,mid,767,28,2.54
P002319,Books,16.08,3.82,S0009,1,7,3,0,premium,43,4,2.88
P002320,Food & Grocery,11.99,2.68,S0219,0,5,7,0,mid,1172,185,2.59
P002321,Electronics,304.94,2.78,S0379,0,6,3,1,premium,790,5,1.98
P002322,Electronics,307.48,4.01,S0458,1,5,5,0,budget,332,20,3.14
P002323,Home & Kitchen,85.69,3.31,S0176,0,5,5,1,mid,317,22,2.49
P002324,Electronics,255.41,2.57,S0126,0,6,3,0,budget,1353,40,1.71
P002325,Clothing,47.03,3.14,S0354,1,4,6,0,mid,585,11,3.14
P002326,Automotive,54.75,4.59,S0113,1,6,7,0,premium,104,129,4.17
P002327,Clothing,27.6,3.97,S0445,1,1,4,0,mid,1386,40,4.19
P002328,Clothing,97.57,3.87,S0316,1,7,6,1,budget,373,32,3.7
P002329,Books,28.48,4.22,S0463,0,5,7,0,mid,1794,15,4.42
P002330,Books,11.87,4.36,S0096,0,0,6,0,budget,1074,64,3.73
P002331,Sports & Outdoors,66.57,2.84,S0042,0,1,5,0,budget,1002,177,2.66
P002332,Home & Kitchen,45.94,4.42,S0415,1,1,7,0,mid,1279,840,3.6
P002333,Toys & Games,16.26,3.73,S0145,1,1,5,0,premium,422,10,3.27
P002334,Electronics,205.81,4.6,S0170,1,6,6,0,budget,1219,28,4.57
P002335,Home & Kitchen,42.86,4.6,S0135,1,6,6,1,mid,344,3,4.13
P002336,Beauty,15.81,3.52,S0211,0,7,6,0,mid,493,74,3.1
P002337,Health,15.64,1.74,S0450,1,1,4,1,budget,1044,6,1.56
P002338,Home & Kitchen,21.52,3.66,S0342,1,4,6,0,mid,712,46,3.34
P002339,Books,14.4,3.64,S0037,1,6,4,1,budget,1626,145,3.32
P002340,Electronics,175.79,4.05,S0443,0,7,5,0,premium,96,20,4.04
P002341,Electronics,109.42,2.53,S0221,1,0,5,0,mid,206,10,2.06
P002342,Electronics,273.36,4.43,S0345,1,5,4,0,budget,30,161,3.92
P002343,Beauty,26.92,4.63,S0183,1,0,6,0,budget,1634,77,4.2
P002344,Clothing,63.61,3.44,S0048,1,0,4,0,budget,767,8,2.82
P002345,Beauty,25.09,4.68,S0210,0,6,3,0,premium,1586,39,4.08
P002346,Electronics,115.36,4.52,S0170,0,7,6,1,premium,991,11,4.3
P002347,Health,40.69,4.8,S0009,0,1,7,0,premium,1553,118,4.07
P002348,Toys & Games,15.0,3.64,S0376,1,6,4,1,mid,1483,38,4.11
P002349,Electronics,255.7,4.67,S0431,0,7,5,0,premium,202,207,4.69
P002350,Electronics,105.43,4.07,S0454,0,4,7,1,mid,1733,10,3.72
P002351,Electronics,320.95,3.98,S0123,0,1,4,0,budget,934,43,3.75
P002352,Health,31.02,3.83,S0317,1,5,5,0,mid,1090,32,3.68
P002353,Clothing,85.13,4.01,S0267,0,4,6,0,mid,459,44,3.78
P002354,Books,9.18,4.84,S0299,0,2,6,0,mid,1475,16,4.38
P002355,Home & Kitchen,36.62,3.05,S0399,1,6,3,0,budget,176,2,3.57
P002356,Toys & Games,40.22,2.44,S0190,1,4,3,0,mid,260,74,1.98
P002357,Books,36.33,4.92,S0138,1,2,4,0,mid,433,35,4.31
P002358,Books,48.93,3.91,S0240,0,3,5,0,budget,1475,12,3.54
P002359,Automotive,76.88,3.82,S0333,1,2,6,1,budget,1473,18,3.63
P002360,Electronics,557.24,1.69,S0217,0,4,4,0,mid,478,8,2.12
P002361,Toys & Games,26.89,3.55,S0152,0,2,3,0,mid,1001,3,3.19
P002362,Electronics,357.67,4.43,S0028,0,5,6,1,mid,755,115,4.16
P002363,Home & Kitchen,31.25,2.57,S0287,1,3,5,0,premium,1001,65,2.43
P002364,Health,48.9,4.78,S0011,0,0,3,0,mid,67,6,4.28
P002365,Sports & Outdoors,15.95,3.08,S0236,1,0,5,0,budget,799,685,3.14
P002366,Beauty,14.29,3.5,S0309,0,0,5,1,budget,858,8,3.28
P002367,Clothing,59.54,1.63,S0231,1,1,5,0,budget,55,78,1.76
P002368,Home & Kitchen,25.02,3.38,S0255,1,0,7,0,budget,1182,33,2.95
P002369,Home & Kitchen,71.06,2.91,S0139,1,5,3,1,premium,708,7,2.46
P002370,Books,31.01,1.85,S0123,0,4,6,0,premium,476,50,1.56
P002371,Home & Kitchen,40.71,3.7,S0423,0,0,3,0,mid,1421,26,3.42
P002372,Clothing,25.16,3.44,S0447,1,3,6,0,budget,1461,15,3.43
P002373,Clothing,33.86,3.35,S0081,1,2,4,0,budget,478,161,3.64
P002374,Clothing,25.21,4.18,S0104,0,4,6,0,mid,1669,70,3.81
P002375,Home & Kitchen,51.76,4.13,S0179,1,4,3,1,premium,57,78,4.28
P002376,Electronics,196.69,4.39,S0351,1,4,6,0,mid,1040,25,4.14
P002377,Health,31.63,3.97,S0031,0,3,4,0,premium,1286,50,3.37
P002378,Sports & Outdoors,177.51,4.48,S0395,1,0,4,0,budget,461,32,4.07
P002379,Electronics,120.15,2.57,S0004,1,6,4,1,mid,678,60,2.54
P002380,Beauty,64.53,4.32,S0421,1,6,4,0,budget,1278,10,4.14
P002381,Health,20.35,3.0,S0021,1,6,6,0,mid,671,1,2.56
P002382,Clothing,47.01,4.4,S0420,0,5,3,1,mid,551,168,3.85
P002383,Electronics,376.24,3.16,S0472,1,2,6,0,mid,1177,32,2.74
P002384,Electronics,364.73,4.88,S0398,1,5,3,0,mid,318,65,4.33
P002385,Electronics,143.77,3.6,S0493,1,7,4,0,budget,1020,14,3.33
P002386,Toys & Games,44.65,4.52,S0229,1,0,5,0,budget,534,25,4.63
P002387,Automotive,96.56,3.59,S0321,1,4,3,0,mid,594,205,3.1
P002388,Electronics,133.81,2.95,S0312,1,5,7,0,mid,807,51,2.16
P002389,Beauty,40.52,3.4,S0006,0,7,6,0,premium,1327,466,2.55
P002390,Electronics,565.58,2.89,S0429,1,4,6,1,mid,429,96,2.85
P002391,Sports & Outdoors,86.26,2.5,S0353,0,7,7,0,mid,1219,14,2.09
P002392,Beauty,39.33,3.48,S0211,0,6,4,0,mid,626,56,3.21
P002393,Home & Kitchen,82.32,4.66,S0108,1,6,3,0,mid,1605,249,3.98
P002394,Electronics,77.0,2.43,S0336,0,0,7,1,budget,730,43,2.14
P002395,Sports & Outdoors,85.67,4.43,S0491,0,4,6,1,mid,771,71,3.89
P002396,Automotive,40.75,1.0,S0080,1,5,5,0,budget,1364,180,1.0
P002397,Clothing,31.59,3.29,S0461,1,0,3,0,budget,107,1,3.33
P002398,Clothing,164.65,1.59,S0283,0,7,4,0,premium,1548,76,1.82
P002399,Electronics,158.92,4.51,S0395,1,5,5,0,mid,619,166,4.25
P002400,Books,11.55,4.9,S0071,1,6,3,0,premium,1490,13,5.0
P002401,Sports & Outdoors,129.79,3.12,S0053,0,5,5,0,premium,684,116,2.41
P002402,Toys & Games,18.12,4.04,S0331,1,7,7,0,premium,372,32,3.57
P002403,Beauty,21.41,3.41,S0142,1,7,5,0,mid,219,4,2.96
P002404,Health,80.4,4.07,S0189,0,0,6,0,budget,1463,85,3.88
P002405,Toys & Games,32.83,4.74,S0312,1,7,4,0,budget,73,32,3.89
P002406,Clothing,17.63,4.15,S0114,1,4,5,0,mid,1163,30,3.94
P002407,Books,24.95,4.4,S0171,1,3,3,0,budget,1100,71,3.53
P002408,Clothing,35.47,3.71,S0181,0,1,6,0,mid,450,10,3.56
P002409,Clothing,113.36,3.1,S0177,1,3,5,0,premium,1368,83,3.14
P002410,Food & Grocery,15.29,3.08,S0351,1,4,6,0,mid,695,11,2.43
P002411,Beauty,52.61,4.2,S0076,0,4,4,0,budget,1438,203,3.67
P002412,Automotive,217.65,4.44,S0455,0,5,4,0,mid,641,129,4.35
P002413,Home & Kitchen,33.01,3.15,S0359,1,5,6,0,mid,1410,209,3.25
P002414,Books,16.03,4.48,S0006,0,5,6,0,premium,800,57,3.6
P002415,Books,22.73,4.34,S0283,1,4,6,0,mid,842,19,4.02
P002416,Electronics,110.6,3.19,S0084,1,7,3,0,budget,1525,13,3.07
P002417,Clothing,52.92,3.18,S0077,1,7,3,0,mid,204,12,2.86
P002418,Books,15.73,4.26,S0353,1,7,4,1,mid,758,26,4.26
P002419,Electronics,159.7,4.73,S0125,0,5,4,0,mid,107,14,4.09
P002420,Food & Grocery,22.66,4.19,S0285,1,1,5,0,mid,126,48,3.65
P002421,Electronics,193.08,1.98,S0143,0,7,5,0,mid,271,12,1.58
P002422,Clothing,49.65,2.87,S0160,1,7,3,1,premium,1335,15,2.66
P002423,Toys & Games,22.34,4.83,S0336,1,2,3,0,premium,1418,20,4.27
P002424,Electronics,132.59,2.62,S0326,0,7,7,0,budget,1423,13,2.62
P002425,Health,35.39,4.89,S0011,0,4,5,0,mid,1786,21,4.3
P002426,Beauty,27.26,3.69,S0434,1,5,3,0,budget,1042,66,3.27
P002427,Electronics,142.17,4.22,S0294,1,2,7,0,budget,381,11,3.87
P002428,Beauty,34.01,4.81,S0129,1,2,4,0,budget,870,7,4.1
P002429,Sports & Outdoors,21.88,4.21,S0057,0,3,6,1,mid,1010,26,4.11
P002430,Beauty,18.06,2.27,S0243,1,1,5,0,budget,1396,8,2.26
P002431,Toys & Games,27.05,3.24,S0348,1,1,3,0,mid,873,164,3.13
P002432,Beauty,16.75,3.99,S0011,0,3,6,0,budget,69,14,3.3
P002433,Sports & Outdoors,172.76,4.73,S0145,0,7,4,1,budget,1512,35,4.74
P002434,Clothing,45.51,2.44,S0473,1,0,3,0,budget,1064,57,1.66
P002435,Beauty,31.13,4.77,S0051,0,2,4,1,mid,221,7,4.53
P002436,Food & Grocery,16.46,2.78,S0401,1,2,7,1,budget,1714,12,2.56
P002437,Sports & Outdoors,64.39,3.81,S0120,0,1,5,0,premium,826,15,3.65
P002438,Sports & Outdoors,31.35,3.62,S0253,1,0,5,0,mid,1435,84,3.21
P002439,Home & Kitchen,49.67,4.22,S0382,0,1,6,1,premium,1318,298,3.84
P002440,Beauty,15.96,4.23,S0496,0,4,4,0,budget,517,307,4.03
P002441,Automotive,63.5,1.53,S0302,0,3,3,0,budget,1615,152,1.39
P002442,Electronics,39.82,3.54,S0111,1,4,3,0,premium,1654,7,3.27
P002443,Clothing,22.87,4.08,S0041,0,6,3,0,mid,1695,11,3.76
P002444,Books,43.32,4.42,S0372,1,0,7,0,budget,388,175,4.65
P002445,Books,29.62,2.26,S0290,1,2,7,0,budget,275,206,1.57
P002446,Books,39.72,3.11,S0385,1,6,5,0,premium,998,86,3.2
P002447,Electronics,425.38,3.01,S0494,0,1,5,0,budget,466,87,2.86
P002448,Home & Kitchen,82.36,4.47,S0416,1,0,4,1,mid,1136,19,4.14
P002449,Sports & Outdoors,49.53,3.86,S0251,0,1,5,0,premium,1222,259,3.11
P002450,Sports & Outdoors,34.88,4.75,S0343,0,3,3,0,mid,90,13,4.64
P002451,Sports & Outdoors,129.34,4.36,S0313,0,2,6,0,mid,1379,4,3.6
P002452,Beauty,29.11,1.69,S0096,1,4,5,0,mid,255,86,1.98
P002453,Sports & Outdoors,290.27,2.35,S0155,0,1,7,1,mid,1042,16,1.97
P002454,Toys & Games,25.7,2.35,S0046,1,4,4,0,mid,993,6,2.57
P002455,Sports & Outdoors,212.33,4.22,S0185,0,6,6,0,budget,63,94,3.6
P002456,Books,16.38,3.97,S0091,1,2,3,0,mid,350,3,3.31
P002457,Sports & Outdoors,144.9,3.56,S0449,0,4,3,1,premium,985,57,3.19
P002458,Electronics,512.02,4.19,S0430,0,5,6,0,budget,771,19,3.56
P002459,Clothing,24.36,4.02,S0364,1,0,7,0,mid,869,226,3.56
P002460,Books,13.46,4.27,S0201,1,2,7,0,mid,1279,57,4.36
P002461,Health,20.45,4.21,S0004,1,5,3,0,mid,1249,120,3.64
P002462,Beauty,13.39,3.0,S0274,0,2,4,0,mid,1136,9,2.77
P002463,Electronics,276.05,4.08,S0013,0,3,5,0,mid,1333,4,4.17
P002464,Sports & Outdoors,57.77,4.4,S0013,1,3,4,0,budget,1577,21,4.05
P002465,Clothing,46.44,4.54,S0078,0,7,4,0,budget,403,68,4.44
P002466,Beauty,39.09,2.57,S0246,1,0,4,1,budget,1660,36,2.5
P002467,Toys & Games,10.5,4.38,S0375,0,5,3,1,mid,861,131,4.26
P002468,Sports & Outdoors,140.67,2.89,S0205,0,7,7,0,mid,1670,63,2.6
P002469,Sports & Outdoors,52.72,2.86,S0388,1,7,4,0,mid,1159,9,2.76
P002470,Clothing,61.94,3.7,S0268,0,4,5,0,mid,724,57,3.89
P002471,Home & Kitchen,79.82,2.49,S0447,1,3,6,0,mid,107,40,2.16
P002472,Health,86.49,3.91,S0188,1,1,3,0,mid,245,152,3.66
P002473,Beauty,26.29,2.85,S0151,0,2,4,0,mid,1130,10,2.38
P002474,Books,5.03,3.16,S0038,1,6,6,0,mid,1210,14,3.17
P002475,Home & Kitchen,56.92,4.16,S0110,1,0,7,0,budget,271,53,3.26
P002476,Electronics,208.68,3.42,S0022,1,5,5,0,mid,1656,180,3.0
P002477,Electronics,99.46,3.03,S0087,0,7,7,0,budget,610,26,3.04
P002478,Clothing,49.16,2.22,S0475,0,3,3,0,budget,1391,67,1.97
P002479,Home & Kitchen,44.29,2.6,S0273,0,6,6,1,mid,1398,34,1.82
P002480,Food & Grocery,9.83,3.5,S0302,0,7,7,0,budget,1263,31,2.93
P002481,Books,26.93,2.36,S0193,0,6,6,0,budget,1648,131,1.93
P002482,Clothing,32.09,4.49,S0322,0,4,3,1,budget,1450,37,4.53
P002483,Electronics,144.97,4.76,S0282,0,4,3,0,mid,320,19,4.54
P002484,Clothing,34.09,3.14,S0458,1,1,5,1,budget,755,18,3.11
P002485,Toys & Games,67.16,4.02,S0398,0,1,5,0,premium,1039,22,3.26
P002486,Home & Kitchen,53.67,2.96,S0276,1,6,6,0,mid,918,14,2.68
P002487,Toys & Games,33.56,3.71,S0391,1,4,7,0,budget,956,24,3.82
P002488,Toys & Games,24.57,3.94,S0308,1,7,5,0,mid,383,35,3.83
P002489,Electronics,244.22,3.16,S0498,1,5,4,0,mid,1749,46,2.71
P002490,Sports & Outdoors,146.05,2.89,S0262,0,2,3,1,mid,1218,10,2.85
P002491,Food & Grocery,32.45,4.05,S0426,1,7,7,0,budget,1454,19,3.27
P002492,Home & Kitchen,83.05,4.9,S0088,0,0,6,0,mid,645,21,4.17
P002493,Electronics,266.16,3.55,S0085,1,0,6,0,mid,1205,13,2.64
P002494,Food & Grocery,9.61,2.61,S0156,0,4,6,0,premium,503,16,2.33
P002495,Health,22.46,4.73,S0412,1,4,7,1,mid,1076,97,4.46
P002496,Books,15.92,4.16,S0443,0,5,7,0,budget,473,170,3.47
P002497,Books,11.64,3.37,S0201,1,5,7,1,mid,1681,22,3.02
P002498,Clothing,23.76,2.67,S0222,0,2,3,0,budget,933,14,2.17
P002499,Toys & Games,10.41,3.38,S0245,0,1,4,0,mid,900,30,2.88
P002500,Books,8.02,4.11,S0103,0,7,3,0,mid,985,36,3.4
P002501,Electronics,158.61,4.15,S0269,0,2,3,1,budget,431,75,4.12
P002502,Beauty,26.86,3.66,S0415,1,1,7,0,budget,1492,20,3.1
P002503,Food & Grocery,13.67,3.53,S0376,1,0,5,0,budget,533,17,3.12
P002504,Toys & Games,33.55,4.2,S0044,1,6,6,0,budget,1651,627,3.64
P002505,Clothing,34.69,2.09,S0177,1,6,5,0,mid,1507,7,1.99
P002506,Electronics,355.92,4.51,S0320,1,7,5,0,mid,577,97,4.82
P002507,Food & Grocery,19.97,3.14,S0297,0,6,3,1,budget,1012,197,3.68
P002508,Food & Grocery,33.41,2.55,S0351,0,1,6,0,budget,617,24,2.24
P002509,Books,20.33,3.46,S0374,0,0,6,0,premium,273,56,3.25
P002510,Sports & Outdoors,28.03,3.45,S0152,0,4,3,0,budget,527,4,3.41
P002511,Home & Kitchen,52.09,4.23,S0235,1,4,4,1,premium,1569,34,4.2
P002512,Home & Kitchen,26.21,3.69,S0084,1,0,7,0,budget,564,133,3.53
P002513,Electronics,173.38,3.5,S0359,0,7,7,1,premium,1672,38,3.5
P002514,Electronics,118.31,4.36,S0225,1,5,6,0,mid,1319,34,4.06
P002515,Clothing,56.59,4.49,S0175,1,5,7,0,budget,821,265,3.87
P002516,Toys & Games,14.3,3.21,S0378,0,4,7,0,budget,1143,88,3.23
P002517,Electronics,186.64,2.57,S0469,1,7,6,0,budget,1592,77,2.37
P002518,Clothing,63.44,4.27,S0444,1,6,5,1,budget,167,12,3.96
P002519,Books,31.03,2.6,S0068,1,4,6,0,mid,1449,1,1.95
P002520,Clothing,28.45,2.09,S0408,0,4,7,0,mid,1043,51,1.67
P002521,Electronics,186.98,3.63,S0284,1,6,7,0,mid,1763,33,3.17
P002522,Books,20.1,4.65,S0055,0,2,4,0,budget,1530,82,4.36
P002523,Home & Kitchen,139.16,3.72,S0194,1,6,4,0,mid,1614,38,3.9
P002524,Sports & Outdoors,26.72,3.1,S0112,0,1,3,0,budget,136,34,3.04
P002525,Food & Grocery,12.74,4.78,S0130,0,0,3,0,budget,833,34,4.26
P002526,Electronics,995.29,4.36,S0309,1,0,4,1,budget,1632,8,3.64
P002527,Food & Grocery,18.67,3.6,S0202,0,2,4,0,budget,509,3,3.63
P002528,Health,12.22,3.13,S0355,1,4,7,0,budget,484,11,2.93
P002529,Toys & Games,22.56,2.5,S0404,1,7,5,0,budget,1211,8,1.31
P002530,Sports & Outdoors,12.34,3.64,S0005,1,7,6,0,mid,610,31,3.6
P002531,Sports & Outdoors,75.11,2.76,S0413,1,0,4,0,premium,1071,4,2.61
P002532,Sports & Outdoors,105.66,3.44,S0072,0,6,5,0,mid,737,18,2.47
P002533,Beauty,16.2,3.92,S0003,0,1,7,0,premium,828,335,3.73
P002534,Electronics,139.48,3.89,S0048,0,3,4,1,budget,281,30,3.54
P002535,Food & Grocery,38.29,3.94,S0026,1,6,4,1,premium,1505,35,3.17
P002536,Sports & Outdoors,22.74,2.98,S0171,0,7,5,1,budget,204,33,3.31
P002537,Toys & Games,14.48,2.4,S0420,0,6,4,0,budget,330,42,2.31
P002538,Home & Kitchen,47.96,3.27,S0341,1,1,5,0,budget,455,17,2.81
P002539,Electronics,117.8,2.42,S0222,0,0,6,0,mid,516,27,1.96
P002540,Books,15.09,1.98,S0472,0,7,5,0,budget,39,17,1.74
P002541,Books,8.43,3.04,S0244,0,1,3,0,mid,1727,5,2.7
P002542,Home & Kitchen,62.55,2.05,S0045,0,1,6,0,mid,1051,135,2.03
P002543,Clothing,41.15,1.49,S0010,1,4,7,0,budget,896,11,1.28
P002544,Clothing,62.56,4.55,S0254,0,1,4,1,mid,268,226,3.99
P002545,Books,20.3,2.7,S0113,0,5,3,0,budget,1151,13,2.49
P002546,Home & Kitchen,62.26,3.71,S0187,0,6,5,0,budget,195,6,3.22
P002547,Automotive,31.49,4.04,S0155,1,2,3,0,budget,512,338,3.62
P002548,Electronics,248.62,4.39,S0200,1,3,4,0,budget,1026,5,4.38
P002549,Clothing,36.9,2.63,S0482,1,7,6,0,budget,1769,2,2.24
P002550,Clothing,40.72,4.11,S0035,1,7,4,0,budget,1078,5,3.66
P002551,Books,33.76,4.67,S0055,0,0,4,0,budget,876,28,3.97
P002552,Books,11.69,4.47,S0145,0,5,4,0,premium,1198,6,4.35
P002553,Sports & Outdoors,146.22,2.81,S0372,0,0,6,0,premium,1326,16,2.02
P002554,Food & Grocery,52.34,4.57,S0127,1,1,7,1,premium,921,2,3.86
P002555,Clothing,70.69,4.45,S0125,0,5,7,0,budget,630,122,4.22
P002556,Beauty,15.55,4.06,S0360,1,0,3,1,budget,1595,54,3.61
P002557,Electronics,49.83,2.93,S0301,1,1,6,0,mid,569,7,2.9
P002558,Clothing,85.97,3.4,S0321,1,3,4,0,mid,251,2,3.0
P002559,Home & Kitchen,58.8,4.3,S0330,0,3,7,1,budget,547,11,3.67
P002560,Electronics,118.3,4.37,S0319,0,4,5,0,mid,1421,72,3.9
P002561,Sports & Outdoors,131.44,4.02,S0278,0,7,7,0,premium,165,120,3.23
P002562,Beauty,16.7,2.37,S0260,1,3,5,1,budget,757,24,1.89
P002563,Beauty,21.71,4.25,S0384,1,2,4,0,premium,102,18,4.1
P002564,Books,24.66,2.62,S0172,0,1,7,0,budget,1629,16,2.28
P002565,Sports & Outdoors,33.32,1.46,S0162,0,7,4,0,mid,616,47,1.3
P002566,Home & Kitchen,51.5,2.92,S0122,0,1,6,0,budget,445,95,2.67
P002567,Electronics,355.61,2.48,S0416,1,0,3,0,mid,1257,27,1.76
P002568,Electronics,209.98,3.71,S0006,1,4,6,0,budget,1707,21,2.87
P002569,Sports & Outdoors,137.39,3.71,S0105,0,5,7,0,mid,123,84,3.45
P002570,Automotive,148.06,4.12,S0074,1,0,4,1,budget,1564,198,3.58
P002571,Electronics,185.86,1.89,S0187,1,5,7,1,mid,724,23,1.63
P002572,Books,4.43,2.84,S0110,0,3,3,0,mid,336,36,2.74
P002573,Beauty,14.42,2.76,S0253,0,6,3,1,budget,159,13,2.2
P002574,Toys & Games,50.59,3.37,S0488,0,0,4,0,mid,799,36,2.86
P002575,Books,7.1,2.15,S0214,1,7,4,0,premium,457,10,1.83
P002576,Sports & Outdoors,53.43,2.71,S0486,0,6,6,0,premium,460,182,2.54
P002577,Beauty,34.31,4.53,S0155,1,5,7,0,premium,360,95,3.97
P002578,Health,91.77,3.25,S0384,0,4,3,0,budget,281,266,2.74
P002579,Electronics,131.02,3.71,S0070,1,5,6,0,mid,1421,16,3.85
P002580,Food & Grocery,14.95,3.95,S0306,1,1,7,1,mid,716,397,3.57
P002581,Electronics,179.27,4.19,S0376,1,7,5,0,premium,1448,44,3.97
P002582,Toys & Games,39.5,4.67,S0335,1,6,7,0,budget,977,28,3.66
P002583,Electronics,168.65,2.33,S0469,1,6,3,0,premium,169,149,1.71
P002584,Clothing,84.46,3.7,S0301,1,3,6,0,mid,740,9,3.51
P002585,Electronics,114.53,4.32,S0294,0,1,5,0,mid,183,34,3.82
P002586,Home & Kitchen,59.11,3.19,S0324,1,4,5,0,mid,617,27,2.76
P002587,Clothing,58.78,4.29,S0177,1,4,6,0,budget,1487,54,3.58
P002588,Electronics,145.51,4.63,S0110,0,2,6,0,budget,610,19,4.46
P002589,Home & Kitchen,91.03,4.31,S0453,0,7,5,0,budget,451,17,4.08
P002590,Home & Kitchen,60.14,4.32,S0489,1,3,4,0,mid,315,20,3.87
P002591,Toys & Games,51.37,3.53,S0466,1,7,4,0,mid,265,23,3.25
P002592,Health,42.69,3.14,S0379,1,7,7,0,mid,424,36,2.73
P002593,Sports & Outdoors,81.47,2.05,S0112,1,0,5,1,mid,1639,155,1.64
P002594,Electronics,126.59,3.26,S0118,1,1,4,0,mid,967,2,2.78
P002595,Clothing,30.82,3.08,S0155,0,3,5,0,budget,1415,83,3.0
P002596,Food & Grocery,45.86,3.68,S0257,1,4,6,0,budget,311,18,3.19
P002597,Electronics,270.88,3.71,S0118,1,0,3,0,mid,1107,26,3.36
P002598,Home & Kitchen,29.77,2.82,S0395,0,1,3,0,mid,1498,8,2.41
P002599,Food & Grocery,24.52,4.77,S0043,1,6,5,0,premium,1403,35,4.57
P002600,Food & Grocery,5.3,2.02,S0456,0,3,6,0,premium,1333,20,1.62
P002601,Home & Kitchen,38.98,2.83,S0227,1,4,5,0,mid,1360,25,3.01
P002602,Sports & Outdoors,115.7,2.37,S0192,0,4,4,1,budget,1780,66,1.96
P002603,Home & Kitchen,51.02,4.45,S0226,1,7,6,0,mid,715,70,3.83
P002604,Beauty,30.05,3.94,S0242,1,0,3,1,budget,590,181,4.15
P002605,Electronics,30.28,4.01,S0276,1,4,6,1,mid,196,16,3.29
P002606,Electronics,146.2,4.75,S0155,0,0,5,0,premium,352,75,4.26
P002607,Sports & Outdoors,79.63,3.53,S0153,1,0,4,0,premium,744,70,3.48
P002608,Clothing,59.49,4.33,S0189,1,3,3,0,premium,163,36,3.43
P002609,Sports & Outdoors,115.79,4.25,S0079,0,7,6,0,budget,1370,250,3.9
P002610,Home & Kitchen,48.48,3.37,S0114,1,3,3,1,mid,649,15,2.57
P002611,Health,34.4,4.3,S0210,1,5,5,0,mid,602,39,3.88
P002612,Toys & Games,14.39,4.31,S0015,0,7,7,0,budget,1660,47,4.49
P002613,Books,15.92,3.99,S0210,1,0,6,1,mid,135,7,2.89
P002614,Toys & Games,15.01,3.31,S0209,1,5,3,0,budget,1076,151,2.96
P002615,Clothing,14.85,2.69,S0002,0,7,7,1,premium,1090,29,2.28
P002616,Books,9.39,4.11,S0236,1,7,6,0,mid,1726,55,3.4
P002617,Clothing,111.26,3.28,S0331,0,5,7,0,budget,754,220,2.49
P002618,Health,32.31,4.83,S0390,1,7,3,0,premium,1647,42,4.68
P002619,Toys & Games,36.51,3.29,S0194,1,4,7,0,mid,1226,34,3.02
P002620,Health,27.92,3.93,S0262,1,0,6,0,mid,702,35,2.98
P002621,Health,12.98,4.28,S0040,0,7,7,0,premium,966,9,3.57
P002622,Food & Grocery,38.58,3.66,S0164,1,7,7,0,mid,805,20,3.13
P002623,Clothing,12.22,3.05,S0332,1,1,7,0,mid,1096,27,2.27
P002624,Food & Grocery,15.77,4.2,S0232,1,7,5,1,mid,559,37,3.81
P002625,Books,17.42,3.78,S0478,1,5,7,0,premium,614,173,3.48
P002626,Home & Kitchen,63.16,4.14,S0399,1,3,7,0,mid,1343,100,3.8
P002627,Books,11.64,3.15,S0454,0,6,7,0,mid,1767,16,3.44
P002628,Home & Kitchen,18.26,2.75,S0241,0,5,6,0,premium,1037,32,2.19
P002629,Clothing,27.83,2.51,S0039,1,6,7,0,budget,612,177,2.12
P002630,Clothing,28.71,3.55,S0278,1,2,5,1,mid,142,4,3.04
P002631,Electronics,116.34,4.73,S0473,1,3,5,0,premium,1691,25,4.51
P002632,Books,32.21,3.84,S0087,1,0,3,0,budget,1656,6,3.68
P002633,Health,18.35,3.02,S0481,1,7,5,0,mid,396,621,2.38
P002634,Sports & Outdoors,77.86,2.66,S0004,0,2,7,1,premium,1420,83,2.83
P002635,Books,19.79,2.88,S0308,1,1,3,0,mid,1228,18,2.32
P002636,Home & Kitchen,97.87,3.52,S0465,1,0,7,0,budget,1681,31,3.42
P002637,Home & Kitchen,50.78,3.57,S0106,0,3,6,0,budget,921,12,3.45
P002638,Clothing,72.34,3.94,S0134,1,3,3,0,budget,471,361,3.67
P002639,Toys & Games,28.86,2.21,S0404,0,6,4,1,mid,635,2,1.89
P002640,Clothing,58.4,3.47,S0174,0,5,3,0,mid,1362,49,3.03
P002641,Beauty,11.36,1.74,S0328,1,6,6,1,mid,387,30,1.71
P002642,Beauty,5.75,2.84,S0058,0,0,4,0,mid,1151,9,2.71
P002643,Books,22.58,3.09,S0337,1,0,3,0,mid,1493,24,2.99
P002644,Health,49.22,2.83,S0257,1,1,3,1,mid,248,4,2.76
P002645,Clothing,59.86,4.26,S0251,0,3,5,0,premium,964,217,3.94
P002646,Health,27.73,3.01,S0369,0,0,4,0,premium,489,34,3.13
P002647,Beauty,68.45,3.99,S0224,1,6,7,1,mid,911,99,3.41
P002648,Toys & Games,24.28,2.06,S0344,1,7,7,0,budget,369,18,1.87
P002649,Sports & Outdoors,83.67,3.57,S0214,0,3,4,0,premium,595,166,3.05
P002650,Health,54.29,3.5,S0428,0,6,7,1,premium,301,34,3.88
P002651,Automotive,210.34,2.5,S0278,1,1,3,0,premium,730,120,2.48
P002652,Home & Kitchen,45.47,4.54,S0144,1,0,5,0,mid,1179,65,4.39
P002653,Toys & Games,21.62,3.36,S0440,0,7,5,0,budget,569,31,3.16
P002654,Beauty,11.4,3.44,S0158,0,6,4,0,mid,1562,109,3.08
P002655,Home & Kitchen,139.6,3.54,S0472,1,6,6,0,budget,1101,5026,3.99
P002656,Food & Grocery,28.33,3.7,S0483,1,6,5,0,mid,1778,8,3.69
P002657,Home & Kitchen,72.18,2.42,S0279,1,5,7,0,mid,1225,28,2.08
P002658,Books,116.79,2.57,S0229,0,6,7,0,premium,410,7,2.23
P002659,Electronics,224.84,4.03,S0133,0,7,7,0,mid,1033,54,3.69
P002660,Clothing,20.6,3.27,S0418,0,7,6,1,mid,1223,43,2.78
P002661,Health,33.79,4.95,S0135,0,7,4,0,mid,870,340,4.35
P002662,Home & Kitchen,30.64,4.76,S0306,1,3,7,1,budget,168,24,3.83
P002663,Home & Kitchen,43.37,3.62,S0403,0,6,4,1,budget,349,103,2.54
P002664,Clothing,35.34,3.82,S0091,0,1,6,1,mid,453,2,4.03
P002665,Books,12.66,4.65,S0087,0,2,5,0,budget,761,39,4.03
P002666,Toys & Games,13.87,4.08,S0479,0,6,5,1,budget,1529,11,3.58
P002667,Health,98.8,3.62,S0494,0,2,7,0,mid,74,67,3.28
P002668,Electronics,221.33,2.94,S0163,1,6,3,0,budget,1696,131,2.85
P002669,Books,15.72,4.32,S0117,1,3,7,0,budget,966,16,4.12
P002670,Home & Kitchen,86.65,1.77,S0321,1,2,7,0,mid,1748,63,1.9
P002671,Sports & Outdoors,86.23,3.58,S0292,1,3,5,0,premium,1235,21,3.39
P002672,Home & Kitchen,64.89,4.79,S0128,0,4,6,1,budget,852,35,4.23
P002673,Home & Kitchen,82.96,3.2,S0108,1,0,4,0,mid,236,54,3.26
P002674,Home & Kitchen,59.6,4.68,S0288,1,4,6,1,mid,1332,9,4.16
P002675,Sports & Outdoors,97.18,4.57,S0138,1,0,3,1,mid,1107,9,4.42
P002676,Books,28.28,3.29,S0271,1,3,6,0,mid,683,93,2.5
P002677,Home & Kitchen,60.64,3.62,S0344,1,2,6,0,mid,1475,14,3.65
P002678,Toys & Games,28.04,2.55,S0131,1,4,4,0,premium,1270,153,2.03
P002679,Beauty,70.14,3.71,S0286,1,6,7,0,budget,540,3,2.9
P002680,Home & Kitchen,41.29,4.7,S0495,1,0,4,0,premium,299,101,3.84
P002681,Toys & Games,40.47,4.13,S0269,0,0,5,0,budget,1196,33,3.78
P002682,Health,48.71,3.54,S0071,0,3,7,1,premium,246,29,3.87
P002683,Electronics,128.33,3.64,S0368,1,6,3,1,mid,959,39,3.22
P002684,Sports & Outdoors,40.03,2.45,S0222,0,2,5,0,mid,1771,5,2.17
P002685,Clothing,36.39,4.07,S0359,1,6,6,0,mid,1343,127,3.89
P002686,Beauty,20.84,3.92,S0016,0,0,3,0,mid,581,19,3.36
P002687,Clothing,18.76,4.22,S0356,0,2,5,1,budget,1730,12,3.75
P002688,Beauty,18.94,2.86,S0342,0,4,6,0,mid,1617,444,2.47
P002689,Clothing,52.79,2.47,S0002,1,5,7,1,mid,899,21,2.81
P002690,Books,38.47,2.99,S0232,1,2,4,0,mid,70,11,2.71
P002691,Food & Grocery,30.68,2.94,S0235,0,7,7,0,mid,1606,87,2.87
P002692,Home & Kitchen,11.56,1.79,S0281,0,3,6,0,budget,1501,45,1.4
P002693,Health,55.83,3.29,S0309,0,5,5,0,premium,1757,111,2.62
P002694,Automotive,53.66,2.8,S0350,1,0,5,1,mid,1687,36,2.72
P002695,Health,49.87,4.67,S0457,0,7,7,0,mid,901,104,4.28
P002696,Electronics,183.44,2.56,S0383,0,4,6,0,premium,57,388,2.61
P002697,Toys & Games,28.51,3.65,S0156,0,3,5,0,budget,729,13,3.02
P002698,Electronics,173.99,4.34,S0483,0,2,7,1,budget,718,19,3.88
P002699,Home & Kitchen,54.26,3.15,S0240,1,4,6,0,premium,562,4,2.45
P002700,Health,85.13,2.5,S0432,1,0,4,0,mid,1460,52,2.1
P002701,Beauty,27.67,4.28,S0243,0,3,6,0,mid,1462,38,3.42
P002702,Books,34.53,4.09,S0162,0,6,7,0,budget,37,150,3.6
P002703,Home & Kitchen,96.67,2.75,S0362,1,6,6,0,mid,1647,31,2.87
P002704,Toys & Games,47.75,2.24,S0364,1,5,6,0,mid,569,29,1.76
P002705,Beauty,9.59,2.6,S0061,0,2,6,0,mid,341,41,2.08
P002706,Home & Kitchen,107.48,3.36,S0038,1,4,7,1,premium,487,25,2.97
P002707,Health,28.87,4.05,S0379,0,1,3,0,budget,141,51,3.59
P002708,Clothing,69.14,2.73,S0069,0,4,7,0,mid,266,43,2.69
P002709,Electronics,103.22,4.85,S0230,1,1,7,0,budget,550,63,3.98
P002710,Sports & Outdoors,31.92,3.72,S0230,0,2,3,0,mid,185,25,2.6
P002711,Automotive,245.51,2.95,S0220,1,5,6,0,premium,335,64,2.67
P002712,Clothing,25.34,3.18,S0230,1,0,5,0,budget,470,69,3.37
P002713,Clothing,89.51,3.58,S0476,0,2,4,0,mid,1387,22,3.16
P002714,Electronics,198.62,3.23,S0253,1,2,3,0,budget,383,30,3.03
P002715,Health,29.53,1.44,S0434,1,7,4,0,mid,1656,26,1.27
P002716,Clothing,43.81,3.01,S0238,0,6,6,0,budget,1754,7,2.93
P002717,Books,8.25,2.77,S0236,1,2,5,1,mid,626,18,2.4
P002718,Automotive,74.38,3.9,S0321,1,4,3,0,premium,69,82,3.49
P002719,Electronics,96.61,3.07,S0117,1,1,4,0,budget,541,91,3.25
P002720,Books,14.2,2.72,S0478,1,6,3,0,budget,259,49,2.79
P002721,Books,31.36,2.94,S0466,1,2,4,0,budget,86,9,2.44
P002722,Toys & Games,37.27,2.51,S0087,0,7,7,0,mid,1458,107,2.06
P002723,Home & Kitchen,22.6,4.15,S0074,1,7,6,1,budget,223,305,3.56
P002724,Home & Kitchen,91.67,2.83,S0179,1,1,7,0,premium,1379,67,2.21
P002725,Electronics,184.21,2.77,S0096,0,3,3,1,mid,1211,33,2.33
P002726,Beauty,20.22,4.34,S0038,1,7,6,0,mid,858,11,3.87
P002727,Toys & Games,50.09,3.61,S0405,1,0,4,0,budget,595,32,3.02
P002728,Electronics,167.34,3.76,S0100,0,5,5,0,mid,711,18,3.54
P002729,Home & Kitchen,27.33,4.01,S0185,0,4,7,0,premium,578,26,3.11
P002730,Health,115.15,1.58,S0494,1,4,7,0,mid,643,155,1.07
P002731,Electronics,183.09,4.56,S0200,1,4,6,0,mid,505,95,4.3
P002732,Clothing,42.86,4.51,S0020,0,4,7,0,mid,1753,21,4.63
P002733,Books,14.12,4.32,S0122,0,2,5,0,premium,1655,36,3.96
P002734,Clothing,91.34,3.6,S0107,1,3,3,0,mid,1564,32,2.99
P002735,Clothing,32.84,3.19,S0279,1,7,7,0,premium,1515,19,2.54
P002736,Home & Kitchen,21.77,4.25,S0214,1,0,3,1,budget,493,6,3.71
P002737,Clothing,29.95,3.88,S0039,0,1,4,0,mid,1564,89,3.87
P002738,Books,39.9,3.34,S0147,0,0,7,1,mid,846,136,3.16
P002739,Beauty,46.13,4.22,S0235,1,5,7,0,mid,319,15,3.43
P002740,Books,15.45,3.34,S0273,1,2,3,0,budget,1350,15,3.11
P002741,Electronics,421.71,3.45,S0209,0,0,7,0,mid,1736,98,3.54
P002742,Health,59.52,4.7,S0496,1,1,6,0,budget,1489,14,4.58
P002743,Electronics,157.65,3.98,S0246,0,2,3,1,mid,63,6,3.98
P002744,Toys & Games,28.97,2.76,S0352,0,0,5,0,budget,245,19,2.72
P002745,Home & Kitchen,67.02,2.53,S0286,0,6,4,0,mid,263,168,1.89
P002746,Toys & Games,19.43,4.31,S0203,1,0,5,0,mid,1721,17,3.64
P002747,Clothing,45.12,2.7,S0015,0,7,3,0,budget,968,15,2.95
P002748,Clothing,54.15,4.42,S0342,1,7,3,1,mid,1480,18,3.88
P002749,Books,6.54,3.28,S0430,0,7,6,0,budget,271,8,2.38
P002750,Electronics,165.14,1.93,S0437,1,1,6,0,mid,921,6,1.92
P002751,Clothing,37.52,3.92,S0397,1,1,3,0,premium,689,24,3.85
P002752,Beauty,51.89,3.74,S0115,1,7,6,0,premium,916,6,3.34
P002753,Toys & Games,10.58,3.48,S0226,0,4,5,1,mid,1215,20,3.3
P002754,Electronics,147.15,4.32,S0359,1,4,7,0,mid,927,45,3.64
P002755,Health,28.46,1.6,S0366,1,6,5,0,mid,159,52,1.3
P002756,Toys & Games,56.93,4.01,S0307,0,1,5,0,mid,1473,27,3.07
P002757,Health,37.02,4.04,S0025,1,3,3,0,budget,1637,7,3.31
P002758,Beauty,82.26,3.76,S0367,1,1,7,0,budget,997,20,3.82
P002759,Beauty,41.66,3.72,S0283,1,6,6,0,premium,353,50,2.35
P002760,Books,14.07,3.28,S0043,0,1,3,0,budget,1468,69,2.84
P002761,Sports & Outdoors,75.05,2.64,S0270,0,1,3,0,budget,1090,23,2.22
P002762,Food & Grocery,17.79,2.51,S0367,0,2,4,0,budget,1558,14,2.44
P002763,Electronics,309.82,4.32,S0468,0,4,5,0,budget,1119,36,3.25
P002764,Clothing,20.23,3.13,S0395,0,1,7,0,budget,1273,21,2.59
P002765,Electronics,112.86,2.58,S0131,1,7,6,0,mid,1418,9,2.15
P002766,Food & Grocery,28.92,1.95,S0344,1,6,3,0,mid,112,47,1.88
P002767,Home & Kitchen,114.75,2.75,S0338,0,7,3,0,premium,462,33,2.47
P002768,Beauty,7.47,2.87,S0099,0,2,4,0,mid,822,8,2.09
P002769,Health,86.68,3.16,S0415,1,3,3,0,premium,1282,15,2.74
P002770,Automotive,68.95,4.28,S0081,0,4,3,0,mid,482,26,3.62
P002771,Electronics,59.74,2.09,S0376,1,7,3,0,budget,825,5,2.02
P002772,Toys & Games,5.28,4.77,S0370,1,4,6,0,premium,106,13,4.22
P002773,Health,15.18,3.53,S0481,1,3,6,0,mid,1149,70,3.7
P002774,Electronics,182.83,4.28,S0324,0,5,6,0,mid,1178,18,3.65
P002775,Beauty,26.91,3.66,S0037,1,1,3,0,budget,999,12,3.12
P002776,Home & Kitchen,80.42,4.43,S0492,1,7,7,1,mid,937,121,3.83
P002777,Sports & Outdoors,46.74,4.17,S0192,1,5,4,1,budget,1797,50,3.7
P002778,Books,9.26,3.17,S0228,0,3,3,0,budget,138,76,3.11
P002779,Clothing,35.12,3.48,S0434,1,0,3,0,mid,1285,12,3.0
P002780,Electronics,188.77,4.7,S0115,1,2,4,0,premium,1130,23,4.11
P002781,Electronics,212.47,3.73,S0332,0,4,3,1,premium,827,32,3.46
P002782,Electronics,115.22,3.69,S0385,0,7,4,0,premium,366,43,3.04
P002783,Sports & Outdoors,111.64,3.61,S0265,1,3,6,0,premium,1684,514,3.44
P002784,Home & Kitchen,37.88,2.47,S0375,1,7,7,0,premium,1688,36,2.11
P002785,Clothing,26.7,3.16,S0357,0,4,3,0,mid,631,121,2.57
P002786,Beauty,20.22,4.77,S0262,1,6,5,0,mid,1263,515,3.74
P002787,Beauty,53.36,3.16,S0046,1,0,4,0,budget,221,259,2.51
P002788,Books,16.62,3.99,S0374,1,6,4,1,premium,36,40,3.53
P002789,Food & Grocery,14.5,4.77,S0395,0,1,6,0,mid,1740,131,4.27
P002790,Home & Kitchen,95.87,2.7,S0156,0,3,4,0,budget,1572,38,2.34
P002791,Toys & Games,115.74,4.24,S0410,1,2,5,0,mid,45,31,3.37
P002792,Electronics,209.8,3.78,S0108,1,4,4,0,premium,145,90,3.34
P002793,Beauty,58.7,3.44,S0086,1,4,4,1,mid,297,95,2.63
P002794,Automotive,139.65,3.25,S0064,0,2,6,1,budget,50,60,2.54
P002795,Health,26.42,2.95,S0277,0,0,4,0,mid,690,27,2.98
P002796,Books,18.29,2.69,S0146,1,4,5,0,mid,729,18,2.38
P002797,Sports & Outdoors,30.11,2.76,S0348,0,3,6,0,mid,1202,7,2.61
P002798,Home & Kitchen,48.64,2.55,S0328,1,6,6,0,budget,305,40,2.72
P002799,Beauty,19.23,3.43,S0214,1,5,6,0,mid,1583,43,3.06
P002800,Toys & Games,25.13,2.03,S0130,1,2,5,0,mid,1477,89,2.11
P002801,Automotive,47.83,3.67,S0458,0,0,5,0,budget,1269,5,3.41
P002802,Books,15.15,4.17,S0442,0,4,3,1,budget,1702,37,3.53
P002803,Electronics,254.6,3.61,S0174,1,6,6,0,mid,369,25,3.2
P002804,Sports & Outdoors,60.5,2.91,S0125,1,6,6,0,mid,1416,30,2.38
P002805,Electronics,60.44,4.88,S0402,0,2,5,0,premium,802,147,4.57
P002806,Clothing,28.76,4.42,S0343,1,1,6,0,premium,681,154,4.27
P002807,Clothing,18.08,2.88,S0229,1,0,6,0,mid,1233,112,2.17
P002808,Beauty,32.42,3.34,S0264,0,4,3,0,mid,547,37,2.73
P002809,Clothing,60.86,2.32,S0363,0,2,4,0,budget,62,26,1.97
P002810,Electronics,215.79,4.4,S0106,1,6,6,0,mid,636,140,3.71
P002811,Electronics,115.34,4.68,S0499,1,4,3,0,mid,1410,257,4.13
P002812,Health,44.07,4.13,S0279,0,0,7,0,mid,183,225,3.82
P002813,Beauty,21.12,3.6,S0064,1,5,4,0,premium,1541,59,3.62
P002814,Electronics,93.45,2.16,S0478,0,2,6,0,budget,1629,34,1.78
P002815,Electronics,288.74,4.56,S0499,0,6,5,0,mid,867,75,3.93
P002816,Books,29.41,4.05,S0473,0,0,6,0,mid,461,81,3.75
P002817,Clothing,79.52,3.53,S0350,1,2,4,1,mid,1467,20,3.15
P002818,Sports & Outdoors,45.12,1.96,S0146,0,0,6,0,budget,472,26,1.29
P002819,Home & Kitchen,111.6,2.13,S0266,0,5,3,0,mid,398,1282,1.65
P002820,Food & Grocery,16.36,4.53,S0269,0,3,4,0,budget,1297,20,3.96
P002821,Clothing,66.6,3.92,S0255,1,4,3,1,mid,593,92,3.75
P002822,Beauty,20.61,3.33,S0076,0,5,3,0,premium,1123,17,3.32
P002823,Electronics,161.74,3.46,S0156,1,7,3,0,mid,434,28,2.78
P002824,Food & Grocery,5.15,3.56,S0235,1,3,5,0,budget,1727,10,2.96
P002825,Automotive,62.57,3.14,S0265,1,4,3,0,premium,421,10,3.07
P002826,Beauty,29.57,2.48,S0161,1,4,4,0,budget,1766,69,2.08
P002827,Home & Kitchen,43.0,3.57,S0366,1,7,5,0,budget,1371,60,3.31
P002828,Clothing,129.07,3.99,S0465,0,1,6,0,premium,768,301,3.52
P002829,Toys & Games,15.93,2.06,S0234,1,4,3,0,mid,1241,34,1.85
P002830,Beauty,19.97,1.77,S0317,1,6,6,0,budget,1660,39,1.46
P002831,Clothing,26.15,4.34,S0097,0,2,5,0,mid,1139,31,4.23
P002832,Home & Kitchen,39.22,3.61,S0093,1,2,3,0,mid,1720,10,2.77
P002833,Home & Kitchen,102.12,3.34,S0037,1,3,3,0,premium,1655,67,2.87
P002834,Toys & Games,77.68,4.13,S0497,0,5,7,0,mid,1545,27,4.01
P002835,Beauty,18.39,4.09,S0151,1,5,5,0,mid,1656,5,3.6
P002836,Sports & Outdoors,42.12,2.94,S0348,1,1,7,0,budget,1680,125,2.6
P002837,Sports & Outdoors,32.46,2.87,S0312,1,1,5,1,budget,71,16,2.86
P002838,Clothing,98.54,4.01,S0068,0,6,3,1,budget,1091,49,3.73
P002839,Home & Kitchen,107.76,4.16,S0084,1,5,6,0,mid,1210,51,3.98
P002840,Electronics,173.6,3.78,S0400,0,4,5,0,mid,232,42,3.75
P002841,Toys & Games,13.85,2.75,S0398,0,3,4,1,budget,1204,9,2.03
P002842,Home & Kitchen,25.11,2.03,S0279,0,7,4,0,budget,1551,176,1.67
P002843,Home & Kitchen,60.93,4.13,S0173,0,7,5,0,mid,1341,13,3.45
P002844,Clothing,62.57,3.52,S0201,1,3,7,0,budget,574,1,3.25
P002845,Clothing,13.03,3.89,S0396,0,2,4,0,premium,897,91,3.8
P002846,Sports & Outdoors,53.6,1.89,S0099,0,6,5,0,premium,1667,88,1.0
P002847,Clothing,118.82,3.54,S0044,0,2,3,1,mid,508,7,2.69
P002848,Electronics,162.37,2.89,S0139,0,3,6,0,premium,949,32,1.96
P002849,Toys & Games,78.22,4.63,S0095,1,7,7,0,mid,1513,121,3.89
P002850,Home & Kitchen,81.19,3.09,S0084,0,0,7,0,mid,896,180,2.77
P002851,Home & Kitchen,28.7,3.54,S0232,0,5,7,0,mid,222,69,3.65
P002852,Home & Kitchen,46.14,4.43,S0402,0,5,6,1,budget,1501,89,3.57
P002853,Toys & Games,29.62,1.98,S0346,0,3,5,0,budget,633,78,2.47
P002854,Clothing,25.41,2.59,S0137,1,1,7,0,mid,717,28,2.46
P002855,Beauty,15.65,4.7,S0213,0,6,3,0,budget,1521,8,4.37
P002856,Food & Grocery,54.33,3.39,S0235,1,6,4,0,premium,218,24,3.24
P002857,Sports & Outdoors,36.16,4.35,S0195,1,6,3,1,budget,1350,127,3.46
P002858,Home & Kitchen,105.05,3.19,S0484,1,2,4,0,mid,1417,126,2.67
P002859,Beauty,21.55,2.87,S0475,1,7,4,0,mid,1612,42,2.25
P002860,Home & Kitchen,54.16,3.06,S0498,1,6,5,0,budget,544,22,2.92
P002861,Home & Kitchen,77.05,3.34,S0210,1,1,6,0,budget,71,265,2.71
P002862,Books,12.57,3.25,S0396,0,3,7,1,mid,1527,38,2.83
P002863,Clothing,63.27,4.17,S0368,0,2,5,1,budget,303,71,3.52
P002864,Electronics,54.19,2.08,S0400,0,4,3,1,budget,1650,7,2.27
P002865,Home & Kitchen,71.6,1.93,S0081,1,1,3,0,budget,1289,30,1.52
P002866,Electronics,42.07,2.93,S0473,0,5,5,0,mid,723,121,2.28
P002867,Home & Kitchen,48.0,3.33,S0470,0,3,6,0,premium,687,6,3.11
P002868,Books,30.05,4.91,S0399,0,5,7,1,premium,1216,31,4.37
P002869,Food & Grocery,31.96,4.32,S0287,1,5,4,0,mid,1539,54,4.28
P002870,Electronics,84.89,4.85,S0226,0,5,3,0,mid,61,183,4.43
P002871,Sports & Outdoors,32.22,3.56,S0125,1,6,3,0,premium,67,106,3.26
P002872,Home & Kitchen,36.38,4.79,S0031,1,5,6,0,mid,1435,252,4.54
P002873,Electronics,206.87,4.77,S0481,1,4,7,1,premium,754,89,4.4
P002874,Clothing,13.3,4.0,S0105,0,4,3,0,mid,843,96,3.81
P002875,Electronics,183.54,2.28,S0171,1,5,3,0,budget,47,10,2.23
P002876,Clothing,54.25,1.77,S0223,1,6,3,0,mid,497,10,1.46
P002877,Clothing,37.97,4.0,S0339,0,3,5,0,premium,1094,248,3.21
P002878,Home & Kitchen,75.38,3.22,S0133,1,2,4,0,budget,1579,19,2.81
P002879,Books,20.59,3.66,S0108,1,2,7,1,budget,254,17,2.66
P002880,Electronics,133.67,2.68,S0165,0,1,7,0,budget,754,2,2.16
P002881,Electronics,57.9,4.71,S0165,0,4,5,0,budget,1334,118,4.09
P002882,Electronics,200.42,3.82,S0030,0,5,3,0,budget,1487,8,3.8
P002883,Books,10.16,3.03,S0196,0,2,5,0,mid,896,12,2.65
P002884,Clothing,31.81,3.5,S0277,1,4,4,0,mid,774,123,3.65
P002885,Books,24.0,3.55,S0224,1,2,7,0,budget,1505,2,3.31
P002886,Clothing,105.33,3.44,S0176,1,7,6,0,premium,1710,169,2.58
P002887,Electronics,180.82,4.67,S0459,0,7,7,1,premium,1389,12,4.52
P002888,Food & Grocery,30.68,3.08,S0130,1,7,4,1,mid,1216,27,3.06
P002889,Electronics,77.76,4.16,S0422,1,6,4,0,premium,1254,13,3.21
P002890,Electronics,214.36,2.49,S0306,0,6,5,0,mid,1210,6,2.43
P002891,Electronics,178.47,2.44,S0327,0,4,7,0,budget,944,13,2.6
P002892,Automotive,156.81,4.17,S0139,1,4,5,0,budget,249,12,3.08
P002893,Sports & Outdoors,47.0,4.83,S0484,0,2,4,0,mid,1614,7,3.99
P002894,Sports & Outdoors,56.23,4.34,S0239,0,6,7,0,premium,1353,210,4.16
P002895,Automotive,141.57,4.39,S0254,0,2,4,0,budget,641,10,3.87
P002896,Electronics,175.06,4.04,S0124,1,2,7,0,mid,950,3,4.05
P002897,Automotive,38.56,2.77,S0240,1,7,6,0,premium,162,2,2.75
P002898,Clothing,208.02,3.65,S0341,1,0,3,0,premium,1301,55,3.51
P002899,Sports & Outdoors,34.03,3.66,S0469,1,0,5,0,premium,757,4,3.62
P002900,Home & Kitchen,52.91,4.53,S0428,1,6,6,0,budget,1565,26,3.81
P002901,Home & Kitchen,67.72,3.04,S0079,1,5,7,0,budget,427,351,2.62
P002902,Food & Grocery,25.83,4.32,S0041,1,6,5,0,budget,1274,41,4.45
P002903,Electronics,165.09,3.6,S0477,1,3,3,0,budget,628,48,3.11
P002904,Automotive,67.13,1.73,S0410,1,0,4,0,premium,913,17,1.86
P002905,Home & Kitchen,47.77,3.47,S0076,1,2,7,0,mid,597,32,3.04
P002906,Sports & Outdoors,33.28,2.87,S0426,1,6,5,0,premium,1538,25,2.33
P002907,Automotive,272.49,3.99,S0381,1,5,4,0,mid,396,47,3.27
P002908,Electronics,162.12,3.7,S0483,1,7,7,0,mid,1336,241,3.47
P002909,Food & Grocery,31.48,4.18,S0081,0,0,5,1,budget,76,19,4.13
P002910,Books,14.73,3.11,S0414,1,2,6,1,mid,1383,12,2.92
P002911,Beauty,22.63,2.44,S0183,0,5,3,0,mid,866,30,2.25
P002912,Electronics,140.76,4.09,S0277,1,0,5,0,mid,1643,104,3.31
P002913,Books,7.1,4.61,S0130,1,3,3,0,mid,754,22,4.12
P002914,Beauty,25.43,4.72,S0036,1,7,3,0,premium,274,45,4.28
P002915,Home & Kitchen,43.08,4.56,S0349,1,1,5,0,budget,1230,61,3.82
P002916,Electronics,373.63,1.79,S0038,0,0,6,1,budget,913,438,1.72
P002917,Clothing,21.95,3.94,S0233,0,5,3,0,mid,106,100,3.31
P002918,Health,26.88,4.31,S0099,1,1,5,0,mid,249,11,3.74
P002919,Electronics,107.91,3.26,S0460,1,1,5,0,budget,900,2,3.14
P002920,Beauty,66.53,4.66,S0224,0,4,5,1,budget,1356,39,4.65
P002921,Automotive,44.52,4.11,S0093,0,4,7,0,premium,1771,14,4.13
P002922,Electronics,259.24,3.2,S0478,1,6,7,0,premium,794,18,2.81
P002923,Electronics,331.11,4.54,S0345,1,0,3,0,budget,1712,10,4.23
P002924,Beauty,25.65,3.98,S0088,1,6,7,1,mid,1304,18,3.75
P002925,Electronics,80.99,3.19,S0178,1,5,3,0,budget,984,17,3.04
P002926,Sports & Outdoors,28.67,3.97,S0270,1,5,7,0,budget,245,28,3.59
P002927,Beauty,46.9,3.81,S0389,1,1,6,0,budget,1522,14,3.79
P002928,Sports & Outdoors,30.51,4.05,S0500,1,6,6,1,budget,1127,14,3.44
P002929,Home & Kitchen,69.59,4.58,S0421,1,0,4,0,premium,1425,62,3.76
P002930,Beauty,29.99,3.7,S0007,1,5,5,0,budget,229,33,3.41
P002931,Sports & Outdoors,81.51,3.87,S0239,1,1,5,0,mid,1695,33,3.37
P002932,Clothing,59.72,3.9,S0024,0,5,4,1,premium,655,31,4.06
P002933,Books,10.28,3.59,S0152,1,3,5,0,budget,749,11,3.07
P002934,Health,21.16,3.86,S0135,1,1,7,0,mid,978,185,3.76
P002935,Sports & Outdoors,99.82,4.12,S0134,1,1,3,0,mid,86,379,3.83
P002936,Home & Kitchen,37.7,2.11,S0113,1,3,5,0,budget,1254,146,1.46
P002937,Clothing,8.64,4.14,S0201,1,2,4,0,budget,495,3,3.88
P002938,Electronics,273.04,3.08,S0250,1,3,4,0,premium,916,14,2.55
P002939,Clothing,24.17,4.66,S0478,1,3,5,0,mid,953,77,4.89
P002940,Electronics,244.85,4.8,S0211,1,0,3,0,budget,1323,13,4.06
P002941,Automotive,172.98,4.55,S0012,1,3,3,0,mid,1448,14,3.8
P002942,Clothing,45.45,4.36,S0292,1,3,7,0,premium,337,6,3.25
P002943,Toys & Games,58.16,2.63,S0151,1,3,4,1,mid,1458,21,2.11
P002944,Electronics,202.88,3.49,S0074,0,1,4,0,premium,1166,12,3.34
P002945,Clothing,116.64,2.91,S0336,1,1,6,0,mid,1648,1,2.29
P002946,Home & Kitchen,29.08,2.69,S0343,0,0,6,0,budget,712,131,2.55
P002947,Clothing,44.78,4.88,S0175,1,4,7,0,budget,1016,54,4.45
P002948,Toys & Games,47.92,4.2,S0108,0,4,6,0,mid,302,6,3.47
P002949,Food & Grocery,19.62,2.58,S0246,1,6,4,0,mid,651,93,2.26
P002950,Health,75.86,2.7,S0226,1,1,4,0,mid,1540,38,2.13
P002951,Electronics,142.76,3.93,S0485,0,3,6,0,mid,1413,133,3.77
P002952,Toys & Games,110.76,4.15,S0017,1,1,7,0,budget,1757,79,3.17
P002953,Electronics,660.95,4.68,S0090,0,7,7,0,premium,1548,13,4.41
P002954,Food & Grocery,26.06,3.23,S0399,1,6,7,0,mid,454,73,2.67
P002955,Books,25.08,4.08,S0475,0,1,6,0,mid,603,77,3.68
P002956,Clothing,91.99,4.27,S0314,0,6,3,0,mid,308,117,3.96
P002957,Electronics,90.74,2.89,S0159,1,7,5,1,mid,924,109,2.62
P002958,Electronics,84.2,3.88,S0105,0,5,3,0,premium,1383,400,4.09
P002959,Clothing,95.63,3.45,S0423,1,7,5,1,budget,1490,103,2.96
P002960,Food & Grocery,25.93,4.22,S0301,0,1,6,0,mid,1783,12,3.37
P002961,Toys & Games,27.93,4.56,S0205,1,2,6,0,mid,637,40,4.73
P002962,Automotive,75.5,2.95,S0219,1,5,4,0,premium,770,9,2.74
P002963,Electronics,44.2,4.65,S0075,1,4,6,0,mid,1049,141,4.21
P002964,Sports & Outdoors,57.98,2.57,S0414,0,5,4,0,budget,1429,11,2.96
P002965,Clothing,28.64,4.79,S0025,0,7,6,0,mid,1730,481,3.9
P002966,Books,31.22,3.27,S0492,1,1,7,1,mid,290,23,2.9
P002967,Clothing,81.75,3.37,S0084,1,6,4,0,budget,635,31,2.69
P002968,Clothing,63.6,3.56,S0063,1,1,3,0,mid,433,18,3.15
P002969,Books,22.82,4.5,S0037,0,3,7,0,mid,471,14,3.6
P002970,Clothing,18.32,4.25,S0246,1,3,5,0,budget,279,17,3.83
P002971,Home & Kitchen,78.39,3.04,S0029,1,6,4,1,budget,1082,43,2.72
P002972,Sports & Outdoors,94.82,3.55,S0130,0,3,4,0,mid,1209,33,3.17
P002973,Electronics,390.52,4.25,S0400,0,6,5,0,budget,800,19,3.13
P002974,Food & Grocery,78.41,4.1,S0375,1,1,4,0,budget,1069,47,3.9
P002975,Books,6.52,3.83,S0172,1,7,7,0,mid,1256,17,3.36
P002976,Toys & Games,25.35,3.36,S0018,0,1,4,0,budget,1201,32,3.79
P002977,Sports & Outdoors,41.64,2.34,S0080,1,4,5,1,budget,1700,275,1.95
P002978,Beauty,31.05,3.67,S0273,1,3,4,0,premium,328,16,3.09
P002979,Beauty,28.23,2.4,S0234,0,0,6,0,mid,1721,23,2.19
P002980,Health,33.02,4.19,S0429,1,4,6,0,budget,173,8,3.38
P002981,Sports & Outdoors,120.42,2.96,S0242,1,6,5,1,budget,81,22,3.01
P002982,Clothing,23.24,4.42,S0195,1,4,7,0,budget,975,51,3.68
P002983,Electronics,99.06,2.46,S0313,0,5,4,0,mid,884,17,1.95
P002984,Sports & Outdoors,35.16,4.73,S0419,0,7,5,0,mid,967,8,4.49
P002985,Electronics,149.03,4.54,S0409,1,2,6,0,budget,1788,51,4.15
P002986,Clothing,21.53,3.78,S0074,0,0,7,0,premium,776,58,3.46
P002987,Electronics,179.69,2.17,S0210,0,5,4,0,mid,1530,69,1.55
P002988,Books,16.3,3.99,S0460,0,6,3,0,premium,1238,7,3.88
P002989,Electronics,115.4,2.75,S0405,1,1,6,1,mid,142,171,2.17
P002990,Sports & Outdoors,109.8,3.93,S0396,1,2,5,1,premium,771,18,3.02
P002991,Toys & Games,30.88,3.15,S0058,0,2,3,0,budget,263,9,2.95
P002992,Toys & Games,60.54,4.17,S0196,1,6,7,0,budget,1545,113,3.69
P002993,Clothing,40.03,3.0,S0417,1,7,5,0,budget,678,164,2.63
P002994,Books,17.74,2.23,S0066,0,5,6,0,budget,1406,22,2.21
P002995,Books,12.84,2.94,S0359,0,2,4,0,premium,160,12,2.55
P002996,Home & Kitchen,54.77,3.42,S0261,1,4,7,0,mid,624,56,2.55
P002997,Sports & Outdoors,99.66,3.48,S0365,1,2,5,0,budget,1448,6,3.03
P002998,Clothing,35.16,3.7,S0336,1,5,5,0,budget,1612,707,3.42
P002999,Automotive,102.36,4.4,S0048,1,7,5,0,mid,76,9,4.01
P003000,Electronics,113.6,3.74,S0065,1,5,7,0,mid,900,50,3.31
P003001,Toys & Games,50.46,3.89,S0169,1,6,6,0,mid,1581,27,4.22
P003002,Sports & Outdoors,45.9,4.01,S0467,1,5,3,0,premium,851,10,4.11
P003003,Clothing,75.01,3.53,S0469,1,3,7,1,mid,560,10,2.82
P003004,Beauty,29.04,2.57,S0382,0,1,3,0,budget,1306,128,1.9
P003005,Electronics,460.78,1.95,S0120,1,7,5,0,mid,1432,51,2.15
P003006,Toys & Games,16.01,3.59,S0476,1,2,4,1,mid,1722,14,3.55
P003007,Sports & Outdoors,26.81,3.24,S0359,1,7,5,0,premium,1644,16,3.36
P003008,Electronics,127.82,4.22,S0150,1,6,7,1,budget,88,12,3.66
P003009,Electronics,80.61,3.19,S0356,1,5,3,0,mid,1466,95,2.82
P003010,Beauty,12.21,4.42,S0217,0,4,3,0,mid,340,100,3.44
P003011,Clothing,65.34,3.54,S0240,0,2,7,0,mid,1511,62,3.23
P003012,Health,37.9,4.84,S0121,1,1,4,0,budget,1455,44,4.16
P003013,Toys & Games,24.0,2.08,S0322,1,6,5,0,budget,438,70,1.64
P003014,Beauty,22.2,3.57,S0137,1,7,7,1,premium,811,4,3.49
P003015,Clothing,31.45,3.3,S0462,1,5,6,0,budget,1394,46,2.92
P003016,Beauty,75.37,3.84,S0073,1,7,6,1,mid,1549,119,3.7
P003017,Food & Grocery,14.15,3.45,S0126,1,1,3,0,mid,1572,43,3.07
P003018,Electronics,83.69,4.81,S0063,1,4,4,1,budget,652,35,4.49
P003019,Clothing,72.55,4.1,S0121,1,1,5,0,mid,170,15,3.3
P003020,Clothing,39.54,3.95,S0336,0,4,3,0,budget,1756,16,3.26
P003021,Home & Kitchen,186.9,2.68,S0473,1,7,6,0,mid,1560,17,2.55
P003022,Beauty,20.42,2.21,S0079,0,2,6,0,budget,412,43,2.5
P003023,Home & Kitchen,91.37,4.08,S0112,1,3,4,0,mid,1062,18,3.81
P003024,Books,34.46,4.83,S0067,0,4,7,0,mid,1709,3,4.35
P003025,Clothing,32.91,4.13,S0405,0,3,7,1,premium,605,86,4.17
P003026,Electronics,118.46,3.92,S0268,0,7,6,0,budget,1427,61,3.46
P003027,Clothing,70.21,3.25,S0182,0,3,4,1,budget,891,50,2.69
P003028,Health,53.65,3.62,S0352,1,2,3,0,budget,1754,10,3.26
P003029,Sports & Outdoors,27.88,3.63,S0043,1,2,6,0,budget,752,18,3.38
P003030,Home & Kitchen,27.95,3.61,S0390,0,2,5,0,mid,316,61,2.87
P003031,Toys & Games,6.99,3.68,S0048,1,2,6,0,premium,1713,34,3.35
P003032,Electronics,264.43,3.46,S0291,0,7,5,0,mid,655,14,2.6
P003033,Clothing,38.46,2.9,S0016,0,4,3,0,budget,518,157,2.52
P003034,Clothing,40.83,2.32,S0101,1,3,7,0,premium,379,11,2.04
P003035,Automotive,27.18,3.49,S0313,0,1,7,1,mid,756,0,3.13
P003036,Beauty,14.49,3.52,S0287,1,7,6,0,mid,1498,36,2.58
P003037,Sports & Outdoors,48.79,3.42,S0224,1,1,3,0,mid,638,38,3.11
P003038,Electronics,123.59,4.59,S0313,0,2,7,0,mid,504,35,4.39
P003039,Clothing,48.3,4.45,S0419,0,5,7,0,premium,813,53,4.43
P003040,Sports & Outdoors,92.25,4.26,S0130,1,0,5,0,budget,960,16,4.27
P003041,Home & Kitchen,214.67,3.59,S0487,1,2,5,0,mid,1494,113,3.24
P003042,Food & Grocery,21.74,4.18,S0073,0,7,3,0,mid,372,6,4.51
P003043,Toys & Games,62.49,3.66,S0490,0,0,6,0,premium,601,32,3.07
P003044,Home & Kitchen,33.43,4.29,S0463,0,1,6,0,mid,1282,15,3.64
P003045,Beauty,10.25,4.25,S0214,1,0,4,0,budget,789,110,3.83
P003046,Automotive,60.71,3.48,S0048,1,5,6,0,premium,1345,12,3.38
P003047,Home & Kitchen,21.09,3.06,S0204,1,0,4,0,mid,811,36,2.95
P003048,Sports & Outdoors,65.57,3.65,S0139,1,0,3,0,mid,233,36,2.57
P003049,Food & Grocery,13.77,4.01,S0290,0,3,3,1,budget,1554,41,3.32
P003050,Clothing,13.93,4.29,S0116,1,5,6,1,premium,1244,13,4.09
P003051,Health,107.68,3.16,S0034,1,7,4,0,mid,269,51,2.58
P003052,Electronics,134.0,2.92,S0446,0,1,3,0,premium,322,34,2.59
P003053,Sports & Outdoors,24.33,3.76,S0434,1,4,7,1,mid,631,50,3.49
P003054,Toys & Games,54.85,4.55,S0251,0,6,6,0,budget,1718,219,4.24
P003055,Sports & Outdoors,41.98,3.77,S0426,1,5,4,0,mid,560,38,3.65
P003056,Books,34.62,2.3,S0479,1,7,6,0,budget,1587,10,2.45
P003057,Sports & Outdoors,41.86,4.56,S0461,0,0,5,0,budget,894,348,4.29
P003058,Electronics,133.73,3.42,S0415,0,0,3,0,premium,386,107,2.71
P003059,Clothing,55.34,4.92,S0022,0,5,4,0,premium,234,72,4.6
P003060,Clothing,64.24,3.52,S0378,1,2,6,0,mid,631,26,3.49
P003061,Sports & Outdoors,103.08,2.42,S0460,1,5,6,0,budget,425,80,2.31
P003062,Home & Kitchen,52.12,4.22,S0089,0,5,5,0,mid,1084,2,4.18
P003063,Clothing,61.8,2.69,S0034,1,3,7,0,mid,1763,211,2.49
P003064,Health,59.44,3.23,S0173,1,7,5,0,mid,1458,97,2.87
P003065,Home & Kitchen,62.03,3.37,S0412,1,7,3,0,mid,579,26,2.78
P003066,Home & Kitchen,50.49,3.07,S0411,1,2,7,0,mid,1699,94,3.37
P003067,Home & Kitchen,23.11,3.47,S0293,1,0,3,1,budget,1741,69,2.81
P003068,Clothing,64.47,4.32,S0492,0,7,7,0,mid,771,9,3.89
P003069,Beauty,28.72,3.59,S0082,1,7,3,0,budget,893,41,3.12
P003070,Home & Kitchen,42.91,4.46,S0439,1,7,4,0,premium,895,51,3.61
P003071,Electronics,398.22,2.08,S0436,0,0,3,0,premium,757,28,2.14
P003072,Automotive,31.84,4.34,S0475,0,5,6,0,mid,307,25,4.06
P003073,Toys & Games,85.81,2.96,S0147,0,7,4,1,premium,1614,97,2.74
P003074,Beauty,27.63,2.3,S0321,0,3,5,0,mid,648,40,1.88
P003075,Health,45.97,3.73,S0138,0,6,3,1,premium,179,315,3.53
P003076,Health,29.98,3.65,S0242,1,4,7,0,premium,1785,15,3.21
P003077,Clothing,16.55,3.22,S0481,0,3,5,0,budget,251,54,3.04
P003078,Sports & Outdoors,59.78,1.31,S0258,1,5,4,0,premium,1689,10,1.61
P003079,Sports & Outdoors,79.46,4.91,S0385,1,4,3,0,budget,269,74,3.69
P003080,Clothing,67.52,2.99,S0230,1,5,5,0,premium,762,8,2.99
P003081,Clothing,39.96,3.84,S0001,1,1,6,0,mid,951,46,4.17
P003082,Electronics,49.64,3.94,S0078,0,2,3,1,mid,425,136,4.06
P003083,Sports & Outdoors,25.77,2.94,S0337,0,5,5,0,budget,1050,35,2.88
P003084,Toys & Games,109.61,3.54,S0153,1,4,7,0,budget,1044,10,3.55
P003085,Toys & Games,16.61,4.48,S0157,0,3,7,0,budget,1561,102,3.78
P003086,Clothing,105.94,3.6,S0046,0,6,7,1,budget,779,51,3.31
P003087,Clothing,25.69,4.89,S0411,1,2,7,0,mid,1581,29,4.36
P003088,Home & Kitchen,49.3,3.18,S0045,0,3,4,0,budget,1362,10,2.72
P003089,Books,26.19,3.93,S0269,1,2,3,0,premium,1460,4,3.83
P003090,Food & Grocery,13.45,3.32,S0156,1,4,5,0,premium,1144,493,2.93
P003091,Health,98.78,4.19,S0454,1,4,6,0,mid,350,16,3.21
P003092,Food & Grocery,23.02,2.83,S0334,0,2,4,1,premium,1199,10,2.68
P003093,Health,50.1,4.9,S0035,1,6,4,0,mid,1297,48,4.4
P003094,Automotive,63.87,2.62,S0307,1,1,3,0,premium,692,9,2.57
P003095,Home & Kitchen,81.66,3.32,S0083,1,6,5,0,mid,1158,60,2.87
P003096,Electronics,477.05,4.73,S0280,0,0,3,0,mid,1122,167,3.74
P003097,Electronics,170.99,3.23,S0122,0,2,6,0,budget,1166,9,2.61
P003098,Home & Kitchen,155.27,3.36,S0375,1,3,7,1,mid,1250,23,2.75
P003099,Clothing,31.18,4.0,S0237,0,3,7,0,mid,1218,55,3.29
P003100,Electronics,292.6,3.89,S0212,0,5,4,1,budget,1176,7,3.33
P003101,Food & Grocery,29.5,3.27,S0440,1,7,3,0,budget,596,11,3.16
P003102,Clothing,23.7,2.49,S0222,1,6,5,0,premium,1261,28,1.83
P003103,Food & Grocery,25.01,4.35,S0118,1,4,6,0,premium,294,348,4.18
P003104,Toys & Games,32.14,3.78,S0260,0,0,7,0,mid,1605,11,3.02
P003105,Sports & Outdoors,38.96,3.58,S0405,1,7,3,0,budget,1435,23,3.11
P003106,Beauty,34.71,3.83,S0034,1,2,3,1,mid,504,649,3.44
P003107,Clothing,49.13,3.64,S0142,0,4,3,0,budget,159,85,3.19
P003108,Sports & Outdoors,62.23,3.81,S0291,0,6,5,0,premium,306,4,3.62
P003109,Clothing,43.19,4.14,S0121,1,5,3,0,budget,1240,25,3.69
P003110,Food & Grocery,20.84,2.95,S0376,0,0,7,0,budget,91,66,2.61
P003111,Clothing,36.09,2.65,S0029,0,2,4,0,mid,205,187,1.67
P003112,Clothing,48.94,4.28,S0132,1,7,7,0,mid,1269,176,3.97
P003113,Beauty,19.03,3.68,S0295,0,6,4,0,premium,898,64,3.88
P003114,Sports & Outdoors,320.05,2.77,S0428,1,5,4,0,mid,623,78,2.35
P003115,Home & Kitchen,23.61,4.2,S0177,0,3,3,1,budget,519,6,3.98
P003116,Sports & Outdoors,45.77,2.23,S0134,1,7,4,1,budget,925,14,1.76
P003117,Electronics,136.58,2.52,S0464,0,5,6,0,mid,559,6,2.56
P003118,Beauty,95.25,4.21,S0257,1,5,6,0,budget,159,114,3.94
P003119,Clothing,20.38,3.38,S0102,1,7,6,0,mid,834,52,2.93
P003120,Clothing,58.1,4.26,S0438,0,7,3,0,mid,1670,37,3.7
P003121,Electronics,214.73,1.4,S0015,1,6,4,0,mid,937,211,1.45
P003122,Clothing,54.97,4.32,S0370,0,5,5,0,budget,1071,63,3.9
P003123,Clothing,94.49,3.83,S0453,1,1,7,1,premium,617,129,3.08
P003124,Home & Kitchen,114.07,4.09,S0289,1,2,4,0,mid,250,82,3.22
P003125,Clothing,34.33,4.38,S0458,0,1,3,0,mid,1349,92,4.12
P003126,Clothing,50.56,3.14,S0312,1,6,7,0,mid,749,9,2.6
P003127,Books,5.88,2.4,S0299,0,2,5,0,mid,167,106,2.17
P003128,Electronics,196.33,3.68,S0055,1,1,4,0,mid,583,58,3.49
P003129,Beauty,17.39,3.32,S0090,0,5,4,0,premium,91,20,2.63
P003130,Food & Grocery,19.67,4.36,S0350,0,4,5,1,mid,1564,75,3.62
P003131,Home & Kitchen,20.01,3.63,S0341,1,1,5,0,budget,1781,154,3.75
P003132,Health,48.45,2.96,S0306,1,2,6,1,premium,1580,29,2.54
P003133,Electronics,66.85,4.79,S0105,1,3,6,0,mid,1469,13,4.62
P003134,Electronics,202.21,2.18,S0043,0,6,3,0,budget,1429,14,2.71
P003135,Beauty,13.41,2.84,S0043,1,0,3,0,budget,864,6,2.63
P003136,Toys & Games,19.22,4.19,S0063,1,6,6,0,mid,717,27,3.51
P003137,Health,75.98,4.32,S0110,1,0,7,0,mid,170,67,3.93
P003138,Electronics,263.25,4.01,S0486,0,6,7,0,premium,1699,265,3.55
P003139,Toys & Games,63.77,3.48,S0390,1,0,7,0,budget,58,12,3.15
P003140,Home & Kitchen,140.21,3.49,S0090,1,1,6,0,mid,517,50,3.36
P003141,Clothing,28.3,3.78,S0154,0,2,4,0,budget,791,34,3.65
P003142,Electronics,454.75,4.18,S0448,0,7,3,1,mid,1200,32,3.16
P003143,Automotive,31.13,4.73,S0225,0,3,6,1,mid,1797,5,4.61
P003144,Electronics,289.46,3.85,S0138,1,6,7,0,budget,956,9,3.55
P003145,Toys & Games,23.8,2.63,S0165,1,2,5,0,premium,1474,292,2.19
P003146,Sports & Outdoors,37.2,4.03,S0199,1,3,3,0,budget,804,111,3.85
P003147,Beauty,40.48,3.16,S0272,1,4,6,0,mid,1781,46,2.53
P003148,Beauty,49.36,2.73,S0278,0,1,4,1,mid,363,57,2.16
P003149,Health,65.81,4.72,S0267,1,0,6,0,mid,751,80,4.57
P003150,Clothing,51.19,4.68,S0313,1,2,3,0,premium,454,19,4.23
P003151,Electronics,200.24,2.84,S0149,1,6,4,0,mid,502,20,3.03
P003152,Sports & Outdoors,89.17,4.23,S0249,0,0,6,1,mid,1484,15,3.6
P003153,Home & Kitchen,66.0,3.12,S0415,1,6,7,0,mid,1289,40,2.9
P003154,Electronics,256.0,3.77,S0175,0,4,4,0,mid,1213,8,3.51
P003155,Clothing,50.86,3.41,S0492,1,2,6,0,budget,184,14,3.19
P003156,Clothing,74.61,4.0,S0250,0,0,4,0,mid,1678,60,3.79
P003157,Electronics,69.69,3.5,S0188,0,4,6,0,premium,1701,21,3.29
P003158,Electronics,170.99,3.61,S0351,1,3,5,0,mid,1235,4,3.25
P003159,Food & Grocery,9.59,4.28,S0196,0,0,6,0,premium,750,21,3.27
P003160,Clothing,53.13,3.6,S0199,0,5,4,0,premium,137,63,3.5
P003161,Automotive,200.87,4.78,S0188,0,6,3,0,budget,822,38,3.59
P003162,Automotive,56.43,2.44,S0273,1,3,6,0,mid,235,4,1.83
P003163,Electronics,199.68,3.58,S0021,1,3,3,0,premium,1184,114,3.01
P003164,Beauty,44.08,4.69,S0190,1,7,5,0,budget,1310,24,4.49
P003165,Sports & Outdoors,18.8,3.74,S0385,0,3,3,0,budget,158,49,3.3
P003166,Beauty,20.47,3.08,S0165,1,1,5,0,budget,474,116,3.33
P003167,Electronics,230.23,3.62,S0270,1,6,3,0,premium,1177,28,2.84
P003168,Clothing,7.91,4.29,S0150,0,4,3,0,premium,470,3,3.53
P003169,Electronics,102.95,2.84,S0471,1,7,7,0,premium,1541,272,1.88
P003170,Sports & Outdoors,125.83,3.21,S0112,1,7,7,0,mid,749,2,2.54
P003171,Automotive,136.9,3.24,S0389,0,6,5,0,mid,1221,22,2.73
P003172,Beauty,35.05,4.06,S0381,1,2,4,1,budget,1349,156,4.09
P003173,Beauty,47.54,2.55,S0203,1,5,6,1,premium,1098,14,2.61
P003174,Automotive,85.33,3.7,S0492,1,3,4,0,premium,1160,15,3.4
P003175,Beauty,39.07,3.26,S0494,1,6,3,0,mid,1046,25,2.84
P003176,Electronics,153.08,3.75,S0015,1,7,4,0,budget,373,26,3.6
P003177,Health,40.73,3.94,S0285,0,5,6,1,premium,550,11,3.93
P003178,Home & Kitchen,37.63,4.79,S0099,1,3,7,1,premium,1616,15,4.12
P003179,Electronics,394.83,3.36,S0500,1,7,6,0,premium,653,120,2.86
P003180,Books,44.85,2.96,S0483,0,6,6,1,mid,1750,17,2.53
P003181,Food & Grocery,50.35,4.04,S0212,0,1,6,0,budget,1048,60,3.12
P003182,Clothing,35.23,2.91,S0171,1,7,3,0,mid,1431,11,2.98
P003183,Books,10.16,3.4,S0410,0,3,6,0,mid,437,174,2.88
P003184,Electronics,398.04,3.66,S0195,1,2,3,0,premium,371,102,3.21
P003185,Electronics,256.39,3.17,S0366,1,2,5,0,budget,705,29,3.29
P003186,Electronics,225.32,4.47,S0332,0,6,5,0,mid,1434,71,3.86
P003187,Beauty,19.14,2.67,S0143,1,3,6,0,premium,1245,205,2.78
P003188,Health,49.06,3.93,S0177,1,5,3,0,budget,953,9,3.01
P003189,Electronics,96.47,3.84,S0467,0,3,7,0,mid,350,9,3.62
P003190,Clothing,65.83,1.11,S0247,1,7,6,1,mid,80,51,1.0
P003191,Clothing,102.92,3.42,S0209,1,1,4,0,mid,257,7,2.6
P003192,Electronics,492.25,4.06,S0451,0,4,4,0,mid,1211,5,3.31
P003193,Books,27.54,4.62,S0287,1,2,3,0,mid,1723,4,4.2
P003194,Beauty,12.22,4.67,S0283,1,6,4,0,budget,1759,39,3.92
P003195,Sports & Outdoors,73.17,2.79,S0195,1,7,3,0,mid,1384,2,2.63
P003196,Home & Kitchen,198.57,3.04,S0334,1,2,6,0,premium,793,20,2.51
P003197,Books,10.69,3.7,S0023,1,7,6,1,budget,1301,0,2.84
P003198,Electronics,178.55,3.62,S0109,0,4,5,0,budget,142,56,3.55
P003199,Electronics,432.02,4.39,S0411,1,0,7,0,budget,653,60,4.04
P003200,Food & Grocery,31.86,3.77,S0131,0,6,3,0,mid,438,25,2.85
P003201,Toys & Games,141.72,3.12,S0493,1,4,7,0,mid,1754,136,3.0
P003202,Food & Grocery,14.17,3.12,S0446,1,7,4,1,mid,1018,86,2.84
P003203,Food & Grocery,12.15,4.08,S0191,0,3,6,0,mid,1692,12,3.54
P003204,Sports & Outdoors,135.49,4.81,S0459,1,2,7,1,mid,1430,11,4.21
P003205,Food & Grocery,10.74,4.02,S0358,1,1,3,0,mid,1327,95,4.02
P003206,Home & Kitchen,48.88,1.72,S0404,0,0,7,0,premium,358,75,1.64
P003207,Electronics,177.85,4.32,S0236,1,5,7,0,mid,167,23,4.3
P003208,Electronics,344.45,1.51,S0062,1,7,6,0,premium,418,4,1.5
P003209,Electronics,267.45,3.59,S0274,1,5,3,1,mid,1490,100,3.3
P003210,Electronics,243.37,3.6,S0410,0,4,7,0,mid,1662,35,3.01
P003211,Home & Kitchen,43.2,4.07,S0046,1,0,4,0,budget,1267,30,3.71
P003212,Beauty,58.04,3.92,S0010,0,0,3,0,mid,1590,1,3.83
P003213,Toys & Games,358.25,4.85,S0411,0,3,6,0,mid,161,62,4.39
P003214,Sports & Outdoors,98.41,3.26,S0299,0,4,3,0,premium,1650,30,3.51
P003215,Electronics,196.4,3.17,S0261,1,3,5,0,mid,220,17,3.16
P003216,Beauty,12.85,4.14,S0338,1,7,3,0,premium,341,12,3.37
P003217,Home & Kitchen,37.52,3.2,S0343,0,2,6,0,budget,1498,37,2.73
P003218,Electronics,162.74,2.46,S0214,0,7,3,0,mid,1680,58,2.42
P003219,Clothing,32.65,4.25,S0306,1,2,6,0,mid,309,20,3.37
P003220,Clothing,44.57,3.95,S0240,1,2,7,0,budget,631,64,3.52
P003221,Clothing,130.77,2.75,S0104,0,2,3,0,mid,1492,8,2.2
P003222,Toys & Games,67.63,4.09,S0371,0,6,3,0,budget,944,15,3.69
P003223,Beauty,25.45,3.31,S0188,0,2,7,0,budget,746,75,2.7
P003224,Beauty,13.56,3.24,S0448,0,3,5,0,mid,837,20,3.23
P003225,Electronics,412.72,4.54,S0199,1,0,5,0,premium,549,259,3.93
P003226,Toys & Games,31.07,3.5,S0095,0,3,4,0,premium,1760,46,3.35
P003227,Beauty,9.94,3.13,S0415,0,1,5,0,premium,960,8,2.37
P003228,Clothing,69.0,2.32,S0070,1,6,7,0,budget,494,5,2.0
P003229,Sports & Outdoors,120.28,3.53,S0494,1,6,7,0,budget,1614,84,2.79
P003230,Books,4.2,3.71,S0315,1,2,7,0,budget,1725,15,3.7
P003231,Home & Kitchen,33.54,4.45,S0241,1,7,4,0,mid,143,99,3.77
P003232,Electronics,173.14,3.11,S0116,0,3,6,0,premium,1727,17,2.77
P003233,Books,27.97,3.53,S0101,1,6,5,0,mid,1743,44,3.28
P003234,Electronics,135.76,4.34,S0098,0,1,4,0,mid,1653,22,3.68
P003235,Electronics,112.29,3.05,S0417,1,6,4,0,budget,281,44,2.38
P003236,Electronics,286.19,2.85,S0102,1,1,7,1,mid,662,79,2.62
P003237,Food & Grocery,16.61,2.85,S0018,0,2,3,1,premium,1564,33,1.99
P003238,Clothing,62.3,2.95,S0099,1,3,7,0,mid,693,73,3.06
P003239,Home & Kitchen,28.23,3.97,S0306,0,1,7,0,mid,802,4,3.53
P003240,Clothing,19.99,2.65,S0239,1,7,6,0,mid,391,54,1.94
P003241,Health,59.78,2.86,S0187,0,2,3,0,mid,772,34,2.49
P003242,Books,20.94,3.41,S0483,0,3,6,0,mid,871,24,3.24
P003243,Food & Grocery,38.26,3.49,S0172,1,0,3,0,premium,751,1,2.9
P003244,Clothing,32.69,4.19,S0415,1,5,4,0,mid,470,4,3.19
P003245,Electronics,114.81,3.37,S0063,0,1,3,0,budget,186,43,3.0
P003246,Books,40.72,4.8,S0272,1,2,6,0,mid,1140,50,4.55
P003247,Home & Kitchen,22.06,4.19,S0066,1,7,5,0,budget,140,54,3.84
P003248,Toys & Games,67.8,4.23,S0041,0,6,7,0,budget,1565,32,3.93
P003249,Health,83.92,2.56,S0340,1,0,6,0,budget,158,7,2.59
P003250,Home & Kitchen,92.15,2.51,S0337,0,4,4,0,premium,1710,9,2.73
P003251,Automotive,49.64,3.27,S0288,1,5,6,0,budget,1011,2,2.13
P003252,Books,11.03,3.55,S0226,0,7,4,0,premium,804,38,2.8
P003253,Clothing,39.67,4.21,S0136,0,1,4,0,budget,1528,325,3.84
P003254,Books,8.28,3.97,S0390,1,2,4,1,mid,793,29,3.66
P003255,Electronics,103.89,2.99,S0095,1,1,6,0,premium,274,13,2.23
P003256,Toys & Games,47.11,4.3,S0247,1,4,7,0,budget,940,34,3.64
P003257,Electronics,273.13,4.25,S0472,1,4,7,0,premium,894,28,4.34
P003258,Clothing,23.97,3.65,S0335,0,1,5,0,mid,1643,4,3.18
P003259,Books,27.01,4.73,S0423,0,0,3,0,budget,944,44,4.32
P003260,Electronics,242.97,1.5,S0101,0,1,7,0,premium,169,29,1.89
P003261,Electronics,457.73,3.4,S0013,0,1,4,0,budget,629,26,3.09
P003262,Beauty,39.4,2.38,S0417,1,4,6,0,budget,572,359,2.38
P003263,Electronics,349.15,4.62,S0282,0,1,5,0,premium,425,29,4.33
P003264,Home & Kitchen,73.23,3.48,S0390,0,6,4,0,budget,378,295,3.03
P003265,Clothing,81.01,4.81,S0422,1,5,4,0,mid,169,12,4.21
P003266,Clothing,20.79,2.19,S0188,1,1,5,1,budget,1402,5,2.33
P003267,Clothing,41.83,2.69,S0056,1,7,5,1,premium,731,12,2.42
P003268,Toys & Games,31.26,4.38,S0482,1,5,3,0,mid,699,135,3.64
P003269,Food & Grocery,19.01,3.29,S0153,0,6,4,1,budget,797,13,3.29
P003270,Electronics,241.46,3.53,S0081,1,5,5,0,premium,1736,5,2.32
P003271,Food & Grocery,32.19,4.45,S0286,0,5,6,0,mid,1269,49,4.48
P003272,Sports & Outdoors,82.25,3.95,S0011,0,3,5,0,mid,1763,20,3.5
P003273,Sports & Outdoors,58.45,2.2,S0030,0,5,3,0,mid,1091,65,1.98
P003274,Beauty,18.01,4.06,S0382,0,6,5,0,mid,1589,14,3.68
P003275,Beauty,54.08,3.54,S0045,0,7,7,1,budget,1668,10,3.59
P003276,Toys & Games,39.47,2.6,S0301,1,4,4,0,mid,930,242,2.39
P003277,Books,9.77,3.54,S0227,0,6,6,0,mid,900,12,3.18
P003278,Books,16.03,4.54,S0056,0,7,5,1,mid,1677,12,3.8
P003279,Clothing,15.81,4.29,S0472,0,4,4,1,budget,1307,57,3.65
P003280,Electronics,188.97,3.61,S0080,1,6,7,0,premium,697,1,3.44
P003281,Sports & Outdoors,57.71,4.25,S0326,1,1,7,0,budget,595,79,3.89
P003282,Electronics,131.06,2.84,S0066,0,7,3,0,mid,725,283,3.06
P003283,Clothing,116.45,2.5,S0296,0,7,6,0,mid,482,93,2.01
P003284,Electronics,92.45,4.48,S0084,1,2,7,0,budget,867,9,3.69
P003285,Clothing,68.75,1.89,S0445,0,7,5,0,budget,1222,13,1.79
P003286,Sports & Outdoors,241.39,3.79,S0231,0,6,5,0,budget,1263,35,3.39
P003287,Sports & Outdoors,124.06,4.75,S0005,0,1,7,0,budget,104,51,3.92
P003288,Home & Kitchen,53.97,3.01,S0026,0,7,6,0,premium,142,229,2.55
P003289,Electronics,93.68,2.74,S0272,0,4,7,1,mid,1142,217,2.68
P003290,Home & Kitchen,24.29,4.05,S0260,0,1,3,1,mid,978,25,3.25
P003291,Home & Kitchen,42.97,4.15,S0166,1,0,5,0,budget,131,17,3.39
P003292,Beauty,18.54,2.6,S0303,1,4,3,0,mid,1739,12,2.12
P003293,Books,11.69,2.34,S0399,1,4,4,1,budget,1761,71,1.89
P003294,Books,14.8,4.17,S0364,1,6,6,0,budget,149,121,3.99
P003295,Books,16.93,4.23,S0375,0,4,7,0,mid,40,35,3.64
P003296,Automotive,100.35,2.34,S0474,0,3,7,0,mid,182,33,2.6
P003297,Beauty,13.32,4.57,S0104,1,2,6,0,budget,1182,418,3.8
P003298,Books,11.95,2.61,S0042,1,4,5,0,budget,1700,74,2.46
P003299,Home & Kitchen,49.98,3.96,S0061,0,2,5,1,mid,747,2,3.55
P003300,Electronics,164.53,2.76,S0018,1,5,3,0,budget,1501,31,2.48
P003301,Food & Grocery,66.21,3.45,S0147,1,1,6,0,budget,402,42,2.37
P003302,Clothing,51.73,3.14,S0070,0,6,6,0,premium,31,23,2.5
P003303,Clothing,17.09,4.26,S0461,0,1,3,0,budget,883,150,3.78
P003304,Automotive,96.39,2.67,S0169,1,1,7,0,mid,828,22,1.81
P003305,Beauty,38.85,3.01,S0110,1,7,4,0,premium,1793,10,1.83
P003306,Electronics,171.62,3.88,S0263,1,3,6,0,budget,577,14,3.12
P003307,Electronics,89.33,3.22,S0216,1,5,3,1,mid,795,74,3.0
P003308,Electronics,531.23,4.07,S0003,1,3,3,1,mid,326,6,3.81
P003309,Sports & Outdoors,34.21,3.69,S0480,1,7,6,0,budget,738,18,2.95
P003310,Electronics,275.01,2.46,S0347,1,1,5,0,budget,122,91,2.15
P003311,Food & Grocery,24.81,3.56,S0413,1,3,3,0,premium,637,6,3.33
P003312,Food & Grocery,31.55,4.13,S0479,0,0,7,1,budget,472,9,4.11
P003313,Books,50.12,4.72,S0443,1,4,7,0,premium,699,4,4.63
P003314,Sports & Outdoors,91.05,3.62,S0125,1,5,3,0,mid,1185,11,3.53
P003315,Clothing,32.18,3.23,S0382,1,3,6,0,mid,1419,17,2.75
P003316,Electronics,359.23,3.89,S0005,1,6,3,1,mid,567,24,3.49
P003317,Beauty,19.17,2.94,S0181,0,6,6,1,mid,1577,11,2.67
P003318,Electronics,204.08,4.78,S0377,1,7,6,0,mid,574,20,4.24
P003319,Electronics,85.16,3.74,S0350,0,7,6,0,mid,168,107,2.95
P003320,Clothing,24.21,2.69,S0386,0,7,5,0,premium,494,49,2.85
P003321,Electronics,190.79,3.65,S0379,1,3,3,0,premium,454,428,3.41
P003322,Home & Kitchen,68.59,3.57,S0022,0,7,4,0,budget,201,14,3.47
P003323,Beauty,10.08,2.25,S0292,1,5,7,0,budget,1196,19,2.22
P003324,Toys & Games,43.13,4.35,S0309,1,0,6,1,premium,1079,39,3.78
P003325,Sports & Outdoors,39.75,3.75,S0078,1,0,4,0,budget,570,17,2.93
P003326,Health,81.89,3.89,S0122,0,3,7,0,premium,1324,32,3.73
P003327,Home & Kitchen,44.53,4.88,S0244,0,4,5,0,budget,421,3,4.6
P003328,Health,19.36,4.2,S0317,0,0,7,0,budget,1764,21,3.87
P003329,Books,18.84,4.32,S0426,0,4,7,0,budget,649,94,4.53
P003330,Clothing,25.97,3.11,S0364,0,5,3,0,budget,431,325,2.63
P003331,Food & Grocery,47.11,3.73,S0488,1,5,7,0,mid,1352,188,3.26
P003332,Clothing,45.01,3.31,S0112,0,7,7,0,mid,318,38,3.04
P003333,Electronics,168.91,4.47,S0197,1,2,7,0,premium,1727,58,3.87
P003334,Clothing,64.18,4.25,S0131,0,0,6,0,mid,1281,49,3.75
P003335,Home & Kitchen,30.1,1.42,S0446,1,7,6,0,mid,393,17,1.59
P003336,Home & Kitchen,25.38,4.34,S0306,1,4,4,0,mid,602,10,3.71
P003337,Books,23.0,3.6,S0254,1,5,3,0,budget,1741,44,3.07
P003338,Health,19.64,3.26,S0292,1,4,3,0,premium,930,29,3.11
P003339,Clothing,23.26,2.62,S0164,0,3,3,0,mid,1001,90,1.96
P003340,Books,29.74,2.47,S0444,1,1,7,1,mid,1284,1,2.2
P003341,Home & Kitchen,75.37,4.57,S0308,1,4,4,1,mid,483,26,4.07
P003342,Toys & Games,15.08,3.46,S0256,0,6,3,0,mid,772,141,3.3
P003343,Electronics,127.6,3.42,S0353,0,0,6,0,budget,772,66,3.32
P003344,Electronics,107.57,3.48,S0400,0,3,3,0,budget,687,10,3.08
P003345,Books,52.26,4.66,S0198,0,7,5,0,premium,586,6,4.17
P003346,Beauty,48.22,4.66,S0367,1,3,6,0,premium,808,31,4.18
P003347,Toys & Games,24.86,3.67,S0400,1,1,5,1,premium,1423,84,3.21
P003348,Sports & Outdoors,91.85,2.38,S0333,1,7,6,1,mid,838,61,2.53
P003349,Toys & Games,14.18,1.92,S0059,1,1,3,0,mid,185,38,1.88
P003350,Home & Kitchen,36.74,3.8,S0096,1,1,4,0,premium,31,71,3.8
P003351,Electronics,197.01,3.24,S0016,0,3,5,1,mid,67,45,2.65
P003352,Electronics,242.67,3.25,S0139,1,3,6,0,premium,363,67,3.3
P003353,Electronics,174.49,2.56,S0083,0,3,5,1,mid,1377,101,2.34
P003354,Clothing,52.22,3.29,S0284,0,6,6,0,mid,1108,19,3.17
P003355,Books,18.87,2.63,S0455,1,4,6,0,mid,647,11,1.79
P003356,Home & Kitchen,49.86,2.91,S0033,1,3,7,0,budget,60,79,3.11
P003357,Books,15.07,2.48,S0143,1,5,6,0,budget,611,17,2.36
P003358,Books,13.94,3.34,S0023,0,4,6,0,premium,519,3,3.57
P003359,Beauty,32.18,1.89,S0042,1,5,6,0,mid,910,183,2.03
P003360,Sports & Outdoors,83.17,2.54,S0025,0,3,3,0,budget,809,44,1.67
P003361,Clothing,50.69,2.14,S0304,1,4,4,1,premium,334,42,2.38
P003362,Home & Kitchen,27.12,4.8,S0461,0,2,7,0,premium,812,26,4.38
P003363,Sports & Outdoors,35.7,4.09,S0363,1,3,3,0,mid,243,90,3.87
P003364,Sports & Outdoors,82.58,1.55,S0345,1,1,5,0,budget,114,7,1.56
P003365,Clothing,108.82,4.4,S0079,1,0,6,1,budget,1665,33,3.93
P003366,Clothing,49.31,4.72,S0419,0,6,5,0,premium,1579,46,4.13
P003367,Beauty,21.87,3.37,S0290,1,6,3,0,budget,1791,64,3.24
P003368,Sports & Outdoors,74.37,3.33,S0482,0,2,3,0,budget,190,4,2.75
P003369,Electronics,93.53,4.24,S0196,1,3,6,0,budget,1229,67,3.82
P003370,Home & Kitchen,120.63,2.93,S0351,0,7,5,1,mid,1580,20,3.06
P003371,Health,42.5,4.72,S0241,0,4,6,1,mid,741,15,3.88
P003372,Electronics,123.8,4.77,S0258,1,0,3,0,premium,1783,5,4.23
P003373,Health,34.38,4.05,S0054,1,4,5,0,premium,1740,482,4.0
P003374,Electronics,134.85,4.42,S0240,1,7,5,1,premium,346,28,3.73
P003375,Books,39.54,2.68,S0084,1,1,7,0,budget,1563,44,1.84
P003376,Home & Kitchen,48.72,4.07,S0374,1,7,3,0,mid,154,9,3.07
P003377,Electronics,203.07,4.07,S0355,1,6,6,0,mid,304,5,3.52
P003378,Food & Grocery,31.04,3.22,S0434,0,0,6,0,premium,244,88,3.4
P003379,Home & Kitchen,35.26,3.07,S0231,1,7,5,0,budget,1766,6,2.53
P003380,Food & Grocery,24.71,2.25,S0415,0,5,3,0,budget,1538,158,1.94
P003381,Clothing,53.05,4.41,S0446,1,1,3,0,mid,525,287,3.98
P003382,Health,14.96,3.2,S0247,1,6,6,1,mid,1751,13,3.21
P003383,Food & Grocery,25.6,4.44,S0474,1,6,6,0,budget,256,19,4.25
P003384,Books,17.51,2.84,S0387,0,4,6,0,mid,1076,1,2.51
P003385,Clothing,48.65,3.71,S0146,0,7,6,0,mid,1560,4,3.52
P003386,Beauty,28.61,3.91,S0239,1,7,4,0,mid,1706,70,3.84
P003387,Books,21.03,1.4,S0051,0,2,4,0,budget,421,149,1.0
P003388,Food & Grocery,49.08,4.45,S0193,1,1,7,0,mid,1392,12,3.89
P003389,Home & Kitchen,27.1,2.7,S0181,1,6,6,0,budget,1243,15,2.07
P003390,Clothing,36.65,4.15,S0149,1,7,5,0,budget,1036,4,3.52
P003391,Electronics,275.98,2.79,S0178,0,2,5,0,mid,1455,8,2.71
P003392,Beauty,37.37,3.81,S0028,1,4,6,0,budget,1648,163,3.07
P003393,Automotive,98.8,4.83,S0227,1,4,4,0,mid,291,48,5.0
P003394,Electronics,965.36,4.27,S0101,1,2,5,0,mid,858,3,4.04
P003395,Beauty,40.48,4.28,S0115,0,4,3,1,mid,402,65,3.68
P003396,Food & Grocery,43.36,1.87,S0366,0,4,6,0,budget,758,569,1.64
P003397,Electronics,153.87,3.59,S0445,1,7,5,0,budget,699,20,2.84
P003398,Electronics,101.96,3.73,S0086,0,2,7,0,mid,1304,14,2.91
P003399,Beauty,23.19,3.36,S0281,0,1,4,0,budget,1120,66,2.91
P003400,Sports & Outdoors,99.64,2.67,S0451,0,3,5,1,budget,1355,110,2.8
P003401,Electronics,236.15,2.5,S0304,1,1,3,0,mid,1279,88,1.83
P003402,Toys & Games,40.76,3.86,S0040,1,1,7,0,budget,657,22,3.84
P003403,Books,15.83,2.96,S0388,1,5,4,0,mid,1169,19,2.61
P003404,Health,30.37,1.48,S0026,0,6,3,0,budget,871,4,1.4
P003405,Health,34.11,4.11,S0309,1,0,6,1,budget,980,7,3.72
P003406,Toys & Games,49.42,4.47,S0241,1,3,7,0,premium,412,51,4.26
P003407,Books,29.81,4.19,S0264,0,1,3,0,mid,517,17,4.1
P003408,Clothing,24.6,4.81,S0112,0,3,5,0,budget,242,44,4.26
P003409,Books,28.44,4.05,S0444,1,4,5,0,budget,312,24,3.8
P003410,Electronics,125.2,1.6,S0052,1,7,3,0,mid,652,35,1.83
P003411,Sports & Outdoors,86.12,3.84,S0469,1,7,4,0,mid,357,33,3.7
P003412,Electronics,164.87,3.44,S0030,1,7,6,0,mid,902,81,2.97
P003413,Books,46.06,3.96,S0152,1,3,7,0,budget,1299,91,3.51
P003414,Electronics,143.96,3.76,S0264,1,6,3,1,premium,308,32,3.09
P003415,Clothing,50.09,3.83,S0259,1,2,6,0,premium,400,25,3.99
P003416,Clothing,64.76,2.66,S0130,0,0,7,0,mid,318,31,2.49
P003417,Sports & Outdoors,38.48,2.55,S0145,1,7,6,0,premium,1466,12,1.87
P003418,Toys & Games,30.63,2.55,S0278,1,7,7,0,budget,249,121,2.04
P003419,Electronics,157.65,4.21,S0011,1,1,7,0,budget,1663,16,3.74
P003420,Health,27.92,2.88,S0075,0,1,6,0,budget,1580,27,2.99
P003421,Health,29.19,3.72,S0198,1,7,3,1,budget,712,40,3.29
P003422,Home & Kitchen,107.18,4.28,S0013,1,3,4,0,budget,1258,48,4.03
P003423,Sports & Outdoors,45.39,4.56,S0044,1,6,5,1,premium,352,45,3.89
P003424,Home & Kitchen,77.26,3.49,S0014,1,7,7,0,premium,287,28,3.33
P003425,Electronics,223.43,3.18,S0409,1,4,4,0,mid,1200,238,3.25
P003426,Books,7.78,3.78,S0057,0,0,7,1,mid,1200,36,3.64
P003427,Electronics,252.61,4.94,S0093,1,4,6,1,budget,564,24,3.71
P003428,Health,16.27,3.31,S0399,0,1,6,0,budget,889,286,2.93
P003429,Food & Grocery,32.07,4.34,S0217,1,5,3,0,mid,959,13,3.59
P003430,Toys & Games,23.6,3.25,S0225,0,4,4,0,mid,1030,285,3.13
P003431,Books,18.09,3.17,S0329,0,3,5,0,mid,533,3,2.87
P003432,Books,8.28,3.86,S0312,1,3,5,1,mid,1496,20,3.99
P003433,Automotive,80.71,4.02,S0207,0,7,7,0,premium,1098,4,3.52
P003434,Clothing,78.48,4.8,S0438,1,3,4,0,budget,872,6,4.34
P003435,Electronics,114.0,3.9,S0114,0,6,7,1,budget,949,57,3.47
P003436,Books,12.5,4.63,S0107,1,6,7,1,budget,539,46,4.38
P003437,Clothing,59.11,3.52,S0258,0,7,6,0,premium,634,15,2.88
P003438,Clothing,60.01,2.89,S0436,1,7,4,0,mid,1410,235,2.3
P003439,Electronics,42.94,3.69,S0449,1,4,3,0,mid,261,129,3.15
P003440,Sports & Outdoors,217.81,3.86,S0373,1,7,4,0,premium,312,31,3.65
P003441,Clothing,61.79,4.0,S0002,1,5,6,0,mid,328,3,3.91
P003442,Clothing,68.36,3.38,S0365,0,0,4,0,budget,1666,104,3.01
P003443,Electronics,169.73,1.7,S0082,0,0,7,0,budget,1463,18,1.71
P003444,Home & Kitchen,18.07,3.17,S0436,1,5,5,1,mid,1696,47,3.01
P003445,Health,56.96,4.23,S0057,0,4,4,0,mid,585,86,3.79
P003446,Clothing,32.06,4.54,S0063,1,6,6,0,premium,640,20,4.06
P003447,Beauty,38.81,2.65,S0258,0,4,3,0,budget,527,153,2.61
P003448,Beauty,24.56,4.09,S0271,1,1,7,0,mid,1396,21,4.26
P003449,Clothing,51.91,4.0,S0170,1,6,5,0,budget,1371,63,3.9
P003450,Toys & Games,20.1,3.1,S0242,1,3,7,0,premium,1661,81,3.15
P003451,Beauty,47.03,2.99,S0358,1,7,7,1,budget,533,98,3.3
P003452,Books,8.82,3.13,S0332,0,0,3,0,budget,1657,268,2.61
P003453,Electronics,711.73,2.57,S0357,0,0,7,0,mid,1711,12,2.52
P003454,Electronics,708.48,2.16,S0119,1,1,3,0,premium,232,8,2.38
P003455,Automotive,199.76,3.27,S0280,1,7,6,0,budget,644,22,3.22
P003456,Toys & Games,68.79,3.93,S0064,1,1,4,0,budget,326,1277,3.36
P003457,Food & Grocery,20.91,3.92,S0122,0,5,4,0,budget,1764,167,3.29
P003458,Health,76.52,3.41,S0487,1,5,7,0,premium,898,17,3.56
P003459,Electronics,174.63,3.96,S0022,0,7,4,1,mid,51,21,3.69
P003460,Toys & Games,12.6,4.2,S0233,0,4,7,0,premium,1007,32,3.87
P003461,Home & Kitchen,135.54,3.36,S0247,1,0,3,0,budget,347,45,3.03
P003462,Toys & Games,62.99,4.05,S0117,0,0,3,0,mid,639,71,4.1
P003463,Electronics,181.55,3.46,S0026,1,0,4,0,mid,1047,75,3.41
P003464,Clothing,21.58,3.71,S0065,0,4,4,0,budget,165,139,3.28
P003465,Beauty,19.7,3.62,S0366,1,3,7,0,mid,1645,366,3.53
P003466,Toys & Games,10.73,4.33,S0297,1,0,7,0,mid,790,28,3.95
P003467,Sports & Outdoors,114.6,4.56,S0279,1,0,5,0,budget,1173,25,4.37
P003468,Clothing,17.2,4.52,S0074,0,1,5,0,mid,527,21,4.47
P003469,Clothing,53.45,4.29,S0273,1,3,4,1,mid,1389,23,4.23
P003470,Automotive,45.21,3.22,S0092,0,7,5,0,mid,822,51,2.38
P003471,Home & Kitchen,23.37,4.44,S0157,1,6,4,0,mid,943,71,4.15
P003472,Home & Kitchen,63.46,3.45,S0477,1,3,4,0,premium,513,262,3.55
P003473,Books,14.73,4.8,S0224,0,2,6,1,mid,361,14,4.1
P003474,Home & Kitchen,90.94,3.72,S0015,1,6,3,0,mid,801,50,3.94
P003475,Books,8.41,4.24,S0298,1,7,4,1,budget,594,12,4.0
P003476,Home & Kitchen,34.92,2.39,S0094,1,2,3,0,mid,1070,53,2.44
P003477,Toys & Games,7.64,4.31,S0003,1,3,5,0,budget,1073,818,4.17
P003478,Health,10.25,3.59,S0336,1,0,6,0,budget,667,28,2.83
P003479,Food & Grocery,64.71,4.45,S0317,1,1,5,0,mid,268,628,4.3
P003480,Books,62.84,3.08,S0109,0,7,6,0,premium,402,12,2.92
P003481,Home & Kitchen,58.15,3.54,S0371,0,1,5,0,budget,509,19,3.05
P003482,Beauty,17.08,4.18,S0091,1,1,4,1,mid,731,21,4.25
P003483,Toys & Games,26.75,3.58,S0251,0,2,7,0,budget,1362,40,2.65
P003484,Books,30.4,2.73,S0279,1,2,6,0,budget,491,27,2.27
P003485,Beauty,20.56,3.5,S0057,1,1,3,0,mid,1336,82,3.59
P003486,Beauty,32.29,4.0,S0348,1,5,3,0,budget,143,1,3.9
P003487,Beauty,27.79,4.21,S0252,1,4,6,1,premium,1185,10,3.63
P003488,Beauty,19.9,4.29,S0216,1,4,3,0,budget,1151,321,3.65
P003489,Clothing,32.82,2.87,S0369,1,7,3,0,mid,1434,6,2.53
P003490,Books,21.46,4.54,S0391,1,7,3,1,budget,1151,21,4.2
P003491,Sports & Outdoors,36.17,3.56,S0247,1,2,7,1,budget,589,69,3.1
P003492,Electronics,242.6,2.42,S0408,1,7,3,0,mid,592,31,2.18
P003493,Health,28.64,4.26,S0027,1,5,4,0,budget,1462,11,3.89
P003494,Sports & Outdoors,70.16,3.11,S0312,1,1,7,0,budget,1727,56,2.73
P003495,Electronics,424.42,4.44,S0140,0,2,3,1,budget,931,90,3.9
P003496,Toys & Games,28.93,4.07,S0289,1,1,4,0,budget,1426,16,3.35
P003497,Beauty,48.62,4.54,S0313,1,6,7,1,mid,1773,53,4.12
P003498,Beauty,9.55,4.05,S0409,1,5,3,1,premium,1627,93,3.67
P003499,Home & Kitchen,41.48,4.49,S0279,1,6,4,0,budget,90,121,3.8
P003500,Health,38.64,2.78,S0008,0,1,6,0,budget,860,51,2.62
P003501,Home & Kitchen,174.4,4.05,S0490,0,4,3,0,budget,1094,257,4.04
P003502,Books,5.55,4.52,S0256,1,4,4,1,mid,957,35,4.13
P003503,Electronics,174.62,2.79,S0062,1,5,4,0,budget,1069,10,2.68
P003504,Sports & Outdoors,155.77,4.43,S0065,1,2,4,1,budget,1253,25,4.32
P003505,Beauty,17.48,2.8,S0016,0,0,4,0,mid,433,141,2.55
P003506,Books,15.84,2.78,S0111,0,7,4,0,mid,1070,11,2.81
P003507,Books,21.96,4.43,S0134,1,3,6,0,mid,1211,2,3.33
P003508,Toys & Games,35.75,4.29,S0475,0,7,3,0,mid,1212,57,3.69
P003509,Beauty,71.64,4.01,S0407,1,3,4,1,budget,1065,19,3.32
P003510,Clothing,58.89,1.15,S0002,0,2,3,1,budget,795,491,1.5
P003511,Food & Grocery,48.8,4.57,S0169,1,3,3,0,mid,661,45,4.34
P003512,Beauty,22.56,4.83,S0154,1,0,6,0,mid,265,146,4.02
P003513,Automotive,48.09,2.94,S0226,1,4,5,0,budget,1373,18,2.39
P003514,Automotive,65.5,2.96,S0078,1,7,5,0,budget,1467,67,2.29
P003515,Food & Grocery,10.97,4.12,S0134,0,2,4,1,budget,1775,51,3.84
P003516,Beauty,37.42,4.31,S0286,1,1,3,0,premium,715,173,3.97
P003517,Sports & Outdoors,51.57,3.3,S0260,1,1,7,0,budget,404,41,2.88
P003518,Electronics,123.63,4.3,S0423,1,1,6,0,premium,1106,17,3.64
P003519,Books,24.28,4.13,S0463,0,3,5,0,premium,1092,115,3.75
P003520,Toys & Games,16.11,3.93,S0196,0,2,3,0,mid,683,14,4.35
P003521,Books,28.58,4.59,S0408,1,5,7,0,premium,636,12,4.05
P003522,Health,28.52,4.33,S0419,1,2,5,0,budget,883,31,4.28
P003523,Electronics,370.86,2.64,S0173,1,2,3,0,budget,780,22,2.32
P003524,Home & Kitchen,43.45,4.2,S0221,1,1,3,0,mid,1160,33,4.11
P003525,Books,26.3,3.61,S0314,0,4,7,0,mid,1311,14,3.47
P003526,Home & Kitchen,61.26,2.69,S0455,0,2,3,0,premium,1053,126,2.45
P003527,Electronics,289.08,3.58,S0388,0,5,4,0,mid,1242,124,3.45
P003528,Electronics,197.62,2.04,S0424,1,0,5,0,budget,279,89,2.23
P003529,Toys & Games,11.8,3.83,S0397,0,5,4,0,budget,583,79,3.5
P003530,Books,32.97,4.02,S0090,0,6,3,1,mid,446,3,3.6
P003531,Electronics,175.52,2.87,S0107,0,5,6,0,mid,1443,38,2.82
P003532,Electronics,297.1,3.46,S0443,0,2,3,0,mid,337,92,3.64
P003533,Home & Kitchen,83.22,3.1,S0225,1,5,7,0,premium,1565,165,2.41
P003534,Electronics,116.32,3.6,S0097,0,6,5,0,budget,1049,25,2.9
P003535,Beauty,16.17,3.27,S0150,1,4,6,0,mid,339,158,3.4
P003536,Toys & Games,47.42,2.79,S0246,1,5,7,1,budget,728,47,2.39
P003537,Clothing,37.51,3.89,S0278,1,6,6,0,mid,127,1,3.91
P003538,Sports & Outdoors,114.01,2.33,S0099,1,3,5,1,mid,466,29,1.93
P003539,Electronics,166.24,3.6,S0126,0,1,3,0,mid,1095,12,3.14
P003540,Clothing,83.16,3.27,S0194,0,7,3,0,mid,108,15,3.29
P003541,Health,48.99,4.91,S0107,0,2,4,0,budget,956,117,4.68
P003542,Books,21.39,3.74,S0493,1,3,4,0,premium,1388,47,3.06
P003543,Health,30.36,1.0,S0011,0,4,7,0,mid,459,17,1.12
P003544,Clothing,51.73,4.07,S0383,1,1,5,0,premium,125,14,3.5
P003545,Clothing,92.05,3.24,S0147,1,2,7,1,budget,1133,56,3.08
P003546,Home & Kitchen,53.24,3.89,S0278,1,4,4,0,budget,703,26,3.56
P003547,Books,24.76,2.87,S0154,0,5,7,0,mid,755,76,2.57
P003548,Automotive,77.12,2.73,S0468,0,1,4,1,mid,836,12,2.31
P003549,Electronics,199.36,3.96,S0487,0,6,7,0,mid,1071,20,3.1
P003550,Health,106.87,4.55,S0180,0,2,5,0,budget,831,8,3.94
P003551,Health,78.15,2.86,S0015,1,7,3,0,mid,567,17,2.82
P003552,Books,18.88,4.71,S0087,0,7,7,0,mid,275,451,4.41
P003553,Home & Kitchen,62.55,4.78,S0359,1,5,4,1,budget,1772,13,4.09
P003554,Books,11.81,3.41,S0415,0,7,7,0,mid,1285,18,3.44
P003555,Clothing,40.56,3.29,S0021,0,1,7,0,mid,1202,12,3.11
P003556,Toys & Games,38.53,4.05,S0007,1,3,4,0,budget,432,26,3.87
P003557,Books,29.99,2.04,S0246,1,1,5,0,premium,64,30,1.56
P003558,Food & Grocery,34.49,3.89,S0403,1,3,6,0,premium,1143,142,4.08
P003559,Sports & Outdoors,33.41,3.7,S0384,0,4,7,1,mid,1627,20,3.52
P003560,Books,32.35,4.85,S0011,0,4,4,1,mid,699,37,4.87
P003561,Beauty,26.55,4.39,S0495,1,0,5,0,mid,239,3,3.8
P003562,Books,9.96,3.68,S0143,0,0,7,1,budget,952,11,2.81
P003563,Health,84.73,2.59,S0115,1,7,5,1,budget,1776,121,2.09
P003564,Clothing,108.27,3.62,S0178,1,2,6,0,budget,830,11,3.61
P003565,Automotive,87.86,3.0,S0379,0,3,3,0,budget,628,83,2.4
P003566,Toys & Games,48.96,3.59,S0160,1,4,6,0,premium,1720,10,3.72
P003567,Health,60.22,2.38,S0324,1,1,4,0,premium,454,26,1.97
P003568,Books,41.59,4.11,S0122,0,2,4,0,mid,643,259,3.86
P003569,Toys & Games,49.53,4.0,S0059,1,4,7,0,mid,460,80,3.71
P003570,Clothing,20.29,4.61,S0055,1,1,6,0,premium,300,3,4.1
P003571,Toys & Games,106.87,4.67,S0220,1,6,5,0,mid,1598,1580,4.16
P003572,Electronics,350.64,3.22,S0002,0,5,5,0,budget,668,9,2.65
P003573,Clothing,33.15,2.51,S0280,1,7,7,1,premium,1444,310,2.89
P003574,Home & Kitchen,29.65,3.52,S0388,0,4,6,0,mid,913,19,3.37
P003575,Clothing,60.92,3.94,S0282,0,6,4,0,budget,1318,7,3.1
P003576,Home & Kitchen,46.54,1.85,S0229,1,2,5,1,budget,147,19,1.3
P003577,Toys & Games,39.01,2.63,S0086,1,5,6,0,mid,1038,15,2.57
P003578,Clothing,70.3,1.84,S0081,1,7,3,0,budget,1655,17,1.7
P003579,Beauty,19.93,3.35,S0059,0,6,3,0,premium,1777,35,2.51
P003580,Electronics,94.7,3.97,S0042,1,6,5,0,mid,381,58,4.38
P003581,Toys & Games,40.34,4.21,S0282,0,3,5,0,budget,1385,182,3.0
P003582,Toys & Games,23.24,4.32,S0140,0,4,3,0,budget,1677,42,3.79
P003583,Home & Kitchen,60.04,3.86,S0332,1,4,5,0,mid,1328,36,3.52
P003584,Beauty,12.51,3.89,S0178,0,1,3,0,budget,745,13,3.34
P003585,Food & Grocery,18.91,4.34,S0162,1,2,6,0,mid,265,23,4.2
P003586,Toys & Games,49.14,1.69,S0231,0,5,5,0,premium,1013,18,1.72
P003587,Home & Kitchen,79.11,2.09,S0182,1,5,3,0,mid,75,6,1.97
P003588,Books,11.22,4.14,S0051,1,5,5,0,mid,1238,707,3.75
P003589,Toys & Games,15.88,3.25,S0013,0,4,7,0,premium,757,44,3.13
P003590,Clothing,45.43,2.25,S0490,1,4,3,0,premium,144,44,2.01
P003591,Toys & Games,44.81,2.48,S0054,0,4,5,0,premium,1275,142,1.82
P003592,Clothing,57.38,4.29,S0135,0,5,3,0,budget,762,1,4.19
P003593,Toys & Games,23.53,4.06,S0203,0,2,7,1,budget,922,486,4.22
P003594,Electronics,221.2,4.43,S0221,1,1,5,1,mid,528,11,4.06
P003595,Electronics,455.67,4.23,S0375,0,5,6,1,budget,798,11,3.88
P003596,Automotive,84.82,3.01,S0355,0,2,7,1,mid,328,17,2.74
P003597,Health,14.26,3.09,S0304,1,6,3,0,premium,363,107,2.43
P003598,Health,42.93,3.12,S0156,1,7,5,0,premium,1214,434,2.69
P003599,Food & Grocery,74.99,4.07,S0477,0,3,3,0,budget,1502,236,3.95
P003600,Home & Kitchen,25.4,1.0,S0042,1,1,6,0,premium,323,18,1.02
P003601,Clothing,45.81,4.03,S0156,1,0,5,0,mid,315,3,4.19
P003602,Electronics,161.51,4.41,S0189,0,4,5,0,mid,1061,20,4.24
P003603,Books,19.07,4.37,S0175,1,7,4,0,budget,1018,15,3.85
P003604,Clothing,50.56,3.35,S0277,0,7,3,0,budget,721,4,3.26
P003605,Food & Grocery,43.6,2.51,S0026,1,7,7,0,mid,1780,66,2.24
P003606,Electronics,194.65,4.75,S0421,1,0,3,0,mid,1757,33,3.83
P003607,Electronics,398.1,4.57,S0081,1,0,3,0,premium,1162,60,4.47
P003608,Clothing,41.93,3.49,S0184,1,7,4,0,budget,1634,79,3.34
P003609,Clothing,36.47,3.65,S0291,0,5,4,1,budget,837,75,4.21
P003610,Clothing,30.12,4.07,S0445,0,7,7,0,budget,43,30,3.55
P003611,Sports & Outdoors,21.85,3.84,S0279,0,7,4,0,mid,218,236,3.72
P003612,Clothing,53.1,4.27,S0274,1,5,4,0,mid,1465,18,3.67
P003613,Sports & Outdoors,222.91,2.59,S0124,0,3,4,0,mid,251,15,2.12
P003614,Health,50.03,3.35,S0359,0,5,4,0,budget,328,25,3.76
P003615,Sports & Outdoors,98.14,3.2,S0281,1,5,4,1,budget,1236,63,2.31
P003616,Beauty,21.85,2.43,S0016,1,6,6,0,budget,862,75,2.22
P003617,Home & Kitchen,47.5,4.27,S0210,1,6,6,0,budget,454,22,4.41
P003618,Electronics,334.0,3.42,S0448,1,1,6,0,premium,1467,22,2.66
P003619,Clothing,150.19,3.52,S0430,0,7,7,0,budget,1302,158,3.06
P003620,Automotive,183.14,2.6,S0107,0,5,6,1,budget,538,6,2.66
P003621,Sports & Outdoors,105.38,3.64,S0371,1,5,6,0,mid,395,894,2.96
P003622,Clothing,45.96,4.01,S0163,1,2,4,0,premium,1328,23,3.75
P003623,Home & Kitchen,62.37,4.79,S0381,1,3,7,1,mid,447,25,4.12
P003624,Toys & Games,20.36,4.48,S0262,0,7,7,1,budget,456,51,4.48
P003625,Sports & Outdoors,27.26,3.05,S0161,0,1,3,0,mid,1589,62,3.18
P003626,Books,9.15,2.76,S0480,1,4,4,0,budget,1575,15,2.38
P003627,Health,39.15,3.69,S0121,0,7,6,0,budget,1759,49,2.5
P003628,Beauty,23.5,2.98,S0173,0,6,4,0,mid,807,10,2.88
P003629,Sports & Outdoors,26.92,3.58,S0467,1,1,5,0,premium,1320,16,3.57
P003630,Clothing,44.0,3.35,S0111,1,1,7,0,budget,382,4,3.22
P003631,Electronics,152.83,3.35,S0099,0,4,7,0,mid,1782,39,3.18
P003632,Automotive,37.11,3.45,S0481,0,1,7,0,mid,124,26,3.23
P003633,Sports & Outdoors,52.05,3.74,S0242,0,7,6,1,mid,1547,2,3.31
P003634,Home & Kitchen,45.37,3.65,S0405,0,6,7,0,budget,1103,14,3.1
P003635,Sports & Outdoors,44.9,3.18,S0045,0,7,6,1,premium,1690,31,2.91
P003636,Electronics,322.58,4.22,S0332,1,3,5,1,budget,1238,92,3.77
P003637,Toys & Games,10.22,4.19,S0052,0,2,4,1,budget,370,7,4.02
P003638,Clothing,13.67,4.3,S0205,0,4,7,1,budget,1234,23,3.65
P003639,Toys & Games,32.06,3.18,S0102,1,0,4,0,mid,1344,8,2.77
P003640,Books,19.07,3.97,S0211,0,5,3,0,premium,910,79,3.63
P003641,Clothing,57.35,4.17,S0196,1,6,6,1,budget,1070,14,3.56
P003642,Electronics,133.88,3.13,S0476,0,1,7,1,budget,742,61,2.43
P003643,Toys & Games,18.45,2.86,S0332,1,1,7,0,premium,505,21,2.8
P003644,Electronics,184.19,3.34,S0035,1,2,6,0,mid,1125,4,2.65
P003645,Electronics,141.94,4.5,S0244,0,6,7,0,premium,922,30,4.14
P003646,Beauty,71.01,4.29,S0379,1,2,4,0,mid,88,7,4.05
P003647,Home & Kitchen,45.28,4.83,S0247,1,5,3,1,mid,1371,126,4.8
P003648,Home & Kitchen,53.27,3.56,S0301,1,7,4,0,mid,453,293,3.93
P003649,Clothing,198.72,4.69,S0257,0,3,3,0,budget,112,71,4.65
P003650,Health,33.81,4.57,S0485,0,1,6,1,mid,482,15,3.93
P003651,Clothing,62.83,4.21,S0329,0,7,5,0,mid,1611,34,3.73
P003652,Clothing,66.32,2.98,S0280,1,2,5,0,mid,1407,46,2.8
P003653,Clothing,69.79,3.49,S0472,0,4,7,0,mid,778,121,3.15
P003654,Clothing,53.54,2.42,S0141,0,7,7,1,budget,811,26,2.25
P003655,Clothing,50.55,4.78,S0378,1,7,3,0,mid,789,54,4.71
P003656,Electronics,196.48,2.06,S0390,1,6,7,0,mid,111,4,1.92
P003657,Electronics,130.94,3.73,S0186,1,2,6,1,premium,666,44,3.66
P003658,Home & Kitchen,66.86,2.58,S0493,1,5,6,1,budget,1614,11,2.01
P003659,Health,128.35,3.62,S0148,0,2,7,0,mid,1143,34,3.43
P003660,Electronics,382.51,3.48,S0454,1,4,4,1,mid,712,9,2.66
P003661,Clothing,54.0,3.52,S0010,1,2,7,1,budget,1776,54,3.53
P003662,Health,63.5,4.85,S0148,1,6,6,1,mid,166,71,4.34
P003663,Health,22.56,3.57,S0153,0,6,6,1,mid,1558,25,2.83
P003664,Beauty,23.95,1.74,S0174,0,7,6,0,mid,770,11,1.51
P003665,Clothing,79.47,2.44,S0219,1,2,6,0,budget,921,65,2.37
P003666,Home & Kitchen,134.24,3.43,S0378,1,7,5,0,premium,1710,214,2.74
P003667,Clothing,28.34,3.49,S0216,1,1,7,1,budget,1679,332,2.9
P003668,Electronics,138.41,2.52,S0300,1,5,3,0,mid,1448,53,2.18
P003669,Home & Kitchen,203.6,3.23,S0058,1,1,3,1,mid,966,46,3.18
P003670,Books,19.07,4.37,S0006,1,5,6,1,budget,1080,6,3.36
P003671,Home & Kitchen,164.24,3.41,S0198,1,6,5,0,budget,1630,160,3.23
P003672,Sports & Outdoors,73.59,4.04,S0071,1,6,4,0,budget,1373,2,3.59
P003673,Clothing,52.16,2.97,S0055,1,2,5,0,mid,564,138,3.02
P003674,Home & Kitchen,45.79,2.98,S0043,0,6,3,0,budget,944,34,2.83
P003675,Toys & Games,56.33,2.9,S0137,1,1,3,0,premium,1478,1,3.04
P003676,Health,85.82,4.45,S0090,0,5,3,0,budget,1453,49,4.16
P003677,Clothing,24.18,3.65,S0073,1,3,7,0,premium,559,27,2.95
P003678,Books,14.57,4.59,S0153,0,1,4,0,premium,1517,19,4.29
P003679,Clothing,77.92,3.71,S0128,1,7,7,0,budget,1031,23,3.51
P003680,Electronics,171.16,2.09,S0484,0,6,5,0,mid,627,32,1.7
P003681,Beauty,20.83,3.6,S0320,1,1,4,0,premium,901,32,3.1
P003682,Electronics,339.03,2.39,S0339,1,3,3,0,budget,818,5,1.45
P003683,Home & Kitchen,106.63,4.06,S0344,0,5,3,0,mid,162,53,3.9
P003684,Books,13.74,3.42,S0028,1,1,5,0,mid,430,20,3.06
P003685,Clothing,51.12,3.9,S0247,1,3,6,0,mid,272,222,3.36
P003686,Electronics,89.59,3.72,S0304,1,0,7,0,premium,1242,92,3.07
P003687,Home & Kitchen,32.14,4.18,S0470,0,0,3,0,budget,767,106,3.63
P003688,Food & Grocery,23.7,2.96,S0219,0,1,5,0,budget,272,309,2.82
P003689,Sports & Outdoors,66.24,2.07,S0137,0,5,3,0,mid,1085,80,1.94
P003690,Home & Kitchen,30.79,4.14,S0378,1,4,5,1,budget,865,27,3.65
P003691,Electronics,120.39,4.27,S0093,1,2,3,0,mid,1226,1,3.49
P003692,Sports & Outdoors,34.31,2.9,S0442,0,1,4,1,mid,1740,44,2.53
P003693,Electronics,243.08,4.05,S0179,1,6,5,1,mid,1773,264,3.41
P003694,Books,5.53,4.68,S0033,1,5,5,0,premium,854,96,4.16
P003695,Beauty,15.26,2.5,S0177,0,6,3,0,mid,86,18,2.45
P003696,Home & Kitchen,17.99,4.05,S0490,1,7,6,1,mid,150,35,3.5
P003697,Clothing,57.86,4.59,S0217,0,5,5,0,premium,275,16,4.65
P003698,Electronics,62.72,3.53,S0029,0,0,7,1,budget,62,47,3.02
P003699,Electronics,188.56,4.21,S0187,0,7,6,0,mid,1170,17,3.29
P003700,Home & Kitchen,147.09,2.76,S0367,0,1,7,0,mid,1711,186,2.43
P003701,Health,103.71,4.84,S0028,1,5,3,0,mid,1364,38,4.19
P003702,Clothing,15.23,1.03,S0452,0,1,5,0,premium,1281,45,1.96
P003703,Books,21.53,3.67,S0377,0,6,7,0,premium,595,12,3.18
P003704,Beauty,15.47,3.53,S0376,0,6,3,0,mid,1286,20,2.73
P003705,Electronics,90.42,2.52,S0377,0,6,4,0,premium,943,8,2.28
P003706,Electronics,172.82,3.88,S0076,0,2,6,0,budget,684,181,3.44
P003707,Clothing,94.03,3.39,S0401,0,5,3,0,mid,127,17,2.7
P003708,Beauty,40.13,3.24,S0104,0,1,7,0,premium,917,40,3.02
P003709,Home & Kitchen,35.81,4.21,S0077,1,7,7,0,mid,776,5,3.96
P003710,Beauty,42.74,3.11,S0021,0,1,7,0,mid,1018,7,2.82
P003711,Health,9.89,4.26,S0072,0,6,6,0,premium,856,24,3.75
P003712,Beauty,17.82,4.07,S0066,1,1,7,0,budget,1387,22,3.55
P003713,Automotive,45.75,3.32,S0443,0,2,7,0,mid,1627,44,2.8
P003714,Beauty,29.35,2.44,S0031,1,5,4,0,mid,931,369,1.81
P003715,Health,33.65,4.51,S0324,0,7,3,0,mid,631,2,4.5
P003716,Toys & Games,29.4,3.33,S0027,1,5,7,0,premium,572,107,3.73
P003717,Beauty,25.21,4.57,S0481,1,2,5,0,mid,1589,60,3.8
P003718,Toys & Games,32.43,4.3,S0282,1,2,3,0,budget,972,15,3.69
P003719,Food & Grocery,30.42,3.1,S0258,1,5,5,0,premium,1750,19,2.47
P003720,Home & Kitchen,60.16,3.65,S0039,0,3,3,0,budget,1235,126,3.55
P003721,Sports & Outdoors,54.8,4.48,S0435,1,1,5,0,mid,1061,30,3.73
P003722,Books,22.91,4.11,S0213,1,5,6,0,premium,132,22,3.91
P003723,Health,62.38,3.13,S0071,0,3,3,0,premium,1329,9,2.95
P003724,Home & Kitchen,39.4,3.46,S0355,1,7,3,0,mid,868,12,3.07
P003725,Toys & Games,30.88,4.39,S0473,1,0,7,0,premium,218,7,4.36
P003726,Toys & Games,64.26,4.04,S0008,1,5,4,0,mid,639,95,3.53
P003727,Automotive,38.7,3.87,S0101,0,6,3,0,budget,834,12,3.48
P003728,Clothing,132.88,2.89,S0320,0,6,3,1,mid,1616,7,2.24
P003729,Beauty,12.54,4.37,S0032,0,5,4,0,mid,1157,40,3.2
P003730,Beauty,22.76,4.68,S0379,1,7,3,1,premium,717,12,4.53
P003731,Food & Grocery,12.44,4.86,S0306,1,2,3,1,mid,1764,211,4.19
P003732,Health,141.22,4.26,S0269,1,3,4,0,budget,1143,34,4.18
P003733,Books,13.31,3.45,S0164,1,7,6,1,budget,1749,42,3.0
P003734,Books,13.33,3.01,S0238,1,0,5,0,budget,836,42,2.68
P003735,Electronics,148.1,1.71,S0042,1,6,6,0,mid,1535,65,1.6
P003736,Automotive,79.43,2.98,S0366,0,5,4,0,mid,1469,77,2.52
P003737,Clothing,36.95,4.58,S0308,0,4,3,0,budget,1297,34,3.64
P003738,Beauty,25.85,3.19,S0265,1,0,5,0,budget,1675,9,2.61
P003739,Toys & Games,3.85,4.03,S0392,0,4,7,0,budget,1007,27,3.34
P003740,Home & Kitchen,56.92,3.45,S0255,1,3,6,0,mid,177,35,3.09
P003741,Clothing,45.48,4.29,S0202,0,0,4,1,premium,697,4,4.2
P003742,Clothing,83.91,2.63,S0401,1,5,3,0,premium,64,2,2.15
P003743,Health,83.35,3.98,S0468,0,6,3,0,mid,496,7,3.55
P003744,Books,16.08,4.41,S0419,1,4,7,0,mid,1277,3,4.04
P003745,Electronics,301.9,2.79,S0256,0,1,4,0,budget,256,18,2.27
P003746,Beauty,14.46,2.85,S0185,0,2,3,0,mid,1147,13,2.68
P003747,Clothing,71.31,4.03,S0066,1,4,4,0,mid,1155,36,3.96
P003748,Health,26.95,4.58,S0208,1,4,7,1,budget,1011,77,4.24
P003749,Clothing,22.11,3.24,S0416,0,4,5,0,budget,1252,46,2.9
P003750,Clothing,40.26,4.36,S0401,1,1,7,0,premium,792,55,3.67
P003751,Electronics,428.65,3.73,S0065,1,6,5,0,mid,1197,103,3.32
P003752,Books,20.06,2.83,S0273,0,0,7,0,mid,1357,22,2.32
P003753,Home & Kitchen,134.99,4.92,S0335,1,7,4,0,mid,1062,1,4.25
P003754,Beauty,17.87,3.65,S0344,1,3,5,1,mid,1275,4,3.25
P003755,Home & Kitchen,103.14,4.77,S0438,1,6,5,0,budget,1384,60,4.23
P003756,Home & Kitchen,37.19,4.79,S0038,1,0,6,0,premium,767,41,4.62
P003757,Clothing,51.51,4.34,S0233,1,5,3,0,budget,1650,76,3.73
P003758,Clothing,51.25,4.48,S0048,1,7,3,0,budget,605,1003,4.15
P003759,Food & Grocery,32.72,2.88,S0363,0,7,4,0,mid,131,43,2.45
P003760,Electronics,215.03,3.22,S0266,1,3,7,1,mid,1732,29,2.62
P003761,Automotive,48.13,1.79,S0217,0,2,7,1,mid,1522,50,1.79
P003762,Clothing,76.31,3.1,S0410,0,7,3,0,premium,748,7,2.92
P003763,Electronics,522.88,3.51,S0424,0,5,5,0,budget,408,81,2.98
P003764,Clothing,31.7,4.39,S0159,1,7,5,0,budget,399,26,3.01
P003765,Electronics,61.51,4.1,S0408,1,1,7,0,budget,1042,249,4.03
P003766,Toys & Games,43.18,4.61,S0481,1,3,5,1,budget,1729,4,4.38
P003767,Books,14.76,3.19,S0026,0,2,6,0,mid,588,33,3.22
P003768,Clothing,41.6,3.31,S0381,0,3,6,0,mid,1280,15,3.34
P003769,Sports & Outdoors,90.75,2.87,S0058,1,6,5,1,budget,671,9,2.59
P003770,Sports & Outdoors,49.43,3.06,S0391,0,7,6,1,mid,1018,69,2.63
P003771,Food & Grocery,18.72,3.79,S0340,1,4,3,0,mid,1159,22,2.87
P003772,Automotive,70.63,4.22,S0418,1,0,4,0,premium,1388,163,3.84
P003773,Beauty,67.63,3.75,S0288,1,3,7,0,mid,1326,17,3.24
P003774,Toys & Games,32.58,3.29,S0128,1,3,3,0,mid,422,20,2.73
P003775,Toys & Games,15.25,3.7,S0348,0,5,5,0,budget,226,371,2.92
P003776,Books,8.78,3.91,S0166,0,2,6,0,premium,1017,6,3.21
P003777,Beauty,30.44,3.34,S0016,1,4,5,0,premium,747,12,2.6
P003778,Electronics,93.94,2.64,S0060,1,6,7,0,mid,514,0,2.67
P003779,Beauty,10.97,1.52,S0436,0,4,7,0,mid,379,19,1.7
P003780,Automotive,109.82,3.11,S0191,0,6,3,0,mid,1557,75,2.58
P003781,Electronics,278.96,4.41,S0072,1,2,5,0,mid,179,54,4.34
P003782,Toys & Games,25.66,3.19,S0018,1,4,6,0,mid,272,39,2.9
P003783,Food & Grocery,26.24,3.32,S0021,0,3,6,0,mid,638,11,3.43
P003784,Clothing,50.38,3.15,S0376,1,3,5,1,premium,414,26,3.01
P003785,Books,25.84,3.57,S0066,1,3,5,0,mid,150,20,3.4
P003786,Food & Grocery,31.62,3.92,S0402,1,4,4,0,budget,461,32,3.6
P003787,Automotive,15.71,2.37,S0280,1,4,4,1,mid,674,40,1.92
P003788,Electronics,160.14,3.38,S0107,1,4,3,0,mid,804,21,2.65
P003789,Home & Kitchen,75.04,3.37,S0451,1,7,7,0,budget,963,34,3.09
P003790,Beauty,21.89,3.65,S0245,1,5,6,0,mid,265,29,3.26
P003791,Clothing,45.99,3.6,S0198,1,4,4,0,budget,1761,14,4.02
P003792,Clothing,70.6,4.1,S0336,0,7,3,0,mid,993,36,3.91
P003793,Electronics,194.2,4.22,S0329,1,1,5,0,budget,741,7,3.54
P003794,Electronics,457.19,4.77,S0372,1,1,7,0,mid,1327,41,4.27
P003795,Books,35.39,3.39,S0308,0,0,7,0,premium,1685,8,2.94
P003796,Sports & Outdoors,60.54,4.06,S0485,0,1,4,1,budget,44,32,3.64
P003797,Sports & Outdoors,57.72,3.07,S0208,0,0,5,0,budget,916,57,2.37
P003798,Toys & Games,5.79,3.39,S0101,1,1,5,1,mid,1600,10,3.32
P003799,Home & Kitchen,45.22,2.87,S0064,0,5,5,1,mid,447,114,2.46
P003800,Clothing,19.98,4.34,S0124,0,5,4,0,premium,1538,283,4.1
P003801,Electronics,211.26,4.63,S0387,0,5,7,0,mid,1076,15,3.99
P003802,Clothing,49.32,3.96,S0427,1,7,6,1,premium,119,27,3.44
P003803,Clothing,68.32,3.78,S0146,1,6,7,0,budget,1575,141,3.58
P003804,Electronics,427.67,1.63,S0049,1,2,3,0,budget,150,3,1.0
P003805,Electronics,182.11,4.29,S0361,0,1,6,0,premium,1289,34,4.16
P003806,Electronics,726.77,2.91,S0393,1,3,4,0,budget,1045,23,3.06
P003807,Sports & Outdoors,74.73,4.76,S0028,1,7,6,0,mid,1432,97,4.72
P003808,Sports & Outdoors,29.61,3.1,S0067,0,7,5,0,mid,585,24,2.58
P003809,Food & Grocery,15.7,3.79,S0168,0,1,5,0,premium,236,56,3.5
P003810,Toys & Games,25.59,4.19,S0233,0,1,5,0,mid,898,12,3.64
P003811,Books,25.68,4.29,S0056,0,5,4,0,premium,1349,103,3.42
P003812,Electronics,104.79,4.56,S0297,1,7,5,0,mid,1034,8,4.13
P003813,Books,15.05,3.27,S0249,0,7,7,0,budget,181,94,2.51
P003814,Electronics,167.96,3.8,S0384,1,7,3,0,budget,1158,36,3.6
P003815,Home & Kitchen,42.03,3.35,S0477,1,2,3,0,mid,738,1,3.26
P003816,Home & Kitchen,89.49,2.31,S0058,1,6,3,1,budget,1324,35,2.47
P003817,Home & Kitchen,80.81,4.42,S0227,0,5,5,0,budget,1678,68,4.13
P003818,Clothing,90.61,4.83,S0413,1,2,4,0,mid,1546,7,4.22
P003819,Beauty,22.96,4.57,S0005,1,0,5,0,mid,1799,11,4.06
P003820,Health,78.19,4.16,S0426,1,5,3,0,mid,1103,36,3.78
P003821,Toys & Games,14.12,2.39,S0199,0,2,3,0,premium,1309,17,2.59
P003822,Sports & Outdoors,28.26,2.55,S0397,0,2,4,0,budget,215,49,2.74
P003823,Books,8.69,3.94,S0301,1,0,6,1,premium,337,25,3.52
P003824,Electronics,186.03,4.51,S0469,1,0,3,1,mid,271,6,4.35
P003825,Beauty,57.61,3.82,S0076,0,1,5,0,premium,1323,541,3.28
P003826,Books,12.54,4.63,S0437,1,0,5,0,mid,1116,22,4.3
P003827,Clothing,33.81,2.33,S0284,1,7,4,0,budget,1657,38,1.99
P003828,Clothing,39.53,3.02,S0384,1,0,3,0,mid,1284,277,2.79
P003829,Food & Grocery,31.02,4.02,S0387,0,3,6,0,premium,1575,93,3.37
P003830,Sports & Outdoors,48.8,3.07,S0290,0,7,5,0,mid,1364,63,2.34
P003831,Home & Kitchen,39.94,2.83,S0227,1,0,5,0,premium,1142,117,2.17
P003832,Sports & Outdoors,29.0,4.52,S0405,0,5,6,1,budget,948,64,4.24
P003833,Home & Kitchen,39.03,1.94,S0253,1,2,3,0,premium,269,64,1.41
P003834,Home & Kitchen,111.48,4.14,S0488,0,2,6,0,premium,1092,65,3.62
P003835,Clothing,47.52,3.78,S0334,1,3,3,0,premium,966,27,3.67
P003836,Home & Kitchen,35.28,4.14,S0319,1,4,5,0,mid,1754,120,4.06
P003837,Beauty,58.79,4.8,S0292,1,6,3,0,premium,1639,74,4.03
P003838,Electronics,130.22,4.19,S0122,1,4,3,0,mid,646,2,3.05
P003839,Toys & Games,75.02,4.69,S0375,1,0,5,0,mid,364,91,3.98
P003840,Clothing,104.46,3.25,S0124,0,1,5,0,premium,409,12,2.99
P003841,Beauty,28.96,3.75,S0308,0,5,4,0,budget,892,44,3.58
P003842,Sports & Outdoors,26.45,4.3,S0398,1,2,4,0,premium,1745,4,3.52
P003843,Sports & Outdoors,256.75,3.18,S0226,0,0,3,1,mid,1557,16,2.33
P003844,Sports & Outdoors,82.0,4.23,S0495,0,4,5,0,budget,1656,21,3.53
P003845,Food & Grocery,18.11,3.27,S0082,0,2,5,0,mid,439,63,2.79
P003846,Books,31.95,3.6,S0106,1,6,7,0,mid,42,16,3.87
P003847,Beauty,42.67,4.05,S0152,1,7,5,0,budget,1221,2,3.68
P003848,Beauty,61.48,4.76,S0486,0,1,5,1,mid,741,18,4.48
P003849,Clothing,30.24,3.29,S0268,0,6,7,1,mid,850,20,3.29
P003850,Clothing,54.48,4.34,S0135,1,6,7,1,mid,1330,70,3.77
P003851,Home & Kitchen,27.0,3.15,S0483,1,5,5,0,budget,1781,39,2.87
P003852,Clothing,67.12,3.1,S0207,1,4,4,0,budget,344,13,2.87
P003853,Home & Kitchen,54.25,2.88,S0134,1,3,4,0,budget,1107,46,2.77
P003854,Home & Kitchen,65.1,3.94,S0455,1,3,4,1,budget,86,298,3.51
P003855,Sports & Outdoors,59.54,4.21,S0078,1,0,5,1,mid,917,134,4.1
P003856,Clothing,38.71,4.72,S0481,1,1,3,0,mid,94,3,4.58
P003857,Toys & Games,19.01,2.0,S0023,1,5,5,0,mid,1474,645,1.71
P003858,Home & Kitchen,88.38,2.88,S0284,1,4,3,0,mid,1029,137,2.82
P003859,Beauty,68.44,3.23,S0292,1,1,7,0,budget,483,221,3.02
P003860,Electronics,132.47,3.66,S0476,1,2,3,0,premium,437,5,4.09
P003861,Home & Kitchen,76.67,3.48,S0465,1,5,7,0,mid,1187,20,3.4
P003862,Electronics,239.77,3.94,S0422,0,1,7,0,budget,486,67,3.66
P003863,Beauty,28.14,3.86,S0458,1,1,7,0,mid,712,8,3.3
P003864,Home & Kitchen,22.01,3.83,S0434,1,7,5,0,mid,56,62,3.14
P003865,Food & Grocery,10.08,3.0,S0257,1,3,6,0,mid,647,235,2.86
P003866,Clothing,28.16,1.76,S0435,0,3,7,1,mid,1314,22,1.07
P003867,Books,4.99,3.01,S0386,1,0,7,0,mid,131,255,3.2
P003868,Clothing,104.74,4.05,S0194,0,0,7,1,mid,1523,76,3.03
P003869,Sports & Outdoors,81.05,4.17,S0441,1,5,5,1,mid,506,3,3.44
P003870,Home & Kitchen,54.02,3.48,S0016,1,2,6,0,mid,1328,11,3.43
P003871,Home & Kitchen,14.78,2.85,S0052,1,2,4,0,mid,277,125,2.55
P003872,Clothing,15.06,4.06,S0083,1,1,7,0,budget,271,9,3.71
P003873,Electronics,184.74,1.77,S0268,0,6,5,0,budget,1569,120,1.39
P003874,Electronics,603.44,4.28,S0038,0,7,4,0,mid,1724,68,3.81
P003875,Automotive,49.32,4.58,S0113,1,2,4,0,mid,503,48,4.33
P003876,Home & Kitchen,92.35,4.08,S0122,1,1,7,0,mid,1732,16,3.42
P003877,Electronics,138.71,2.03,S0122,0,6,3,0,mid,1476,47,1.75
P003878,Food & Grocery,22.74,4.28,S0028,1,4,6,0,budget,488,249,3.85
P003879,Electronics,383.43,4.29,S0113,0,6,4,0,mid,1453,20,3.78
P003880,Home & Kitchen,44.69,3.89,S0139,1,5,5,0,mid,1770,68,3.73
P003881,Beauty,18.51,3.76,S0380,1,6,5,0,mid,564,367,3.52
P003882,Food & Grocery,51.52,2.52,S0295,0,1,6,0,mid,816,45,2.24
P003883,Beauty,28.78,4.74,S0158,1,4,4,0,mid,540,18,3.75
P003884,Home & Kitchen,105.85,3.64,S0071,0,3,7,0,mid,103,18,3.63
P003885,Automotive,49.72,3.4,S0257,0,6,7,0,premium,1683,2,2.78
P003886,Electronics,430.25,3.54,S0158,1,5,7,1,mid,1048,7,3.72
P003887,Automotive,88.38,3.07,S0349,1,5,5,0,premium,352,49,2.51
P003888,Health,49.33,3.88,S0113,1,7,3,0,premium,962,106,3.57
P003889,Food & Grocery,23.81,2.96,S0499,1,5,5,1,budget,1411,19,2.85
P003890,Clothing,33.23,3.49,S0048,1,5,3,0,premium,1549,104,3.08
P003891,Electronics,184.81,3.61,S0418,1,4,6,0,mid,1410,96,3.34
P003892,Sports & Outdoors,49.84,3.46,S0339,0,0,4,1,premium,659,13,3.03
P003893,Books,32.01,3.99,S0337,1,5,3,0,premium,1665,16,4.16
P003894,Books,15.94,4.62,S0447,1,2,7,1,mid,1386,6,4.22
P003895,Food & Grocery,8.96,4.22,S0226,1,0,6,1,budget,821,80,3.76
P003896,Sports & Outdoors,23.73,4.85,S0358,0,2,3,0,mid,1422,33,4.44
P003897,Clothing,15.97,2.11,S0265,1,2,7,0,mid,1786,96,2.24
P003898,Home & Kitchen,79.69,3.31,S0343,0,3,6,0,mid,91,30,3.1
P003899,Electronics,92.71,3.7,S0277,0,2,4,0,mid,1107,10,3.39
P003900,Clothing,53.88,4.11,S0492,0,7,4,0,mid,1221,84,3.27
P003901,Electronics,200.8,4.54,S0162,0,7,5,1,mid,1574,3,4.43
P003902,Toys & Games,30.78,2.85,S0366,0,0,7,0,mid,878,22,2.67
P003903,Beauty,36.42,2.94,S0084,1,3,5,0,mid,637,13,2.51
P003904,Books,19.79,4.29,S0024,0,2,7,1,mid,388,206,3.96
P003905,Home & Kitchen,10.82,3.15,S0352,1,6,3,1,premium,760,270,3.25
P003906,Sports & Outdoors,53.53,4.44,S0110,1,3,5,0,mid,767,55,4.21
P003907,Toys & Games,41.3,4.8,S0008,0,5,3,0,mid,1499,16,4.91
P003908,Health,101.67,2.8,S0319,1,0,4,0,budget,1547,261,2.78
P003909,Books,49.51,3.21,S0306,1,5,5,0,mid,925,14,2.31
P003910,Toys & Games,14.12,2.11,S0320,1,3,7,0,mid,1250,6,2.28
P003911,Books,14.59,3.02,S0228,1,7,4,0,budget,1330,3,2.2
P003912,Home & Kitchen,21.49,2.32,S0417,0,0,4,0,mid,1140,37,2.49
P003913,Health,94.59,3.78,S0007,0,2,7,1,budget,1357,4,3.67
P003914,Home & Kitchen,100.99,3.69,S0080,1,6,5,0,budget,174,181,3.82
P003915,Home & Kitchen,67.88,2.12,S0189,1,1,6,0,mid,848,16,2.04
P003916,Clothing,49.72,4.4,S0491,1,2,7,1,mid,1210,7,4.05
P003917,Books,41.21,4.03,S0361,0,2,3,1,mid,947,126,4.0
P003918,Books,37.23,4.73,S0259,1,4,6,0,mid,1372,94,3.9
P003919,Sports & Outdoors,130.22,3.54,S0475,0,0,3,0,premium,589,243,3.2
P003920,Home & Kitchen,72.34,4.02,S0461,0,4,7,0,budget,1711,4,3.55
P003921,Clothing,36.49,3.36,S0053,1,6,5,0,premium,249,3,2.9
P003922,Health,60.21,3.66,S0265,1,2,5,1,mid,1442,215,3.12
P003923,Home & Kitchen,89.74,3.74,S0476,1,1,3,0,mid,1315,1,3.41
P003924,Food & Grocery,19.62,4.7,S0094,0,2,6,1,mid,171,7,4.45
P003925,Clothing,36.45,4.36,S0079,0,5,5,0,mid,464,35,4.37
P003926,Books,35.53,3.98,S0176,0,4,7,0,mid,1700,6,3.5
P003927,Books,48.85,2.98,S0485,1,4,3,0,mid,1236,42,2.57
P003928,Toys & Games,20.41,3.4,S0111,0,6,6,0,budget,1431,8,2.21
P003929,Electronics,157.96,4.48,S0318,1,7,7,0,mid,1524,155,4.47
P003930,Health,46.91,4.46,S0133,1,3,7,0,mid,35,78,3.61
P003931,Books,24.1,3.34,S0369,1,6,6,0,mid,1534,46,3.15
P003932,Sports & Outdoors,47.51,3.6,S0446,1,3,7,0,premium,1291,21,3.33
P003933,Books,55.73,3.62,S0021,1,1,3,0,mid,462,9,3.56
P003934,Electronics,238.32,2.59,S0189,1,4,3,0,mid,568,28,2.07
P003935,Books,24.76,4.36,S0290,1,7,6,0,mid,727,7,4.1
P003936,Clothing,129.28,3.45,S0092,0,3,4,1,mid,1100,330,3.59
P003937,Home & Kitchen,42.01,3.81,S0318,0,4,6,1,premium,505,48,3.5
P003938,Sports & Outdoors,61.64,4.16,S0183,0,5,6,0,premium,530,11,3.48
P003939,Books,8.49,2.74,S0018,0,6,6,1,budget,987,216,2.03
P003940,Electronics,166.83,4.06,S0309,0,0,7,0,premium,1322,31,4.1
P003941,Electronics,75.72,4.82,S0020,1,0,4,1,premium,791,177,4.21
P003942,Clothing,70.48,2.33,S0101,0,3,7,1,budget,360,171,2.02
P003943,Clothing,57.9,3.62,S0082,1,0,7,0,mid,228,55,4.02
P003944,Sports & Outdoors,55.04,4.28,S0026,1,7,4,0,mid,1507,7,4.13
P003945,Electronics,174.18,3.21,S0206,1,5,4,1,mid,895,16,3.23
P003946,Health,60.01,1.5,S0437,1,4,6,0,premium,159,2457,1.84
P003947,Clothing,22.76,3.71,S0153,1,4,7,0,premium,690,17,2.87
P003948,Electronics,209.11,4.72,S0120,1,3,6,0,budget,72,24,4.71
P003949,Health,57.82,3.57,S0404,0,0,3,0,budget,386,18,3.71
P003950,Clothing,15.45,3.79,S0469,0,6,5,1,budget,263,10,3.28
P003951,Home & Kitchen,82.95,2.55,S0151,1,3,4,0,premium,1672,77,2.52
P003952,Food & Grocery,8.06,3.92,S0024,1,3,5,0,budget,710,6,3.82
P003953,Food & Grocery,20.5,2.68,S0381,0,3,5,0,mid,336,12,2.2
P003954,Beauty,13.93,2.54,S0326,1,3,7,0,mid,1192,47,2.56
P003955,Electronics,436.64,2.66,S0499,1,7,7,0,budget,1790,24,2.2
P003956,Sports & Outdoors,32.46,4.51,S0333,1,1,5,1,budget,880,40,4.84
P003957,Automotive,27.87,2.18,S0465,0,1,3,0,premium,353,31,2.01
P003958,Food & Grocery,23.83,1.25,S0079,1,0,3,0,mid,872,8,1.3
P003959,Electronics,144.33,3.16,S0083,1,4,3,0,mid,1134,192,2.36
P003960,Home & Kitchen,22.3,3.87,S0333,1,0,5,0,mid,1562,130,3.6
P003961,Clothing,61.69,4.46,S0374,1,6,3,1,budget,277,10,4.38
P003962,Electronics,56.01,2.58,S0194,1,5,3,1,mid,1019,58,2.05
P003963,Beauty,15.04,4.22,S0216,1,5,3,0,budget,104,18,3.64
P003964,Clothing,31.87,3.51,S0191,0,3,6,0,budget,928,121,2.95
P003965,Home & Kitchen,89.0,4.42,S0024,1,3,4,0,budget,56,92,3.63
P003966,Electronics,402.48,4.17,S0439,1,7,7,0,mid,772,149,3.36
P003967,Books,34.88,2.08,S0454,1,6,5,0,budget,906,10,2.18
P003968,Electronics,168.75,4.78,S0477,0,1,6,1,budget,1761,6,3.92
P003969,Home & Kitchen,12.82,2.77,S0253,1,2,5,1,premium,370,3,1.96
P003970,Electronics,233.89,4.47,S0086,0,1,7,0,mid,459,820,3.86
P003971,Food & Grocery,53.16,3.41,S0203,0,3,3,0,premium,1055,98,3.08
P003972,Electronics,387.85,3.98,S0343,0,5,6,0,mid,305,147,3.76
P003973,Books,23.76,3.18,S0087,0,1,5,0,mid,133,5,2.6
P003974,Clothing,22.04,4.58,S0078,1,0,5,0,mid,901,70,3.95
P003975,Electronics,134.99,3.81,S0497,1,3,6,1,premium,453,4,3.59
P003976,Clothing,143.59,2.73,S0018,0,4,5,1,mid,1229,57,2.73
P003977,Electronics,79.07,3.79,S0300,0,5,6,1,budget,194,33,3.78
P003978,Electronics,92.91,4.02,S0075,0,0,5,0,budget,68,23,3.76
P003979,Books,31.69,4.08,S0011,0,5,3,0,premium,423,17,3.17
P003980,Sports & Outdoors,50.18,2.24,S0318,0,1,4,0,budget,1546,135,1.75
P003981,Electronics,91.04,3.1,S0092,0,2,7,1,premium,1008,17,3.17
P003982,Home & Kitchen,137.57,3.38,S0364,0,4,3,0,mid,531,168,3.57
P003983,Sports & Outdoors,85.71,3.38,S0413,1,0,4,0,mid,1085,31,3.02
P003984,Clothing,35.79,2.24,S0254,1,4,6,0,mid,1172,51,1.96
P003985,Home & Kitchen,27.66,4.23,S0084,0,0,3,0,mid,812,64,3.51
P003986,Electronics,631.94,3.62,S0476,0,1,3,1,budget,336,57,3.68
P003987,Clothing,44.34,2.89,S0187,0,4,6,0,mid,683,43,2.28
P003988,Home & Kitchen,127.2,3.62,S0383,1,2,4,0,mid,1573,438,3.85
P003989,Automotive,128.21,3.66,S0097,0,3,4,0,mid,1272,128,3.27
P003990,Automotive,54.87,2.52,S0081,1,2,5,0,mid,665,1,2.01
P003991,Automotive,55.13,3.67,S0338,0,4,7,0,mid,1619,25,2.77
P003992,Home & Kitchen,130.99,4.03,S0104,0,1,7,1,mid,360,197,3.55
P003993,Electronics,444.91,3.57,S0267,0,1,4,1,premium,325,12,3.18
P003994,Clothing,14.59,3.0,S0299,0,7,4,1,budget,64,33,2.6
P003995,Clothing,62.59,3.77,S0062,0,2,5,0,premium,191,36,3.39
P003996,Electronics,172.02,2.89,S0167,1,5,6,1,mid,576,223,3.02
P003997,Electronics,99.52,3.47,S0097,0,0,3,0,mid,126,9,3.31
P003998,Home & Kitchen,64.35,4.11,S0001,1,0,5,0,mid,701,11,3.76
P003999,Clothing,20.02,3.55,S0475,1,6,3,0,mid,153,60,3.54
P004000,Clothing,34.01,4.04,S0013,0,2,4,0,budget,92,50,3.36
P004001,Beauty,17.34,2.24,S0415,1,2,6,0,mid,1061,61,2.23
P004002,Home & Kitchen,40.75,4.06,S0205,0,1,3,0,mid,1012,48,3.86
P004003,Health,36.4,3.49,S0139,1,2,7,1,budget,1436,28,3.59
P004004,Clothing,24.47,3.92,S0262,1,1,3,0,budget,834,64,3.12
P004005,Books,46.26,4.39,S0458,1,6,7,0,premium,1559,42,3.69
P004006,Clothing,60.5,2.53,S0327,1,7,5,1,premium,902,24,2.03
P004007,Books,52.83,4.16,S0041,1,0,5,0,mid,510,30,3.89
P004008,Electronics,168.06,4.39,S0382,0,1,5,0,budget,266,17,4.02
P004009,Electronics,133.1,3.48,S0382,1,5,4,1,mid,897,14,3.3
P004010,Sports & Outdoors,186.69,4.27,S0485,1,7,6,0,premium,708,64,3.21
P004011,Clothing,31.81,3.51,S0102,0,2,4,0,mid,939,6,3.6
P004012,Electronics,166.23,2.43,S0420,0,6,3,0,premium,1743,75,2.26
P004013,Food & Grocery,33.89,4.23,S0186,0,0,3,0,mid,123,24,3.97
P004014,Electronics,88.03,3.03,S0178,0,5,4,0,mid,662,29,2.84
P004015,Books,27.58,3.99,S0317,0,7,4,0,budget,271,26,3.4
P004016,Books,25.54,4.5,S0268,1,3,3,0,budget,1433,60,4.21
P004017,Clothing,96.38,4.13,S0115,1,4,3,1,premium,980,195,3.74
P004018,Home & Kitchen,93.82,4.11,S0108,1,2,7,1,budget,249,288,3.72
P004019,Electronics,403.57,3.6,S0326,0,6,5,0,budget,1439,116,3.39
P004020,Beauty,26.21,3.24,S0485,1,6,4,0,premium,247,36,2.89
P004021,Clothing,26.82,4.37,S0115,0,6,7,0,mid,1396,86,3.52
P004022,Clothing,159.6,2.09,S0268,1,6,5,1,budget,1798,2,1.83
P004023,Clothing,18.0,2.76,S0154,1,0,3,0,mid,936,68,2.97
P004024,Health,16.15,3.69,S0125,1,4,6,0,budget,1177,52,3.15
P004025,Toys & Games,44.92,3.84,S0398,0,4,6,0,budget,71,5,3.48
P004026,Food & Grocery,58.33,4.24,S0363,1,0,4,0,budget,1206,16,4.07
P004027,Sports & Outdoors,72.83,3.44,S0240,0,6,6,0,mid,297,46,3.73
P004028,Sports & Outdoors,118.39,4.12,S0244,0,1,3,0,budget,783,52,3.63
P004029,Books,5.44,3.8,S0213,1,3,7,0,premium,940,104,3.05
P004030,Health,28.16,4.05,S0499,0,0,5,0,budget,1377,245,3.85
P004031,Books,5.85,4.63,S0474,0,6,4,0,budget,1417,27,3.92
P004032,Home & Kitchen,87.85,1.73,S0038,0,1,7,1,budget,1672,8,1.65
P004033,Sports & Outdoors,25.69,2.44,S0409,1,4,5,0,mid,1362,88,2.38
P004034,Books,8.36,4.55,S0168,0,4,7,1,premium,175,155,3.95
P004035,Electronics,251.83,2.81,S0327,0,0,3,0,budget,1240,151,2.45
P004036,Home & Kitchen,104.0,1.88,S0471,0,6,4,0,mid,335,58,1.94
P004037,Clothing,40.91,2.26,S0211,1,0,5,0,budget,1706,364,2.36
P004038,Health,53.5,4.18,S0231,0,5,4,1,budget,1562,23,3.78
P004039,Home & Kitchen,75.94,3.01,S0314,0,1,5,0,budget,577,225,2.76
P004040,Toys & Games,28.12,3.48,S0156,1,4,4,0,budget,170,8,2.79
P004041,Home & Kitchen,28.52,3.68,S0132,0,1,7,0,premium,1630,2,3.35
P004042,Beauty,39.3,3.4,S0303,1,5,4,0,mid,665,8,2.94
P004043,Electronics,267.26,3.61,S0104,1,4,3,0,premium,1535,16,3.27
P004044,Food & Grocery,37.62,4.09,S0333,0,5,7,0,premium,177,33,4.11
P004045,Books,21.71,4.62,S0125,1,7,6,0,mid,478,10,3.82
P004046,Clothing,22.32,4.43,S0047,1,3,3,0,mid,752,38,4.34
P004047,Clothing,68.09,4.12,S0051,0,6,7,0,budget,255,71,3.77
P004048,Clothing,44.96,4.56,S0130,0,6,3,1,budget,821,50,4.1
P004049,Home & Kitchen,41.17,3.96,S0052,1,2,6,0,budget,1666,28,3.3
P004050,Beauty,23.46,4.01,S0155,1,2,3,1,budget,348,140,3.69
P004051,Food & Grocery,14.54,2.51,S0209,1,5,4,0,budget,773,12,2.91
P004052,Sports & Outdoors,110.8,2.39,S0123,1,7,7,0,mid,174,24,1.39
P004053,Books,7.69,4.33,S0268,0,0,3,0,mid,1194,17,3.31
P004054,Home & Kitchen,30.3,2.06,S0192,1,0,5,0,mid,768,72,1.8
P004055,Toys & Games,26.27,3.21,S0041,0,1,4,0,mid,932,19,2.99
P004056,Health,100.07,3.4,S0168,1,5,4,0,budget,940,53,3.34
P004057,Clothing,84.71,3.84,S0007,0,3,3,0,budget,1193,88,3.59
P004058,Food & Grocery,8.22,3.03,S0366,1,4,4,1,mid,1334,18,2.24
P004059,Home & Kitchen,123.73,3.95,S0222,0,2,4,1,premium,1744,4,3.74
P004060,Toys & Games,71.91,4.64,S0300,0,3,3,0,mid,1315,25,4.12
P004061,Automotive,37.08,4.75,S0072,0,6,6,1,premium,1526,12,4.54
P004062,Beauty,6.17,3.47,S0215,1,3,3,0,mid,153,15,2.91
P004063,Electronics,177.15,3.06,S0405,0,3,4,0,premium,246,1,2.29
P004064,Sports & Outdoors,127.47,2.96,S0101,1,0,7,0,mid,805,4,2.53
P004065,Electronics,480.64,3.16,S0493,0,3,4,1,premium,275,86,2.99
P004066,Toys & Games,18.98,3.44,S0211,0,6,6,0,budget,1523,10,3.21
P004067,Clothing,128.75,3.19,S0069,1,1,5,0,premium,1549,132,2.88
P004068,Beauty,7.36,4.11,S0091,1,2,6,0,mid,1086,14,3.52
P004069,Food & Grocery,17.64,3.62,S0232,1,2,6,1,mid,892,59,3.22
P004070,Clothing,35.03,2.82,S0477,0,3,5,1,mid,1543,24,2.98
P004071,Home & Kitchen,109.81,4.4,S0236,1,6,6,1,mid,1035,72,4.73
P004072,Sports & Outdoors,141.65,2.1,S0087,1,6,5,0,premium,1713,24,2.02
P004073,Home & Kitchen,97.5,4.09,S0195,0,3,4,1,premium,1455,42,3.99
P004074,Electronics,82.27,1.1,S0430,0,4,6,1,mid,621,145,1.0
P004075,Electronics,310.42,2.73,S0493,1,6,4,0,budget,1174,58,2.86
P004076,Home & Kitchen,74.65,4.03,S0308,1,6,3,0,mid,265,14,3.52
P004077,Sports & Outdoors,23.85,3.14,S0433,0,4,4,0,mid,112,3,2.45
P004078,Books,5.21,4.6,S0406,0,1,6,0,mid,178,29,4.49
P004079,Electronics,344.86,3.87,S0213,1,3,6,0,budget,1776,55,3.51
P004080,Home & Kitchen,49.37,3.45,S0445,1,2,5,1,mid,253,39,3.52
P004081,Home & Kitchen,25.44,4.26,S0038,0,5,5,0,mid,394,11,4.08
P004082,Clothing,39.72,2.18,S0402,1,1,4,0,budget,1237,39,1.57
P004083,Beauty,34.84,4.88,S0291,0,0,3,0,budget,337,73,4.45
P004084,Clothing,42.82,3.99,S0295,0,7,4,0,budget,241,176,3.32
P004085,Books,7.09,2.28,S0468,0,0,7,0,premium,1261,25,2.43
P004086,Food & Grocery,68.2,4.03,S0134,1,6,7,0,mid,1715,631,3.65
P004087,Books,32.88,3.71,S0099,1,7,3,0,mid,257,189,3.14
P004088,Sports & Outdoors,53.15,3.46,S0331,0,6,7,0,budget,1196,40,2.5
P004089,Electronics,154.98,2.25,S0371,1,3,6,0,mid,976,45,2.37
P004090,Electronics,229.53,2.01,S0003,1,4,3,0,budget,1721,175,1.71
P004091,Electronics,93.93,2.72,S0250,1,5,5,0,mid,1718,10,2.37
P004092,Toys & Games,38.84,2.98,S0189,1,1,3,0,mid,1027,12,2.83
P004093,Toys & Games,14.4,3.51,S0410,1,3,6,0,budget,1596,7,2.89
P004094,Clothing,43.14,3.47,S0429,1,3,6,0,mid,388,24,2.67
P004095,Clothing,22.32,4.37,S0070,1,2,4,0,premium,1076,11,3.99
P004096,Clothing,23.01,3.18,S0291,0,4,6,0,mid,327,21,2.58
P004097,Sports & Outdoors,174.48,3.86,S0362,1,3,4,0,mid,74,31,3.45
P004098,Sports & Outdoors,67.35,2.71,S0131,0,0,5,0,budget,1389,6,2.18
P004099,Beauty,31.71,3.71,S0467,0,0,3,0,mid,1030,170,2.93
P004100,Health,11.37,3.5,S0447,0,5,7,1,budget,30,138,2.66
P004101,Clothing,31.45,2.37,S0087,0,4,3,0,premium,1458,19,2.16
P004102,Sports & Outdoors,85.72,3.05,S0008,0,6,7,0,mid,1579,196,3.07
P004103,Books,20.22,4.28,S0290,1,0,7,0,mid,734,52,4.15
P004104,Clothing,12.36,4.29,S0442,1,2,3,0,budget,82,123,3.87
P004105,Health,43.03,3.17,S0342,0,3,3,1,mid,552,6,3.28
P004106,Electronics,230.51,2.62,S0380,0,5,3,0,budget,1099,22,2.2
P004107,Beauty,60.49,4.04,S0360,1,3,7,0,premium,124,70,3.88
P004108,Beauty,18.9,3.23,S0074,0,3,3,0,mid,718,27,2.76
P004109,Food & Grocery,5.73,4.4,S0034,0,7,6,0,mid,419,26,3.74
P004110,Books,9.9,3.47,S0032,0,0,7,1,budget,1112,28,3.37
P004111,Clothing,23.3,2.73,S0492,1,7,4,0,mid,396,51,2.59
P004112,Toys & Games,49.79,3.39,S0476,1,2,5,0,mid,1414,37,3.24
P004113,Toys & Games,6.27,3.34,S0417,1,0,3,0,premium,566,214,2.56
P004114,Books,13.75,4.03,S0034,1,4,7,0,mid,228,10,3.94
P004115,Toys & Games,75.28,1.64,S0445,1,1,6,0,budget,509,37,1.68
P004116,Clothing,45.2,4.12,S0487,1,5,6,1,premium,1704,77,3.59
P004117,Sports & Outdoors,111.29,3.85,S0393,0,6,4,1,budget,1440,7,3.64
P004118,Health,14.19,4.33,S0211,1,3,6,0,mid,1084,21,4.23
P004119,Clothing,17.21,1.19,S0047,0,6,6,0,premium,397,40,1.0
P004120,Books,42.64,4.03,S0177,1,1,3,0,mid,706,201,3.41
P004121,Food & Grocery,23.38,3.63,S0103,0,2,5,0,premium,855,39,3.18
P004122,Toys & Games,34.05,3.18,S0326,0,0,3,0,premium,1762,82,2.2
P004123,Health,19.43,3.89,S0442,0,5,6,0,budget,603,88,3.6
P004124,Home & Kitchen,58.43,3.61,S0249,1,5,7,0,mid,1466,1,3.52
P004125,Automotive,37.71,3.69,S0025,1,6,7,0,mid,536,36,3.49
P004126,Electronics,377.09,4.35,S0196,0,2,5,0,mid,316,19,4.06
P004127,Books,92.49,2.94,S0400,0,6,7,0,premium,1396,201,2.95
P004128,Home & Kitchen,73.53,3.75,S0321,0,5,7,0,premium,186,76,3.34
P004129,Toys & Games,21.86,4.8,S0021,1,4,5,1,mid,1388,94,3.85
P004130,Health,8.31,3.87,S0176,1,1,4,0,budget,1663,61,3.52
P004131,Beauty,10.19,3.54,S0176,1,6,3,0,budget,290,37,3.58
P004132,Sports & Outdoors,165.22,4.43,S0018,1,6,6,0,budget,1065,90,4.1
P004133,Home & Kitchen,29.66,3.88,S0175,0,7,4,0,mid,323,32,3.38
P004134,Books,14.41,4.36,S0413,1,2,5,0,mid,850,154,4.16
P004135,Books,26.67,3.79,S0066,0,4,7,1,budget,847,9,3.53
P004136,Electronics,450.22,2.83,S0258,1,0,3,0,mid,166,115,2.48
P004137,Books,15.97,3.8,S0329,1,4,4,0,budget,359,21,3.46
P004138,Health,29.81,4.41,S0344,1,4,5,0,premium,988,74,3.87
P004139,Beauty,29.23,3.83,S0165,0,6,6,0,premium,1516,5,3.63
P004140,Toys & Games,21.96,3.77,S0288,0,5,7,1,budget,510,45,3.12
P004141,Home & Kitchen,38.98,3.64,S0362,0,7,7,0,budget,1515,27,3.37
P004142,Books,23.05,3.83,S0308,1,7,5,1,premium,371,31,3.71
P004143,Electronics,206.75,4.27,S0419,1,1,5,1,budget,73,3,3.91
P004144,Home & Kitchen,197.61,3.43,S0110,0,7,5,0,premium,722,34,3.16
P004145,Home & Kitchen,71.57,3.0,S0054,0,0,3,1,budget,33,38,2.72
P004146,Clothing,89.78,4.69,S0468,1,3,6,1,mid,93,3,4.38
P004147,Electronics,97.28,3.95,S0368,1,7,7,0,mid,569,8,3.45
P004148,Beauty,38.37,4.68,S0224,1,4,6,1,mid,1088,40,4.17
P004149,Home & Kitchen,35.64,2.54,S0286,0,7,4,0,mid,1734,53,2.02
P004150,Home & Kitchen,69.73,3.35,S0461,1,4,7,0,premium,1129,31,2.93
P004151,Clothing,68.02,3.79,S0434,1,5,4,0,mid,1222,34,2.81
P004152,Books,18.55,3.17,S0404,1,4,5,0,mid,1260,34,2.86
P004153,Home & Kitchen,233.16,3.34,S0296,0,7,4,0,mid,957,17,3.19
P004154,Home & Kitchen,129.56,4.91,S0361,1,0,5,1,mid,70,26,4.4
P004155,Sports & Outdoors,131.73,4.17,S0291,1,3,7,0,budget,634,6,4.03
P004156,Electronics,292.64,4.23,S0231,0,5,5,0,mid,340,16,4.21
P004157,Health,109.46,3.96,S0337,1,3,6,0,mid,1021,31,3.56
P004158,Electronics,78.11,3.84,S0012,1,7,7,0,budget,1397,145,3.16
P004159,Home & Kitchen,125.15,3.88,S0414,1,4,3,0,mid,783,28,3.82
P004160,Clothing,24.83,2.88,S0158,1,1,7,0,premium,1047,392,2.86
P004161,Books,12.83,4.86,S0273,1,4,3,0,premium,1160,335,4.51
P004162,Clothing,63.02,4.68,S0333,1,2,6,0,mid,46,36,4.05
P004163,Health,79.64,4.17,S0164,1,3,5,0,mid,1356,20,3.87
P004164,Home & Kitchen,27.53,4.08,S0166,0,0,4,0,budget,1323,502,3.58
P004165,Sports & Outdoors,47.79,2.72,S0089,0,6,6,0,budget,1738,81,2.23
P004166,Clothing,47.71,3.63,S0050,1,3,7,0,mid,767,56,3.37
P004167,Electronics,165.43,3.57,S0441,0,6,3,1,mid,1749,13,2.92
P004168,Home & Kitchen,91.81,4.02,S0259,1,3,3,0,premium,495,19,3.84
P004169,Books,141.45,2.51,S0340,0,7,5,0,mid,748,9,2.34
P004170,Home & Kitchen,70.73,4.24,S0078,1,2,3,0,mid,1365,197,3.78
P004171,Automotive,48.25,4.03,S0427,1,0,4,1,budget,910,60,3.61
P004172,Beauty,12.86,3.34,S0154,1,3,5,0,budget,667,22,2.68
P004173,Automotive,61.7,4.63,S0231,1,0,5,0,mid,1051,18,3.86
P004174,Clothing,25.6,3.46,S0251,1,6,6,0,mid,832,10,3.63
P004175,Toys & Games,42.36,3.93,S0372,1,7,5,1,premium,196,30,3.49
P004176,Books,23.61,4.59,S0059,0,1,3,0,budget,1553,40,3.7
P004177,Sports & Outdoors,49.23,2.79,S0454,1,0,6,0,mid,1377,2,2.79
P004178,Automotive,246.77,4.62,S0057,1,6,4,0,mid,294,10,3.85
P004179,Sports & Outdoors,41.81,4.1,S0319,0,5,3,0,mid,411,14,3.86
P004180,Health,35.37,4.21,S0106,1,6,6,0,budget,1031,121,4.23
P004181,Beauty,41.09,4.86,S0462,1,4,5,1,budget,827,17,4.31
P004182,Electronics,315.95,4.65,S0296,1,4,6,0,mid,213,3,4.53
P004183,Beauty,60.26,4.85,S0473,1,2,6,0,premium,663,8,4.59
P004184,Books,23.28,2.93,S0467,0,2,3,0,mid,1760,262,3.11
P004185,Food & Grocery,41.33,3.92,S0134,1,5,7,0,mid,531,21,3.7
P004186,Toys & Games,21.47,4.63,S0120,1,7,4,0,mid,581,9,4.01
P004187,Electronics,320.92,3.28,S0057,0,2,6,1,budget,1480,4,2.33
P004188,Electronics,318.36,3.55,S0360,0,2,6,0,budget,1641,34,2.96
P004189,Electronics,458.56,4.84,S0013,0,4,3,1,premium,363,38,4.21
P004190,Books,6.61,3.2,S0095,1,0,3,0,mid,679,56,3.18
P004191,Electronics,107.34,4.26,S0455,1,5,7,0,premium,1527,873,4.2
P004192,Beauty,45.88,3.87,S0318,0,1,3,1,mid,1527,7,3.15
P004193,Books,3.67,3.81,S0226,1,5,4,0,budget,742,21,3.8
P004194,Toys & Games,42.99,3.36,S0069,0,7,7,0,mid,1383,47,2.79
P004195,Clothing,84.99,3.43,S0423,0,7,3,0,mid,570,19,2.84
P004196,Books,12.74,3.98,S0423,0,1,6,0,mid,441,2,3.17
P004197,Electronics,142.91,2.83,S0024,1,4,4,1,budget,1702,61,2.65
P004198,Health,19.95,3.85,S0372,0,3,5,0,budget,1175,15,3.29
P004199,Electronics,135.29,3.8,S0165,0,3,3,0,mid,1412,9,3.81
P004200,Electronics,137.66,3.56,S0341,0,5,5,1,mid,443,11,2.93
P004201,Clothing,29.87,2.14,S0148,0,7,4,0,budget,64,213,2.15
P004202,Toys & Games,20.56,4.64,S0008,0,4,6,0,mid,63,157,3.81
P004203,Electronics,157.24,3.26,S0377,1,4,6,1,mid,1263,8,3.24
P004204,Sports & Outdoors,54.85,3.93,S0419,0,5,5,0,mid,561,4,3.57
P004205,Beauty,86.2,4.06,S0342,0,4,3,0,budget,946,97,3.74
P004206,Beauty,22.1,4.43,S0076,0,2,6,0,premium,1287,391,3.88
P004207,Clothing,55.32,3.98,S0226,0,6,5,0,budget,1388,544,3.46
P004208,Electronics,130.87,3.51,S0267,0,5,6,0,budget,346,6,3.31
P004209,Home & Kitchen,38.61,3.87,S0397,0,4,6,0,budget,1047,168,4.03
P004210,Clothing,16.18,1.83,S0389,1,0,3,0,budget,1141,32,1.33
P004211,Beauty,10.91,4.52,S0444,0,2,3,0,mid,1034,3,3.97
P004212,Home & Kitchen,26.66,4.55,S0316,1,2,5,0,budget,1383,11,3.91
P004213,Home & Kitchen,61.41,3.7,S0470,0,5,7,0,budget,667,12,2.88
P004214,Electronics,352.86,4.69,S0410,1,0,4,1,budget,579,58,3.76
P004215,Books,6.16,3.84,S0101,1,3,5,0,budget,593,6,3.24
P004216,Clothing,32.37,4.92,S0355,1,3,6,0,mid,210,102,4.31
P004217,Beauty,12.33,4.02,S0043,0,5,7,0,budget,105,58,4.04
P004218,Electronics,157.87,4.79,S0379,0,1,6,0,budget,1085,112,4.61
P004219,Automotive,143.02,3.56,S0111,0,4,7,0,premium,1795,14,2.96
P004220,Beauty,21.41,3.12,S0150,1,4,7,0,mid,262,53,3.04
P004221,Clothing,43.74,4.37,S0288,1,5,3,0,budget,474,9,3.69
P004222,Electronics,442.97,2.39,S0190,0,1,5,0,mid,34,74,2.12
P004223,Clothing,59.23,3.8,S0324,0,4,6,1,budget,461,24,3.52
P004224,Electronics,117.25,4.91,S0251,0,3,5,0,budget,261,28,5.0
P004225,Clothing,49.5,2.42,S0319,1,2,3,0,budget,1793,31,2.26
P004226,Health,23.13,4.24,S0294,1,0,6,0,budget,501,4,3.37
P004227,Sports & Outdoors,83.65,3.34,S0104,0,3,3,1,budget,1680,138,3.23
P004228,Electronics,252.03,2.28,S0346,1,3,4,1,budget,1228,36,2.39
P004229,Books,7.93,4.51,S0480,0,0,7,0,mid,575,138,4.33
P004230,Clothing,49.99,4.03,S0278,0,6,7,0,budget,618,126,3.33
P004231,Automotive,69.89,2.9,S0304,0,5,3,0,budget,195,12,2.65
P004232,Electronics,256.51,4.88,S0356,1,2,4,0,premium,1655,23,4.39
P004233,Beauty,46.11,4.38,S0043,1,0,4,0,mid,1451,5,4.47
P004234,Toys & Games,42.61,3.44,S0076,0,5,5,0,mid,1343,144,3.28
P004235,Electronics,154.23,3.62,S0280,0,0,7,1,mid,68,48,3.77
P004236,Electronics,323.87,3.17,S0198,1,3,7,0,mid,1777,42,2.64
P004237,Home & Kitchen,32.57,2.06,S0346,1,1,3,0,mid,468,23,1.79
P004238,Health,17.21,2.95,S0457,0,1,6,0,mid,1207,10,2.49
P004239,Books,2.65,2.6,S0392,1,6,3,0,premium,1045,154,2.63
P004240,Sports & Outdoors,62.32,1.66,S0109,1,2,5,0,mid,67,367,1.84
P004241,Toys & Games,19.55,2.51,S0154,0,1,5,0,budget,729,161,2.38
P004242,Toys & Games,40.63,3.74,S0072,1,2,5,0,budget,293,27,3.39
P004243,Home & Kitchen,16.85,2.19,S0049,1,1,7,0,budget,334,52,2.1
P004244,Books,12.21,1.59,S0373,1,5,6,0,mid,507,119,1.02
P004245,Beauty,37.13,2.69,S0347,1,3,7,1,premium,39,37,2.3
P004246,Clothing,24.26,2.3,S0098,1,1,5,0,mid,1274,341,1.97
P004247,Health,48.58,3.28,S0353,1,2,5,0,mid,1346,148,2.95
P004248,Electronics,132.44,4.22,S0229,1,7,5,0,mid,1172,936,3.6
P004249,Clothing,44.12,3.86,S0439,1,4,4,0,mid,837,41,3.22
P004250,Toys & Games,45.73,3.7,S0356,1,5,6,1,mid,393,1,2.85
P004251,Home & Kitchen,97.42,3.65,S0136,0,6,4,1,mid,1118,36,3.41
P004252,Electronics,195.56,4.83,S0243,0,3,3,0,mid,1265,20,3.94
P004253,Clothing,27.61,3.98,S0117,0,2,5,0,mid,408,40,3.88
P004254,Books,13.67,4.04,S0451,1,7,6,1,mid,523,281,3.73
P004255,Health,55.69,3.21,S0258,1,4,5,0,mid,1548,17,3.15
P004256,Electronics,100.24,3.43,S0440,0,1,3,0,mid,1213,12,2.82
P004257,Electronics,166.25,4.16,S0256,1,6,3,0,premium,904,15,4.3
P004258,Home & Kitchen,43.63,3.88,S0252,0,6,6,0,mid,580,439,4.16
P004259,Food & Grocery,20.68,3.49,S0093,0,3,7,0,mid,419,19,3.15
P004260,Clothing,24.56,3.03,S0481,1,2,4,0,premium,402,45,2.85
P004261,Food & Grocery,7.24,3.29,S0337,1,5,7,1,premium,1598,303,2.96
P004262,Health,51.94,3.9,S0146,0,4,5,0,mid,905,73,3.81
P004263,Clothing,80.25,3.84,S0420,1,1,3,0,premium,1024,2,3.69
P004264,Toys & Games,10.92,4.24,S0117,0,0,4,0,premium,1765,18,3.28
P004265,Beauty,34.94,4.82,S0049,0,6,7,1,budget,1261,15,4.09
P004266,Books,34.48,3.73,S0336,1,6,4,0,mid,1174,4,3.47
P004267,Home & Kitchen,78.64,2.33,S0375,1,7,7,1,mid,429,18,2.33
P004268,Toys & Games,24.92,2.64,S0287,0,2,6,0,mid,652,1,2.42
P004269,Toys & Games,18.17,2.81,S0357,1,5,7,0,premium,145,48,2.02
P004270,Beauty,29.39,3.88,S0126,0,4,5,0,budget,947,33,3.66
P004271,Automotive,87.02,3.63,S0139,1,2,3,1,mid,513,14,3.81
P004272,Home & Kitchen,58.25,4.29,S0186,0,7,5,1,mid,806,3,3.17
P004273,Toys & Games,28.72,4.0,S0104,0,2,7,0,mid,780,176,3.88
P004274,Health,19.85,2.62,S0117,1,0,7,0,mid,85,16,2.91
P004275,Clothing,57.99,3.85,S0024,0,1,5,0,mid,920,123,3.75
P004276,Electronics,245.39,4.31,S0119,0,7,3,0,budget,1223,28,3.85
P004277,Home & Kitchen,62.04,2.42,S0274,0,0,4,1,budget,1452,190,2.45
P004278,Health,40.62,2.11,S0184,1,4,4,0,budget,393,66,1.87
P004279,Clothing,123.25,2.4,S0215,1,3,7,0,budget,728,37,2.32
P004280,Beauty,19.25,2.95,S0463,0,6,5,0,mid,975,12,2.68
P004281,Electronics,399.1,2.84,S0004,1,6,5,0,premium,1495,157,2.59
P004282,Home & Kitchen,35.41,3.89,S0418,1,3,7,0,budget,155,25,3.27
P004283,Sports & Outdoors,126.44,4.22,S0017,1,5,3,0,mid,903,12,3.66
P004284,Electronics,387.76,2.86,S0257,0,6,4,1,budget,1428,27,3.06
P004285,Health,31.87,2.89,S0066,0,6,6,1,mid,102,31,2.42
P004286,Electronics,501.16,1.93,S0239,1,7,4,1,budget,60,94,1.15
P004287,Health,50.35,2.47,S0448,1,5,5,0,budget,184,3,3.28
P004288,Clothing,26.58,4.02,S0016,1,3,7,0,premium,598,578,3.49
P004289,Automotive,59.92,3.45,S0254,0,4,6,0,mid,237,57,3.02
P004290,Sports & Outdoors,128.26,4.05,S0232,1,5,5,0,budget,708,32,3.52
P004291,Electronics,321.89,4.13,S0226,0,2,3,0,budget,558,56,3.72
P004292,Electronics,98.06,2.97,S0312,0,7,7,0,premium,1397,5,2.45
P004293,Electronics,170.17,3.04,S0164,1,3,3,0,mid,697,38,3.18
P004294,Sports & Outdoors,73.44,3.86,S0390,0,6,3,0,premium,1753,72,3.41
P004295,Toys & Games,23.6,3.95,S0120,1,4,4,1,mid,306,23,3.24
P004296,Home & Kitchen,226.33,3.02,S0178,1,7,4,1,mid,368,62,1.86
P004297,Home & Kitchen,63.28,3.45,S0235,0,5,6,0,mid,1449,85,3.43
P004298,Sports & Outdoors,62.63,4.88,S0460,1,5,5,0,mid,276,13,4.26
P004299,Books,36.78,2.67,S0267,1,6,7,0,premium,694,148,2.52
P004300,Beauty,22.49,4.67,S0421,0,2,3,0,budget,1130,30,3.92
P004301,Home & Kitchen,100.66,4.32,S0070,0,2,7,1,mid,1610,326,3.92
P004302,Beauty,10.29,3.63,S0042,0,6,5,0,budget,414,159,3.26
P004303,Automotive,57.13,3.51,S0251,1,3,5,1,premium,519,53,3.44
P004304,Home & Kitchen,103.21,4.83,S0452,0,5,3,0,mid,72,12,4.4
P004305,Electronics,474.6,4.41,S0118,1,4,6,0,budget,747,28,3.63
P004306,Electronics,116.32,3.71,S0112,1,0,5,0,mid,440,110,4.06
P004307,Books,10.55,4.57,S0075,1,3,6,0,mid,544,16,4.24
P004308,Home & Kitchen,77.31,3.6,S0462,0,1,7,0,premium,445,55,2.96
P004309,Food & Grocery,15.14,2.73,S0047,0,0,4,0,mid,1793,63,2.51
P004310,Sports & Outdoors,55.33,3.44,S0316,1,2,7,0,budget,1006,28,3.21
P004311,Books,30.45,3.87,S0191,1,2,5,0,mid,915,12,3.63
P004312,Toys & Games,23.09,3.75,S0206,0,5,4,0,budget,826,225,3.48
P004313,Clothing,13.84,4.78,S0356,1,2,6,0,mid,1067,58,4.38
P004314,Toys & Games,14.66,4.37,S0219,1,6,3,0,mid,620,23,4.21
P004315,Electronics,186.11,4.64,S0012,1,1,6,0,mid,296,12,4.39
P004316,Sports & Outdoors,21.25,4.27,S0282,1,6,7,1,mid,541,97,4.07
P004317,Food & Grocery,18.41,4.03,S0013,1,4,4,0,budget,597,30,3.09
P004318,Toys & Games,13.88,1.82,S0422,0,0,5,1,premium,504,107,1.12
P004319,Health,101.65,3.56,S0473,1,0,6,0,premium,289,10,2.97
P004320,Home & Kitchen,201.63,2.95,S0419,0,0,5,0,mid,1555,47,2.58
P004321,Toys & Games,16.96,4.18,S0207,0,3,7,1,mid,795,18,3.53
P004322,Books,21.0,3.55,S0208,1,2,7,0,mid,845,267,2.89
P004323,Sports & Outdoors,36.53,3.84,S0293,0,0,4,1,mid,1606,51,3.53
P004324,Electronics,153.66,4.05,S0425,0,5,4,0,budget,1543,10,3.38
P004325,Clothing,132.79,3.02,S0377,0,6,6,1,mid,466,101,2.0
P004326,Books,13.6,4.16,S0236,0,6,5,0,budget,1792,145,3.34
P004327,Electronics,155.82,3.55,S0406,1,1,4,0,mid,776,22,3.01
P004328,Beauty,15.91,4.03,S0209,0,6,7,0,premium,907,12,3.55
P004329,Health,75.59,3.17,S0385,0,3,3,0,budget,1682,2,3.12
P004330,Food & Grocery,3.11,2.59,S0122,0,1,5,0,mid,1673,124,2.46
P004331,Electronics,141.84,3.19,S0227,1,1,4,0,budget,1691,4,2.27
P004332,Food & Grocery,21.4,2.58,S0414,0,6,6,0,budget,339,31,2.76
P004333,Electronics,124.43,2.84,S0124,1,2,7,0,budget,169,4,2.5
P004334,Home & Kitchen,92.34,4.27,S0311,0,5,7,0,mid,578,287,3.86
P004335,Health,78.16,4.39,S0141,1,4,4,0,premium,532,164,3.99
P004336,Electronics,79.29,3.14,S0216,1,7,4,0,budget,1196,47,2.57
P004337,Electronics,649.66,4.49,S0163,1,5,3,0,premium,314,116,4.21
P004338,Electronics,78.76,3.77,S0332,0,6,7,1,mid,451,28,2.81
P004339,Books,39.0,3.16,S0378,0,3,4,1,budget,1442,12,3.25
P004340,Toys & Games,35.01,3.37,S0431,1,4,4,0,mid,1077,4,3.09
P004341,Electronics,136.75,4.01,S0178,0,1,4,0,mid,1436,85,3.72
P004342,Electronics,144.71,4.49,S0099,1,6,7,1,mid,1621,9,4.2
P004343,Books,17.64,3.93,S0466,1,6,7,0,mid,1687,686,3.4
P004344,Clothing,50.99,2.19,S0197,1,2,4,0,budget,1753,8,2.35
P004345,Beauty,16.12,4.1,S0327,1,1,6,0,mid,1222,111,3.47
P004346,Food & Grocery,19.12,2.17,S0191,1,6,4,0,mid,976,153,1.65
P004347,Toys & Games,20.15,2.13,S0418,1,6,5,0,premium,1166,6,1.96
P004348,Health,18.33,1.81,S0039,1,6,6,1,mid,1333,19,1.22
P004349,Books,11.02,4.24,S0020,1,0,5,0,budget,1574,25,3.65
P004350,Toys & Games,16.05,4.13,S0168,1,6,7,1,premium,1097,2162,3.8
P004351,Clothing,34.97,1.64,S0208,1,2,5,0,budget,1060,24,1.7
P004352,Electronics,239.81,4.31,S0381,1,1,6,0,budget,773,8,3.87
P004353,Sports & Outdoors,69.88,3.97,S0236,1,4,5,0,mid,1470,59,3.3
P004354,Electronics,604.84,2.22,S0127,1,6,6,0,budget,661,9,1.9
P004355,Health,10.09,4.63,S0038,0,6,7,0,mid,637,30,3.97
P004356,Beauty,37.11,3.07,S0406,0,1,7,0,mid,1117,19,2.73
P004357,Food & Grocery,22.08,4.31,S0255,1,7,4,1,mid,1149,61,3.69
P004358,Clothing,73.41,4.26,S0478,1,6,5,0,mid,641,16,3.54
P004359,Books,27.67,3.6,S0166,0,7,6,0,mid,50,14,2.91
P004360,Beauty,25.36,3.4,S0112,0,7,7,0,premium,1355,120,2.51
P004361,Clothing,49.91,2.51,S0136,1,4,3,0,mid,187,46,2.58
P004362,Books,11.52,4.7,S0205,0,0,3,0,budget,253,34,4.44
P004363,Sports & Outdoors,93.93,3.03,S0071,1,0,3,0,mid,224,3,2.36
P004364,Automotive,24.29,2.82,S0066,1,5,3,0,premium,1301,69,2.73
P004365,Beauty,44.63,4.04,S0397,0,0,4,0,mid,1361,18,3.65
P004366,Electronics,182.45,3.64,S0347,1,5,4,1,mid,934,46,2.89
P004367,Home & Kitchen,41.06,3.97,S0251,0,0,3,1,mid,193,3,3.26
P004368,Sports & Outdoors,56.54,3.65,S0242,1,6,7,1,budget,174,46,3.24
P004369,Electronics,168.15,3.6,S0249,1,2,7,0,mid,1024,41,3.46
P004370,Home & Kitchen,119.79,4.05,S0295,1,0,3,0,mid,1516,25,3.82
P004371,Clothing,313.17,3.47,S0143,0,2,4,0,budget,1282,11,2.96
P004372,Electronics,384.63,1.83,S0390,1,7,4,1,mid,1003,134,1.78
P004373,Books,12.82,4.11,S0005,1,4,7,1,mid,920,13,3.65
P004374,Electronics,269.95,1.48,S0389,0,7,3,0,mid,1330,98,1.11
P004375,Sports & Outdoors,97.36,2.42,S0397,1,2,7,0,premium,404,116,2.47
P004376,Electronics,106.19,3.69,S0258,1,5,3,0,mid,248,12,3.37
P004377,Beauty,13.14,4.05,S0148,1,1,5,0,premium,658,81,3.8
P004378,Clothing,43.32,3.58,S0442,1,3,5,0,budget,304,19,2.89
P004379,Health,61.7,3.59,S0410,1,3,4,1,budget,507,71,3.08
P004380,Electronics,70.34,3.87,S0466,1,5,3,0,mid,1585,10,3.73
P004381,Books,11.68,4.28,S0009,1,5,5,0,mid,880,28,3.77
P004382,Clothing,63.45,2.99,S0316,1,0,7,0,premium,856,36,2.62
P004383,Clothing,46.14,4.38,S0004,0,5,5,0,mid,1356,31,3.62
P004384,Home & Kitchen,128.65,3.43,S0020,1,6,7,0,budget,553,52,3.15
P004385,Health,16.29,4.37,S0032,1,3,4,0,mid,1282,12,3.61
P004386,Food & Grocery,90.23,2.79,S0388,1,0,6,0,budget,948,17,2.62
P004387,Clothing,17.88,4.27,S0364,0,3,7,1,mid,1043,77,3.55
P004388,Electronics,54.75,1.37,S0446,0,2,4,1,mid,687,20,1.17
P004389,Beauty,27.03,4.04,S0318,1,6,7,0,mid,1677,18,4.11
P004390,Sports & Outdoors,32.91,2.65,S0279,0,1,7,1,mid,1753,12,2.49
P004391,Clothing,43.97,3.58,S0091,1,2,5,0,mid,251,19,3.12
P004392,Toys & Games,30.62,4.44,S0351,1,5,5,0,premium,378,9,4.25
P004393,Books,16.01,4.64,S0456,1,7,3,0,budget,1354,79,3.96
P004394,Sports & Outdoors,39.21,3.73,S0179,1,4,3,1,budget,968,19,3.06
P004395,Home & Kitchen,71.3,4.44,S0349,1,0,7,0,budget,1394,9,3.89
P004396,Home & Kitchen,45.46,3.93,S0252,1,5,4,1,mid,618,25,3.87
P004397,Clothing,87.26,3.91,S0261,0,0,7,0,budget,1174,6,3.83
P004398,Beauty,25.13,4.81,S0400,0,0,4,1,mid,322,11,4.18
P004399,Electronics,103.71,3.82,S0146,0,5,4,0,budget,1732,168,3.35
P004400,Toys & Games,11.62,3.89,S0438,1,2,5,0,budget,1236,8,3.63
P004401,Toys & Games,28.86,3.78,S0493,0,0,4,0,budget,1171,27,4.13
P004402,Beauty,13.07,2.88,S0058,1,3,5,0,premium,272,467,2.52
P004403,Electronics,82.3,4.81,S0256,1,3,5,0,budget,1610,44,4.74
P004404,Clothing,61.75,2.71,S0009,0,4,7,0,budget,515,17,2.51
P004405,Home & Kitchen,18.93,3.93,S0170,1,7,7,0,budget,246,3,3.79
P004406,Sports & Outdoors,151.67,3.56,S0187,0,0,6,1,premium,892,40,3.51
P004407,Food & Grocery,24.21,4.48,S0332,1,5,7,0,mid,1741,13,4.08
P004408,Home & Kitchen,53.57,3.99,S0196,1,5,4,0,premium,780,64,3.58
P004409,Health,20.42,4.34,S0182,1,7,6,1,budget,43,14,3.84
P004410,Electronics,292.65,2.81,S0387,0,3,5,0,budget,1641,46,2.63
P004411,Home & Kitchen,54.9,4.25,S0380,1,1,5,0,mid,1187,187,4.18
P004412,Electronics,122.57,3.58,S0005,0,7,6,0,mid,1182,74,3.62
P004413,Beauty,31.57,2.72,S0169,1,0,4,1,premium,1015,6,2.81
P004414,Electronics,67.4,3.8,S0383,0,3,4,0,budget,152,36,3.28
P004415,Clothing,16.87,4.48,S0052,0,5,5,0,premium,1268,105,3.86
P004416,Toys & Games,16.34,4.33,S0269,0,0,3,0,mid,283,5,3.65
P004417,Books,22.2,3.23,S0247,1,2,5,0,mid,397,250,2.95
P004418,Electronics,184.64,4.06,S0349,1,0,6,0,premium,1067,39,3.93
P004419,Electronics,347.15,3.3,S0339,1,6,3,0,mid,946,66,2.8
P004420,Books,10.36,3.83,S0255,1,2,5,1,mid,429,21,3.39
P004421,Clothing,63.53,2.45,S0207,0,4,4,1,mid,147,35,2.4
P004422,Clothing,42.03,1.72,S0396,1,1,3,0,budget,376,11,1.45
P004423,Sports & Outdoors,36.91,3.65,S0192,0,5,3,1,budget,108,211,3.23
P004424,Clothing,56.7,4.33,S0219,1,6,5,0,premium,1777,284,4.23
P004425,Sports & Outdoors,62.48,2.2,S0210,0,0,5,0,premium,168,435,1.99
P004426,Home & Kitchen,37.71,3.61,S0173,0,5,5,0,premium,1285,3,3.03
P004427,Clothing,46.15,4.0,S0315,0,5,3,0,mid,694,49,3.63
P004428,Electronics,171.17,3.55,S0319,1,0,3,0,mid,565,55,3.33
P004429,Clothing,41.04,4.64,S0450,0,2,3,0,budget,35,14,4.93
P004430,Electronics,144.43,2.96,S0223,1,6,6,0,mid,79,51,3.12
P004431,Clothing,20.57,4.36,S0381,1,3,6,1,mid,1794,5,4.88
P004432,Health,39.74,3.0,S0152,0,0,5,0,mid,1437,193,2.38
P004433,Toys & Games,19.77,3.9,S0482,1,5,3,0,mid,528,5,3.93
P004434,Home & Kitchen,29.82,4.12,S0457,0,6,3,0,budget,1051,44,4.17
P004435,Books,15.58,3.29,S0296,1,3,4,0,mid,1617,85,2.97
P004436,Books,27.96,1.03,S0362,1,0,7,0,mid,581,16,1.0
P004437,Toys & Games,35.77,4.14,S0290,0,1,3,0,premium,1731,171,3.95
P004438,Clothing,32.72,3.04,S0099,1,3,5,0,mid,963,3,2.64
P004439,Clothing,31.94,3.23,S0471,0,3,5,0,mid,835,31,2.56
P004440,Clothing,65.9,2.89,S0371,0,6,7,0,mid,1616,4,2.18
P004441,Electronics,43.92,4.67,S0210,1,5,4,0,budget,839,13,3.75
P004442,Clothing,72.61,3.84,S0127,1,2,4,1,budget,142,18,3.53
P004443,Health,12.34,4.04,S0335,1,5,6,0,premium,292,17,3.84
P004444,Food & Grocery,9.41,3.81,S0216,1,0,5,0,budget,1325,152,3.14
P004445,Electronics,135.88,2.88,S0415,0,1,3,0,mid,1147,8,2.74
P004446,Home & Kitchen,202.23,3.59,S0109,0,6,6,0,mid,1557,5,3.37
P004447,Home & Kitchen,150.47,3.48,S0261,1,7,7,0,premium,378,19,3.24
P004448,Books,27.5,4.4,S0057,1,5,7,0,mid,951,37,4.16
P004449,Books,22.29,4.2,S0357,1,3,3,0,mid,693,60,3.84
P004450,Electronics,60.52,4.27,S0200,1,7,6,1,mid,1730,132,4.24
P004451,Health,41.75,4.7,S0097,1,2,6,1,budget,1445,2,4.42
P004452,Automotive,53.94,4.11,S0278,0,5,6,0,mid,440,251,3.32
P004453,Sports & Outdoors,39.82,2.46,S0286,1,5,5,0,budget,1345,12,2.77
P004454,Sports & Outdoors,71.33,3.56,S0152,0,0,6,0,mid,1306,23,2.92
P004455,Books,13.57,2.71,S0470,1,7,5,1,budget,720,34,2.43
P004456,Clothing,75.81,2.75,S0038,0,5,3,0,premium,782,2,3.24
P004457,Electronics,57.9,3.9,S0167,0,1,3,1,budget,449,19,3.66
P004458,Sports & Outdoors,67.99,2.81,S0125,0,6,6,0,budget,700,108,2.28
P004459,Electronics,109.17,4.8,S0463,1,3,5,1,mid,209,70,4.42
P004460,Toys & Games,25.03,2.05,S0123,1,0,5,1,budget,1156,18,2.0
P004461,Home & Kitchen,66.03,2.22,S0111,1,5,7,0,budget,918,42,2.06
P004462,Home & Kitchen,28.13,2.72,S0296,1,1,4,1,premium,1108,57,2.3
P004463,Clothing,49.66,4.65,S0131,0,4,7,0,budget,1733,24,3.8
P004464,Automotive,66.03,3.16,S0142,0,5,4,0,mid,679,59,2.49
P004465,Electronics,124.46,3.69,S0123,0,1,5,0,mid,254,12,3.09
P004466,Electronics,139.49,3.78,S0267,1,6,4,1,budget,694,10,3.79
P004467,Electronics,168.62,3.38,S0375,1,3,6,0,budget,653,23,2.68
P004468,Sports & Outdoors,41.0,2.49,S0236,0,2,3,1,mid,879,1,2.29
P004469,Automotive,75.32,2.07,S0445,1,0,4,0,premium,1524,76,2.28
P004470,Clothing,38.08,4.3,S0134,1,5,4,0,mid,1787,36,4.07
P004471,Health,26.33,4.67,S0423,1,1,6,0,budget,1149,25,4.63
P004472,Clothing,116.81,3.85,S0371,0,1,3,0,budget,1443,86,3.29
P004473,Sports & Outdoors,83.39,2.92,S0037,1,2,6,0,mid,539,52,2.82
P004474,Electronics,147.04,1.0,S0334,0,3,6,0,mid,678,118,1.25
P004475,Books,19.65,4.21,S0497,1,7,6,0,budget,1582,220,4.07
P004476,Sports & Outdoors,35.1,3.18,S0341,0,5,5,0,mid,672,49,3.13
P004477,Books,13.85,2.39,S0130,0,5,6,0,premium,686,13,1.79
P004478,Clothing,37.14,4.64,S0217,0,1,3,0,premium,1617,79,4.38
P004479,Toys & Games,15.14,2.92,S0435,1,5,5,0,mid,1448,14,2.77
P004480,Automotive,94.62,4.49,S0159,1,2,6,1,premium,1409,13,4.0
P004481,Home & Kitchen,40.61,3.7,S0238,1,3,4,0,mid,1313,23,3.15
P004482,Sports & Outdoors,52.52,4.73,S0296,1,5,3,0,budget,1186,132,4.39
P004483,Toys & Games,22.75,3.37,S0414,1,1,4,1,mid,1004,81,2.74
P004484,Clothing,265.63,3.59,S0480,0,2,5,0,mid,1294,95,3.1
P004485,Health,25.53,3.73,S0353,1,3,3,0,premium,91,38,3.64
P004486,Clothing,13.01,3.84,S0217,0,6,7,0,premium,130,65,3.77
P004487,Toys & Games,12.25,3.13,S0206,0,7,6,0,mid,1569,68,2.96
P004488,Electronics,291.76,3.91,S0333,0,7,6,0,mid,193,14,3.38
P004489,Clothing,100.34,2.86,S0037,0,4,7,1,budget,1179,67,2.24
P004490,Books,11.96,4.76,S0222,1,5,5,1,mid,588,32,4.05
P004491,Books,38.77,1.72,S0178,1,5,6,1,mid,1351,20,1.93
P004492,Health,59.3,3.02,S0467,1,6,5,0,mid,866,21,2.78
P004493,Automotive,66.94,2.38,S0428,0,5,6,0,budget,566,17,2.11
P004494,Electronics,158.24,2.62,S0133,1,7,3,0,mid,1288,23,2.41
P004495,Clothing,50.16,1.4,S0328,1,3,7,0,budget,1765,32,1.47
P004496,Home & Kitchen,93.11,3.9,S0230,0,5,5,0,mid,1414,73,3.2
P004497,Home & Kitchen,69.81,3.7,S0416,1,4,5,1,budget,434,202,3.18
P004498,Books,11.99,4.27,S0247,0,6,4,1,premium,1596,65,4.04
P004499,Health,34.23,4.65,S0321,0,7,5,0,premium,1797,38,4.26
P004500,Toys & Games,105.06,4.32,S0365,1,0,5,0,mid,509,3,4.22
P004501,Electronics,215.1,4.48,S0412,0,6,4,0,budget,1180,603,4.26
P004502,Home & Kitchen,92.66,3.4,S0361,1,6,7,0,mid,1353,14,2.83
P004503,Sports & Outdoors,89.87,3.06,S0149,1,6,5,0,budget,1131,14,1.75
P004504,Home & Kitchen,64.8,4.13,S0370,0,2,6,0,budget,1790,150,3.78
P004505,Electronics,197.47,4.19,S0159,1,4,7,0,mid,476,8,3.46
P004506,Home & Kitchen,94.23,4.39,S0367,0,0,6,0,budget,398,51,4.1
P004507,Home & Kitchen,84.65,2.99,S0475,0,0,4,0,premium,1598,19,3.17
P004508,Clothing,52.72,4.23,S0235,0,4,6,0,premium,153,24,3.5
P004509,Beauty,18.47,2.27,S0447,1,7,3,0,premium,85,35,2.24
P004510,Clothing,56.71,3.34,S0078,1,1,6,1,budget,1616,7,3.27
P004511,Sports & Outdoors,62.44,4.28,S0213,1,6,3,0,mid,1532,28,3.96
P004512,Books,14.96,3.8,S0436,1,0,5,0,budget,268,113,3.52
P004513,Health,189.59,2.28,S0366,1,0,4,0,mid,1492,30,1.43
P004514,Electronics,73.47,2.64,S0163,1,4,7,0,mid,1304,2204,2.4
P004515,Electronics,328.8,3.7,S0251,0,2,6,0,mid,1633,36,3.33
P004516,Clothing,26.82,3.09,S0056,1,0,6,0,budget,715,7,3.1
P004517,Home & Kitchen,59.5,3.36,S0409,1,7,6,0,budget,603,17,3.31
P004518,Clothing,210.15,4.8,S0065,0,7,6,1,budget,659,3,4.17
P004519,Toys & Games,17.96,3.67,S0283,1,0,3,0,budget,1191,120,2.73
P004520,Clothing,29.15,3.87,S0248,1,7,3,1,budget,1694,227,3.0
P004521,Electronics,183.07,4.4,S0309,1,0,7,0,premium,1694,91,4.38
P004522,Home & Kitchen,33.08,3.42,S0213,1,5,5,0,budget,651,12,3.05
P004523,Toys & Games,54.39,3.41,S0043,1,6,6,1,budget,149,11,2.64
P004524,Health,27.57,3.89,S0332,1,2,4,0,premium,751,80,3.1
P004525,Beauty,41.46,4.14,S0448,1,1,7,1,premium,821,17,3.8
P004526,Books,8.11,3.47,S0306,1,4,3,0,mid,57,11,3.16
P004527,Beauty,9.47,3.75,S0022,1,7,5,1,premium,1760,10,3.87
P004528,Beauty,24.41,3.13,S0054,0,0,6,0,budget,354,311,2.79
P004529,Clothing,17.56,3.33,S0138,0,6,5,0,mid,1053,18,3.11
P004530,Books,44.76,4.23,S0149,1,4,7,0,premium,669,89,3.79
P004531,Toys & Games,12.78,4.93,S0062,0,7,3,0,mid,1292,64,4.68
P004532,Clothing,24.14,3.46,S0449,0,2,6,0,budget,1208,11,3.64
P004533,Sports & Outdoors,83.31,4.69,S0369,0,5,7,0,mid,1643,34,4.5
P004534,Books,12.66,3.47,S0384,1,3,3,0,mid,143,9,3.71
P004535,Books,7.24,3.4,S0482,1,5,6,0,premium,524,188,3.22
P004536,Electronics,629.13,3.31,S0436,1,1,3,0,mid,648,11,2.5
P004537,Sports & Outdoors,35.64,4.75,S0086,1,3,6,1,budget,1619,51,4.03
P004538,Health,33.78,4.51,S0011,0,7,4,0,mid,676,18,4.31
P004539,Electronics,163.18,3.68,S0365,0,6,7,0,budget,933,10,3.24
P004540,Home & Kitchen,84.23,4.7,S0457,1,1,4,0,budget,1430,120,4.23
P004541,Electronics,244.15,2.33,S0351,0,0,4,0,budget,1654,17,1.85
P004542,Electronics,112.65,2.07,S0431,0,3,3,0,mid,516,3,2.3
P004543,Automotive,61.68,3.16,S0305,0,1,6,0,mid,1200,55,3.3
P004544,Books,15.71,4.63,S0227,0,2,3,0,mid,1608,14,4.1
P004545,Home & Kitchen,86.2,3.85,S0066,1,1,6,0,budget,506,40,3.4
P004546,Clothing,22.32,2.82,S0337,1,4,4,0,mid,1700,92,2.92
P004547,Automotive,251.73,3.15,S0146,0,0,7,0,mid,727,50,3.15
P004548,Clothing,28.54,3.79,S0136,1,7,3,0,mid,422,96,2.92
P004549,Beauty,27.85,1.36,S0438,0,0,6,0,mid,1439,6,1.43
P004550,Clothing,22.44,4.07,S0330,0,1,3,1,premium,698,139,3.81
P004551,Electronics,84.9,2.99,S0223,0,4,3,1,budget,764,23,2.75
P004552,Beauty,16.57,4.46,S0400,1,1,7,0,premium,1328,5,3.75
P004553,Electronics,103.34,4.45,S0367,0,4,7,0,premium,422,1,3.75
P004554,Beauty,21.84,2.83,S0242,1,0,7,1,mid,505,22,1.62
P004555,Clothing,25.01,3.34,S0489,0,6,3,1,premium,1296,12,2.81
P004556,Beauty,42.5,4.21,S0015,1,4,7,0,mid,1492,13,3.2
P004557,Toys & Games,20.0,3.79,S0247,0,2,5,0,premium,348,49,3.25
P004558,Beauty,16.38,4.47,S0209,0,4,4,1,mid,1753,260,4.14
P004559,Electronics,146.14,4.18,S0062,1,4,4,0,premium,118,11,3.41
P004560,Beauty,50.8,3.98,S0363,1,6,3,1,budget,1147,36,3.98
P004561,Automotive,85.32,2.7,S0051,1,5,6,1,mid,772,16,3.02
P004562,Clothing,42.39,2.52,S0352,0,6,5,0,budget,315,10,2.34
P004563,Clothing,19.05,1.51,S0378,0,6,3,0,premium,1415,9,1.54
P004564,Toys & Games,16.12,3.82,S0244,0,0,6,0,budget,33,237,2.95
P004565,Electronics,85.91,4.35,S0123,1,6,5,1,mid,525,33,3.97
P004566,Sports & Outdoors,142.38,4.43,S0493,1,7,6,0,premium,755,26,3.57
P004567,Beauty,38.5,2.9,S0353,1,1,3,1,mid,1255,14,2.09
P004568,Electronics,110.32,4.25,S0059,1,6,7,0,mid,431,35,3.45
P004569,Books,12.83,3.5,S0369,0,4,4,0,mid,123,15,3.1
P004570,Books,10.97,4.67,S0080,1,5,5,0,mid,1399,335,4.19
P004571,Clothing,26.45,3.73,S0312,1,5,3,0,premium,175,44,3.34
P004572,Health,50.09,2.57,S0130,0,2,7,1,premium,861,39,1.96
P004573,Electronics,155.68,4.31,S0318,1,7,5,0,mid,1212,38,3.91
P004574,Home & Kitchen,191.72,4.59,S0402,0,5,6,0,mid,1149,159,3.92
P004575,Health,80.46,2.77,S0392,1,3,6,0,mid,215,32,2.53
P004576,Clothing,98.73,3.72,S0382,1,4,3,1,premium,1103,18,3.28
P004577,Toys & Games,47.87,3.6,S0354,1,7,6,1,mid,52,40,2.7
P004578,Electronics,143.56,4.16,S0387,1,2,4,0,mid,94,85,3.54
P004579,Books,25.77,3.94,S0452,0,7,5,0,mid,447,136,3.71
P004580,Electronics,150.06,3.99,S0440,0,0,5,0,budget,1283,42,3.84
P004581,Beauty,74.47,4.37,S0387,1,6,6,0,premium,404,43,3.56
P004582,Toys & Games,40.78,3.09,S0222,0,4,4,0,budget,1491,108,2.55
P004583,Health,44.48,4.64,S0147,1,5,7,1,budget,274,1,4.04
P004584,Automotive,80.94,3.56,S0160,0,4,5,0,mid,864,36,3.56
P004585,Beauty,79.55,3.99,S0307,1,3,6,1,mid,881,16,3.73
P004586,Toys & Games,13.54,3.37,S0301,0,1,6,0,mid,1060,35,2.65
P004587,Books,54.24,3.04,S0214,0,1,5,0,budget,703,50,2.88
P004588,Food & Grocery,19.68,3.47,S0205,0,7,5,1,budget,284,147,3.5
P004589,Sports & Outdoors,27.96,3.08,S0363,1,3,6,0,budget,1317,6,2.84
P004590,Health,24.2,1.26,S0262,1,1,7,0,mid,1195,13,1.0
P004591,Clothing,16.71,3.67,S0010,1,1,4,0,premium,1191,11,3.56
P004592,Books,26.64,3.68,S0071,0,2,4,0,premium,1693,15,3.37
P004593,Beauty,15.02,3.74,S0166,0,5,7,0,mid,1598,6,3.29
P004594,Clothing,49.79,4.77,S0199,1,2,7,0,mid,1290,430,4.56
P004595,Clothing,88.87,3.75,S0367,1,3,4,0,mid,799,94,3.37
P004596,Automotive,50.11,4.38,S0237,1,5,4,0,premium,55,13,3.97
P004597,Home & Kitchen,46.83,3.58,S0214,1,4,6,0,mid,414,33,3.48
P004598,Clothing,20.59,3.0,S0044,0,0,7,1,budget,577,19,2.55
P004599,Clothing,35.65,4.71,S0031,1,3,7,1,budget,554,39,3.89
P004600,Home & Kitchen,257.69,2.05,S0498,0,5,4,1,mid,1718,13,1.94
P004601,Sports & Outdoors,103.66,4.04,S0431,1,5,4,0,mid,142,5,4.1
P004602,Food & Grocery,18.77,4.84,S0019,0,3,5,0,premium,1212,16,3.67
P004603,Automotive,51.96,3.56,S0227,1,1,3,0,budget,887,173,3.42
P004604,Sports & Outdoors,63.36,4.55,S0460,0,1,7,1,premium,604,5,4.11
P004605,Beauty,30.27,3.26,S0357,0,0,4,0,premium,1329,123,2.77
P004606,Clothing,35.0,2.95,S0041,1,0,4,0,mid,1092,64,2.46
P004607,Health,52.23,4.86,S0215,1,7,7,1,budget,1522,20,4.64
P004608,Clothing,25.4,4.55,S0430,0,3,7,0,budget,319,81,4.3
P004609,Electronics,104.1,2.32,S0150,0,2,7,0,mid,509,42,1.78
P004610,Automotive,93.65,2.85,S0275,1,3,5,0,budget,1666,2,2.66
P004611,Health,18.85,4.08,S0162,0,4,6,1,premium,1571,20,4.08
P004612,Clothing,69.69,4.66,S0099,1,1,5,1,mid,720,21,4.4
P004613,Beauty,27.76,4.86,S0430,1,7,3,0,mid,746,187,3.87
P004614,Home & Kitchen,18.37,3.92,S0116,0,3,6,0,mid,370,20,3.72
P004615,Clothing,48.06,3.94,S0292,0,4,3,0,budget,171,25,3.17
P004616,Clothing,16.37,4.39,S0176,1,4,3,1,mid,162,8,4.02
P004617,Electronics,280.44,3.03,S0307,1,7,4,0,mid,41,30,2.5
P004618,Books,15.5,4.18,S0398,1,7,6,0,budget,91,7,3.88
P004619,Home & Kitchen,167.0,4.14,S0277,0,1,6,1,budget,692,121,3.53
P004620,Books,34.23,1.79,S0074,0,5,3,0,mid,1171,19,1.3
P004621,Clothing,23.81,2.43,S0144,0,1,6,0,mid,1169,7,2.28
P004622,Food & Grocery,6.54,4.79,S0122,1,0,6,0,budget,1236,144,4.35
P004623,Sports & Outdoors,41.32,4.54,S0345,1,4,5,1,mid,1170,6,4.33
P004624,Health,18.26,3.49,S0347,1,3,6,1,premium,1195,44,2.98
P004625,Electronics,553.24,4.82,S0072,1,3,5,0,mid,711,5,3.88
P004626,Sports & Outdoors,64.6,4.7,S0307,1,0,3,0,budget,586,47,4.43
P004627,Health,66.53,2.99,S0233,1,5,3,0,mid,782,119,3.13
P004628,Clothing,37.93,2.93,S0211,0,4,3,0,mid,1432,15,2.46
P004629,Clothing,40.4,4.12,S0430,0,0,5,0,premium,987,8,3.85
P004630,Clothing,44.13,2.57,S0031,0,2,6,0,mid,1516,8,2.22
P004631,Clothing,87.41,4.21,S0364,1,1,3,1,budget,614,30,4.37
P004632,Home & Kitchen,66.31,4.75,S0280,0,7,3,0,budget,1097,334,4.12
P004633,Clothing,23.86,3.51,S0130,1,5,6,0,budget,1168,119,3.15
P004634,Clothing,119.12,2.73,S0115,1,3,6,0,mid,1119,134,1.85
P004635,Sports & Outdoors,54.53,3.31,S0082,0,0,7,0,budget,218,9,3.45
P004636,Electronics,140.76,3.94,S0307,0,6,7,0,mid,370,123,3.39
P004637,Home & Kitchen,10.07,2.27,S0328,1,2,7,1,mid,1130,108,2.43
P004638,Beauty,40.97,3.54,S0138,0,4,3,0,mid,1548,47,2.98
P004639,Electronics,196.56,4.39,S0191,1,5,4,0,budget,886,15,3.93
P004640,Clothing,47.78,2.79,S0491,0,3,5,0,budget,179,106,2.28
P004641,Clothing,35.34,4.36,S0353,0,7,6,1,mid,1569,14,3.64
P004642,Electronics,131.0,3.82,S0296,0,1,7,0,mid,1450,72,3.35
P004643,Home & Kitchen,44.06,3.73,S0060,0,2,7,1,mid,1464,20,3.32
P004644,Electronics,244.26,4.91,S0286,1,1,7,0,mid,771,10,4.31
P004645,Clothing,66.03,4.51,S0197,1,2,3,0,premium,1179,20,3.6
P004646,Automotive,65.29,4.44,S0419,0,6,3,0,mid,203,351,4.08
P004647,Food & Grocery,38.88,2.01,S0097,0,3,5,0,budget,76,8,1.22
P004648,Clothing,42.92,3.34,S0497,0,7,7,1,budget,138,108,2.9
P004649,Clothing,33.25,2.78,S0471,0,7,4,0,premium,783,90,2.03
P004650,Home & Kitchen,61.95,1.66,S0390,0,2,4,0,budget,1779,26,1.76
P004651,Health,16.81,3.66,S0251,0,6,4,1,budget,126,17,3.66
P004652,Toys & Games,36.8,3.92,S0297,1,3,6,1,premium,1037,7,3.71
P004653,Electronics,73.34,1.63,S0454,1,3,6,0,budget,1368,155,1.32
P004654,Electronics,99.86,3.52,S0432,1,2,4,0,mid,816,7,2.95
P004655,Home & Kitchen,16.38,4.18,S0405,1,0,3,0,budget,122,1,3.69
P004656,Health,34.21,2.33,S0091,0,3,4,0,mid,1668,47,2.08
P004657,Health,99.82,3.97,S0204,0,5,4,0,budget,1621,6,3.72
P004658,Electronics,172.45,3.47,S0383,0,6,5,0,premium,849,29,3.24
P004659,Books,26.48,3.13,S0063,0,3,4,0,budget,1518,6,2.21
P004660,Electronics,758.8,2.19,S0340,0,1,3,0,budget,1529,16,2.17
P004661,Beauty,35.68,3.39,S0180,0,3,7,0,mid,1182,35,3.17
P004662,Food & Grocery,13.9,3.19,S0282,0,2,5,0,mid,1541,45,2.64
P004663,Home & Kitchen,37.74,3.27,S0460,1,7,4,1,mid,1268,165,2.65
P004664,Electronics,185.07,3.66,S0434,0,5,4,0,mid,1357,33,3.31
P004665,Books,12.31,3.56,S0184,1,7,6,1,mid,225,37,3.26
P004666,Home & Kitchen,39.35,3.94,S0355,0,2,7,1,premium,198,24,3.22
P004667,Toys & Games,57.79,4.26,S0006,1,3,5,0,mid,308,100,3.85
P004668,Home & Kitchen,101.8,3.91,S0359,1,0,5,0,mid,1719,8,3.57
P004669,Health,14.15,3.11,S0069,1,1,4,0,budget,759,19,3.06
P004670,Clothing,27.54,3.8,S0455,0,2,6,0,mid,1140,33,3.39
P004671,Electronics,140.04,2.79,S0149,0,3,6,0,premium,1046,11,1.9
P004672,Clothing,64.46,3.91,S0350,1,5,3,0,budget,753,176,3.59
P004673,Electronics,367.31,3.24,S0334,1,1,5,0,budget,1285,48,2.41
P004674,Clothing,227.66,2.06,S0128,0,7,7,0,budget,1386,7,1.6
P004675,Sports & Outdoors,49.16,4.77,S0420,1,6,4,0,mid,1719,54,3.89
P004676,Electronics,144.16,4.3,S0092,0,7,5,0,mid,160,159,4.02
P004677,Electronics,263.35,4.75,S0451,0,2,6,1,mid,664,13,3.95
P004678,Electronics,122.86,4.14,S0257,0,4,3,1,premium,345,169,4.03
P004679,Electronics,170.0,3.24,S0234,1,4,5,0,mid,997,45,2.57
P004680,Health,29.62,3.7,S0118,0,6,6,0,premium,1229,42,2.73
P004681,Food & Grocery,4.56,3.37,S0005,0,6,5,0,mid,348,139,2.93
P004682,Electronics,199.2,4.53,S0350,1,4,4,1,budget,1144,42,3.68
P004683,Toys & Games,28.68,3.21,S0367,0,7,7,0,mid,119,52,3.28
P004684,Beauty,60.04,3.62,S0422,1,3,4,1,mid,958,36,3.05
P004685,Automotive,75.25,3.96,S0483,0,2,5,0,mid,1755,4,3.91
P004686,Home & Kitchen,25.91,3.68,S0146,1,1,4,1,mid,1224,54,3.22
P004687,Clothing,38.54,3.53,S0284,1,3,7,1,mid,1414,44,3.28
P004688,Home & Kitchen,15.68,2.07,S0457,1,2,5,0,budget,1711,20,1.7
P004689,Health,18.38,3.71,S0284,0,1,4,0,mid,951,1,4.05
P004690,Beauty,41.0,2.54,S0374,1,3,4,0,mid,260,69,1.94
P004691,Home & Kitchen,47.41,2.65,S0357,1,2,5,0,premium,1064,11,1.47
P004692,Clothing,78.27,2.64,S0495,1,7,6,0,mid,636,8,2.45
P004693,Beauty,8.6,2.25,S0171,0,2,6,0,budget,1723,7,1.72
P004694,Health,32.86,4.26,S0100,1,4,3,1,mid,549,3,3.9
P004695,Home & Kitchen,41.35,3.56,S0458,0,6,3,1,mid,963,57,3.18
P004696,Sports & Outdoors,115.34,4.26,S0231,0,7,3,0,mid,1685,559,3.68
P004697,Home & Kitchen,82.35,1.91,S0097,0,5,7,0,mid,1355,16,1.6
P004698,Home & Kitchen,80.86,3.58,S0321,0,2,3,0,mid,361,88,3.34
P004699,Books,45.39,2.96,S0426,0,4,3,1,mid,1570,29,2.56
P004700,Toys & Games,25.66,3.48,S0382,1,0,5,1,mid,680,46,3.09
P004701,Automotive,167.09,3.51,S0169,1,2,3,1,mid,1285,30,3.01
P004702,Home & Kitchen,29.39,3.5,S0456,1,7,3,0,mid,1633,84,3.64
P004703,Home & Kitchen,28.75,3.2,S0021,1,0,3,0,budget,1763,7,3.27
P004704,Home & Kitchen,86.4,3.92,S0446,1,2,3,1,budget,1215,37,3.09
P004705,Electronics,75.0,4.45,S0092,0,0,5,0,budget,1337,129,4.01
P004706,Clothing,63.45,4.25,S0119,0,4,4,0,premium,85,76,3.58
P004707,Electronics,196.59,2.75,S0158,0,6,4,1,premium,1712,48,2.1
P004708,Home & Kitchen,104.63,4.1,S0212,1,0,7,1,premium,1729,37,2.73
P004709,Electronics,178.52,3.12,S0024,0,1,7,0,budget,410,21,2.71
P004710,Home & Kitchen,56.88,4.32,S0360,0,6,3,0,premium,136,21,3.81
P004711,Toys & Games,43.44,4.55,S0066,0,2,7,1,premium,1704,5,4.5
P004712,Clothing,30.24,4.06,S0067,1,0,3,0,budget,953,60,3.97
P004713,Sports & Outdoors,42.55,4.31,S0003,0,0,5,0,mid,343,170,4.03
P004714,Health,50.51,4.43,S0480,1,7,5,0,premium,458,47,4.21
P004715,Books,17.69,3.65,S0025,1,7,6,0,mid,1202,33,3.54
P004716,Clothing,35.24,2.17,S0374,0,1,5,1,premium,1148,67,2.1
P004717,Home & Kitchen,52.33,3.7,S0317,1,2,6,0,mid,1112,2,3.75
P004718,Sports & Outdoors,169.21,4.55,S0415,1,1,3,0,budget,532,18,3.71
P004719,Books,13.8,2.92,S0226,0,3,5,0,budget,1379,30,2.48
P004720,Electronics,139.37,2.47,S0454,1,6,7,0,budget,1477,4,2.03
P004721,Home & Kitchen,19.74,3.62,S0236,1,6,5,0,mid,102,40,3.09
P004722,Books,17.55,4.14,S0089,0,3,6,0,budget,1030,3,3.68
P004723,Clothing,66.74,4.05,S0452,0,5,3,0,mid,1265,75,4.13
P004724,Sports & Outdoors,107.35,3.74,S0212,0,2,5,0,premium,583,43,3.63
P004725,Electronics,197.41,3.42,S0004,0,7,3,0,budget,1266,26,3.44
P004726,Clothing,79.85,4.78,S0326,1,4,5,0,mid,1562,82,4.28
P004727,Toys & Games,49.62,1.67,S0161,1,7,4,1,premium,1616,39,1.47
P004728,Clothing,87.74,3.18,S0412,1,2,6,1,premium,1405,58,3.04
P004729,Sports & Outdoors,117.33,4.31,S0077,1,7,6,1,premium,1281,46,4.01
P004730,Home & Kitchen,141.08,4.27,S0370,1,2,3,0,mid,902,11,3.97
P004731,Clothing,40.64,2.86,S0416,0,5,4,1,budget,199,217,3.27
P004732,Food & Grocery,9.92,4.51,S0061,1,0,7,1,mid,899,147,4.23
P004733,Home & Kitchen,81.91,3.43,S0293,1,1,3,0,premium,1418,55,2.85
P004734,Clothing,71.88,3.11,S0323,0,4,3,0,mid,858,39,2.59
P004735,Health,97.47,3.99,S0461,0,4,7,0,budget,1671,81,3.84
P004736,Beauty,60.4,3.75,S0148,0,1,5,1,mid,985,150,3.6
P004737,Beauty,89.97,3.89,S0244,1,0,6,0,mid,42,325,3.79
P004738,Electronics,268.34,4.0,S0204,1,6,4,0,premium,1548,17,3.76
P004739,Electronics,212.22,3.47,S0187,1,1,5,0,budget,815,116,2.81
P004740,Sports & Outdoors,28.32,4.62,S0498,1,6,6,0,budget,160,29,4.62
P004741,Clothing,54.14,3.19,S0328,1,1,4,0,mid,1247,4,3.27
P004742,Clothing,32.3,3.5,S0079,0,2,7,1,premium,717,90,3.03
P004743,Toys & Games,36.33,2.03,S0433,1,0,7,0,premium,1418,192,1.94
P004744,Clothing,46.5,4.34,S0053,1,4,6,0,budget,1357,106,3.96
P004745,Electronics,245.52,2.11,S0439,1,4,4,0,mid,1708,27,1.79
P004746,Electronics,174.51,3.46,S0205,0,4,4,1,mid,1736,52,2.77
P004747,Home & Kitchen,96.38,2.97,S0339,1,5,3,1,budget,1365,76,2.85
P004748,Sports & Outdoors,12.69,4.5,S0433,1,5,6,0,mid,301,65,3.6
P004749,Health,42.59,2.92,S0436,0,1,7,1,mid,1479,144,2.45
P004750,Electronics,380.64,4.05,S0082,1,3,7,0,premium,106,102,4.16
P004751,Clothing,138.2,3.65,S0203,0,0,7,1,mid,842,16,3.41
P004752,Books,27.93,4.15,S0040,1,5,3,1,premium,1455,34,3.85
P004753,Home & Kitchen,151.15,2.92,S0322,0,3,6,0,budget,1627,18,2.54
P004754,Books,19.92,3.9,S0210,1,1,4,1,mid,1747,40,3.04
P004755,Food & Grocery,22.04,3.05,S0500,1,7,3,0,mid,254,3,2.87
P004756,Books,24.73,2.49,S0317,1,3,5,1,budget,1294,334,2.39
P004757,Home & Kitchen,54.89,3.99,S0220,0,0,6,0,mid,176,12,3.83
P004758,Automotive,46.9,4.15,S0078,1,0,6,0,mid,1010,17,3.62
P004759,Electronics,135.8,3.6,S0144,0,2,5,0,mid,648,36,3.12
P004760,Food & Grocery,11.29,3.39,S0403,0,7,3,0,premium,443,6,3.22
P004761,Books,24.71,3.6,S0072,0,0,3,0,budget,1354,22,2.86
P004762,Books,18.12,3.17,S0423,1,3,3,1,budget,1726,40,3.1
P004763,Food & Grocery,17.72,4.43,S0302,1,3,6,0,budget,643,239,3.94
P004764,Books,12.81,3.67,S0262,0,4,5,0,mid,1308,39,3.39
P004765,Home & Kitchen,74.47,3.12,S0239,1,4,4,1,budget,1384,20,3.5
P004766,Clothing,71.88,2.02,S0016,0,3,6,0,budget,1258,8,1.74
P004767,Sports & Outdoors,32.99,3.31,S0114,0,6,4,0,budget,617,430,3.02
P004768,Books,8.31,4.16,S0259,1,0,4,1,mid,1591,36,3.75
P004769,Clothing,79.79,3.28,S0243,0,3,7,1,mid,1280,36,2.36
P004770,Beauty,12.27,2.69,S0108,1,0,5,1,mid,1579,6,2.6
P004771,Sports & Outdoors,90.28,4.14,S0402,0,2,6,0,mid,465,62,3.02
P004772,Home & Kitchen,145.11,3.22,S0224,0,2,7,0,mid,172,16,3.13
P004773,Electronics,488.77,4.82,S0194,1,7,4,1,budget,1247,193,4.13
P004774,Home & Kitchen,85.63,4.25,S0380,1,5,3,0,mid,65,57,3.6
P004775,Electronics,283.06,4.14,S0075,0,1,6,1,budget,381,38,3.71
P004776,Electronics,714.44,3.73,S0028,1,5,4,0,budget,424,6,2.96
P004777,Home & Kitchen,13.55,2.35,S0162,1,6,7,0,mid,373,29,2.08
P004778,Electronics,140.02,4.58,S0001,0,1,4,0,budget,1641,25,3.79
P004779,Clothing,74.87,2.89,S0186,1,4,6,0,mid,1577,38,2.21
P004780,Sports & Outdoors,53.09,2.58,S0067,1,3,6,1,mid,974,3,2.26
P004781,Clothing,94.68,3.84,S0330,0,7,6,0,premium,1225,11,3.82
P004782,Automotive,73.25,4.11,S0023,0,2,6,0,mid,1176,18,3.92
P004783,Food & Grocery,23.81,2.25,S0104,0,5,3,0,mid,1573,60,1.86
P004784,Sports & Outdoors,55.12,4.5,S0131,1,4,7,0,mid,642,3,4.0
P004785,Automotive,54.82,4.0,S0299,0,2,4,0,mid,1276,173,3.44
P004786,Health,27.37,3.68,S0203,1,2,5,1,budget,781,146,2.95
P004787,Clothing,52.95,3.29,S0385,1,6,4,0,mid,931,10,2.65
P004788,Beauty,17.59,3.42,S0390,1,7,4,1,mid,561,640,3.16
P004789,Electronics,327.76,2.62,S0193,0,2,4,0,budget,1363,44,2.14
P004790,Beauty,41.44,3.05,S0016,1,3,5,0,budget,1694,29,2.73
P004791,Books,34.81,3.53,S0481,1,1,7,0,premium,1769,67,2.87
P004792,Electronics,93.97,2.6,S0176,1,3,4,1,mid,759,54,2.58
P004793,Clothing,16.23,2.73,S0269,0,6,7,1,mid,182,38,2.65
P004794,Food & Grocery,21.94,3.23,S0465,1,5,6,0,mid,1509,9,3.37
P004795,Clothing,256.2,3.37,S0327,0,3,6,0,budget,77,19,3.44
P004796,Clothing,96.2,4.5,S0289,1,6,7,0,budget,305,50,3.77
P004797,Clothing,32.27,3.46,S0170,1,4,7,0,mid,1612,90,2.86
P004798,Home & Kitchen,70.95,2.39,S0414,1,3,5,0,mid,591,186,2.26
P004799,Health,58.8,4.66,S0098,0,0,4,1,mid,991,19,3.93
P004800,Beauty,12.32,4.23,S0242,0,0,6,0,mid,351,36,3.88
P004801,Home & Kitchen,125.1,3.57,S0175,1,4,4,0,mid,505,14,3.11
P004802,Clothing,40.7,2.94,S0049,1,0,3,0,mid,549,123,2.92
P004803,Electronics,175.2,3.92,S0139,1,0,4,0,mid,417,22,3.81
P004804,Home & Kitchen,55.79,3.61,S0094,1,2,5,0,mid,1211,16,3.16
P004805,Toys & Games,63.59,3.26,S0046,0,4,7,0,budget,1222,35,2.39
P004806,Beauty,17.8,2.86,S0380,1,5,6,1,budget,280,4,2.88
P004807,Home & Kitchen,19.75,4.61,S0356,0,7,4,0,mid,1762,63,3.97
P004808,Sports & Outdoors,78.9,1.97,S0433,1,5,6,0,mid,978,22,1.77
P004809,Home & Kitchen,16.14,2.06,S0016,1,7,5,0,mid,1306,916,1.81
P004810,Books,15.02,2.93,S0234,1,2,7,0,mid,35,15,2.75
P004811,Books,36.69,3.38,S0331,1,5,6,0,mid,717,24,2.86
P004812,Beauty,39.63,3.51,S0247,0,0,7,0,mid,1770,112,2.82
P004813,Books,33.64,3.28,S0013,1,1,6,0,budget,1549,84,3.0
P004814,Food & Grocery,31.92,2.81,S0226,0,5,5,0,budget,92,114,2.78
P004815,Home & Kitchen,233.58,3.1,S0063,1,2,6,1,mid,1223,23,2.75
P004816,Electronics,129.98,3.63,S0010,1,4,7,0,mid,1365,8,3.23
P004817,Clothing,57.14,2.56,S0366,1,7,4,0,budget,274,813,1.95
P004818,Books,13.84,4.15,S0048,1,6,6,0,budget,1568,61,3.89
P004819,Books,31.96,4.33,S0150,1,2,7,0,premium,348,43,4.07
P004820,Books,17.35,3.43,S0496,1,5,5,0,premium,1793,87,3.05
P004821,Beauty,78.53,3.82,S0475,0,7,5,0,premium,46,6,3.15
P004822,Clothing,32.73,2.08,S0022,0,1,3,1,budget,1180,19,1.9
P004823,Sports & Outdoors,151.21,2.51,S0201,1,4,6,0,mid,451,9,2.31
P004824,Beauty,39.97,3.83,S0175,0,5,7,0,mid,1103,40,3.43
P004825,Home & Kitchen,53.94,3.8,S0311,1,5,6,0,budget,1386,6,3.1
P004826,Home & Kitchen,76.16,4.43,S0346,0,3,7,0,budget,1016,74,4.06
P004827,Electronics,216.4,4.51,S0038,0,3,3,0,budget,1349,137,4.11
P004828,Home & Kitchen,68.1,1.94,S0213,1,4,5,0,premium,1383,131,1.87
P004829,Toys & Games,28.26,3.5,S0140,0,3,6,0,mid,616,56,3.11
P004830,Health,24.94,2.71,S0492,1,2,4,0,budget,1571,41,2.82
P004831,Sports & Outdoors,53.16,1.32,S0146,1,6,7,0,budget,175,20,1.19
P004832,Clothing,16.39,3.83,S0017,0,6,3,0,premium,964,56,3.87
P004833,Beauty,46.4,3.31,S0313,0,5,7,1,mid,1363,29,3.05
P004834,Beauty,13.34,4.58,S0438,1,1,3,0,premium,1304,3,3.77
P004835,Clothing,39.49,4.94,S0411,1,4,3,0,budget,591,15,4.7
P004836,Toys & Games,47.21,4.18,S0068,1,1,7,0,premium,1733,85,3.65
P004837,Electronics,306.13,3.71,S0372,1,1,7,0,budget,1776,8,3.21
P004838,Electronics,63.79,2.56,S0103,1,1,5,0,budget,227,8,2.62
P004839,Electronics,175.08,4.63,S0073,1,1,4,0,premium,200,26,3.79
P004840,Electronics,243.76,3.1,S0265,0,6,5,0,budget,1073,2,2.26
P004841,Health,39.2,2.6,S0403,0,4,4,0,mid,361,79,2.27
P004842,Home & Kitchen,123.2,4.63,S0436,0,5,4,0,budget,149,71,4.26
P004843,Clothing,27.48,4.41,S0310,1,7,3,0,mid,1469,103,4.23
P004844,Home & Kitchen,16.09,4.01,S0208,1,2,6,0,budget,801,43,3.65
P004845,Home & Kitchen,89.44,3.92,S0294,1,1,3,1,mid,1557,11,2.85
P004846,Clothing,32.6,4.12,S0147,0,1,6,0,budget,1315,7,3.42
P004847,Electronics,64.41,2.81,S0068,0,0,4,1,premium,1198,64,2.15
P004848,Sports & Outdoors,59.1,3.49,S0201,1,0,7,0,premium,703,78,2.58
P004849,Electronics,387.1,2.75,S0085,0,4,6,0,premium,1350,8,2.42
P004850,Toys & Games,15.0,4.79,S0048,1,5,5,0,premium,207,7,4.46
P004851,Clothing,182.78,4.19,S0374,1,2,5,1,mid,579,32,4.06
P004852,Beauty,16.94,3.18,S0420,1,4,4,1,budget,1498,39,3.01
P004853,Toys & Games,33.71,4.17,S0375,1,1,3,1,budget,1232,101,3.59
P004854,Electronics,89.02,4.49,S0458,1,5,3,0,mid,461,73,4.37
P004855,Electronics,189.68,3.14,S0243,0,5,5,0,mid,1535,30,2.76
P004856,Food & Grocery,20.3,3.61,S0338,1,5,7,1,budget,919,114,3.27
P004857,Home & Kitchen,22.5,4.15,S0102,1,4,6,0,budget,1329,21,3.54
P004858,Sports & Outdoors,354.21,3.53,S0223,1,6,7,0,premium,295,22,3.1
P004859,Electronics,137.44,4.44,S0051,1,0,6,0,budget,273,91,3.87
P004860,Clothing,33.45,3.29,S0308,0,3,4,0,mid,1781,104,2.55
P004861,Books,32.19,4.82,S0219,0,0,7,0,mid,1649,107,4.53
P004862,Health,112.86,3.7,S0276,1,6,4,0,mid,707,26,3.38
P004863,Clothing,88.46,4.76,S0428,0,0,4,0,budget,1674,36,4.52
P004864,Toys & Games,15.57,4.65,S0026,1,3,6,0,mid,1484,11,3.97
P004865,Sports & Outdoors,73.9,4.93,S0223,0,1,3,0,budget,510,97,4.65
P004866,Electronics,59.83,4.06,S0198,1,5,6,0,budget,710,16,3.18
P004867,Clothing,77.3,4.14,S0371,0,3,4,1,mid,967,3,3.89
P004868,Clothing,16.87,4.76,S0329,0,4,6,0,premium,648,19,4.49
P004869,Home & Kitchen,33.97,1.7,S0361,1,7,6,0,mid,536,11,1.22
P004870,Sports & Outdoors,64.88,3.4,S0424,1,7,3,0,budget,455,1,3.4
P004871,Home & Kitchen,71.83,3.29,S0149,1,3,4,0,budget,1160,16,3.43
P004872,Clothing,38.48,3.97,S0180,1,2,7,0,mid,746,84,3.4
P004873,Beauty,69.66,3.07,S0174,1,2,7,1,budget,1743,54,3.2
P004874,Sports & Outdoors,100.32,3.8,S0410,1,5,5,0,budget,1579,54,2.91
P004875,Books,26.5,2.1,S0233,1,7,5,0,budget,203,183,1.85
P004876,Books,8.61,1.9,S0379,1,4,6,0,budget,1201,16,1.0
P004877,Clothing,124.75,4.49,S0123,0,4,6,0,mid,1151,8,4.32
P004878,Beauty,17.29,3.88,S0465,1,7,3,0,budget,123,59,3.03
P004879,Home & Kitchen,156.0,2.81,S0242,1,1,4,0,budget,1427,50,1.94
P004880,Home & Kitchen,185.05,4.43,S0495,1,0,3,0,budget,987,7,4.07
P004881,Electronics,251.63,4.44,S0224,0,0,5,0,mid,1504,26,4.31
P004882,Sports & Outdoors,120.73,3.35,S0021,1,4,3,1,mid,911,63,2.89
P004883,Sports & Outdoors,10.22,4.0,S0132,1,7,7,0,budget,775,46,3.64
P004884,Home & Kitchen,48.93,2.03,S0219,1,1,4,1,mid,1245,79,2.36
P004885,Health,73.62,4.02,S0067,1,5,7,1,budget,1384,14,3.33
P004886,Health,66.17,3.38,S0387,0,7,7,0,premium,1366,6,2.75
P004887,Electronics,88.99,4.33,S0175,1,7,4,0,mid,883,11,4.22
P004888,Beauty,23.48,2.93,S0412,1,6,6,0,mid,1031,93,2.7
P004889,Home & Kitchen,12.01,2.96,S0483,1,2,3,0,mid,1787,114,3.09
P004890,Automotive,96.09,2.63,S0042,1,5,7,0,mid,1580,27,1.98
P004891,Clothing,14.54,4.06,S0140,1,4,6,0,mid,734,203,3.12
P004892,Clothing,88.67,3.12,S0304,1,3,6,0,mid,1166,27,2.38
P004893,Home & Kitchen,111.83,3.06,S0433,0,5,5,0,mid,323,17,2.97
P004894,Clothing,33.85,2.72,S0450,1,5,3,1,budget,628,6,2.81
P004895,Beauty,38.28,4.59,S0098,1,6,4,0,budget,981,30,4.45
P004896,Books,15.8,3.34,S0114,0,4,6,1,budget,696,118,3.17
P004897,Clothing,52.03,3.9,S0100,0,5,4,0,mid,1677,151,3.89
P004898,Books,9.04,2.86,S0174,1,2,6,0,budget,1549,119,2.39
P004899,Health,55.21,3.64,S0306,0,3,7,0,premium,80,60,2.68
P004900,Toys & Games,11.95,2.85,S0198,0,6,7,0,budget,489,224,2.08
P004901,Books,6.0,4.13,S0364,0,6,3,0,budget,308,10,3.28
P004902,Clothing,41.83,4.08,S0198,1,4,5,0,mid,282,137,3.09
P004903,Electronics,162.98,3.0,S0295,0,4,3,1,premium,997,46,2.29
P004904,Health,44.74,3.72,S0281,0,2,4,0,mid,1361,42,3.07
P004905,Beauty,18.96,2.54,S0127,0,3,7,0,mid,1320,6,2.47
P004906,Books,55.8,4.03,S0031,1,5,6,0,budget,786,49,3.72
P004907,Health,41.84,1.25,S0111,1,0,6,0,premium,751,132,1.58
P004908,Electronics,212.74,4.47,S0390,1,0,6,1,mid,431,2,3.65
P004909,Beauty,31.52,3.21,S0374,0,4,3,0,budget,1556,86,3.0
P004910,Clothing,82.14,4.69,S0062,0,5,5,0,mid,1498,2,4.62
P004911,Electronics,261.38,4.43,S0193,1,7,4,0,budget,681,6,3.83
P004912,Home & Kitchen,71.7,4.3,S0407,0,3,3,0,mid,357,29,3.74
P004913,Home & Kitchen,85.53,4.11,S0404,1,0,7,0,mid,860,221,4.11
P004914,Food & Grocery,7.36,3.15,S0009,0,5,5,0,mid,1326,28,2.73
P004915,Clothing,15.4,4.44,S0394,0,2,4,0,premium,521,58,4.43
P004916,Toys & Games,30.57,3.71,S0394,0,1,7,1,mid,632,11,2.89
P004917,Beauty,24.87,2.85,S0059,1,4,6,1,mid,294,26,3.05
P004918,Sports & Outdoors,92.04,3.24,S0178,0,5,4,0,mid,1290,31,3.29
P004919,Food & Grocery,22.27,4.07,S0027,1,0,7,0,budget,1592,233,3.38
P004920,Home & Kitchen,77.98,3.24,S0328,1,5,6,0,mid,1398,13,2.82
P004921,Home & Kitchen,26.05,4.03,S0431,0,4,4,0,premium,1451,15,3.25
P004922,Electronics,183.81,3.48,S0090,1,5,4,0,mid,308,120,2.98
P004923,Clothing,20.13,4.83,S0176,1,5,3,0,mid,1564,24,3.88
P004924,Health,47.93,4.94,S0269,1,3,4,0,mid,1489,37,3.91
P004925,Home & Kitchen,17.82,3.47,S0037,0,2,4,0,premium,592,55,2.75
P004926,Home & Kitchen,67.78,3.34,S0150,0,5,4,0,budget,1124,15,3.32
P004927,Clothing,18.64,4.94,S0109,1,1,4,0,budget,160,2,3.89
P004928,Books,14.3,4.19,S0002,0,4,3,1,mid,1550,120,4.18
P004929,Beauty,47.9,3.43,S0335,1,6,6,0,budget,37,38,3.36
P004930,Clothing,51.58,3.01,S0363,0,1,4,0,premium,85,7,3.1
P004931,Beauty,10.43,3.75,S0041,1,0,3,0,budget,1120,84,3.48
P004932,Sports & Outdoors,43.42,2.03,S0066,1,0,6,1,budget,1369,369,2.32
P004933,Toys & Games,13.0,3.79,S0036,1,4,4,0,mid,1476,138,2.98
P004934,Clothing,16.28,3.84,S0470,1,3,5,0,budget,1775,402,3.87
P004935,Sports & Outdoors,69.75,4.19,S0285,0,5,7,0,mid,64,7,4.68
P004936,Electronics,258.92,4.01,S0272,1,6,4,0,mid,1274,44,3.53
P004937,Home & Kitchen,71.64,3.82,S0044,0,7,3,0,premium,591,50,3.42
P004938,Beauty,40.2,2.97,S0001,0,2,6,0,budget,1654,28,2.4
P004939,Sports & Outdoors,64.54,2.18,S0465,0,0,3,0,mid,547,22,1.98
P004940,Clothing,38.19,4.21,S0473,0,5,5,1,premium,764,0,3.84
P004941,Health,19.96,2.01,S0273,0,0,7,1,mid,559,252,1.1
P004942,Electronics,142.07,2.49,S0067,0,5,5,0,budget,1271,4,2.42
P004943,Sports & Outdoors,29.42,4.66,S0015,0,2,3,1,budget,1628,97,4.53
P004944,Automotive,45.17,3.44,S0417,1,2,6,1,mid,1033,33,2.83
P004945,Books,18.99,3.82,S0265,0,0,6,1,budget,648,31,3.31
P004946,Toys & Games,29.82,2.69,S0165,0,0,4,1,mid,623,25,2.68
P004947,Sports & Outdoors,408.8,4.66,S0007,1,1,3,0,mid,1240,42,3.92
P004948,Toys & Games,14.27,4.76,S0285,1,3,5,0,mid,1133,71,4.51
P004949,Sports & Outdoors,60.3,4.44,S0440,1,2,6,0,mid,456,103,4.08
P004950,Beauty,11.92,4.3,S0418,0,3,3,0,mid,668,28,4.57
P004951,Clothing,35.66,3.98,S0366,0,0,5,0,budget,1705,7,3.54
P004952,Beauty,22.74,2.96,S0026,1,1,4,1,mid,1710,7,2.5
P004953,Clothing,74.71,3.2,S0379,1,5,4,0,premium,719,115,2.95
P004954,Automotive,57.26,3.87,S0341,0,6,4,0,mid,1441,23,3.52
P004955,Clothing,40.12,4.33,S0420,1,5,6,0,budget,157,9,4.39
P004956,Clothing,34.76,2.72,S0075,0,7,7,1,budget,1571,13,2.92
P004957,Health,16.39,2.72,S0432,1,5,3,0,mid,595,29,2.23
P004958,Clothing,30.43,3.48,S0359,1,0,3,0,mid,1155,7,3.07
P004959,Home & Kitchen,43.74,3.19,S0383,1,5,4,0,mid,1121,31,2.66
P004960,Beauty,29.27,4.83,S0081,1,1,6,0,budget,1517,148,4.09
P004961,Electronics,258.71,3.82,S0428,1,6,3,0,mid,1724,28,2.46
P004962,Electronics,160.71,3.4,S0011,1,5,6,0,budget,679,3,3.57
P004963,Books,15.47,3.45,S0112,0,6,6,0,budget,987,93,2.9
P004964,Clothing,16.03,3.6,S0078,0,7,4,0,mid,1200,125,3.11
P004965,Clothing,62.21,2.78,S0116,0,5,4,0,premium,1067,133,3.33
P004966,Electronics,121.85,3.48,S0313,1,7,4,0,premium,620,35,2.94
P004967,Home & Kitchen,86.11,4.5,S0463,1,4,6,0,budget,707,543,4.0
P004968,Clothing,99.14,3.65,S0493,1,7,3,0,budget,1082,80,3.37
P004969,Electronics,165.27,4.29,S0055,0,0,4,1,budget,1693,1197,3.96
P004970,Sports & Outdoors,35.18,2.13,S0486,1,3,4,0,premium,156,167,1.73
P004971,Sports & Outdoors,64.35,4.85,S0055,0,6,4,0,budget,431,139,4.7
P004972,Electronics,228.05,2.7,S0373,0,7,7,0,premium,1431,15,2.48
P004973,Clothing,37.24,2.94,S0092,1,6,3,0,mid,1083,10,2.68
P004974,Health,27.09,2.98,S0413,1,2,3,0,mid,776,38,2.48
P004975,Sports & Outdoors,91.15,3.98,S0175,0,5,5,0,budget,658,26,3.54
P004976,Home & Kitchen,74.13,3.71,S0437,0,0,5,1,mid,1771,17,3.63
P004977,Home & Kitchen,44.68,2.49,S0271,1,0,7,0,budget,1594,28,2.53
P004978,Clothing,16.68,4.76,S0265,0,5,4,0,mid,1549,26,4.16
P004979,Toys & Games,42.08,4.33,S0221,1,2,5,1,mid,536,15,3.66
P004980,Food & Grocery,13.88,1.78,S0115,0,4,6,0,premium,1117,72,1.87
P004981,Food & Grocery,25.02,4.45,S0258,1,1,6,1,mid,1726,13,4.1
P004982,Clothing,49.27,3.78,S0331,0,6,4,1,premium,500,31,3.67
P004983,Clothing,14.49,3.49,S0071,1,0,7,0,mid,396,7,2.85
P004984,Electronics,194.22,3.21,S0071,0,4,4,0,mid,1144,37,2.88
P004985,Clothing,61.28,3.44,S0214,0,5,5,0,budget,377,42,3.36
P004986,Clothing,65.95,4.95,S0417,1,6,3,1,budget,1369,10,4.24
P004987,Sports & Outdoors,69.74,3.95,S0177,1,2,7,0,budget,1557,36,4.12
P004988,Clothing,13.74,3.63,S0207,1,2,7,0,budget,865,29,3.76
P004989,Food & Grocery,47.34,3.16,S0480,0,4,4,0,budget,1784,19,2.78
P004990,Electronics,236.74,4.06,S0134,0,2,5,0,budget,1078,19,3.59
P004991,Electronics,89.87,4.19,S0184,1,5,7,0,budget,757,56,3.87
P004992,Health,23.69,4.91,S0422,1,6,3,0,mid,1581,34,4.47
P004993,Beauty,32.17,2.97,S0260,0,6,6,0,mid,1132,104,3.04
P004994,Home & Kitchen,82.7,2.0,S0056,0,3,6,0,premium,272,9,1.54
P004995,Sports & Outdoors,48.5,2.91,S0108,1,5,6,0,budget,1555,26,2.36
P004996,Clothing,73.85,3.31,S0488,0,1,6,0,budget,914,15,3.06
P004997,Electronics,63.1,3.46,S0406,1,1,4,0,premium,635,35,3.26
P004998,Home & Kitchen,29.43,3.58,S0476,1,3,5,0,premium,1562,45,3.21
P004999,Home & Kitchen,15.94,4.73,S0241,0,1,6,0,mid,1398,8,4.53
P005000,Sports & Outdoors,37.94,4.5,S0305,0,6,7,0,budget,722,67,4.46
